fold,sample_size,initial_fleet_hash,mechanism_id,dispatch_strategy,pricing_scenario,supply_scenario,av_penetration,odd_profile,cancellation_reason,orders
1,1500,092ac9bc4eec0bae50509fe25844a6b753d846bdb14053512753a3d009bbf861,INT_AV0.75_conservative_av,ODD-Gated Price-Aware Matching,P3_shared_comp,moderate,0.75,conservative_av,,1205
1,1500,092ac9bc4eec0bae50509fe25844a6b753d846bdb14053512753a3d009bbf861,INT_AV0.75_conservative_av,ODD-Gated Price-Aware Matching,P3_shared_comp,moderate,0.75,conservative_av,cancelled_no_available_vehicle,3
1,1500,092ac9bc4eec0bae50509fe25844a6b753d846bdb14053512753a3d009bbf861,INT_AV0.75_conservative_av,ODD-Gated Price-Aware Matching,P3_shared_comp,moderate,0.75,conservative_av,cancelled_no_odd_feasible_av,102
1,1500,092ac9bc4eec0bae50509fe25844a6b753d846bdb14053512753a3d009bbf861,INT_AV0.75_conservative_av,ODD-Gated Price-Aware Matching,P3_shared_comp,moderate,0.75,conservative_av,cancelled_no_spatial_candidate,15
1,1500,092ac9bc4eec0bae50509fe25844a6b753d846bdb14053512753a3d009bbf861,INT_AV0.75_conservative_av,ODD-Gated Price-Aware Matching,P3_shared_comp,moderate,0.75,conservative_av,cancelled_passenger_rejection,158
1,1500,092ac9bc4eec0bae50509fe25844a6b753d846bdb14053512753a3d009bbf861,INT_AV0.75_conservative_av,ODD-Gated Price-Aware Matching,P3_shared_comp,moderate,0.75,conservative_av,cancelled_patience_timeout,17
1,1500,092ac9bc4eec0bae50509fe25844a6b753d846bdb14053512753a3d009bbf861,INT_AV0.75_intersection_sensitive_av,ODD-Gated Price-Aware Matching,P3_shared_comp,moderate,0.75,intersection_sensitive_av,,1226
1,1500,092ac9bc4eec0bae50509fe25844a6b753d846bdb14053512753a3d009bbf861,INT_AV0.75_intersection_sensitive_av,ODD-Gated Price-Aware Matching,P3_shared_comp,moderate,0.75,intersection_sensitive_av,cancelled_no_available_vehicle,3
1,1500,092ac9bc4eec0bae50509fe25844a6b753d846bdb14053512753a3d009bbf861,INT_AV0.75_intersection_sensitive_av,ODD-Gated Price-Aware Matching,P3_shared_comp,moderate,0.75,intersection_sensitive_av,cancelled_no_odd_feasible_av,79
1,1500,092ac9bc4eec0bae50509fe25844a6b753d846bdb14053512753a3d009bbf861,INT_AV0.75_intersection_sensitive_av,ODD-Gated Price-Aware Matching,P3_shared_comp,moderate,0.75,intersection_sensitive_av,cancelled_no_spatial_candidate,15
1,1500,092ac9bc4eec0bae50509fe25844a6b753d846bdb14053512753a3d009bbf861,INT_AV0.75_intersection_sensitive_av,ODD-Gated Price-Aware Matching,P3_shared_comp,moderate,0.75,intersection_sensitive_av,cancelled_passenger_rejection,154
1,1500,092ac9bc4eec0bae50509fe25844a6b753d846bdb14053512753a3d009bbf861,INT_AV0.75_intersection_sensitive_av,ODD-Gated Price-Aware Matching,P3_shared_comp,moderate,0.75,intersection_sensitive_av,cancelled_patience_timeout,23
1,1500,092ac9bc4eec0bae50509fe25844a6b753d846bdb14053512753a3d009bbf861,INT_AV0.75_mature_av,ODD-Gated Price-Aware Matching,P3_shared_comp,moderate,0.75,mature_av,,1303
1,1500,092ac9bc4eec0bae50509fe25844a6b753d846bdb14053512753a3d009bbf861,INT_AV0.75_mature_av,ODD-Gated Price-Aware Matching,P3_shared_comp,moderate,0.75,mature_av,cancelled_no_available_vehicle,3
1,1500,092ac9bc4eec0bae50509fe25844a6b753d846bdb14053512753a3d009bbf861,INT_AV0.75_mature_av,ODD-Gated Price-Aware Matching,P3_shared_comp,moderate,0.75,mature_av,cancelled_no_odd_feasible_av,15
1,1500,092ac9bc4eec0bae50509fe25844a6b753d846bdb14053512753a3d009bbf861,INT_AV0.75_mature_av,ODD-Gated Price-Aware Matching,P3_shared_comp,moderate,0.75,mature_av,cancelled_no_spatial_candidate,15
1,1500,092ac9bc4eec0bae50509fe25844a6b753d846bdb14053512753a3d009bbf861,INT_AV0.75_mature_av,ODD-Gated Price-Aware Matching,P3_shared_comp,moderate,0.75,mature_av,cancelled_passenger_rejection,163
1,1500,092ac9bc4eec0bae50509fe25844a6b753d846bdb14053512753a3d009bbf861,INT_AV0.75_mature_av,ODD-Gated Price-Aware Matching,P3_shared_comp,moderate,0.75,mature_av,cancelled_patience_timeout,1
1,1500,092ac9bc4eec0bae50509fe25844a6b753d846bdb14053512753a3d009bbf861,INT_AV0.75_moderate_av,ODD-Gated Price-Aware Matching,P3_shared_comp,moderate,0.75,moderate_av,,1293
1,1500,092ac9bc4eec0bae50509fe25844a6b753d846bdb14053512753a3d009bbf861,INT_AV0.75_moderate_av,ODD-Gated Price-Aware Matching,P3_shared_comp,moderate,0.75,moderate_av,cancelled_no_available_vehicle,3
1,1500,092ac9bc4eec0bae50509fe25844a6b753d846bdb14053512753a3d009bbf861,INT_AV0.75_moderate_av,ODD-Gated Price-Aware Matching,P3_shared_comp,moderate,0.75,moderate_av,cancelled_no_odd_feasible_av,24
1,1500,092ac9bc4eec0bae50509fe25844a6b753d846bdb14053512753a3d009bbf861,INT_AV0.75_moderate_av,ODD-Gated Price-Aware Matching,P3_shared_comp,moderate,0.75,moderate_av,cancelled_no_spatial_candidate,15
1,1500,092ac9bc4eec0bae50509fe25844a6b753d846bdb14053512753a3d009bbf861,INT_AV0.75_moderate_av,ODD-Gated Price-Aware Matching,P3_shared_comp,moderate,0.75,moderate_av,cancelled_passenger_rejection,163
1,1500,092ac9bc4eec0bae50509fe25844a6b753d846bdb14053512753a3d009bbf861,INT_AV0.75_moderate_av,ODD-Gated Price-Aware Matching,P3_shared_comp,moderate,0.75,moderate_av,cancelled_patience_timeout,2
1,1500,092ac9bc4eec0bae50509fe25844a6b753d846bdb14053512753a3d009bbf861,INT_AV0.75_uncertainty_sensitive_av,ODD-Gated Price-Aware Matching,P3_shared_comp,moderate,0.75,uncertainty_sensitive_av,,1250
1,1500,092ac9bc4eec0bae50509fe25844a6b753d846bdb14053512753a3d009bbf861,INT_AV0.75_uncertainty_sensitive_av,ODD-Gated Price-Aware Matching,P3_shared_comp,moderate,0.75,uncertainty_sensitive_av,cancelled_no_available_vehicle,3
1,1500,092ac9bc4eec0bae50509fe25844a6b753d846bdb14053512753a3d009bbf861,INT_AV0.75_uncertainty_sensitive_av,ODD-Gated Price-Aware Matching,P3_shared_comp,moderate,0.75,uncertainty_sensitive_av,cancelled_no_odd_feasible_av,65
1,1500,092ac9bc4eec0bae50509fe25844a6b753d846bdb14053512753a3d009bbf861,INT_AV0.75_uncertainty_sensitive_av,ODD-Gated Price-Aware Matching,P3_shared_comp,moderate,0.75,uncertainty_sensitive_av,cancelled_no_spatial_candidate,15
1,1500,092ac9bc4eec0bae50509fe25844a6b753d846bdb14053512753a3d009bbf861,INT_AV0.75_uncertainty_sensitive_av,ODD-Gated Price-Aware Matching,P3_shared_comp,moderate,0.75,uncertainty_sensitive_av,cancelled_passenger_rejection,157
1,1500,092ac9bc4eec0bae50509fe25844a6b753d846bdb14053512753a3d009bbf861,INT_AV0.75_uncertainty_sensitive_av,ODD-Gated Price-Aware Matching,P3_shared_comp,moderate,0.75,uncertainty_sensitive_av,cancelled_patience_timeout,10
1,1500,092ac9bc4eec0bae50509fe25844a6b753d846bdb14053512753a3d009bbf861,OFAT_BASE,ODD-Gated Price-Aware Matching,P3_shared_comp,moderate,0.75,moderate_av,,1293
1,1500,092ac9bc4eec0bae50509fe25844a6b753d846bdb14053512753a3d009bbf861,OFAT_BASE,ODD-Gated Price-Aware Matching,P3_shared_comp,moderate,0.75,moderate_av,cancelled_no_available_vehicle,3
1,1500,092ac9bc4eec0bae50509fe25844a6b753d846bdb14053512753a3d009bbf861,OFAT_BASE,ODD-Gated Price-Aware Matching,P3_shared_comp,moderate,0.75,moderate_av,cancelled_no_odd_feasible_av,24
1,1500,092ac9bc4eec0bae50509fe25844a6b753d846bdb14053512753a3d009bbf861,OFAT_BASE,ODD-Gated Price-Aware Matching,P3_shared_comp,moderate,0.75,moderate_av,cancelled_no_spatial_candidate,15
1,1500,092ac9bc4eec0bae50509fe25844a6b753d846bdb14053512753a3d009bbf861,OFAT_BASE,ODD-Gated Price-Aware Matching,P3_shared_comp,moderate,0.75,moderate_av,cancelled_passenger_rejection,163
1,1500,092ac9bc4eec0bae50509fe25844a6b753d846bdb14053512753a3d009bbf861,OFAT_BASE,ODD-Gated Price-Aware Matching,P3_shared_comp,moderate,0.75,moderate_av,cancelled_patience_timeout,2
1,1500,3326188b18261809bec84edb699a139d4666fe42e3973166bee5a469cdfc2455,INT_AV0.25_conservative_av,ODD-Gated Price-Aware Matching,P3_shared_comp,moderate,0.25,conservative_av,,1312
1,1500,3326188b18261809bec84edb699a139d4666fe42e3973166bee5a469cdfc2455,INT_AV0.25_conservative_av,ODD-Gated Price-Aware Matching,P3_shared_comp,moderate,0.25,conservative_av,cancelled_no_available_vehicle,3
1,1500,3326188b18261809bec84edb699a139d4666fe42e3973166bee5a469cdfc2455,INT_AV0.25_conservative_av,ODD-Gated Price-Aware Matching,P3_shared_comp,moderate,0.25,conservative_av,cancelled_no_spatial_candidate,15
1,1500,3326188b18261809bec84edb699a139d4666fe42e3973166bee5a469cdfc2455,INT_AV0.25_conservative_av,ODD-Gated Price-Aware Matching,P3_shared_comp,moderate,0.25,conservative_av,cancelled_passenger_rejection,169
1,1500,3326188b18261809bec84edb699a139d4666fe42e3973166bee5a469cdfc2455,INT_AV0.25_conservative_av,ODD-Gated Price-Aware Matching,P3_shared_comp,moderate,0.25,conservative_av,cancelled_patience_timeout,1
1,1500,3326188b18261809bec84edb699a139d4666fe42e3973166bee5a469cdfc2455,INT_AV0.25_intersection_sensitive_av,ODD-Gated Price-Aware Matching,P3_shared_comp,moderate,0.25,intersection_sensitive_av,,1308
1,1500,3326188b18261809bec84edb699a139d4666fe42e3973166bee5a469cdfc2455,INT_AV0.25_intersection_sensitive_av,ODD-Gated Price-Aware Matching,P3_shared_comp,moderate,0.25,intersection_sensitive_av,cancelled_no_available_vehicle,3
1,1500,3326188b18261809bec84edb699a139d4666fe42e3973166bee5a469cdfc2455,INT_AV0.25_intersection_sensitive_av,ODD-Gated Price-Aware Matching,P3_shared_comp,moderate,0.25,intersection_sensitive_av,cancelled_no_spatial_candidate,15
1,1500,3326188b18261809bec84edb699a139d4666fe42e3973166bee5a469cdfc2455,INT_AV0.25_intersection_sensitive_av,ODD-Gated Price-Aware Matching,P3_shared_comp,moderate,0.25,intersection_sensitive_av,cancelled_passenger_rejection,171
1,1500,3326188b18261809bec84edb699a139d4666fe42e3973166bee5a469cdfc2455,INT_AV0.25_intersection_sensitive_av,ODD-Gated Price-Aware Matching,P3_shared_comp,moderate,0.25,intersection_sensitive_av,cancelled_patience_timeout,3
1,1500,3326188b18261809bec84edb699a139d4666fe42e3973166bee5a469cdfc2455,INT_AV0.25_mature_av,ODD-Gated Price-Aware Matching,P3_shared_comp,moderate,0.25,mature_av,,1308
1,1500,3326188b18261809bec84edb699a139d4666fe42e3973166bee5a469cdfc2455,INT_AV0.25_mature_av,ODD-Gated Price-Aware Matching,P3_shared_comp,moderate,0.25,mature_av,cancelled_no_available_vehicle,3
1,1500,3326188b18261809bec84edb699a139d4666fe42e3973166bee5a469cdfc2455,INT_AV0.25_mature_av,ODD-Gated Price-Aware Matching,P3_shared_comp,moderate,0.25,mature_av,cancelled_no_spatial_candidate,15
1,1500,3326188b18261809bec84edb699a139d4666fe42e3973166bee5a469cdfc2455,INT_AV0.25_mature_av,ODD-Gated Price-Aware Matching,P3_shared_comp,moderate,0.25,mature_av,cancelled_passenger_rejection,174
1,1500,3326188b18261809bec84edb699a139d4666fe42e3973166bee5a469cdfc2455,INT_AV0.25_moderate_av,ODD-Gated Price-Aware Matching,P3_shared_comp,moderate,0.25,moderate_av,,1310
1,1500,3326188b18261809bec84edb699a139d4666fe42e3973166bee5a469cdfc2455,INT_AV0.25_moderate_av,ODD-Gated Price-Aware Matching,P3_shared_comp,moderate,0.25,moderate_av,cancelled_no_available_vehicle,3
1,1500,3326188b18261809bec84edb699a139d4666fe42e3973166bee5a469cdfc2455,INT_AV0.25_moderate_av,ODD-Gated Price-Aware Matching,P3_shared_comp,moderate,0.25,moderate_av,cancelled_no_spatial_candidate,15
1,1500,3326188b18261809bec84edb699a139d4666fe42e3973166bee5a469cdfc2455,INT_AV0.25_moderate_av,ODD-Gated Price-Aware Matching,P3_shared_comp,moderate,0.25,moderate_av,cancelled_passenger_rejection,172
1,1500,3326188b18261809bec84edb699a139d4666fe42e3973166bee5a469cdfc2455,INT_AV0.25_uncertainty_sensitive_av,ODD-Gated Price-Aware Matching,P3_shared_comp,moderate,0.25,uncertainty_sensitive_av,,1308
1,1500,3326188b18261809bec84edb699a139d4666fe42e3973166bee5a469cdfc2455,INT_AV0.25_uncertainty_sensitive_av,ODD-Gated Price-Aware Matching,P3_shared_comp,moderate,0.25,uncertainty_sensitive_av,cancelled_no_available_vehicle,3
1,1500,3326188b18261809bec84edb699a139d4666fe42e3973166bee5a469cdfc2455,INT_AV0.25_uncertainty_sensitive_av,ODD-Gated Price-Aware Matching,P3_shared_comp,moderate,0.25,uncertainty_sensitive_av,cancelled_no_spatial_candidate,15
1,1500,3326188b18261809bec84edb699a139d4666fe42e3973166bee5a469cdfc2455,INT_AV0.25_uncertainty_sensitive_av,ODD-Gated Price-Aware Matching,P3_shared_comp,moderate,0.25,uncertainty_sensitive_av,cancelled_passenger_rejection,171
1,1500,3326188b18261809bec84edb699a139d4666fe42e3973166bee5a469cdfc2455,INT_AV0.25_uncertainty_sensitive_av,ODD-Gated Price-Aware Matching,P3_shared_comp,moderate,0.25,uncertainty_sensitive_av,cancelled_patience_timeout,3
1,1500,3326188b18261809bec84edb699a139d4666fe42e3973166bee5a469cdfc2455,OFAT_BASE,ODD-Gated Price-Aware Matching,P3_shared_comp,moderate,0.25,moderate_av,,1310
1,1500,3326188b18261809bec84edb699a139d4666fe42e3973166bee5a469cdfc2455,OFAT_BASE,ODD-Gated Price-Aware Matching,P3_shared_comp,moderate,0.25,moderate_av,cancelled_no_available_vehicle,3
1,1500,3326188b18261809bec84edb699a139d4666fe42e3973166bee5a469cdfc2455,OFAT_BASE,ODD-Gated Price-Aware Matching,P3_shared_comp,moderate,0.25,moderate_av,cancelled_no_spatial_candidate,15
1,1500,3326188b18261809bec84edb699a139d4666fe42e3973166bee5a469cdfc2455,OFAT_BASE,ODD-Gated Price-Aware Matching,P3_shared_comp,moderate,0.25,moderate_av,cancelled_passenger_rejection,172
1,1500,d93567e4f3b1d01a38394a614bcf1678a4c42b4e787430979ab6601605c101d8,OFAT_BASE,ODD-Gated Price-Aware Matching,P3_shared_comp,tight,0.5,moderate_av,,1313
1,1500,d93567e4f3b1d01a38394a614bcf1678a4c42b4e787430979ab6601605c101d8,OFAT_BASE,ODD-Gated Price-Aware Matching,P3_shared_comp,tight,0.5,moderate_av,cancelled_no_available_vehicle,3
1,1500,d93567e4f3b1d01a38394a614bcf1678a4c42b4e787430979ab6601605c101d8,OFAT_BASE,ODD-Gated Price-Aware Matching,P3_shared_comp,tight,0.5,moderate_av,cancelled_no_spatial_candidate,15
1,1500,d93567e4f3b1d01a38394a614bcf1678a4c42b4e787430979ab6601605c101d8,OFAT_BASE,ODD-Gated Price-Aware Matching,P3_shared_comp,tight,0.5,moderate_av,cancelled_passenger_rejection,168
1,1500,d93567e4f3b1d01a38394a614bcf1678a4c42b4e787430979ab6601605c101d8,OFAT_BASE,ODD-Gated Price-Aware Matching,P3_shared_comp,tight,0.5,moderate_av,cancelled_patience_timeout,1
1,1500,d9e945fbc8b7486b32b4a3b42b47d37f276cd5307bb311d85244468023d9fbcf,INT_AV0.00_conservative_av,ODD-Gated Price-Aware Matching,P3_shared_comp,moderate,0.0,conservative_av,,1301
1,1500,d9e945fbc8b7486b32b4a3b42b47d37f276cd5307bb311d85244468023d9fbcf,INT_AV0.00_conservative_av,ODD-Gated Price-Aware Matching,P3_shared_comp,moderate,0.0,conservative_av,cancelled_no_available_vehicle,3
1,1500,d9e945fbc8b7486b32b4a3b42b47d37f276cd5307bb311d85244468023d9fbcf,INT_AV0.00_conservative_av,ODD-Gated Price-Aware Matching,P3_shared_comp,moderate,0.0,conservative_av,cancelled_no_spatial_candidate,15
1,1500,d9e945fbc8b7486b32b4a3b42b47d37f276cd5307bb311d85244468023d9fbcf,INT_AV0.00_conservative_av,ODD-Gated Price-Aware Matching,P3_shared_comp,moderate,0.0,conservative_av,cancelled_passenger_rejection,180
1,1500,d9e945fbc8b7486b32b4a3b42b47d37f276cd5307bb311d85244468023d9fbcf,INT_AV0.00_conservative_av,ODD-Gated Price-Aware Matching,P3_shared_comp,moderate,0.0,conservative_av,cancelled_patience_timeout,1
1,1500,d9e945fbc8b7486b32b4a3b42b47d37f276cd5307bb311d85244468023d9fbcf,INT_AV0.00_intersection_sensitive_av,ODD-Gated Price-Aware Matching,P3_shared_comp,moderate,0.0,intersection_sensitive_av,,1301
1,1500,d9e945fbc8b7486b32b4a3b42b47d37f276cd5307bb311d85244468023d9fbcf,INT_AV0.00_intersection_sensitive_av,ODD-Gated Price-Aware Matching,P3_shared_comp,moderate,0.0,intersection_sensitive_av,cancelled_no_available_vehicle,3
1,1500,d9e945fbc8b7486b32b4a3b42b47d37f276cd5307bb311d85244468023d9fbcf,INT_AV0.00_intersection_sensitive_av,ODD-Gated Price-Aware Matching,P3_shared_comp,moderate,0.0,intersection_sensitive_av,cancelled_no_spatial_candidate,15
1,1500,d9e945fbc8b7486b32b4a3b42b47d37f276cd5307bb311d85244468023d9fbcf,INT_AV0.00_intersection_sensitive_av,ODD-Gated Price-Aware Matching,P3_shared_comp,moderate,0.0,intersection_sensitive_av,cancelled_passenger_rejection,180
1,1500,d9e945fbc8b7486b32b4a3b42b47d37f276cd5307bb311d85244468023d9fbcf,INT_AV0.00_intersection_sensitive_av,ODD-Gated Price-Aware Matching,P3_shared_comp,moderate,0.0,intersection_sensitive_av,cancelled_patience_timeout,1
1,1500,d9e945fbc8b7486b32b4a3b42b47d37f276cd5307bb311d85244468023d9fbcf,INT_AV0.00_mature_av,ODD-Gated Price-Aware Matching,P3_shared_comp,moderate,0.0,mature_av,,1301
1,1500,d9e945fbc8b7486b32b4a3b42b47d37f276cd5307bb311d85244468023d9fbcf,INT_AV0.00_mature_av,ODD-Gated Price-Aware Matching,P3_shared_comp,moderate,0.0,mature_av,cancelled_no_available_vehicle,3
1,1500,d9e945fbc8b7486b32b4a3b42b47d37f276cd5307bb311d85244468023d9fbcf,INT_AV0.00_mature_av,ODD-Gated Price-Aware Matching,P3_shared_comp,moderate,0.0,mature_av,cancelled_no_spatial_candidate,15
1,1500,d9e945fbc8b7486b32b4a3b42b47d37f276cd5307bb311d85244468023d9fbcf,INT_AV0.00_mature_av,ODD-Gated Price-Aware Matching,P3_shared_comp,moderate,0.0,mature_av,cancelled_passenger_rejection,180
1,1500,d9e945fbc8b7486b32b4a3b42b47d37f276cd5307bb311d85244468023d9fbcf,INT_AV0.00_mature_av,ODD-Gated Price-Aware Matching,P3_shared_comp,moderate,0.0,mature_av,cancelled_patience_timeout,1
1,1500,d9e945fbc8b7486b32b4a3b42b47d37f276cd5307bb311d85244468023d9fbcf,INT_AV0.00_moderate_av,ODD-Gated Price-Aware Matching,P3_shared_comp,moderate,0.0,moderate_av,,1301
1,1500,d9e945fbc8b7486b32b4a3b42b47d37f276cd5307bb311d85244468023d9fbcf,INT_AV0.00_moderate_av,ODD-Gated Price-Aware Matching,P3_shared_comp,moderate,0.0,moderate_av,cancelled_no_available_vehicle,3
1,1500,d9e945fbc8b7486b32b4a3b42b47d37f276cd5307bb311d85244468023d9fbcf,INT_AV0.00_moderate_av,ODD-Gated Price-Aware Matching,P3_shared_comp,moderate,0.0,moderate_av,cancelled_no_spatial_candidate,15
1,1500,d9e945fbc8b7486b32b4a3b42b47d37f276cd5307bb311d85244468023d9fbcf,INT_AV0.00_moderate_av,ODD-Gated Price-Aware Matching,P3_shared_comp,moderate,0.0,moderate_av,cancelled_passenger_rejection,180
1,1500,d9e945fbc8b7486b32b4a3b42b47d37f276cd5307bb311d85244468023d9fbcf,INT_AV0.00_moderate_av,ODD-Gated Price-Aware Matching,P3_shared_comp,moderate,0.0,moderate_av,cancelled_patience_timeout,1
1,1500,d9e945fbc8b7486b32b4a3b42b47d37f276cd5307bb311d85244468023d9fbcf,INT_AV0.00_uncertainty_sensitive_av,ODD-Gated Price-Aware Matching,P3_shared_comp,moderate,0.0,uncertainty_sensitive_av,,1301
1,1500,d9e945fbc8b7486b32b4a3b42b47d37f276cd5307bb311d85244468023d9fbcf,INT_AV0.00_uncertainty_sensitive_av,ODD-Gated Price-Aware Matching,P3_shared_comp,moderate,0.0,uncertainty_sensitive_av,cancelled_no_available_vehicle,3
1,1500,d9e945fbc8b7486b32b4a3b42b47d37f276cd5307bb311d85244468023d9fbcf,INT_AV0.00_uncertainty_sensitive_av,ODD-Gated Price-Aware Matching,P3_shared_comp,moderate,0.0,uncertainty_sensitive_av,cancelled_no_spatial_candidate,15
1,1500,d9e945fbc8b7486b32b4a3b42b47d37f276cd5307bb311d85244468023d9fbcf,INT_AV0.00_uncertainty_sensitive_av,ODD-Gated Price-Aware Matching,P3_shared_comp,moderate,0.0,uncertainty_sensitive_av,cancelled_passenger_rejection,180
1,1500,d9e945fbc8b7486b32b4a3b42b47d37f276cd5307bb311d85244468023d9fbcf,INT_AV0.00_uncertainty_sensitive_av,ODD-Gated Price-Aware Matching,P3_shared_comp,moderate,0.0,uncertainty_sensitive_av,cancelled_patience_timeout,1
1,1500,d9e945fbc8b7486b32b4a3b42b47d37f276cd5307bb311d85244468023d9fbcf,OFAT_BASE,ODD-Gated Price-Aware Matching,P3_shared_comp,moderate,0.0,moderate_av,,1301
1,1500,d9e945fbc8b7486b32b4a3b42b47d37f276cd5307bb311d85244468023d9fbcf,OFAT_BASE,ODD-Gated Price-Aware Matching,P3_shared_comp,moderate,0.0,moderate_av,cancelled_no_available_vehicle,3
1,1500,d9e945fbc8b7486b32b4a3b42b47d37f276cd5307bb311d85244468023d9fbcf,OFAT_BASE,ODD-Gated Price-Aware Matching,P3_shared_comp,moderate,0.0,moderate_av,cancelled_no_spatial_candidate,15
1,1500,d9e945fbc8b7486b32b4a3b42b47d37f276cd5307bb311d85244468023d9fbcf,OFAT_BASE,ODD-Gated Price-Aware Matching,P3_shared_comp,moderate,0.0,moderate_av,cancelled_passenger_rejection,180
1,1500,d9e945fbc8b7486b32b4a3b42b47d37f276cd5307bb311d85244468023d9fbcf,OFAT_BASE,ODD-Gated Price-Aware Matching,P3_shared_comp,moderate,0.0,moderate_av,cancelled_patience_timeout,1
1,1500,f740db2b161eb506e76c4959cb21ef806ab51202391fcb732eb612365eeb8084,B0_minpickup_uniform,GlobalMatch-MinPickup,P0_uniform,moderate,0.5,moderate_av,,1315
1,1500,f740db2b161eb506e76c4959cb21ef806ab51202391fcb732eb612365eeb8084,B0_minpickup_uniform,GlobalMatch-MinPickup,P0_uniform,moderate,0.5,moderate_av,cancelled_no_available_vehicle,3
1,1500,f740db2b161eb506e76c4959cb21ef806ab51202391fcb732eb612365eeb8084,B0_minpickup_uniform,GlobalMatch-MinPickup,P0_uniform,moderate,0.5,moderate_av,cancelled_no_spatial_candidate,15
1,1500,f740db2b161eb506e76c4959cb21ef806ab51202391fcb732eb612365eeb8084,B0_minpickup_uniform,GlobalMatch-MinPickup,P0_uniform,moderate,0.5,moderate_av,cancelled_passenger_rejection,167
1,1500,f740db2b161eb506e76c4959cb21ef806ab51202391fcb732eb612365eeb8084,B1_mincost_uniform,GlobalMatch-MinOperatingCost,P0_uniform,moderate,0.5,moderate_av,,1314
1,1500,f740db2b161eb506e76c4959cb21ef806ab51202391fcb732eb612365eeb8084,B1_mincost_uniform,GlobalMatch-MinOperatingCost,P0_uniform,moderate,0.5,moderate_av,cancelled_no_available_vehicle,3
1,1500,f740db2b161eb506e76c4959cb21ef806ab51202391fcb732eb612365eeb8084,B1_mincost_uniform,GlobalMatch-MinOperatingCost,P0_uniform,moderate,0.5,moderate_av,cancelled_no_spatial_candidate,15
1,1500,f740db2b161eb506e76c4959cb21ef806ab51202391fcb732eb612365eeb8084,B1_mincost_uniform,GlobalMatch-MinOperatingCost,P0_uniform,moderate,0.5,moderate_av,cancelled_passenger_rejection,168
1,1500,f740db2b161eb506e76c4959cb21ef806ab51202391fcb732eb612365eeb8084,B2_oddgate_uniform,ODD Gate Only,P0_uniform,moderate,0.5,moderate_av,,1314
1,1500,f740db2b161eb506e76c4959cb21ef806ab51202391fcb732eb612365eeb8084,B2_oddgate_uniform,ODD Gate Only,P0_uniform,moderate,0.5,moderate_av,cancelled_no_available_vehicle,3
1,1500,f740db2b161eb506e76c4959cb21ef806ab51202391fcb732eb612365eeb8084,B2_oddgate_uniform,ODD Gate Only,P0_uniform,moderate,0.5,moderate_av,cancelled_no_spatial_candidate,15
1,1500,f740db2b161eb506e76c4959cb21ef806ab51202391fcb732eb612365eeb8084,B2_oddgate_uniform,ODD Gate Only,P0_uniform,moderate,0.5,moderate_av,cancelled_passenger_rejection,168
1,1500,f740db2b161eb506e76c4959cb21ef806ab51202391fcb732eb612365eeb8084,B3_odd_price_shared,ODD-Gated Price-Aware Matching,P3_shared_comp,moderate,0.5,moderate_av,,1313
1,1500,f740db2b161eb506e76c4959cb21ef806ab51202391fcb732eb612365eeb8084,B3_odd_price_shared,ODD-Gated Price-Aware Matching,P3_shared_comp,moderate,0.5,moderate_av,cancelled_no_available_vehicle,3
1,1500,f740db2b161eb506e76c4959cb21ef806ab51202391fcb732eb612365eeb8084,B3_odd_price_shared,ODD-Gated Price-Aware Matching,P3_shared_comp,moderate,0.5,moderate_av,cancelled_no_spatial_candidate,15
1,1500,f740db2b161eb506e76c4959cb21ef806ab51202391fcb732eb612365eeb8084,B3_odd_price_shared,ODD-Gated Price-Aware Matching,P3_shared_comp,moderate,0.5,moderate_av,cancelled_passenger_rejection,169
1,1500,f740db2b161eb506e76c4959cb21ef806ab51202391fcb732eb612365eeb8084,B4_odd_price_avdiscount,ODD-Gated Price-Aware Matching,P4_av_discount_hv_comp,moderate,0.5,moderate_av,,1319
1,1500,f740db2b161eb506e76c4959cb21ef806ab51202391fcb732eb612365eeb8084,B4_odd_price_avdiscount,ODD-Gated Price-Aware Matching,P4_av_discount_hv_comp,moderate,0.5,moderate_av,cancelled_no_available_vehicle,3
1,1500,f740db2b161eb506e76c4959cb21ef806ab51202391fcb732eb612365eeb8084,B4_odd_price_avdiscount,ODD-Gated Price-Aware Matching,P4_av_discount_hv_comp,moderate,0.5,moderate_av,cancelled_no_spatial_candidate,15
1,1500,f740db2b161eb506e76c4959cb21ef806ab51202391fcb732eb612365eeb8084,B4_odd_price_avdiscount,ODD-Gated Price-Aware Matching,P4_av_discount_hv_comp,moderate,0.5,moderate_av,cancelled_passenger_rejection,163
1,1500,f740db2b161eb506e76c4959cb21ef806ab51202391fcb732eb612365eeb8084,B5_weighted_heuristic,Weighted Stakeholder Heuristic,P5_three_stakeholder_balanced,moderate,0.5,moderate_av,,1287
1,1500,f740db2b161eb506e76c4959cb21ef806ab51202391fcb732eb612365eeb8084,B5_weighted_heuristic,Weighted Stakeholder Heuristic,P5_three_stakeholder_balanced,moderate,0.5,moderate_av,cancelled_no_available_vehicle,3
1,1500,f740db2b161eb506e76c4959cb21ef806ab51202391fcb732eb612365eeb8084,B5_weighted_heuristic,Weighted Stakeholder Heuristic,P5_three_stakeholder_balanced,moderate,0.5,moderate_av,cancelled_no_spatial_candidate,15
1,1500,f740db2b161eb506e76c4959cb21ef806ab51202391fcb732eb612365eeb8084,B5_weighted_heuristic,Weighted Stakeholder Heuristic,P5_three_stakeholder_balanced,moderate,0.5,moderate_av,cancelled_passenger_rejection,195
1,1500,f740db2b161eb506e76c4959cb21ef806ab51202391fcb732eb612365eeb8084,B6_three_stakeholder_balanced,Three-Stakeholder Balanced,P5_three_stakeholder_balanced,moderate,0.5,moderate_av,,1288
1,1500,f740db2b161eb506e76c4959cb21ef806ab51202391fcb732eb612365eeb8084,B6_three_stakeholder_balanced,Three-Stakeholder Balanced,P5_three_stakeholder_balanced,moderate,0.5,moderate_av,cancelled_no_available_vehicle,3
1,1500,f740db2b161eb506e76c4959cb21ef806ab51202391fcb732eb612365eeb8084,B6_three_stakeholder_balanced,Three-Stakeholder Balanced,P5_three_stakeholder_balanced,moderate,0.5,moderate_av,cancelled_no_spatial_candidate,15
1,1500,f740db2b161eb506e76c4959cb21ef806ab51202391fcb732eb612365eeb8084,B6_three_stakeholder_balanced,Three-Stakeholder Balanced,P5_three_stakeholder_balanced,moderate,0.5,moderate_av,cancelled_passenger_rejection,194
1,1500,f740db2b161eb506e76c4959cb21ef806ab51202391fcb732eb612365eeb8084,INT_AV0.50_conservative_av,ODD-Gated Price-Aware Matching,P3_shared_comp,moderate,0.5,conservative_av,,1310
1,1500,f740db2b161eb506e76c4959cb21ef806ab51202391fcb732eb612365eeb8084,INT_AV0.50_conservative_av,ODD-Gated Price-Aware Matching,P3_shared_comp,moderate,0.5,conservative_av,cancelled_no_available_vehicle,3
1,1500,f740db2b161eb506e76c4959cb21ef806ab51202391fcb732eb612365eeb8084,INT_AV0.50_conservative_av,ODD-Gated Price-Aware Matching,P3_shared_comp,moderate,0.5,conservative_av,cancelled_no_odd_feasible_av,3
1,1500,f740db2b161eb506e76c4959cb21ef806ab51202391fcb732eb612365eeb8084,INT_AV0.50_conservative_av,ODD-Gated Price-Aware Matching,P3_shared_comp,moderate,0.5,conservative_av,cancelled_no_spatial_candidate,15
1,1500,f740db2b161eb506e76c4959cb21ef806ab51202391fcb732eb612365eeb8084,INT_AV0.50_conservative_av,ODD-Gated Price-Aware Matching,P3_shared_comp,moderate,0.5,conservative_av,cancelled_passenger_rejection,166
1,1500,f740db2b161eb506e76c4959cb21ef806ab51202391fcb732eb612365eeb8084,INT_AV0.50_conservative_av,ODD-Gated Price-Aware Matching,P3_shared_comp,moderate,0.5,conservative_av,cancelled_patience_timeout,3
1,1500,f740db2b161eb506e76c4959cb21ef806ab51202391fcb732eb612365eeb8084,INT_AV0.50_intersection_sensitive_av,ODD-Gated Price-Aware Matching,P3_shared_comp,moderate,0.5,intersection_sensitive_av,,1308
1,1500,f740db2b161eb506e76c4959cb21ef806ab51202391fcb732eb612365eeb8084,INT_AV0.50_intersection_sensitive_av,ODD-Gated Price-Aware Matching,P3_shared_comp,moderate,0.5,intersection_sensitive_av,cancelled_no_available_vehicle,3
1,1500,f740db2b161eb506e76c4959cb21ef806ab51202391fcb732eb612365eeb8084,INT_AV0.50_intersection_sensitive_av,ODD-Gated Price-Aware Matching,P3_shared_comp,moderate,0.5,intersection_sensitive_av,cancelled_no_odd_feasible_av,1
1,1500,f740db2b161eb506e76c4959cb21ef806ab51202391fcb732eb612365eeb8084,INT_AV0.50_intersection_sensitive_av,ODD-Gated Price-Aware Matching,P3_shared_comp,moderate,0.5,intersection_sensitive_av,cancelled_no_spatial_candidate,15
1,1500,f740db2b161eb506e76c4959cb21ef806ab51202391fcb732eb612365eeb8084,INT_AV0.50_intersection_sensitive_av,ODD-Gated Price-Aware Matching,P3_shared_comp,moderate,0.5,intersection_sensitive_av,cancelled_passenger_rejection,168
1,1500,f740db2b161eb506e76c4959cb21ef806ab51202391fcb732eb612365eeb8084,INT_AV0.50_intersection_sensitive_av,ODD-Gated Price-Aware Matching,P3_shared_comp,moderate,0.5,intersection_sensitive_av,cancelled_patience_timeout,5
1,1500,f740db2b161eb506e76c4959cb21ef806ab51202391fcb732eb612365eeb8084,INT_AV0.50_mature_av,ODD-Gated Price-Aware Matching,P3_shared_comp,moderate,0.5,mature_av,,1313
1,1500,f740db2b161eb506e76c4959cb21ef806ab51202391fcb732eb612365eeb8084,INT_AV0.50_mature_av,ODD-Gated Price-Aware Matching,P3_shared_comp,moderate,0.5,mature_av,cancelled_no_available_vehicle,3
1,1500,f740db2b161eb506e76c4959cb21ef806ab51202391fcb732eb612365eeb8084,INT_AV0.50_mature_av,ODD-Gated Price-Aware Matching,P3_shared_comp,moderate,0.5,mature_av,cancelled_no_spatial_candidate,15
1,1500,f740db2b161eb506e76c4959cb21ef806ab51202391fcb732eb612365eeb8084,INT_AV0.50_mature_av,ODD-Gated Price-Aware Matching,P3_shared_comp,moderate,0.5,mature_av,cancelled_passenger_rejection,169
1,1500,f740db2b161eb506e76c4959cb21ef806ab51202391fcb732eb612365eeb8084,INT_AV0.50_moderate_av,ODD-Gated Price-Aware Matching,P3_shared_comp,moderate,0.5,moderate_av,,1313
1,1500,f740db2b161eb506e76c4959cb21ef806ab51202391fcb732eb612365eeb8084,INT_AV0.50_moderate_av,ODD-Gated Price-Aware Matching,P3_shared_comp,moderate,0.5,moderate_av,cancelled_no_available_vehicle,3
1,1500,f740db2b161eb506e76c4959cb21ef806ab51202391fcb732eb612365eeb8084,INT_AV0.50_moderate_av,ODD-Gated Price-Aware Matching,P3_shared_comp,moderate,0.5,moderate_av,cancelled_no_spatial_candidate,15
1,1500,f740db2b161eb506e76c4959cb21ef806ab51202391fcb732eb612365eeb8084,INT_AV0.50_moderate_av,ODD-Gated Price-Aware Matching,P3_shared_comp,moderate,0.5,moderate_av,cancelled_passenger_rejection,169
1,1500,f740db2b161eb506e76c4959cb21ef806ab51202391fcb732eb612365eeb8084,INT_AV0.50_uncertainty_sensitive_av,ODD-Gated Price-Aware Matching,P3_shared_comp,moderate,0.5,uncertainty_sensitive_av,,1308
1,1500,f740db2b161eb506e76c4959cb21ef806ab51202391fcb732eb612365eeb8084,INT_AV0.50_uncertainty_sensitive_av,ODD-Gated Price-Aware Matching,P3_shared_comp,moderate,0.5,uncertainty_sensitive_av,cancelled_no_available_vehicle,3
1,1500,f740db2b161eb506e76c4959cb21ef806ab51202391fcb732eb612365eeb8084,INT_AV0.50_uncertainty_sensitive_av,ODD-Gated Price-Aware Matching,P3_shared_comp,moderate,0.5,uncertainty_sensitive_av,cancelled_no_spatial_candidate,15
1,1500,f740db2b161eb506e76c4959cb21ef806ab51202391fcb732eb612365eeb8084,INT_AV0.50_uncertainty_sensitive_av,ODD-Gated Price-Aware Matching,P3_shared_comp,moderate,0.5,uncertainty_sensitive_av,cancelled_passenger_rejection,170
1,1500,f740db2b161eb506e76c4959cb21ef806ab51202391fcb732eb612365eeb8084,INT_AV0.50_uncertainty_sensitive_av,ODD-Gated Price-Aware Matching,P3_shared_comp,moderate,0.5,uncertainty_sensitive_av,cancelled_patience_timeout,4
1,1500,f740db2b161eb506e76c4959cb21ef806ab51202391fcb732eb612365eeb8084,OFAT_BASE,ODD-Gated Price-Aware Matching,P0_uniform,moderate,0.5,moderate_av,,1314
1,1500,f740db2b161eb506e76c4959cb21ef806ab51202391fcb732eb612365eeb8084,OFAT_BASE,ODD-Gated Price-Aware Matching,P0_uniform,moderate,0.5,moderate_av,cancelled_no_available_vehicle,3
1,1500,f740db2b161eb506e76c4959cb21ef806ab51202391fcb732eb612365eeb8084,OFAT_BASE,ODD-Gated Price-Aware Matching,P0_uniform,moderate,0.5,moderate_av,cancelled_no_spatial_candidate,15
1,1500,f740db2b161eb506e76c4959cb21ef806ab51202391fcb732eb612365eeb8084,OFAT_BASE,ODD-Gated Price-Aware Matching,P0_uniform,moderate,0.5,moderate_av,cancelled_passenger_rejection,168
1,1500,f740db2b161eb506e76c4959cb21ef806ab51202391fcb732eb612365eeb8084,OFAT_BASE,ODD-Gated Price-Aware Matching,P1_platform_funded_comp,moderate,0.5,moderate_av,,1313
1,1500,f740db2b161eb506e76c4959cb21ef806ab51202391fcb732eb612365eeb8084,OFAT_BASE,ODD-Gated Price-Aware Matching,P1_platform_funded_comp,moderate,0.5,moderate_av,cancelled_no_available_vehicle,3
1,1500,f740db2b161eb506e76c4959cb21ef806ab51202391fcb732eb612365eeb8084,OFAT_BASE,ODD-Gated Price-Aware Matching,P1_platform_funded_comp,moderate,0.5,moderate_av,cancelled_no_spatial_candidate,15
1,1500,f740db2b161eb506e76c4959cb21ef806ab51202391fcb732eb612365eeb8084,OFAT_BASE,ODD-Gated Price-Aware Matching,P1_platform_funded_comp,moderate,0.5,moderate_av,cancelled_passenger_rejection,169
1,1500,f740db2b161eb506e76c4959cb21ef806ab51202391fcb732eb612365eeb8084,OFAT_BASE,ODD-Gated Price-Aware Matching,P2_passenger_funded_comp,moderate,0.5,moderate_av,,1312
1,1500,f740db2b161eb506e76c4959cb21ef806ab51202391fcb732eb612365eeb8084,OFAT_BASE,ODD-Gated Price-Aware Matching,P2_passenger_funded_comp,moderate,0.5,moderate_av,cancelled_no_available_vehicle,3
1,1500,f740db2b161eb506e76c4959cb21ef806ab51202391fcb732eb612365eeb8084,OFAT_BASE,ODD-Gated Price-Aware Matching,P2_passenger_funded_comp,moderate,0.5,moderate_av,cancelled_no_spatial_candidate,15
1,1500,f740db2b161eb506e76c4959cb21ef806ab51202391fcb732eb612365eeb8084,OFAT_BASE,ODD-Gated Price-Aware Matching,P2_passenger_funded_comp,moderate,0.5,moderate_av,cancelled_passenger_rejection,169
1,1500,f740db2b161eb506e76c4959cb21ef806ab51202391fcb732eb612365eeb8084,OFAT_BASE,ODD-Gated Price-Aware Matching,P2_passenger_funded_comp,moderate,0.5,moderate_av,cancelled_patience_timeout,1
1,1500,f740db2b161eb506e76c4959cb21ef806ab51202391fcb732eb612365eeb8084,OFAT_BASE,ODD-Gated Price-Aware Matching,P3_shared_comp,moderate,0.5,conservative_av,,1310
1,1500,f740db2b161eb506e76c4959cb21ef806ab51202391fcb732eb612365eeb8084,OFAT_BASE,ODD-Gated Price-Aware Matching,P3_shared_comp,moderate,0.5,conservative_av,cancelled_no_available_vehicle,3
1,1500,f740db2b161eb506e76c4959cb21ef806ab51202391fcb732eb612365eeb8084,OFAT_BASE,ODD-Gated Price-Aware Matching,P3_shared_comp,moderate,0.5,conservative_av,cancelled_no_odd_feasible_av,3
1,1500,f740db2b161eb506e76c4959cb21ef806ab51202391fcb732eb612365eeb8084,OFAT_BASE,ODD-Gated Price-Aware Matching,P3_shared_comp,moderate,0.5,conservative_av,cancelled_no_spatial_candidate,15
1,1500,f740db2b161eb506e76c4959cb21ef806ab51202391fcb732eb612365eeb8084,OFAT_BASE,ODD-Gated Price-Aware Matching,P3_shared_comp,moderate,0.5,conservative_av,cancelled_passenger_rejection,166
1,1500,f740db2b161eb506e76c4959cb21ef806ab51202391fcb732eb612365eeb8084,OFAT_BASE,ODD-Gated Price-Aware Matching,P3_shared_comp,moderate,0.5,conservative_av,cancelled_patience_timeout,3
1,1500,f740db2b161eb506e76c4959cb21ef806ab51202391fcb732eb612365eeb8084,OFAT_BASE,ODD-Gated Price-Aware Matching,P3_shared_comp,moderate,0.5,intersection_sensitive_av,,1308
1,1500,f740db2b161eb506e76c4959cb21ef806ab51202391fcb732eb612365eeb8084,OFAT_BASE,ODD-Gated Price-Aware Matching,P3_shared_comp,moderate,0.5,intersection_sensitive_av,cancelled_no_available_vehicle,3
1,1500,f740db2b161eb506e76c4959cb21ef806ab51202391fcb732eb612365eeb8084,OFAT_BASE,ODD-Gated Price-Aware Matching,P3_shared_comp,moderate,0.5,intersection_sensitive_av,cancelled_no_odd_feasible_av,1
1,1500,f740db2b161eb506e76c4959cb21ef806ab51202391fcb732eb612365eeb8084,OFAT_BASE,ODD-Gated Price-Aware Matching,P3_shared_comp,moderate,0.5,intersection_sensitive_av,cancelled_no_spatial_candidate,15
1,1500,f740db2b161eb506e76c4959cb21ef806ab51202391fcb732eb612365eeb8084,OFAT_BASE,ODD-Gated Price-Aware Matching,P3_shared_comp,moderate,0.5,intersection_sensitive_av,cancelled_passenger_rejection,168
1,1500,f740db2b161eb506e76c4959cb21ef806ab51202391fcb732eb612365eeb8084,OFAT_BASE,ODD-Gated Price-Aware Matching,P3_shared_comp,moderate,0.5,intersection_sensitive_av,cancelled_patience_timeout,5
1,1500,f740db2b161eb506e76c4959cb21ef806ab51202391fcb732eb612365eeb8084,OFAT_BASE,ODD-Gated Price-Aware Matching,P3_shared_comp,moderate,0.5,mature_av,,1313
1,1500,f740db2b161eb506e76c4959cb21ef806ab51202391fcb732eb612365eeb8084,OFAT_BASE,ODD-Gated Price-Aware Matching,P3_shared_comp,moderate,0.5,mature_av,cancelled_no_available_vehicle,3
1,1500,f740db2b161eb506e76c4959cb21ef806ab51202391fcb732eb612365eeb8084,OFAT_BASE,ODD-Gated Price-Aware Matching,P3_shared_comp,moderate,0.5,mature_av,cancelled_no_spatial_candidate,15
1,1500,f740db2b161eb506e76c4959cb21ef806ab51202391fcb732eb612365eeb8084,OFAT_BASE,ODD-Gated Price-Aware Matching,P3_shared_comp,moderate,0.5,mature_av,cancelled_passenger_rejection,169
1,1500,f740db2b161eb506e76c4959cb21ef806ab51202391fcb732eb612365eeb8084,OFAT_BASE,ODD-Gated Price-Aware Matching,P3_shared_comp,moderate,0.5,moderate_av,,1313
1,1500,f740db2b161eb506e76c4959cb21ef806ab51202391fcb732eb612365eeb8084,OFAT_BASE,ODD-Gated Price-Aware Matching,P3_shared_comp,moderate,0.5,moderate_av,cancelled_no_available_vehicle,3
1,1500,f740db2b161eb506e76c4959cb21ef806ab51202391fcb732eb612365eeb8084,OFAT_BASE,ODD-Gated Price-Aware Matching,P3_shared_comp,moderate,0.5,moderate_av,cancelled_no_spatial_candidate,15
1,1500,f740db2b161eb506e76c4959cb21ef806ab51202391fcb732eb612365eeb8084,OFAT_BASE,ODD-Gated Price-Aware Matching,P3_shared_comp,moderate,0.5,moderate_av,cancelled_passenger_rejection,169
1,1500,f740db2b161eb506e76c4959cb21ef806ab51202391fcb732eb612365eeb8084,OFAT_BASE,ODD-Gated Price-Aware Matching,P3_shared_comp,moderate,0.5,uncertainty_sensitive_av,,1308
1,1500,f740db2b161eb506e76c4959cb21ef806ab51202391fcb732eb612365eeb8084,OFAT_BASE,ODD-Gated Price-Aware Matching,P3_shared_comp,moderate,0.5,uncertainty_sensitive_av,cancelled_no_available_vehicle,3
1,1500,f740db2b161eb506e76c4959cb21ef806ab51202391fcb732eb612365eeb8084,OFAT_BASE,ODD-Gated Price-Aware Matching,P3_shared_comp,moderate,0.5,uncertainty_sensitive_av,cancelled_no_spatial_candidate,15
1,1500,f740db2b161eb506e76c4959cb21ef806ab51202391fcb732eb612365eeb8084,OFAT_BASE,ODD-Gated Price-Aware Matching,P3_shared_comp,moderate,0.5,uncertainty_sensitive_av,cancelled_passenger_rejection,170
1,1500,f740db2b161eb506e76c4959cb21ef806ab51202391fcb732eb612365eeb8084,OFAT_BASE,ODD-Gated Price-Aware Matching,P3_shared_comp,moderate,0.5,uncertainty_sensitive_av,cancelled_patience_timeout,4
1,1500,f740db2b161eb506e76c4959cb21ef806ab51202391fcb732eb612365eeb8084,OFAT_BASE,ODD-Gated Price-Aware Matching,P4_av_discount_hv_comp,moderate,0.5,moderate_av,,1319
1,1500,f740db2b161eb506e76c4959cb21ef806ab51202391fcb732eb612365eeb8084,OFAT_BASE,ODD-Gated Price-Aware Matching,P4_av_discount_hv_comp,moderate,0.5,moderate_av,cancelled_no_available_vehicle,3
1,1500,f740db2b161eb506e76c4959cb21ef806ab51202391fcb732eb612365eeb8084,OFAT_BASE,ODD-Gated Price-Aware Matching,P4_av_discount_hv_comp,moderate,0.5,moderate_av,cancelled_no_spatial_candidate,15
1,1500,f740db2b161eb506e76c4959cb21ef806ab51202391fcb732eb612365eeb8084,OFAT_BASE,ODD-Gated Price-Aware Matching,P4_av_discount_hv_comp,moderate,0.5,moderate_av,cancelled_passenger_rejection,163
1,1500,f740db2b161eb506e76c4959cb21ef806ab51202391fcb732eb612365eeb8084,OFAT_BASE,ODD-Gated Price-Aware Matching,P5_three_stakeholder_balanced,moderate,0.5,moderate_av,,1285
1,1500,f740db2b161eb506e76c4959cb21ef806ab51202391fcb732eb612365eeb8084,OFAT_BASE,ODD-Gated Price-Aware Matching,P5_three_stakeholder_balanced,moderate,0.5,moderate_av,cancelled_no_available_vehicle,3
1,1500,f740db2b161eb506e76c4959cb21ef806ab51202391fcb732eb612365eeb8084,OFAT_BASE,ODD-Gated Price-Aware Matching,P5_three_stakeholder_balanced,moderate,0.5,moderate_av,cancelled_no_spatial_candidate,15
1,1500,f740db2b161eb506e76c4959cb21ef806ab51202391fcb732eb612365eeb8084,OFAT_BASE,ODD-Gated Price-Aware Matching,P5_three_stakeholder_balanced,moderate,0.5,moderate_av,cancelled_passenger_rejection,197
1,1500,f78a91d5c6101c6eea2124693894c4e61c90e2229aeab099466f749bc06228bc,OFAT_BASE,ODD-Gated Price-Aware Matching,P3_shared_comp,abundant,0.5,moderate_av,,1312
1,1500,f78a91d5c6101c6eea2124693894c4e61c90e2229aeab099466f749bc06228bc,OFAT_BASE,ODD-Gated Price-Aware Matching,P3_shared_comp,abundant,0.5,moderate_av,cancelled_no_available_vehicle,3
1,1500,f78a91d5c6101c6eea2124693894c4e61c90e2229aeab099466f749bc06228bc,OFAT_BASE,ODD-Gated Price-Aware Matching,P3_shared_comp,abundant,0.5,moderate_av,cancelled_no_spatial_candidate,15
1,1500,f78a91d5c6101c6eea2124693894c4e61c90e2229aeab099466f749bc06228bc,OFAT_BASE,ODD-Gated Price-Aware Matching,P3_shared_comp,abundant,0.5,moderate_av,cancelled_passenger_rejection,170
2,1500,39a668aed989979f226a85bdd856fde079c960335047a7c1414c7a1e56a94a48,INT_AV0.75_conservative_av,ODD-Gated Price-Aware Matching,P3_shared_comp,moderate,0.75,conservative_av,,954
2,1500,39a668aed989979f226a85bdd856fde079c960335047a7c1414c7a1e56a94a48,INT_AV0.75_conservative_av,ODD-Gated Price-Aware Matching,P3_shared_comp,moderate,0.75,conservative_av,cancelled_no_available_vehicle,51
2,1500,39a668aed989979f226a85bdd856fde079c960335047a7c1414c7a1e56a94a48,INT_AV0.75_conservative_av,ODD-Gated Price-Aware Matching,P3_shared_comp,moderate,0.75,conservative_av,cancelled_no_odd_feasible_av,262
2,1500,39a668aed989979f226a85bdd856fde079c960335047a7c1414c7a1e56a94a48,INT_AV0.75_conservative_av,ODD-Gated Price-Aware Matching,P3_shared_comp,moderate,0.75,conservative_av,cancelled_no_spatial_candidate,18
2,1500,39a668aed989979f226a85bdd856fde079c960335047a7c1414c7a1e56a94a48,INT_AV0.75_conservative_av,ODD-Gated Price-Aware Matching,P3_shared_comp,moderate,0.75,conservative_av,cancelled_passenger_rejection,130
2,1500,39a668aed989979f226a85bdd856fde079c960335047a7c1414c7a1e56a94a48,INT_AV0.75_conservative_av,ODD-Gated Price-Aware Matching,P3_shared_comp,moderate,0.75,conservative_av,cancelled_patience_timeout,85
2,1500,39a668aed989979f226a85bdd856fde079c960335047a7c1414c7a1e56a94a48,INT_AV0.75_intersection_sensitive_av,ODD-Gated Price-Aware Matching,P3_shared_comp,moderate,0.75,intersection_sensitive_av,,1015
2,1500,39a668aed989979f226a85bdd856fde079c960335047a7c1414c7a1e56a94a48,INT_AV0.75_intersection_sensitive_av,ODD-Gated Price-Aware Matching,P3_shared_comp,moderate,0.75,intersection_sensitive_av,cancelled_no_available_vehicle,51
2,1500,39a668aed989979f226a85bdd856fde079c960335047a7c1414c7a1e56a94a48,INT_AV0.75_intersection_sensitive_av,ODD-Gated Price-Aware Matching,P3_shared_comp,moderate,0.75,intersection_sensitive_av,cancelled_no_odd_feasible_av,208
2,1500,39a668aed989979f226a85bdd856fde079c960335047a7c1414c7a1e56a94a48,INT_AV0.75_intersection_sensitive_av,ODD-Gated Price-Aware Matching,P3_shared_comp,moderate,0.75,intersection_sensitive_av,cancelled_no_spatial_candidate,18
2,1500,39a668aed989979f226a85bdd856fde079c960335047a7c1414c7a1e56a94a48,INT_AV0.75_intersection_sensitive_av,ODD-Gated Price-Aware Matching,P3_shared_comp,moderate,0.75,intersection_sensitive_av,cancelled_passenger_rejection,137
2,1500,39a668aed989979f226a85bdd856fde079c960335047a7c1414c7a1e56a94a48,INT_AV0.75_intersection_sensitive_av,ODD-Gated Price-Aware Matching,P3_shared_comp,moderate,0.75,intersection_sensitive_av,cancelled_patience_timeout,71
2,1500,39a668aed989979f226a85bdd856fde079c960335047a7c1414c7a1e56a94a48,INT_AV0.75_mature_av,ODD-Gated Price-Aware Matching,P3_shared_comp,moderate,0.75,mature_av,,1223
2,1500,39a668aed989979f226a85bdd856fde079c960335047a7c1414c7a1e56a94a48,INT_AV0.75_mature_av,ODD-Gated Price-Aware Matching,P3_shared_comp,moderate,0.75,mature_av,cancelled_no_available_vehicle,51
2,1500,39a668aed989979f226a85bdd856fde079c960335047a7c1414c7a1e56a94a48,INT_AV0.75_mature_av,ODD-Gated Price-Aware Matching,P3_shared_comp,moderate,0.75,mature_av,cancelled_no_odd_feasible_av,49
2,1500,39a668aed989979f226a85bdd856fde079c960335047a7c1414c7a1e56a94a48,INT_AV0.75_mature_av,ODD-Gated Price-Aware Matching,P3_shared_comp,moderate,0.75,mature_av,cancelled_no_spatial_candidate,18
2,1500,39a668aed989979f226a85bdd856fde079c960335047a7c1414c7a1e56a94a48,INT_AV0.75_mature_av,ODD-Gated Price-Aware Matching,P3_shared_comp,moderate,0.75,mature_av,cancelled_passenger_rejection,158
2,1500,39a668aed989979f226a85bdd856fde079c960335047a7c1414c7a1e56a94a48,INT_AV0.75_mature_av,ODD-Gated Price-Aware Matching,P3_shared_comp,moderate,0.75,mature_av,cancelled_patience_timeout,1
2,1500,39a668aed989979f226a85bdd856fde079c960335047a7c1414c7a1e56a94a48,INT_AV0.75_moderate_av,ODD-Gated Price-Aware Matching,P3_shared_comp,moderate,0.75,moderate_av,,1142
2,1500,39a668aed989979f226a85bdd856fde079c960335047a7c1414c7a1e56a94a48,INT_AV0.75_moderate_av,ODD-Gated Price-Aware Matching,P3_shared_comp,moderate,0.75,moderate_av,cancelled_no_available_vehicle,51
2,1500,39a668aed989979f226a85bdd856fde079c960335047a7c1414c7a1e56a94a48,INT_AV0.75_moderate_av,ODD-Gated Price-Aware Matching,P3_shared_comp,moderate,0.75,moderate_av,cancelled_no_odd_feasible_av,135
2,1500,39a668aed989979f226a85bdd856fde079c960335047a7c1414c7a1e56a94a48,INT_AV0.75_moderate_av,ODD-Gated Price-Aware Matching,P3_shared_comp,moderate,0.75,moderate_av,cancelled_no_spatial_candidate,18
2,1500,39a668aed989979f226a85bdd856fde079c960335047a7c1414c7a1e56a94a48,INT_AV0.75_moderate_av,ODD-Gated Price-Aware Matching,P3_shared_comp,moderate,0.75,moderate_av,cancelled_passenger_rejection,149
2,1500,39a668aed989979f226a85bdd856fde079c960335047a7c1414c7a1e56a94a48,INT_AV0.75_moderate_av,ODD-Gated Price-Aware Matching,P3_shared_comp,moderate,0.75,moderate_av,cancelled_patience_timeout,5
2,1500,39a668aed989979f226a85bdd856fde079c960335047a7c1414c7a1e56a94a48,INT_AV0.75_uncertainty_sensitive_av,ODD-Gated Price-Aware Matching,P3_shared_comp,moderate,0.75,uncertainty_sensitive_av,,1013
2,1500,39a668aed989979f226a85bdd856fde079c960335047a7c1414c7a1e56a94a48,INT_AV0.75_uncertainty_sensitive_av,ODD-Gated Price-Aware Matching,P3_shared_comp,moderate,0.75,uncertainty_sensitive_av,cancelled_no_available_vehicle,51
2,1500,39a668aed989979f226a85bdd856fde079c960335047a7c1414c7a1e56a94a48,INT_AV0.75_uncertainty_sensitive_av,ODD-Gated Price-Aware Matching,P3_shared_comp,moderate,0.75,uncertainty_sensitive_av,cancelled_no_odd_feasible_av,246
2,1500,39a668aed989979f226a85bdd856fde079c960335047a7c1414c7a1e56a94a48,INT_AV0.75_uncertainty_sensitive_av,ODD-Gated Price-Aware Matching,P3_shared_comp,moderate,0.75,uncertainty_sensitive_av,cancelled_no_spatial_candidate,18
2,1500,39a668aed989979f226a85bdd856fde079c960335047a7c1414c7a1e56a94a48,INT_AV0.75_uncertainty_sensitive_av,ODD-Gated Price-Aware Matching,P3_shared_comp,moderate,0.75,uncertainty_sensitive_av,cancelled_passenger_rejection,132
2,1500,39a668aed989979f226a85bdd856fde079c960335047a7c1414c7a1e56a94a48,INT_AV0.75_uncertainty_sensitive_av,ODD-Gated Price-Aware Matching,P3_shared_comp,moderate,0.75,uncertainty_sensitive_av,cancelled_patience_timeout,40
2,1500,39a668aed989979f226a85bdd856fde079c960335047a7c1414c7a1e56a94a48,OFAT_BASE,ODD-Gated Price-Aware Matching,P3_shared_comp,moderate,0.75,moderate_av,,1142
2,1500,39a668aed989979f226a85bdd856fde079c960335047a7c1414c7a1e56a94a48,OFAT_BASE,ODD-Gated Price-Aware Matching,P3_shared_comp,moderate,0.75,moderate_av,cancelled_no_available_vehicle,51
2,1500,39a668aed989979f226a85bdd856fde079c960335047a7c1414c7a1e56a94a48,OFAT_BASE,ODD-Gated Price-Aware Matching,P3_shared_comp,moderate,0.75,moderate_av,cancelled_no_odd_feasible_av,135
2,1500,39a668aed989979f226a85bdd856fde079c960335047a7c1414c7a1e56a94a48,OFAT_BASE,ODD-Gated Price-Aware Matching,P3_shared_comp,moderate,0.75,moderate_av,cancelled_no_spatial_candidate,18
2,1500,39a668aed989979f226a85bdd856fde079c960335047a7c1414c7a1e56a94a48,OFAT_BASE,ODD-Gated Price-Aware Matching,P3_shared_comp,moderate,0.75,moderate_av,cancelled_passenger_rejection,149
2,1500,39a668aed989979f226a85bdd856fde079c960335047a7c1414c7a1e56a94a48,OFAT_BASE,ODD-Gated Price-Aware Matching,P3_shared_comp,moderate,0.75,moderate_av,cancelled_patience_timeout,5
2,1500,b2e8cd9bad5fb83502b8d4fe06e17224f54a3e07e181f9f390c7dcf88c11db97,OFAT_BASE,ODD-Gated Price-Aware Matching,P3_shared_comp,abundant,0.5,moderate_av,,1265
2,1500,b2e8cd9bad5fb83502b8d4fe06e17224f54a3e07e181f9f390c7dcf88c11db97,OFAT_BASE,ODD-Gated Price-Aware Matching,P3_shared_comp,abundant,0.5,moderate_av,cancelled_no_available_vehicle,51
2,1500,b2e8cd9bad5fb83502b8d4fe06e17224f54a3e07e181f9f390c7dcf88c11db97,OFAT_BASE,ODD-Gated Price-Aware Matching,P3_shared_comp,abundant,0.5,moderate_av,cancelled_no_spatial_candidate,18
2,1500,b2e8cd9bad5fb83502b8d4fe06e17224f54a3e07e181f9f390c7dcf88c11db97,OFAT_BASE,ODD-Gated Price-Aware Matching,P3_shared_comp,abundant,0.5,moderate_av,cancelled_passenger_rejection,166
2,1500,d9322babd189499956610877b248c22df3ae9196d212e12d27f427e06607a6af,B0_minpickup_uniform,GlobalMatch-MinPickup,P0_uniform,moderate,0.5,moderate_av,,1269
2,1500,d9322babd189499956610877b248c22df3ae9196d212e12d27f427e06607a6af,B0_minpickup_uniform,GlobalMatch-MinPickup,P0_uniform,moderate,0.5,moderate_av,cancelled_no_available_vehicle,51
2,1500,d9322babd189499956610877b248c22df3ae9196d212e12d27f427e06607a6af,B0_minpickup_uniform,GlobalMatch-MinPickup,P0_uniform,moderate,0.5,moderate_av,cancelled_no_spatial_candidate,18
2,1500,d9322babd189499956610877b248c22df3ae9196d212e12d27f427e06607a6af,B0_minpickup_uniform,GlobalMatch-MinPickup,P0_uniform,moderate,0.5,moderate_av,cancelled_passenger_rejection,162
2,1500,d9322babd189499956610877b248c22df3ae9196d212e12d27f427e06607a6af,B1_mincost_uniform,GlobalMatch-MinOperatingCost,P0_uniform,moderate,0.5,moderate_av,,1268
2,1500,d9322babd189499956610877b248c22df3ae9196d212e12d27f427e06607a6af,B1_mincost_uniform,GlobalMatch-MinOperatingCost,P0_uniform,moderate,0.5,moderate_av,cancelled_no_available_vehicle,51
2,1500,d9322babd189499956610877b248c22df3ae9196d212e12d27f427e06607a6af,B1_mincost_uniform,GlobalMatch-MinOperatingCost,P0_uniform,moderate,0.5,moderate_av,cancelled_no_spatial_candidate,18
2,1500,d9322babd189499956610877b248c22df3ae9196d212e12d27f427e06607a6af,B1_mincost_uniform,GlobalMatch-MinOperatingCost,P0_uniform,moderate,0.5,moderate_av,cancelled_passenger_rejection,163
2,1500,d9322babd189499956610877b248c22df3ae9196d212e12d27f427e06607a6af,B2_oddgate_uniform,ODD Gate Only,P0_uniform,moderate,0.5,moderate_av,,1268
2,1500,d9322babd189499956610877b248c22df3ae9196d212e12d27f427e06607a6af,B2_oddgate_uniform,ODD Gate Only,P0_uniform,moderate,0.5,moderate_av,cancelled_no_available_vehicle,51
2,1500,d9322babd189499956610877b248c22df3ae9196d212e12d27f427e06607a6af,B2_oddgate_uniform,ODD Gate Only,P0_uniform,moderate,0.5,moderate_av,cancelled_no_spatial_candidate,18
2,1500,d9322babd189499956610877b248c22df3ae9196d212e12d27f427e06607a6af,B2_oddgate_uniform,ODD Gate Only,P0_uniform,moderate,0.5,moderate_av,cancelled_passenger_rejection,162
2,1500,d9322babd189499956610877b248c22df3ae9196d212e12d27f427e06607a6af,B2_oddgate_uniform,ODD Gate Only,P0_uniform,moderate,0.5,moderate_av,cancelled_patience_timeout,1
2,1500,d9322babd189499956610877b248c22df3ae9196d212e12d27f427e06607a6af,B3_odd_price_shared,ODD-Gated Price-Aware Matching,P3_shared_comp,moderate,0.5,moderate_av,,1266
2,1500,d9322babd189499956610877b248c22df3ae9196d212e12d27f427e06607a6af,B3_odd_price_shared,ODD-Gated Price-Aware Matching,P3_shared_comp,moderate,0.5,moderate_av,cancelled_no_available_vehicle,51
2,1500,d9322babd189499956610877b248c22df3ae9196d212e12d27f427e06607a6af,B3_odd_price_shared,ODD-Gated Price-Aware Matching,P3_shared_comp,moderate,0.5,moderate_av,cancelled_no_odd_feasible_av,1
2,1500,d9322babd189499956610877b248c22df3ae9196d212e12d27f427e06607a6af,B3_odd_price_shared,ODD-Gated Price-Aware Matching,P3_shared_comp,moderate,0.5,moderate_av,cancelled_no_spatial_candidate,18
2,1500,d9322babd189499956610877b248c22df3ae9196d212e12d27f427e06607a6af,B3_odd_price_shared,ODD-Gated Price-Aware Matching,P3_shared_comp,moderate,0.5,moderate_av,cancelled_passenger_rejection,164
2,1500,d9322babd189499956610877b248c22df3ae9196d212e12d27f427e06607a6af,B4_odd_price_avdiscount,ODD-Gated Price-Aware Matching,P4_av_discount_hv_comp,moderate,0.5,moderate_av,,1274
2,1500,d9322babd189499956610877b248c22df3ae9196d212e12d27f427e06607a6af,B4_odd_price_avdiscount,ODD-Gated Price-Aware Matching,P4_av_discount_hv_comp,moderate,0.5,moderate_av,cancelled_no_available_vehicle,51
2,1500,d9322babd189499956610877b248c22df3ae9196d212e12d27f427e06607a6af,B4_odd_price_avdiscount,ODD-Gated Price-Aware Matching,P4_av_discount_hv_comp,moderate,0.5,moderate_av,cancelled_no_odd_feasible_av,1
2,1500,d9322babd189499956610877b248c22df3ae9196d212e12d27f427e06607a6af,B4_odd_price_avdiscount,ODD-Gated Price-Aware Matching,P4_av_discount_hv_comp,moderate,0.5,moderate_av,cancelled_no_spatial_candidate,18
2,1500,d9322babd189499956610877b248c22df3ae9196d212e12d27f427e06607a6af,B4_odd_price_avdiscount,ODD-Gated Price-Aware Matching,P4_av_discount_hv_comp,moderate,0.5,moderate_av,cancelled_passenger_rejection,153
2,1500,d9322babd189499956610877b248c22df3ae9196d212e12d27f427e06607a6af,B4_odd_price_avdiscount,ODD-Gated Price-Aware Matching,P4_av_discount_hv_comp,moderate,0.5,moderate_av,cancelled_patience_timeout,3
2,1500,d9322babd189499956610877b248c22df3ae9196d212e12d27f427e06607a6af,B5_weighted_heuristic,Weighted Stakeholder Heuristic,P5_three_stakeholder_balanced,moderate,0.5,moderate_av,,1243
2,1500,d9322babd189499956610877b248c22df3ae9196d212e12d27f427e06607a6af,B5_weighted_heuristic,Weighted Stakeholder Heuristic,P5_three_stakeholder_balanced,moderate,0.5,moderate_av,cancelled_no_available_vehicle,51
2,1500,d9322babd189499956610877b248c22df3ae9196d212e12d27f427e06607a6af,B5_weighted_heuristic,Weighted Stakeholder Heuristic,P5_three_stakeholder_balanced,moderate,0.5,moderate_av,cancelled_no_spatial_candidate,18
2,1500,d9322babd189499956610877b248c22df3ae9196d212e12d27f427e06607a6af,B5_weighted_heuristic,Weighted Stakeholder Heuristic,P5_three_stakeholder_balanced,moderate,0.5,moderate_av,cancelled_passenger_rejection,179
2,1500,d9322babd189499956610877b248c22df3ae9196d212e12d27f427e06607a6af,B5_weighted_heuristic,Weighted Stakeholder Heuristic,P5_three_stakeholder_balanced,moderate,0.5,moderate_av,cancelled_patience_timeout,9
2,1500,d9322babd189499956610877b248c22df3ae9196d212e12d27f427e06607a6af,B6_three_stakeholder_balanced,Three-Stakeholder Balanced,P5_three_stakeholder_balanced,moderate,0.5,moderate_av,,1244
2,1500,d9322babd189499956610877b248c22df3ae9196d212e12d27f427e06607a6af,B6_three_stakeholder_balanced,Three-Stakeholder Balanced,P5_three_stakeholder_balanced,moderate,0.5,moderate_av,cancelled_no_available_vehicle,51
2,1500,d9322babd189499956610877b248c22df3ae9196d212e12d27f427e06607a6af,B6_three_stakeholder_balanced,Three-Stakeholder Balanced,P5_three_stakeholder_balanced,moderate,0.5,moderate_av,cancelled_no_spatial_candidate,18
2,1500,d9322babd189499956610877b248c22df3ae9196d212e12d27f427e06607a6af,B6_three_stakeholder_balanced,Three-Stakeholder Balanced,P5_three_stakeholder_balanced,moderate,0.5,moderate_av,cancelled_passenger_rejection,178
2,1500,d9322babd189499956610877b248c22df3ae9196d212e12d27f427e06607a6af,B6_three_stakeholder_balanced,Three-Stakeholder Balanced,P5_three_stakeholder_balanced,moderate,0.5,moderate_av,cancelled_patience_timeout,9
2,1500,d9322babd189499956610877b248c22df3ae9196d212e12d27f427e06607a6af,INT_AV0.50_conservative_av,ODD-Gated Price-Aware Matching,P3_shared_comp,moderate,0.5,conservative_av,,1260
2,1500,d9322babd189499956610877b248c22df3ae9196d212e12d27f427e06607a6af,INT_AV0.50_conservative_av,ODD-Gated Price-Aware Matching,P3_shared_comp,moderate,0.5,conservative_av,cancelled_no_available_vehicle,51
2,1500,d9322babd189499956610877b248c22df3ae9196d212e12d27f427e06607a6af,INT_AV0.50_conservative_av,ODD-Gated Price-Aware Matching,P3_shared_comp,moderate,0.5,conservative_av,cancelled_no_odd_feasible_av,3
2,1500,d9322babd189499956610877b248c22df3ae9196d212e12d27f427e06607a6af,INT_AV0.50_conservative_av,ODD-Gated Price-Aware Matching,P3_shared_comp,moderate,0.5,conservative_av,cancelled_no_spatial_candidate,18
2,1500,d9322babd189499956610877b248c22df3ae9196d212e12d27f427e06607a6af,INT_AV0.50_conservative_av,ODD-Gated Price-Aware Matching,P3_shared_comp,moderate,0.5,conservative_av,cancelled_passenger_rejection,162
2,1500,d9322babd189499956610877b248c22df3ae9196d212e12d27f427e06607a6af,INT_AV0.50_conservative_av,ODD-Gated Price-Aware Matching,P3_shared_comp,moderate,0.5,conservative_av,cancelled_patience_timeout,6
2,1500,d9322babd189499956610877b248c22df3ae9196d212e12d27f427e06607a6af,INT_AV0.50_intersection_sensitive_av,ODD-Gated Price-Aware Matching,P3_shared_comp,moderate,0.5,intersection_sensitive_av,,1262
2,1500,d9322babd189499956610877b248c22df3ae9196d212e12d27f427e06607a6af,INT_AV0.50_intersection_sensitive_av,ODD-Gated Price-Aware Matching,P3_shared_comp,moderate,0.5,intersection_sensitive_av,cancelled_no_available_vehicle,51
2,1500,d9322babd189499956610877b248c22df3ae9196d212e12d27f427e06607a6af,INT_AV0.50_intersection_sensitive_av,ODD-Gated Price-Aware Matching,P3_shared_comp,moderate,0.5,intersection_sensitive_av,cancelled_no_odd_feasible_av,4
2,1500,d9322babd189499956610877b248c22df3ae9196d212e12d27f427e06607a6af,INT_AV0.50_intersection_sensitive_av,ODD-Gated Price-Aware Matching,P3_shared_comp,moderate,0.5,intersection_sensitive_av,cancelled_no_spatial_candidate,18
2,1500,d9322babd189499956610877b248c22df3ae9196d212e12d27f427e06607a6af,INT_AV0.50_intersection_sensitive_av,ODD-Gated Price-Aware Matching,P3_shared_comp,moderate,0.5,intersection_sensitive_av,cancelled_passenger_rejection,161
2,1500,d9322babd189499956610877b248c22df3ae9196d212e12d27f427e06607a6af,INT_AV0.50_intersection_sensitive_av,ODD-Gated Price-Aware Matching,P3_shared_comp,moderate,0.5,intersection_sensitive_av,cancelled_patience_timeout,4
2,1500,d9322babd189499956610877b248c22df3ae9196d212e12d27f427e06607a6af,INT_AV0.50_mature_av,ODD-Gated Price-Aware Matching,P3_shared_comp,moderate,0.5,mature_av,,1264
2,1500,d9322babd189499956610877b248c22df3ae9196d212e12d27f427e06607a6af,INT_AV0.50_mature_av,ODD-Gated Price-Aware Matching,P3_shared_comp,moderate,0.5,mature_av,cancelled_no_available_vehicle,51
2,1500,d9322babd189499956610877b248c22df3ae9196d212e12d27f427e06607a6af,INT_AV0.50_mature_av,ODD-Gated Price-Aware Matching,P3_shared_comp,moderate,0.5,mature_av,cancelled_no_spatial_candidate,18
2,1500,d9322babd189499956610877b248c22df3ae9196d212e12d27f427e06607a6af,INT_AV0.50_mature_av,ODD-Gated Price-Aware Matching,P3_shared_comp,moderate,0.5,mature_av,cancelled_passenger_rejection,167
2,1500,d9322babd189499956610877b248c22df3ae9196d212e12d27f427e06607a6af,INT_AV0.50_moderate_av,ODD-Gated Price-Aware Matching,P3_shared_comp,moderate,0.5,moderate_av,,1266
2,1500,d9322babd189499956610877b248c22df3ae9196d212e12d27f427e06607a6af,INT_AV0.50_moderate_av,ODD-Gated Price-Aware Matching,P3_shared_comp,moderate,0.5,moderate_av,cancelled_no_available_vehicle,51
2,1500,d9322babd189499956610877b248c22df3ae9196d212e12d27f427e06607a6af,INT_AV0.50_moderate_av,ODD-Gated Price-Aware Matching,P3_shared_comp,moderate,0.5,moderate_av,cancelled_no_odd_feasible_av,1
2,1500,d9322babd189499956610877b248c22df3ae9196d212e12d27f427e06607a6af,INT_AV0.50_moderate_av,ODD-Gated Price-Aware Matching,P3_shared_comp,moderate,0.5,moderate_av,cancelled_no_spatial_candidate,18
2,1500,d9322babd189499956610877b248c22df3ae9196d212e12d27f427e06607a6af,INT_AV0.50_moderate_av,ODD-Gated Price-Aware Matching,P3_shared_comp,moderate,0.5,moderate_av,cancelled_passenger_rejection,164
2,1500,d9322babd189499956610877b248c22df3ae9196d212e12d27f427e06607a6af,INT_AV0.50_uncertainty_sensitive_av,ODD-Gated Price-Aware Matching,P3_shared_comp,moderate,0.5,uncertainty_sensitive_av,,1264
2,1500,d9322babd189499956610877b248c22df3ae9196d212e12d27f427e06607a6af,INT_AV0.50_uncertainty_sensitive_av,ODD-Gated Price-Aware Matching,P3_shared_comp,moderate,0.5,uncertainty_sensitive_av,cancelled_no_available_vehicle,51
2,1500,d9322babd189499956610877b248c22df3ae9196d212e12d27f427e06607a6af,INT_AV0.50_uncertainty_sensitive_av,ODD-Gated Price-Aware Matching,P3_shared_comp,moderate,0.5,uncertainty_sensitive_av,cancelled_no_odd_feasible_av,1
2,1500,d9322babd189499956610877b248c22df3ae9196d212e12d27f427e06607a6af,INT_AV0.50_uncertainty_sensitive_av,ODD-Gated Price-Aware Matching,P3_shared_comp,moderate,0.5,uncertainty_sensitive_av,cancelled_no_spatial_candidate,18
2,1500,d9322babd189499956610877b248c22df3ae9196d212e12d27f427e06607a6af,INT_AV0.50_uncertainty_sensitive_av,ODD-Gated Price-Aware Matching,P3_shared_comp,moderate,0.5,uncertainty_sensitive_av,cancelled_passenger_rejection,161
2,1500,d9322babd189499956610877b248c22df3ae9196d212e12d27f427e06607a6af,INT_AV0.50_uncertainty_sensitive_av,ODD-Gated Price-Aware Matching,P3_shared_comp,moderate,0.5,uncertainty_sensitive_av,cancelled_patience_timeout,5
2,1500,d9322babd189499956610877b248c22df3ae9196d212e12d27f427e06607a6af,OFAT_BASE,ODD-Gated Price-Aware Matching,P0_uniform,moderate,0.5,moderate_av,,1266
2,1500,d9322babd189499956610877b248c22df3ae9196d212e12d27f427e06607a6af,OFAT_BASE,ODD-Gated Price-Aware Matching,P0_uniform,moderate,0.5,moderate_av,cancelled_no_available_vehicle,51
2,1500,d9322babd189499956610877b248c22df3ae9196d212e12d27f427e06607a6af,OFAT_BASE,ODD-Gated Price-Aware Matching,P0_uniform,moderate,0.5,moderate_av,cancelled_no_odd_feasible_av,2
2,1500,d9322babd189499956610877b248c22df3ae9196d212e12d27f427e06607a6af,OFAT_BASE,ODD-Gated Price-Aware Matching,P0_uniform,moderate,0.5,moderate_av,cancelled_no_spatial_candidate,18
2,1500,d9322babd189499956610877b248c22df3ae9196d212e12d27f427e06607a6af,OFAT_BASE,ODD-Gated Price-Aware Matching,P0_uniform,moderate,0.5,moderate_av,cancelled_passenger_rejection,163
2,1500,d9322babd189499956610877b248c22df3ae9196d212e12d27f427e06607a6af,OFAT_BASE,ODD-Gated Price-Aware Matching,P1_platform_funded_comp,moderate,0.5,moderate_av,,1268
2,1500,d9322babd189499956610877b248c22df3ae9196d212e12d27f427e06607a6af,OFAT_BASE,ODD-Gated Price-Aware Matching,P1_platform_funded_comp,moderate,0.5,moderate_av,cancelled_no_available_vehicle,51
2,1500,d9322babd189499956610877b248c22df3ae9196d212e12d27f427e06607a6af,OFAT_BASE,ODD-Gated Price-Aware Matching,P1_platform_funded_comp,moderate,0.5,moderate_av,cancelled_no_odd_feasible_av,1
2,1500,d9322babd189499956610877b248c22df3ae9196d212e12d27f427e06607a6af,OFAT_BASE,ODD-Gated Price-Aware Matching,P1_platform_funded_comp,moderate,0.5,moderate_av,cancelled_no_spatial_candidate,18
2,1500,d9322babd189499956610877b248c22df3ae9196d212e12d27f427e06607a6af,OFAT_BASE,ODD-Gated Price-Aware Matching,P1_platform_funded_comp,moderate,0.5,moderate_av,cancelled_passenger_rejection,162
2,1500,d9322babd189499956610877b248c22df3ae9196d212e12d27f427e06607a6af,OFAT_BASE,ODD-Gated Price-Aware Matching,P2_passenger_funded_comp,moderate,0.5,moderate_av,,1261
2,1500,d9322babd189499956610877b248c22df3ae9196d212e12d27f427e06607a6af,OFAT_BASE,ODD-Gated Price-Aware Matching,P2_passenger_funded_comp,moderate,0.5,moderate_av,cancelled_no_available_vehicle,51
2,1500,d9322babd189499956610877b248c22df3ae9196d212e12d27f427e06607a6af,OFAT_BASE,ODD-Gated Price-Aware Matching,P2_passenger_funded_comp,moderate,0.5,moderate_av,cancelled_no_odd_feasible_av,2
2,1500,d9322babd189499956610877b248c22df3ae9196d212e12d27f427e06607a6af,OFAT_BASE,ODD-Gated Price-Aware Matching,P2_passenger_funded_comp,moderate,0.5,moderate_av,cancelled_no_spatial_candidate,18
2,1500,d9322babd189499956610877b248c22df3ae9196d212e12d27f427e06607a6af,OFAT_BASE,ODD-Gated Price-Aware Matching,P2_passenger_funded_comp,moderate,0.5,moderate_av,cancelled_passenger_rejection,165
2,1500,d9322babd189499956610877b248c22df3ae9196d212e12d27f427e06607a6af,OFAT_BASE,ODD-Gated Price-Aware Matching,P2_passenger_funded_comp,moderate,0.5,moderate_av,cancelled_patience_timeout,3
2,1500,d9322babd189499956610877b248c22df3ae9196d212e12d27f427e06607a6af,OFAT_BASE,ODD-Gated Price-Aware Matching,P3_shared_comp,moderate,0.5,conservative_av,,1260
2,1500,d9322babd189499956610877b248c22df3ae9196d212e12d27f427e06607a6af,OFAT_BASE,ODD-Gated Price-Aware Matching,P3_shared_comp,moderate,0.5,conservative_av,cancelled_no_available_vehicle,51
2,1500,d9322babd189499956610877b248c22df3ae9196d212e12d27f427e06607a6af,OFAT_BASE,ODD-Gated Price-Aware Matching,P3_shared_comp,moderate,0.5,conservative_av,cancelled_no_odd_feasible_av,3
2,1500,d9322babd189499956610877b248c22df3ae9196d212e12d27f427e06607a6af,OFAT_BASE,ODD-Gated Price-Aware Matching,P3_shared_comp,moderate,0.5,conservative_av,cancelled_no_spatial_candidate,18
2,1500,d9322babd189499956610877b248c22df3ae9196d212e12d27f427e06607a6af,OFAT_BASE,ODD-Gated Price-Aware Matching,P3_shared_comp,moderate,0.5,conservative_av,cancelled_passenger_rejection,162
2,1500,d9322babd189499956610877b248c22df3ae9196d212e12d27f427e06607a6af,OFAT_BASE,ODD-Gated Price-Aware Matching,P3_shared_comp,moderate,0.5,conservative_av,cancelled_patience_timeout,6
2,1500,d9322babd189499956610877b248c22df3ae9196d212e12d27f427e06607a6af,OFAT_BASE,ODD-Gated Price-Aware Matching,P3_shared_comp,moderate,0.5,intersection_sensitive_av,,1262
2,1500,d9322babd189499956610877b248c22df3ae9196d212e12d27f427e06607a6af,OFAT_BASE,ODD-Gated Price-Aware Matching,P3_shared_comp,moderate,0.5,intersection_sensitive_av,cancelled_no_available_vehicle,51
2,1500,d9322babd189499956610877b248c22df3ae9196d212e12d27f427e06607a6af,OFAT_BASE,ODD-Gated Price-Aware Matching,P3_shared_comp,moderate,0.5,intersection_sensitive_av,cancelled_no_odd_feasible_av,4
2,1500,d9322babd189499956610877b248c22df3ae9196d212e12d27f427e06607a6af,OFAT_BASE,ODD-Gated Price-Aware Matching,P3_shared_comp,moderate,0.5,intersection_sensitive_av,cancelled_no_spatial_candidate,18
2,1500,d9322babd189499956610877b248c22df3ae9196d212e12d27f427e06607a6af,OFAT_BASE,ODD-Gated Price-Aware Matching,P3_shared_comp,moderate,0.5,intersection_sensitive_av,cancelled_passenger_rejection,161
2,1500,d9322babd189499956610877b248c22df3ae9196d212e12d27f427e06607a6af,OFAT_BASE,ODD-Gated Price-Aware Matching,P3_shared_comp,moderate,0.5,intersection_sensitive_av,cancelled_patience_timeout,4
2,1500,d9322babd189499956610877b248c22df3ae9196d212e12d27f427e06607a6af,OFAT_BASE,ODD-Gated Price-Aware Matching,P3_shared_comp,moderate,0.5,mature_av,,1264
2,1500,d9322babd189499956610877b248c22df3ae9196d212e12d27f427e06607a6af,OFAT_BASE,ODD-Gated Price-Aware Matching,P3_shared_comp,moderate,0.5,mature_av,cancelled_no_available_vehicle,51
2,1500,d9322babd189499956610877b248c22df3ae9196d212e12d27f427e06607a6af,OFAT_BASE,ODD-Gated Price-Aware Matching,P3_shared_comp,moderate,0.5,mature_av,cancelled_no_spatial_candidate,18
2,1500,d9322babd189499956610877b248c22df3ae9196d212e12d27f427e06607a6af,OFAT_BASE,ODD-Gated Price-Aware Matching,P3_shared_comp,moderate,0.5,mature_av,cancelled_passenger_rejection,167
2,1500,d9322babd189499956610877b248c22df3ae9196d212e12d27f427e06607a6af,OFAT_BASE,ODD-Gated Price-Aware Matching,P3_shared_comp,moderate,0.5,moderate_av,,1266
2,1500,d9322babd189499956610877b248c22df3ae9196d212e12d27f427e06607a6af,OFAT_BASE,ODD-Gated Price-Aware Matching,P3_shared_comp,moderate,0.5,moderate_av,cancelled_no_available_vehicle,51
2,1500,d9322babd189499956610877b248c22df3ae9196d212e12d27f427e06607a6af,OFAT_BASE,ODD-Gated Price-Aware Matching,P3_shared_comp,moderate,0.5,moderate_av,cancelled_no_odd_feasible_av,1
2,1500,d9322babd189499956610877b248c22df3ae9196d212e12d27f427e06607a6af,OFAT_BASE,ODD-Gated Price-Aware Matching,P3_shared_comp,moderate,0.5,moderate_av,cancelled_no_spatial_candidate,18
2,1500,d9322babd189499956610877b248c22df3ae9196d212e12d27f427e06607a6af,OFAT_BASE,ODD-Gated Price-Aware Matching,P3_shared_comp,moderate,0.5,moderate_av,cancelled_passenger_rejection,164
2,1500,d9322babd189499956610877b248c22df3ae9196d212e12d27f427e06607a6af,OFAT_BASE,ODD-Gated Price-Aware Matching,P3_shared_comp,moderate,0.5,uncertainty_sensitive_av,,1264
2,1500,d9322babd189499956610877b248c22df3ae9196d212e12d27f427e06607a6af,OFAT_BASE,ODD-Gated Price-Aware Matching,P3_shared_comp,moderate,0.5,uncertainty_sensitive_av,cancelled_no_available_vehicle,51
2,1500,d9322babd189499956610877b248c22df3ae9196d212e12d27f427e06607a6af,OFAT_BASE,ODD-Gated Price-Aware Matching,P3_shared_comp,moderate,0.5,uncertainty_sensitive_av,cancelled_no_odd_feasible_av,1
2,1500,d9322babd189499956610877b248c22df3ae9196d212e12d27f427e06607a6af,OFAT_BASE,ODD-Gated Price-Aware Matching,P3_shared_comp,moderate,0.5,uncertainty_sensitive_av,cancelled_no_spatial_candidate,18
2,1500,d9322babd189499956610877b248c22df3ae9196d212e12d27f427e06607a6af,OFAT_BASE,ODD-Gated Price-Aware Matching,P3_shared_comp,moderate,0.5,uncertainty_sensitive_av,cancelled_passenger_rejection,161
2,1500,d9322babd189499956610877b248c22df3ae9196d212e12d27f427e06607a6af,OFAT_BASE,ODD-Gated Price-Aware Matching,P3_shared_comp,moderate,0.5,uncertainty_sensitive_av,cancelled_patience_timeout,5
2,1500,d9322babd189499956610877b248c22df3ae9196d212e12d27f427e06607a6af,OFAT_BASE,ODD-Gated Price-Aware Matching,P4_av_discount_hv_comp,moderate,0.5,moderate_av,,1274
2,1500,d9322babd189499956610877b248c22df3ae9196d212e12d27f427e06607a6af,OFAT_BASE,ODD-Gated Price-Aware Matching,P4_av_discount_hv_comp,moderate,0.5,moderate_av,cancelled_no_available_vehicle,51
2,1500,d9322babd189499956610877b248c22df3ae9196d212e12d27f427e06607a6af,OFAT_BASE,ODD-Gated Price-Aware Matching,P4_av_discount_hv_comp,moderate,0.5,moderate_av,cancelled_no_odd_feasible_av,1
2,1500,d9322babd189499956610877b248c22df3ae9196d212e12d27f427e06607a6af,OFAT_BASE,ODD-Gated Price-Aware Matching,P4_av_discount_hv_comp,moderate,0.5,moderate_av,cancelled_no_spatial_candidate,18
2,1500,d9322babd189499956610877b248c22df3ae9196d212e12d27f427e06607a6af,OFAT_BASE,ODD-Gated Price-Aware Matching,P4_av_discount_hv_comp,moderate,0.5,moderate_av,cancelled_passenger_rejection,153
2,1500,d9322babd189499956610877b248c22df3ae9196d212e12d27f427e06607a6af,OFAT_BASE,ODD-Gated Price-Aware Matching,P4_av_discount_hv_comp,moderate,0.5,moderate_av,cancelled_patience_timeout,3
2,1500,d9322babd189499956610877b248c22df3ae9196d212e12d27f427e06607a6af,OFAT_BASE,ODD-Gated Price-Aware Matching,P5_three_stakeholder_balanced,moderate,0.5,moderate_av,,1243
2,1500,d9322babd189499956610877b248c22df3ae9196d212e12d27f427e06607a6af,OFAT_BASE,ODD-Gated Price-Aware Matching,P5_three_stakeholder_balanced,moderate,0.5,moderate_av,cancelled_no_available_vehicle,51
2,1500,d9322babd189499956610877b248c22df3ae9196d212e12d27f427e06607a6af,OFAT_BASE,ODD-Gated Price-Aware Matching,P5_three_stakeholder_balanced,moderate,0.5,moderate_av,cancelled_no_odd_feasible_av,1
2,1500,d9322babd189499956610877b248c22df3ae9196d212e12d27f427e06607a6af,OFAT_BASE,ODD-Gated Price-Aware Matching,P5_three_stakeholder_balanced,moderate,0.5,moderate_av,cancelled_no_spatial_candidate,18
2,1500,d9322babd189499956610877b248c22df3ae9196d212e12d27f427e06607a6af,OFAT_BASE,ODD-Gated Price-Aware Matching,P5_three_stakeholder_balanced,moderate,0.5,moderate_av,cancelled_passenger_rejection,178
2,1500,d9322babd189499956610877b248c22df3ae9196d212e12d27f427e06607a6af,OFAT_BASE,ODD-Gated Price-Aware Matching,P5_three_stakeholder_balanced,moderate,0.5,moderate_av,cancelled_patience_timeout,9
2,1500,df6110ae40a8c1a53223c1791a6cc2fa85138144b550ad8e937ff426ae1f43c1,INT_AV0.25_conservative_av,ODD-Gated Price-Aware Matching,P3_shared_comp,moderate,0.25,conservative_av,,1262
2,1500,df6110ae40a8c1a53223c1791a6cc2fa85138144b550ad8e937ff426ae1f43c1,INT_AV0.25_conservative_av,ODD-Gated Price-Aware Matching,P3_shared_comp,moderate,0.25,conservative_av,cancelled_no_available_vehicle,51
2,1500,df6110ae40a8c1a53223c1791a6cc2fa85138144b550ad8e937ff426ae1f43c1,INT_AV0.25_conservative_av,ODD-Gated Price-Aware Matching,P3_shared_comp,moderate,0.25,conservative_av,cancelled_no_odd_feasible_av,1
2,1500,df6110ae40a8c1a53223c1791a6cc2fa85138144b550ad8e937ff426ae1f43c1,INT_AV0.25_conservative_av,ODD-Gated Price-Aware Matching,P3_shared_comp,moderate,0.25,conservative_av,cancelled_no_spatial_candidate,18
2,1500,df6110ae40a8c1a53223c1791a6cc2fa85138144b550ad8e937ff426ae1f43c1,INT_AV0.25_conservative_av,ODD-Gated Price-Aware Matching,P3_shared_comp,moderate,0.25,conservative_av,cancelled_passenger_rejection,165
2,1500,df6110ae40a8c1a53223c1791a6cc2fa85138144b550ad8e937ff426ae1f43c1,INT_AV0.25_conservative_av,ODD-Gated Price-Aware Matching,P3_shared_comp,moderate,0.25,conservative_av,cancelled_patience_timeout,3
2,1500,df6110ae40a8c1a53223c1791a6cc2fa85138144b550ad8e937ff426ae1f43c1,INT_AV0.25_intersection_sensitive_av,ODD-Gated Price-Aware Matching,P3_shared_comp,moderate,0.25,intersection_sensitive_av,,1263
2,1500,df6110ae40a8c1a53223c1791a6cc2fa85138144b550ad8e937ff426ae1f43c1,INT_AV0.25_intersection_sensitive_av,ODD-Gated Price-Aware Matching,P3_shared_comp,moderate,0.25,intersection_sensitive_av,cancelled_no_available_vehicle,51
2,1500,df6110ae40a8c1a53223c1791a6cc2fa85138144b550ad8e937ff426ae1f43c1,INT_AV0.25_intersection_sensitive_av,ODD-Gated Price-Aware Matching,P3_shared_comp,moderate,0.25,intersection_sensitive_av,cancelled_no_odd_feasible_av,1
2,1500,df6110ae40a8c1a53223c1791a6cc2fa85138144b550ad8e937ff426ae1f43c1,INT_AV0.25_intersection_sensitive_av,ODD-Gated Price-Aware Matching,P3_shared_comp,moderate,0.25,intersection_sensitive_av,cancelled_no_spatial_candidate,18
2,1500,df6110ae40a8c1a53223c1791a6cc2fa85138144b550ad8e937ff426ae1f43c1,INT_AV0.25_intersection_sensitive_av,ODD-Gated Price-Aware Matching,P3_shared_comp,moderate,0.25,intersection_sensitive_av,cancelled_passenger_rejection,165
2,1500,df6110ae40a8c1a53223c1791a6cc2fa85138144b550ad8e937ff426ae1f43c1,INT_AV0.25_intersection_sensitive_av,ODD-Gated Price-Aware Matching,P3_shared_comp,moderate,0.25,intersection_sensitive_av,cancelled_patience_timeout,2
2,1500,df6110ae40a8c1a53223c1791a6cc2fa85138144b550ad8e937ff426ae1f43c1,INT_AV0.25_mature_av,ODD-Gated Price-Aware Matching,P3_shared_comp,moderate,0.25,mature_av,,1264
2,1500,df6110ae40a8c1a53223c1791a6cc2fa85138144b550ad8e937ff426ae1f43c1,INT_AV0.25_mature_av,ODD-Gated Price-Aware Matching,P3_shared_comp,moderate,0.25,mature_av,cancelled_no_available_vehicle,51
2,1500,df6110ae40a8c1a53223c1791a6cc2fa85138144b550ad8e937ff426ae1f43c1,INT_AV0.25_mature_av,ODD-Gated Price-Aware Matching,P3_shared_comp,moderate,0.25,mature_av,cancelled_no_spatial_candidate,18
2,1500,df6110ae40a8c1a53223c1791a6cc2fa85138144b550ad8e937ff426ae1f43c1,INT_AV0.25_mature_av,ODD-Gated Price-Aware Matching,P3_shared_comp,moderate,0.25,mature_av,cancelled_passenger_rejection,167
2,1500,df6110ae40a8c1a53223c1791a6cc2fa85138144b550ad8e937ff426ae1f43c1,INT_AV0.25_moderate_av,ODD-Gated Price-Aware Matching,P3_shared_comp,moderate,0.25,moderate_av,,1264
2,1500,df6110ae40a8c1a53223c1791a6cc2fa85138144b550ad8e937ff426ae1f43c1,INT_AV0.25_moderate_av,ODD-Gated Price-Aware Matching,P3_shared_comp,moderate,0.25,moderate_av,cancelled_no_available_vehicle,51
2,1500,df6110ae40a8c1a53223c1791a6cc2fa85138144b550ad8e937ff426ae1f43c1,INT_AV0.25_moderate_av,ODD-Gated Price-Aware Matching,P3_shared_comp,moderate,0.25,moderate_av,cancelled_no_spatial_candidate,18
2,1500,df6110ae40a8c1a53223c1791a6cc2fa85138144b550ad8e937ff426ae1f43c1,INT_AV0.25_moderate_av,ODD-Gated Price-Aware Matching,P3_shared_comp,moderate,0.25,moderate_av,cancelled_passenger_rejection,167
2,1500,df6110ae40a8c1a53223c1791a6cc2fa85138144b550ad8e937ff426ae1f43c1,INT_AV0.25_uncertainty_sensitive_av,ODD-Gated Price-Aware Matching,P3_shared_comp,moderate,0.25,uncertainty_sensitive_av,,1264
2,1500,df6110ae40a8c1a53223c1791a6cc2fa85138144b550ad8e937ff426ae1f43c1,INT_AV0.25_uncertainty_sensitive_av,ODD-Gated Price-Aware Matching,P3_shared_comp,moderate,0.25,uncertainty_sensitive_av,cancelled_no_available_vehicle,51
2,1500,df6110ae40a8c1a53223c1791a6cc2fa85138144b550ad8e937ff426ae1f43c1,INT_AV0.25_uncertainty_sensitive_av,ODD-Gated Price-Aware Matching,P3_shared_comp,moderate,0.25,uncertainty_sensitive_av,cancelled_no_spatial_candidate,18
2,1500,df6110ae40a8c1a53223c1791a6cc2fa85138144b550ad8e937ff426ae1f43c1,INT_AV0.25_uncertainty_sensitive_av,ODD-Gated Price-Aware Matching,P3_shared_comp,moderate,0.25,uncertainty_sensitive_av,cancelled_passenger_rejection,166
2,1500,df6110ae40a8c1a53223c1791a6cc2fa85138144b550ad8e937ff426ae1f43c1,INT_AV0.25_uncertainty_sensitive_av,ODD-Gated Price-Aware Matching,P3_shared_comp,moderate,0.25,uncertainty_sensitive_av,cancelled_patience_timeout,1
2,1500,df6110ae40a8c1a53223c1791a6cc2fa85138144b550ad8e937ff426ae1f43c1,OFAT_BASE,ODD-Gated Price-Aware Matching,P3_shared_comp,moderate,0.25,moderate_av,,1264
2,1500,df6110ae40a8c1a53223c1791a6cc2fa85138144b550ad8e937ff426ae1f43c1,OFAT_BASE,ODD-Gated Price-Aware Matching,P3_shared_comp,moderate,0.25,moderate_av,cancelled_no_available_vehicle,51
2,1500,df6110ae40a8c1a53223c1791a6cc2fa85138144b550ad8e937ff426ae1f43c1,OFAT_BASE,ODD-Gated Price-Aware Matching,P3_shared_comp,moderate,0.25,moderate_av,cancelled_no_spatial_candidate,18
2,1500,df6110ae40a8c1a53223c1791a6cc2fa85138144b550ad8e937ff426ae1f43c1,OFAT_BASE,ODD-Gated Price-Aware Matching,P3_shared_comp,moderate,0.25,moderate_av,cancelled_passenger_rejection,167
2,1500,ed4cc195d96b8323a4fe6dc34d9295f4b44a9bd581ab12ab927a4799d1d7fca3,OFAT_BASE,ODD-Gated Price-Aware Matching,P3_shared_comp,tight,0.5,moderate_av,,1267
2,1500,ed4cc195d96b8323a4fe6dc34d9295f4b44a9bd581ab12ab927a4799d1d7fca3,OFAT_BASE,ODD-Gated Price-Aware Matching,P3_shared_comp,tight,0.5,moderate_av,cancelled_no_available_vehicle,51
2,1500,ed4cc195d96b8323a4fe6dc34d9295f4b44a9bd581ab12ab927a4799d1d7fca3,OFAT_BASE,ODD-Gated Price-Aware Matching,P3_shared_comp,tight,0.5,moderate_av,cancelled_no_odd_feasible_av,1
2,1500,ed4cc195d96b8323a4fe6dc34d9295f4b44a9bd581ab12ab927a4799d1d7fca3,OFAT_BASE,ODD-Gated Price-Aware Matching,P3_shared_comp,tight,0.5,moderate_av,cancelled_no_spatial_candidate,18
2,1500,ed4cc195d96b8323a4fe6dc34d9295f4b44a9bd581ab12ab927a4799d1d7fca3,OFAT_BASE,ODD-Gated Price-Aware Matching,P3_shared_comp,tight,0.5,moderate_av,cancelled_passenger_rejection,163
2,1500,f2a256434cd716db0af17c40793601979b91c17c580de102bd8741d4facf3f40,INT_AV0.00_conservative_av,ODD-Gated Price-Aware Matching,P3_shared_comp,moderate,0.0,conservative_av,,1260
2,1500,f2a256434cd716db0af17c40793601979b91c17c580de102bd8741d4facf3f40,INT_AV0.00_conservative_av,ODD-Gated Price-Aware Matching,P3_shared_comp,moderate,0.0,conservative_av,cancelled_no_available_vehicle,51
2,1500,f2a256434cd716db0af17c40793601979b91c17c580de102bd8741d4facf3f40,INT_AV0.00_conservative_av,ODD-Gated Price-Aware Matching,P3_shared_comp,moderate,0.0,conservative_av,cancelled_no_spatial_candidate,18
2,1500,f2a256434cd716db0af17c40793601979b91c17c580de102bd8741d4facf3f40,INT_AV0.00_conservative_av,ODD-Gated Price-Aware Matching,P3_shared_comp,moderate,0.0,conservative_av,cancelled_passenger_rejection,171
2,1500,f2a256434cd716db0af17c40793601979b91c17c580de102bd8741d4facf3f40,INT_AV0.00_intersection_sensitive_av,ODD-Gated Price-Aware Matching,P3_shared_comp,moderate,0.0,intersection_sensitive_av,,1260
2,1500,f2a256434cd716db0af17c40793601979b91c17c580de102bd8741d4facf3f40,INT_AV0.00_intersection_sensitive_av,ODD-Gated Price-Aware Matching,P3_shared_comp,moderate,0.0,intersection_sensitive_av,cancelled_no_available_vehicle,51
2,1500,f2a256434cd716db0af17c40793601979b91c17c580de102bd8741d4facf3f40,INT_AV0.00_intersection_sensitive_av,ODD-Gated Price-Aware Matching,P3_shared_comp,moderate,0.0,intersection_sensitive_av,cancelled_no_spatial_candidate,18
2,1500,f2a256434cd716db0af17c40793601979b91c17c580de102bd8741d4facf3f40,INT_AV0.00_intersection_sensitive_av,ODD-Gated Price-Aware Matching,P3_shared_comp,moderate,0.0,intersection_sensitive_av,cancelled_passenger_rejection,171
2,1500,f2a256434cd716db0af17c40793601979b91c17c580de102bd8741d4facf3f40,INT_AV0.00_mature_av,ODD-Gated Price-Aware Matching,P3_shared_comp,moderate,0.0,mature_av,,1260
2,1500,f2a256434cd716db0af17c40793601979b91c17c580de102bd8741d4facf3f40,INT_AV0.00_mature_av,ODD-Gated Price-Aware Matching,P3_shared_comp,moderate,0.0,mature_av,cancelled_no_available_vehicle,51
2,1500,f2a256434cd716db0af17c40793601979b91c17c580de102bd8741d4facf3f40,INT_AV0.00_mature_av,ODD-Gated Price-Aware Matching,P3_shared_comp,moderate,0.0,mature_av,cancelled_no_spatial_candidate,18
2,1500,f2a256434cd716db0af17c40793601979b91c17c580de102bd8741d4facf3f40,INT_AV0.00_mature_av,ODD-Gated Price-Aware Matching,P3_shared_comp,moderate,0.0,mature_av,cancelled_passenger_rejection,171
2,1500,f2a256434cd716db0af17c40793601979b91c17c580de102bd8741d4facf3f40,INT_AV0.00_moderate_av,ODD-Gated Price-Aware Matching,P3_shared_comp,moderate,0.0,moderate_av,,1260
2,1500,f2a256434cd716db0af17c40793601979b91c17c580de102bd8741d4facf3f40,INT_AV0.00_moderate_av,ODD-Gated Price-Aware Matching,P3_shared_comp,moderate,0.0,moderate_av,cancelled_no_available_vehicle,51
2,1500,f2a256434cd716db0af17c40793601979b91c17c580de102bd8741d4facf3f40,INT_AV0.00_moderate_av,ODD-Gated Price-Aware Matching,P3_shared_comp,moderate,0.0,moderate_av,cancelled_no_spatial_candidate,18
2,1500,f2a256434cd716db0af17c40793601979b91c17c580de102bd8741d4facf3f40,INT_AV0.00_moderate_av,ODD-Gated Price-Aware Matching,P3_shared_comp,moderate,0.0,moderate_av,cancelled_passenger_rejection,171
2,1500,f2a256434cd716db0af17c40793601979b91c17c580de102bd8741d4facf3f40,INT_AV0.00_uncertainty_sensitive_av,ODD-Gated Price-Aware Matching,P3_shared_comp,moderate,0.0,uncertainty_sensitive_av,,1260
2,1500,f2a256434cd716db0af17c40793601979b91c17c580de102bd8741d4facf3f40,INT_AV0.00_uncertainty_sensitive_av,ODD-Gated Price-Aware Matching,P3_shared_comp,moderate,0.0,uncertainty_sensitive_av,cancelled_no_available_vehicle,51
2,1500,f2a256434cd716db0af17c40793601979b91c17c580de102bd8741d4facf3f40,INT_AV0.00_uncertainty_sensitive_av,ODD-Gated Price-Aware Matching,P3_shared_comp,moderate,0.0,uncertainty_sensitive_av,cancelled_no_spatial_candidate,18
2,1500,f2a256434cd716db0af17c40793601979b91c17c580de102bd8741d4facf3f40,INT_AV0.00_uncertainty_sensitive_av,ODD-Gated Price-Aware Matching,P3_shared_comp,moderate,0.0,uncertainty_sensitive_av,cancelled_passenger_rejection,171
2,1500,f2a256434cd716db0af17c40793601979b91c17c580de102bd8741d4facf3f40,OFAT_BASE,ODD-Gated Price-Aware Matching,P3_shared_comp,moderate,0.0,moderate_av,,1260
2,1500,f2a256434cd716db0af17c40793601979b91c17c580de102bd8741d4facf3f40,OFAT_BASE,ODD-Gated Price-Aware Matching,P3_shared_comp,moderate,0.0,moderate_av,cancelled_no_available_vehicle,51
2,1500,f2a256434cd716db0af17c40793601979b91c17c580de102bd8741d4facf3f40,OFAT_BASE,ODD-Gated Price-Aware Matching,P3_shared_comp,moderate,0.0,moderate_av,cancelled_no_spatial_candidate,18
2,1500,f2a256434cd716db0af17c40793601979b91c17c580de102bd8741d4facf3f40,OFAT_BASE,ODD-Gated Price-Aware Matching,P3_shared_comp,moderate,0.0,moderate_av,cancelled_passenger_rejection,171
3,1500,61b6f894dc958da09c84af32e76699bb98e0e025bed873e8b198d65de951f778,INT_AV0.25_conservative_av,ODD-Gated Price-Aware Matching,P3_shared_comp,moderate,0.25,conservative_av,,1321
3,1500,61b6f894dc958da09c84af32e76699bb98e0e025bed873e8b198d65de951f778,INT_AV0.25_conservative_av,ODD-Gated Price-Aware Matching,P3_shared_comp,moderate,0.25,conservative_av,cancelled_no_available_vehicle,21
3,1500,61b6f894dc958da09c84af32e76699bb98e0e025bed873e8b198d65de951f778,INT_AV0.25_conservative_av,ODD-Gated Price-Aware Matching,P3_shared_comp,moderate,0.25,conservative_av,cancelled_no_spatial_candidate,26
3,1500,61b6f894dc958da09c84af32e76699bb98e0e025bed873e8b198d65de951f778,INT_AV0.25_conservative_av,ODD-Gated Price-Aware Matching,P3_shared_comp,moderate,0.25,conservative_av,cancelled_passenger_rejection,128
3,1500,61b6f894dc958da09c84af32e76699bb98e0e025bed873e8b198d65de951f778,INT_AV0.25_conservative_av,ODD-Gated Price-Aware Matching,P3_shared_comp,moderate,0.25,conservative_av,cancelled_patience_timeout,4
3,1500,61b6f894dc958da09c84af32e76699bb98e0e025bed873e8b198d65de951f778,INT_AV0.25_intersection_sensitive_av,ODD-Gated Price-Aware Matching,P3_shared_comp,moderate,0.25,intersection_sensitive_av,,1318
3,1500,61b6f894dc958da09c84af32e76699bb98e0e025bed873e8b198d65de951f778,INT_AV0.25_intersection_sensitive_av,ODD-Gated Price-Aware Matching,P3_shared_comp,moderate,0.25,intersection_sensitive_av,cancelled_no_available_vehicle,21
3,1500,61b6f894dc958da09c84af32e76699bb98e0e025bed873e8b198d65de951f778,INT_AV0.25_intersection_sensitive_av,ODD-Gated Price-Aware Matching,P3_shared_comp,moderate,0.25,intersection_sensitive_av,cancelled_no_odd_feasible_av,1
3,1500,61b6f894dc958da09c84af32e76699bb98e0e025bed873e8b198d65de951f778,INT_AV0.25_intersection_sensitive_av,ODD-Gated Price-Aware Matching,P3_shared_comp,moderate,0.25,intersection_sensitive_av,cancelled_no_spatial_candidate,26
3,1500,61b6f894dc958da09c84af32e76699bb98e0e025bed873e8b198d65de951f778,INT_AV0.25_intersection_sensitive_av,ODD-Gated Price-Aware Matching,P3_shared_comp,moderate,0.25,intersection_sensitive_av,cancelled_passenger_rejection,129
3,1500,61b6f894dc958da09c84af32e76699bb98e0e025bed873e8b198d65de951f778,INT_AV0.25_intersection_sensitive_av,ODD-Gated Price-Aware Matching,P3_shared_comp,moderate,0.25,intersection_sensitive_av,cancelled_patience_timeout,5
3,1500,61b6f894dc958da09c84af32e76699bb98e0e025bed873e8b198d65de951f778,INT_AV0.25_mature_av,ODD-Gated Price-Aware Matching,P3_shared_comp,moderate,0.25,mature_av,,1322
3,1500,61b6f894dc958da09c84af32e76699bb98e0e025bed873e8b198d65de951f778,INT_AV0.25_mature_av,ODD-Gated Price-Aware Matching,P3_shared_comp,moderate,0.25,mature_av,cancelled_no_available_vehicle,21
3,1500,61b6f894dc958da09c84af32e76699bb98e0e025bed873e8b198d65de951f778,INT_AV0.25_mature_av,ODD-Gated Price-Aware Matching,P3_shared_comp,moderate,0.25,mature_av,cancelled_no_spatial_candidate,26
3,1500,61b6f894dc958da09c84af32e76699bb98e0e025bed873e8b198d65de951f778,INT_AV0.25_mature_av,ODD-Gated Price-Aware Matching,P3_shared_comp,moderate,0.25,mature_av,cancelled_passenger_rejection,131
3,1500,61b6f894dc958da09c84af32e76699bb98e0e025bed873e8b198d65de951f778,INT_AV0.25_moderate_av,ODD-Gated Price-Aware Matching,P3_shared_comp,moderate,0.25,moderate_av,,1324
3,1500,61b6f894dc958da09c84af32e76699bb98e0e025bed873e8b198d65de951f778,INT_AV0.25_moderate_av,ODD-Gated Price-Aware Matching,P3_shared_comp,moderate,0.25,moderate_av,cancelled_no_available_vehicle,21
3,1500,61b6f894dc958da09c84af32e76699bb98e0e025bed873e8b198d65de951f778,INT_AV0.25_moderate_av,ODD-Gated Price-Aware Matching,P3_shared_comp,moderate,0.25,moderate_av,cancelled_no_spatial_candidate,26
3,1500,61b6f894dc958da09c84af32e76699bb98e0e025bed873e8b198d65de951f778,INT_AV0.25_moderate_av,ODD-Gated Price-Aware Matching,P3_shared_comp,moderate,0.25,moderate_av,cancelled_passenger_rejection,129
3,1500,61b6f894dc958da09c84af32e76699bb98e0e025bed873e8b198d65de951f778,INT_AV0.25_uncertainty_sensitive_av,ODD-Gated Price-Aware Matching,P3_shared_comp,moderate,0.25,uncertainty_sensitive_av,,1322
3,1500,61b6f894dc958da09c84af32e76699bb98e0e025bed873e8b198d65de951f778,INT_AV0.25_uncertainty_sensitive_av,ODD-Gated Price-Aware Matching,P3_shared_comp,moderate,0.25,uncertainty_sensitive_av,cancelled_no_available_vehicle,21
3,1500,61b6f894dc958da09c84af32e76699bb98e0e025bed873e8b198d65de951f778,INT_AV0.25_uncertainty_sensitive_av,ODD-Gated Price-Aware Matching,P3_shared_comp,moderate,0.25,uncertainty_sensitive_av,cancelled_no_spatial_candidate,26
3,1500,61b6f894dc958da09c84af32e76699bb98e0e025bed873e8b198d65de951f778,INT_AV0.25_uncertainty_sensitive_av,ODD-Gated Price-Aware Matching,P3_shared_comp,moderate,0.25,uncertainty_sensitive_av,cancelled_passenger_rejection,128
3,1500,61b6f894dc958da09c84af32e76699bb98e0e025bed873e8b198d65de951f778,INT_AV0.25_uncertainty_sensitive_av,ODD-Gated Price-Aware Matching,P3_shared_comp,moderate,0.25,uncertainty_sensitive_av,cancelled_patience_timeout,3
3,1500,61b6f894dc958da09c84af32e76699bb98e0e025bed873e8b198d65de951f778,OFAT_BASE,ODD-Gated Price-Aware Matching,P3_shared_comp,moderate,0.25,moderate_av,,1324
3,1500,61b6f894dc958da09c84af32e76699bb98e0e025bed873e8b198d65de951f778,OFAT_BASE,ODD-Gated Price-Aware Matching,P3_shared_comp,moderate,0.25,moderate_av,cancelled_no_available_vehicle,21
3,1500,61b6f894dc958da09c84af32e76699bb98e0e025bed873e8b198d65de951f778,OFAT_BASE,ODD-Gated Price-Aware Matching,P3_shared_comp,moderate,0.25,moderate_av,cancelled_no_spatial_candidate,26
3,1500,61b6f894dc958da09c84af32e76699bb98e0e025bed873e8b198d65de951f778,OFAT_BASE,ODD-Gated Price-Aware Matching,P3_shared_comp,moderate,0.25,moderate_av,cancelled_passenger_rejection,129
3,1500,6248f21adeefb333b9babed93744efb7188432d513ca96c62596cb96544c7c6c,OFAT_BASE,ODD-Gated Price-Aware Matching,P3_shared_comp,abundant,0.5,moderate_av,,1325
3,1500,6248f21adeefb333b9babed93744efb7188432d513ca96c62596cb96544c7c6c,OFAT_BASE,ODD-Gated Price-Aware Matching,P3_shared_comp,abundant,0.5,moderate_av,cancelled_no_available_vehicle,21
3,1500,6248f21adeefb333b9babed93744efb7188432d513ca96c62596cb96544c7c6c,OFAT_BASE,ODD-Gated Price-Aware Matching,P3_shared_comp,abundant,0.5,moderate_av,cancelled_no_spatial_candidate,26
3,1500,6248f21adeefb333b9babed93744efb7188432d513ca96c62596cb96544c7c6c,OFAT_BASE,ODD-Gated Price-Aware Matching,P3_shared_comp,abundant,0.5,moderate_av,cancelled_passenger_rejection,127
3,1500,6248f21adeefb333b9babed93744efb7188432d513ca96c62596cb96544c7c6c,OFAT_BASE,ODD-Gated Price-Aware Matching,P3_shared_comp,abundant,0.5,moderate_av,cancelled_patience_timeout,1
3,1500,b592f99cd06bda7508211ce0069b523c4f05d489800ee5b631eb9065a3244e2f,INT_AV0.75_conservative_av,ODD-Gated Price-Aware Matching,P3_shared_comp,moderate,0.75,conservative_av,,1137
3,1500,b592f99cd06bda7508211ce0069b523c4f05d489800ee5b631eb9065a3244e2f,INT_AV0.75_conservative_av,ODD-Gated Price-Aware Matching,P3_shared_comp,moderate,0.75,conservative_av,cancelled_no_available_vehicle,21
3,1500,b592f99cd06bda7508211ce0069b523c4f05d489800ee5b631eb9065a3244e2f,INT_AV0.75_conservative_av,ODD-Gated Price-Aware Matching,P3_shared_comp,moderate,0.75,conservative_av,cancelled_no_odd_feasible_av,158
3,1500,b592f99cd06bda7508211ce0069b523c4f05d489800ee5b631eb9065a3244e2f,INT_AV0.75_conservative_av,ODD-Gated Price-Aware Matching,P3_shared_comp,moderate,0.75,conservative_av,cancelled_no_spatial_candidate,27
3,1500,b592f99cd06bda7508211ce0069b523c4f05d489800ee5b631eb9065a3244e2f,INT_AV0.75_conservative_av,ODD-Gated Price-Aware Matching,P3_shared_comp,moderate,0.75,conservative_av,cancelled_passenger_rejection,115
3,1500,b592f99cd06bda7508211ce0069b523c4f05d489800ee5b631eb9065a3244e2f,INT_AV0.75_conservative_av,ODD-Gated Price-Aware Matching,P3_shared_comp,moderate,0.75,conservative_av,cancelled_patience_timeout,42
3,1500,b592f99cd06bda7508211ce0069b523c4f05d489800ee5b631eb9065a3244e2f,INT_AV0.75_intersection_sensitive_av,ODD-Gated Price-Aware Matching,P3_shared_comp,moderate,0.75,intersection_sensitive_av,,1101
3,1500,b592f99cd06bda7508211ce0069b523c4f05d489800ee5b631eb9065a3244e2f,INT_AV0.75_intersection_sensitive_av,ODD-Gated Price-Aware Matching,P3_shared_comp,moderate,0.75,intersection_sensitive_av,cancelled_no_available_vehicle,21
3,1500,b592f99cd06bda7508211ce0069b523c4f05d489800ee5b631eb9065a3244e2f,INT_AV0.75_intersection_sensitive_av,ODD-Gated Price-Aware Matching,P3_shared_comp,moderate,0.75,intersection_sensitive_av,cancelled_no_odd_feasible_av,189
3,1500,b592f99cd06bda7508211ce0069b523c4f05d489800ee5b631eb9065a3244e2f,INT_AV0.75_intersection_sensitive_av,ODD-Gated Price-Aware Matching,P3_shared_comp,moderate,0.75,intersection_sensitive_av,cancelled_no_spatial_candidate,26
3,1500,b592f99cd06bda7508211ce0069b523c4f05d489800ee5b631eb9065a3244e2f,INT_AV0.75_intersection_sensitive_av,ODD-Gated Price-Aware Matching,P3_shared_comp,moderate,0.75,intersection_sensitive_av,cancelled_passenger_rejection,116
3,1500,b592f99cd06bda7508211ce0069b523c4f05d489800ee5b631eb9065a3244e2f,INT_AV0.75_intersection_sensitive_av,ODD-Gated Price-Aware Matching,P3_shared_comp,moderate,0.75,intersection_sensitive_av,cancelled_patience_timeout,47
3,1500,b592f99cd06bda7508211ce0069b523c4f05d489800ee5b631eb9065a3244e2f,INT_AV0.75_mature_av,ODD-Gated Price-Aware Matching,P3_shared_comp,moderate,0.75,mature_av,,1302
3,1500,b592f99cd06bda7508211ce0069b523c4f05d489800ee5b631eb9065a3244e2f,INT_AV0.75_mature_av,ODD-Gated Price-Aware Matching,P3_shared_comp,moderate,0.75,mature_av,cancelled_no_available_vehicle,21
3,1500,b592f99cd06bda7508211ce0069b523c4f05d489800ee5b631eb9065a3244e2f,INT_AV0.75_mature_av,ODD-Gated Price-Aware Matching,P3_shared_comp,moderate,0.75,mature_av,cancelled_no_odd_feasible_av,27
3,1500,b592f99cd06bda7508211ce0069b523c4f05d489800ee5b631eb9065a3244e2f,INT_AV0.75_mature_av,ODD-Gated Price-Aware Matching,P3_shared_comp,moderate,0.75,mature_av,cancelled_no_spatial_candidate,26
3,1500,b592f99cd06bda7508211ce0069b523c4f05d489800ee5b631eb9065a3244e2f,INT_AV0.75_mature_av,ODD-Gated Price-Aware Matching,P3_shared_comp,moderate,0.75,mature_av,cancelled_passenger_rejection,122
3,1500,b592f99cd06bda7508211ce0069b523c4f05d489800ee5b631eb9065a3244e2f,INT_AV0.75_mature_av,ODD-Gated Price-Aware Matching,P3_shared_comp,moderate,0.75,mature_av,cancelled_patience_timeout,2
3,1500,b592f99cd06bda7508211ce0069b523c4f05d489800ee5b631eb9065a3244e2f,INT_AV0.75_moderate_av,ODD-Gated Price-Aware Matching,P3_shared_comp,moderate,0.75,moderate_av,,1278
3,1500,b592f99cd06bda7508211ce0069b523c4f05d489800ee5b631eb9065a3244e2f,INT_AV0.75_moderate_av,ODD-Gated Price-Aware Matching,P3_shared_comp,moderate,0.75,moderate_av,cancelled_no_available_vehicle,21
3,1500,b592f99cd06bda7508211ce0069b523c4f05d489800ee5b631eb9065a3244e2f,INT_AV0.75_moderate_av,ODD-Gated Price-Aware Matching,P3_shared_comp,moderate,0.75,moderate_av,cancelled_no_odd_feasible_av,52
3,1500,b592f99cd06bda7508211ce0069b523c4f05d489800ee5b631eb9065a3244e2f,INT_AV0.75_moderate_av,ODD-Gated Price-Aware Matching,P3_shared_comp,moderate,0.75,moderate_av,cancelled_no_spatial_candidate,26
3,1500,b592f99cd06bda7508211ce0069b523c4f05d489800ee5b631eb9065a3244e2f,INT_AV0.75_moderate_av,ODD-Gated Price-Aware Matching,P3_shared_comp,moderate,0.75,moderate_av,cancelled_passenger_rejection,120
3,1500,b592f99cd06bda7508211ce0069b523c4f05d489800ee5b631eb9065a3244e2f,INT_AV0.75_moderate_av,ODD-Gated Price-Aware Matching,P3_shared_comp,moderate,0.75,moderate_av,cancelled_patience_timeout,3
3,1500,b592f99cd06bda7508211ce0069b523c4f05d489800ee5b631eb9065a3244e2f,INT_AV0.75_uncertainty_sensitive_av,ODD-Gated Price-Aware Matching,P3_shared_comp,moderate,0.75,uncertainty_sensitive_av,,1181
3,1500,b592f99cd06bda7508211ce0069b523c4f05d489800ee5b631eb9065a3244e2f,INT_AV0.75_uncertainty_sensitive_av,ODD-Gated Price-Aware Matching,P3_shared_comp,moderate,0.75,uncertainty_sensitive_av,cancelled_no_available_vehicle,21
3,1500,b592f99cd06bda7508211ce0069b523c4f05d489800ee5b631eb9065a3244e2f,INT_AV0.75_uncertainty_sensitive_av,ODD-Gated Price-Aware Matching,P3_shared_comp,moderate,0.75,uncertainty_sensitive_av,cancelled_no_odd_feasible_av,125
3,1500,b592f99cd06bda7508211ce0069b523c4f05d489800ee5b631eb9065a3244e2f,INT_AV0.75_uncertainty_sensitive_av,ODD-Gated Price-Aware Matching,P3_shared_comp,moderate,0.75,uncertainty_sensitive_av,cancelled_no_spatial_candidate,26
3,1500,b592f99cd06bda7508211ce0069b523c4f05d489800ee5b631eb9065a3244e2f,INT_AV0.75_uncertainty_sensitive_av,ODD-Gated Price-Aware Matching,P3_shared_comp,moderate,0.75,uncertainty_sensitive_av,cancelled_passenger_rejection,116
3,1500,b592f99cd06bda7508211ce0069b523c4f05d489800ee5b631eb9065a3244e2f,INT_AV0.75_uncertainty_sensitive_av,ODD-Gated Price-Aware Matching,P3_shared_comp,moderate,0.75,uncertainty_sensitive_av,cancelled_patience_timeout,31
3,1500,b592f99cd06bda7508211ce0069b523c4f05d489800ee5b631eb9065a3244e2f,OFAT_BASE,ODD-Gated Price-Aware Matching,P3_shared_comp,moderate,0.75,moderate_av,,1278
3,1500,b592f99cd06bda7508211ce0069b523c4f05d489800ee5b631eb9065a3244e2f,OFAT_BASE,ODD-Gated Price-Aware Matching,P3_shared_comp,moderate,0.75,moderate_av,cancelled_no_available_vehicle,21
3,1500,b592f99cd06bda7508211ce0069b523c4f05d489800ee5b631eb9065a3244e2f,OFAT_BASE,ODD-Gated Price-Aware Matching,P3_shared_comp,moderate,0.75,moderate_av,cancelled_no_odd_feasible_av,52
3,1500,b592f99cd06bda7508211ce0069b523c4f05d489800ee5b631eb9065a3244e2f,OFAT_BASE,ODD-Gated Price-Aware Matching,P3_shared_comp,moderate,0.75,moderate_av,cancelled_no_spatial_candidate,26
3,1500,b592f99cd06bda7508211ce0069b523c4f05d489800ee5b631eb9065a3244e2f,OFAT_BASE,ODD-Gated Price-Aware Matching,P3_shared_comp,moderate,0.75,moderate_av,cancelled_passenger_rejection,120
3,1500,b592f99cd06bda7508211ce0069b523c4f05d489800ee5b631eb9065a3244e2f,OFAT_BASE,ODD-Gated Price-Aware Matching,P3_shared_comp,moderate,0.75,moderate_av,cancelled_patience_timeout,3
3,1500,d0481d73f7a91b38d8ecb90f37dcee25fb5f0ad7abf850c93e01e36dcec9e46f,OFAT_BASE,ODD-Gated Price-Aware Matching,P3_shared_comp,tight,0.5,moderate_av,,1327
3,1500,d0481d73f7a91b38d8ecb90f37dcee25fb5f0ad7abf850c93e01e36dcec9e46f,OFAT_BASE,ODD-Gated Price-Aware Matching,P3_shared_comp,tight,0.5,moderate_av,cancelled_no_available_vehicle,21
3,1500,d0481d73f7a91b38d8ecb90f37dcee25fb5f0ad7abf850c93e01e36dcec9e46f,OFAT_BASE,ODD-Gated Price-Aware Matching,P3_shared_comp,tight,0.5,moderate_av,cancelled_no_spatial_candidate,26
3,1500,d0481d73f7a91b38d8ecb90f37dcee25fb5f0ad7abf850c93e01e36dcec9e46f,OFAT_BASE,ODD-Gated Price-Aware Matching,P3_shared_comp,tight,0.5,moderate_av,cancelled_passenger_rejection,126
3,1500,d59aec6f7ac7f5c4792c2435789bc08df2361cf1f977d6b637dd2e7871b42bbf,B0_minpickup_uniform,GlobalMatch-MinPickup,P0_uniform,moderate,0.5,moderate_av,,1329
3,1500,d59aec6f7ac7f5c4792c2435789bc08df2361cf1f977d6b637dd2e7871b42bbf,B0_minpickup_uniform,GlobalMatch-MinPickup,P0_uniform,moderate,0.5,moderate_av,cancelled_no_available_vehicle,21
3,1500,d59aec6f7ac7f5c4792c2435789bc08df2361cf1f977d6b637dd2e7871b42bbf,B0_minpickup_uniform,GlobalMatch-MinPickup,P0_uniform,moderate,0.5,moderate_av,cancelled_no_spatial_candidate,26
3,1500,d59aec6f7ac7f5c4792c2435789bc08df2361cf1f977d6b637dd2e7871b42bbf,B0_minpickup_uniform,GlobalMatch-MinPickup,P0_uniform,moderate,0.5,moderate_av,cancelled_passenger_rejection,124
3,1500,d59aec6f7ac7f5c4792c2435789bc08df2361cf1f977d6b637dd2e7871b42bbf,B1_mincost_uniform,GlobalMatch-MinOperatingCost,P0_uniform,moderate,0.5,moderate_av,,1328
3,1500,d59aec6f7ac7f5c4792c2435789bc08df2361cf1f977d6b637dd2e7871b42bbf,B1_mincost_uniform,GlobalMatch-MinOperatingCost,P0_uniform,moderate,0.5,moderate_av,cancelled_no_available_vehicle,21
3,1500,d59aec6f7ac7f5c4792c2435789bc08df2361cf1f977d6b637dd2e7871b42bbf,B1_mincost_uniform,GlobalMatch-MinOperatingCost,P0_uniform,moderate,0.5,moderate_av,cancelled_no_spatial_candidate,26
3,1500,d59aec6f7ac7f5c4792c2435789bc08df2361cf1f977d6b637dd2e7871b42bbf,B1_mincost_uniform,GlobalMatch-MinOperatingCost,P0_uniform,moderate,0.5,moderate_av,cancelled_passenger_rejection,125
3,1500,d59aec6f7ac7f5c4792c2435789bc08df2361cf1f977d6b637dd2e7871b42bbf,B2_oddgate_uniform,ODD Gate Only,P0_uniform,moderate,0.5,moderate_av,,1329
3,1500,d59aec6f7ac7f5c4792c2435789bc08df2361cf1f977d6b637dd2e7871b42bbf,B2_oddgate_uniform,ODD Gate Only,P0_uniform,moderate,0.5,moderate_av,cancelled_no_available_vehicle,21
3,1500,d59aec6f7ac7f5c4792c2435789bc08df2361cf1f977d6b637dd2e7871b42bbf,B2_oddgate_uniform,ODD Gate Only,P0_uniform,moderate,0.5,moderate_av,cancelled_no_spatial_candidate,26
3,1500,d59aec6f7ac7f5c4792c2435789bc08df2361cf1f977d6b637dd2e7871b42bbf,B2_oddgate_uniform,ODD Gate Only,P0_uniform,moderate,0.5,moderate_av,cancelled_passenger_rejection,124
3,1500,d59aec6f7ac7f5c4792c2435789bc08df2361cf1f977d6b637dd2e7871b42bbf,B3_odd_price_shared,ODD-Gated Price-Aware Matching,P3_shared_comp,moderate,0.5,moderate_av,,1325
3,1500,d59aec6f7ac7f5c4792c2435789bc08df2361cf1f977d6b637dd2e7871b42bbf,B3_odd_price_shared,ODD-Gated Price-Aware Matching,P3_shared_comp,moderate,0.5,moderate_av,cancelled_no_available_vehicle,21
3,1500,d59aec6f7ac7f5c4792c2435789bc08df2361cf1f977d6b637dd2e7871b42bbf,B3_odd_price_shared,ODD-Gated Price-Aware Matching,P3_shared_comp,moderate,0.5,moderate_av,cancelled_no_spatial_candidate,26
3,1500,d59aec6f7ac7f5c4792c2435789bc08df2361cf1f977d6b637dd2e7871b42bbf,B3_odd_price_shared,ODD-Gated Price-Aware Matching,P3_shared_comp,moderate,0.5,moderate_av,cancelled_passenger_rejection,128
3,1500,d59aec6f7ac7f5c4792c2435789bc08df2361cf1f977d6b637dd2e7871b42bbf,B4_odd_price_avdiscount,ODD-Gated Price-Aware Matching,P4_av_discount_hv_comp,moderate,0.5,moderate_av,,1335
3,1500,d59aec6f7ac7f5c4792c2435789bc08df2361cf1f977d6b637dd2e7871b42bbf,B4_odd_price_avdiscount,ODD-Gated Price-Aware Matching,P4_av_discount_hv_comp,moderate,0.5,moderate_av,cancelled_no_available_vehicle,21
3,1500,d59aec6f7ac7f5c4792c2435789bc08df2361cf1f977d6b637dd2e7871b42bbf,B4_odd_price_avdiscount,ODD-Gated Price-Aware Matching,P4_av_discount_hv_comp,moderate,0.5,moderate_av,cancelled_no_spatial_candidate,26
3,1500,d59aec6f7ac7f5c4792c2435789bc08df2361cf1f977d6b637dd2e7871b42bbf,B4_odd_price_avdiscount,ODD-Gated Price-Aware Matching,P4_av_discount_hv_comp,moderate,0.5,moderate_av,cancelled_passenger_rejection,117
3,1500,d59aec6f7ac7f5c4792c2435789bc08df2361cf1f977d6b637dd2e7871b42bbf,B4_odd_price_avdiscount,ODD-Gated Price-Aware Matching,P4_av_discount_hv_comp,moderate,0.5,moderate_av,cancelled_patience_timeout,1
3,1500,d59aec6f7ac7f5c4792c2435789bc08df2361cf1f977d6b637dd2e7871b42bbf,B5_weighted_heuristic,Weighted Stakeholder Heuristic,P5_three_stakeholder_balanced,moderate,0.5,moderate_av,,1306
3,1500,d59aec6f7ac7f5c4792c2435789bc08df2361cf1f977d6b637dd2e7871b42bbf,B5_weighted_heuristic,Weighted Stakeholder Heuristic,P5_three_stakeholder_balanced,moderate,0.5,moderate_av,cancelled_no_available_vehicle,21
3,1500,d59aec6f7ac7f5c4792c2435789bc08df2361cf1f977d6b637dd2e7871b42bbf,B5_weighted_heuristic,Weighted Stakeholder Heuristic,P5_three_stakeholder_balanced,moderate,0.5,moderate_av,cancelled_no_spatial_candidate,26
3,1500,d59aec6f7ac7f5c4792c2435789bc08df2361cf1f977d6b637dd2e7871b42bbf,B5_weighted_heuristic,Weighted Stakeholder Heuristic,P5_three_stakeholder_balanced,moderate,0.5,moderate_av,cancelled_passenger_rejection,145
3,1500,d59aec6f7ac7f5c4792c2435789bc08df2361cf1f977d6b637dd2e7871b42bbf,B5_weighted_heuristic,Weighted Stakeholder Heuristic,P5_three_stakeholder_balanced,moderate,0.5,moderate_av,cancelled_patience_timeout,2
3,1500,d59aec6f7ac7f5c4792c2435789bc08df2361cf1f977d6b637dd2e7871b42bbf,B6_three_stakeholder_balanced,Three-Stakeholder Balanced,P5_three_stakeholder_balanced,moderate,0.5,moderate_av,,1300
3,1500,d59aec6f7ac7f5c4792c2435789bc08df2361cf1f977d6b637dd2e7871b42bbf,B6_three_stakeholder_balanced,Three-Stakeholder Balanced,P5_three_stakeholder_balanced,moderate,0.5,moderate_av,cancelled_no_available_vehicle,21
3,1500,d59aec6f7ac7f5c4792c2435789bc08df2361cf1f977d6b637dd2e7871b42bbf,B6_three_stakeholder_balanced,Three-Stakeholder Balanced,P5_three_stakeholder_balanced,moderate,0.5,moderate_av,cancelled_no_spatial_candidate,26
3,1500,d59aec6f7ac7f5c4792c2435789bc08df2361cf1f977d6b637dd2e7871b42bbf,B6_three_stakeholder_balanced,Three-Stakeholder Balanced,P5_three_stakeholder_balanced,moderate,0.5,moderate_av,cancelled_passenger_rejection,150
3,1500,d59aec6f7ac7f5c4792c2435789bc08df2361cf1f977d6b637dd2e7871b42bbf,B6_three_stakeholder_balanced,Three-Stakeholder Balanced,P5_three_stakeholder_balanced,moderate,0.5,moderate_av,cancelled_patience_timeout,3
3,1500,d59aec6f7ac7f5c4792c2435789bc08df2361cf1f977d6b637dd2e7871b42bbf,INT_AV0.50_conservative_av,ODD-Gated Price-Aware Matching,P3_shared_comp,moderate,0.5,conservative_av,,1321
3,1500,d59aec6f7ac7f5c4792c2435789bc08df2361cf1f977d6b637dd2e7871b42bbf,INT_AV0.50_conservative_av,ODD-Gated Price-Aware Matching,P3_shared_comp,moderate,0.5,conservative_av,cancelled_no_available_vehicle,21
3,1500,d59aec6f7ac7f5c4792c2435789bc08df2361cf1f977d6b637dd2e7871b42bbf,INT_AV0.50_conservative_av,ODD-Gated Price-Aware Matching,P3_shared_comp,moderate,0.5,conservative_av,cancelled_no_spatial_candidate,26
3,1500,d59aec6f7ac7f5c4792c2435789bc08df2361cf1f977d6b637dd2e7871b42bbf,INT_AV0.50_conservative_av,ODD-Gated Price-Aware Matching,P3_shared_comp,moderate,0.5,conservative_av,cancelled_passenger_rejection,126
3,1500,d59aec6f7ac7f5c4792c2435789bc08df2361cf1f977d6b637dd2e7871b42bbf,INT_AV0.50_conservative_av,ODD-Gated Price-Aware Matching,P3_shared_comp,moderate,0.5,conservative_av,cancelled_patience_timeout,6
3,1500,d59aec6f7ac7f5c4792c2435789bc08df2361cf1f977d6b637dd2e7871b42bbf,INT_AV0.50_intersection_sensitive_av,ODD-Gated Price-Aware Matching,P3_shared_comp,moderate,0.5,intersection_sensitive_av,,1320
3,1500,d59aec6f7ac7f5c4792c2435789bc08df2361cf1f977d6b637dd2e7871b42bbf,INT_AV0.50_intersection_sensitive_av,ODD-Gated Price-Aware Matching,P3_shared_comp,moderate,0.5,intersection_sensitive_av,cancelled_no_available_vehicle,21
3,1500,d59aec6f7ac7f5c4792c2435789bc08df2361cf1f977d6b637dd2e7871b42bbf,INT_AV0.50_intersection_sensitive_av,ODD-Gated Price-Aware Matching,P3_shared_comp,moderate,0.5,intersection_sensitive_av,cancelled_no_odd_feasible_av,2
3,1500,d59aec6f7ac7f5c4792c2435789bc08df2361cf1f977d6b637dd2e7871b42bbf,INT_AV0.50_intersection_sensitive_av,ODD-Gated Price-Aware Matching,P3_shared_comp,moderate,0.5,intersection_sensitive_av,cancelled_no_spatial_candidate,26
3,1500,d59aec6f7ac7f5c4792c2435789bc08df2361cf1f977d6b637dd2e7871b42bbf,INT_AV0.50_intersection_sensitive_av,ODD-Gated Price-Aware Matching,P3_shared_comp,moderate,0.5,intersection_sensitive_av,cancelled_passenger_rejection,125
3,1500,d59aec6f7ac7f5c4792c2435789bc08df2361cf1f977d6b637dd2e7871b42bbf,INT_AV0.50_intersection_sensitive_av,ODD-Gated Price-Aware Matching,P3_shared_comp,moderate,0.5,intersection_sensitive_av,cancelled_patience_timeout,6
3,1500,d59aec6f7ac7f5c4792c2435789bc08df2361cf1f977d6b637dd2e7871b42bbf,INT_AV0.50_mature_av,ODD-Gated Price-Aware Matching,P3_shared_comp,moderate,0.5,mature_av,,1325
3,1500,d59aec6f7ac7f5c4792c2435789bc08df2361cf1f977d6b637dd2e7871b42bbf,INT_AV0.50_mature_av,ODD-Gated Price-Aware Matching,P3_shared_comp,moderate,0.5,mature_av,cancelled_no_available_vehicle,21
3,1500,d59aec6f7ac7f5c4792c2435789bc08df2361cf1f977d6b637dd2e7871b42bbf,INT_AV0.50_mature_av,ODD-Gated Price-Aware Matching,P3_shared_comp,moderate,0.5,mature_av,cancelled_no_spatial_candidate,26
3,1500,d59aec6f7ac7f5c4792c2435789bc08df2361cf1f977d6b637dd2e7871b42bbf,INT_AV0.50_mature_av,ODD-Gated Price-Aware Matching,P3_shared_comp,moderate,0.5,mature_av,cancelled_passenger_rejection,128
3,1500,d59aec6f7ac7f5c4792c2435789bc08df2361cf1f977d6b637dd2e7871b42bbf,INT_AV0.50_moderate_av,ODD-Gated Price-Aware Matching,P3_shared_comp,moderate,0.5,moderate_av,,1325
3,1500,d59aec6f7ac7f5c4792c2435789bc08df2361cf1f977d6b637dd2e7871b42bbf,INT_AV0.50_moderate_av,ODD-Gated Price-Aware Matching,P3_shared_comp,moderate,0.5,moderate_av,cancelled_no_available_vehicle,21
3,1500,d59aec6f7ac7f5c4792c2435789bc08df2361cf1f977d6b637dd2e7871b42bbf,INT_AV0.50_moderate_av,ODD-Gated Price-Aware Matching,P3_shared_comp,moderate,0.5,moderate_av,cancelled_no_spatial_candidate,26
3,1500,d59aec6f7ac7f5c4792c2435789bc08df2361cf1f977d6b637dd2e7871b42bbf,INT_AV0.50_moderate_av,ODD-Gated Price-Aware Matching,P3_shared_comp,moderate,0.5,moderate_av,cancelled_passenger_rejection,128
3,1500,d59aec6f7ac7f5c4792c2435789bc08df2361cf1f977d6b637dd2e7871b42bbf,INT_AV0.50_uncertainty_sensitive_av,ODD-Gated Price-Aware Matching,P3_shared_comp,moderate,0.5,uncertainty_sensitive_av,,1322
3,1500,d59aec6f7ac7f5c4792c2435789bc08df2361cf1f977d6b637dd2e7871b42bbf,INT_AV0.50_uncertainty_sensitive_av,ODD-Gated Price-Aware Matching,P3_shared_comp,moderate,0.5,uncertainty_sensitive_av,cancelled_no_available_vehicle,21
3,1500,d59aec6f7ac7f5c4792c2435789bc08df2361cf1f977d6b637dd2e7871b42bbf,INT_AV0.50_uncertainty_sensitive_av,ODD-Gated Price-Aware Matching,P3_shared_comp,moderate,0.5,uncertainty_sensitive_av,cancelled_no_spatial_candidate,26
3,1500,d59aec6f7ac7f5c4792c2435789bc08df2361cf1f977d6b637dd2e7871b42bbf,INT_AV0.50_uncertainty_sensitive_av,ODD-Gated Price-Aware Matching,P3_shared_comp,moderate,0.5,uncertainty_sensitive_av,cancelled_passenger_rejection,127
3,1500,d59aec6f7ac7f5c4792c2435789bc08df2361cf1f977d6b637dd2e7871b42bbf,INT_AV0.50_uncertainty_sensitive_av,ODD-Gated Price-Aware Matching,P3_shared_comp,moderate,0.5,uncertainty_sensitive_av,cancelled_patience_timeout,4
3,1500,d59aec6f7ac7f5c4792c2435789bc08df2361cf1f977d6b637dd2e7871b42bbf,OFAT_BASE,ODD-Gated Price-Aware Matching,P0_uniform,moderate,0.5,moderate_av,,1328
3,1500,d59aec6f7ac7f5c4792c2435789bc08df2361cf1f977d6b637dd2e7871b42bbf,OFAT_BASE,ODD-Gated Price-Aware Matching,P0_uniform,moderate,0.5,moderate_av,cancelled_no_available_vehicle,21
3,1500,d59aec6f7ac7f5c4792c2435789bc08df2361cf1f977d6b637dd2e7871b42bbf,OFAT_BASE,ODD-Gated Price-Aware Matching,P0_uniform,moderate,0.5,moderate_av,cancelled_no_spatial_candidate,26
3,1500,d59aec6f7ac7f5c4792c2435789bc08df2361cf1f977d6b637dd2e7871b42bbf,OFAT_BASE,ODD-Gated Price-Aware Matching,P0_uniform,moderate,0.5,moderate_av,cancelled_passenger_rejection,125
3,1500,d59aec6f7ac7f5c4792c2435789bc08df2361cf1f977d6b637dd2e7871b42bbf,OFAT_BASE,ODD-Gated Price-Aware Matching,P1_platform_funded_comp,moderate,0.5,moderate_av,,1329
3,1500,d59aec6f7ac7f5c4792c2435789bc08df2361cf1f977d6b637dd2e7871b42bbf,OFAT_BASE,ODD-Gated Price-Aware Matching,P1_platform_funded_comp,moderate,0.5,moderate_av,cancelled_no_available_vehicle,21
3,1500,d59aec6f7ac7f5c4792c2435789bc08df2361cf1f977d6b637dd2e7871b42bbf,OFAT_BASE,ODD-Gated Price-Aware Matching,P1_platform_funded_comp,moderate,0.5,moderate_av,cancelled_no_spatial_candidate,26
3,1500,d59aec6f7ac7f5c4792c2435789bc08df2361cf1f977d6b637dd2e7871b42bbf,OFAT_BASE,ODD-Gated Price-Aware Matching,P1_platform_funded_comp,moderate,0.5,moderate_av,cancelled_passenger_rejection,124
3,1500,d59aec6f7ac7f5c4792c2435789bc08df2361cf1f977d6b637dd2e7871b42bbf,OFAT_BASE,ODD-Gated Price-Aware Matching,P2_passenger_funded_comp,moderate,0.5,moderate_av,,1325
3,1500,d59aec6f7ac7f5c4792c2435789bc08df2361cf1f977d6b637dd2e7871b42bbf,OFAT_BASE,ODD-Gated Price-Aware Matching,P2_passenger_funded_comp,moderate,0.5,moderate_av,cancelled_no_available_vehicle,21
3,1500,d59aec6f7ac7f5c4792c2435789bc08df2361cf1f977d6b637dd2e7871b42bbf,OFAT_BASE,ODD-Gated Price-Aware Matching,P2_passenger_funded_comp,moderate,0.5,moderate_av,cancelled_no_spatial_candidate,26
3,1500,d59aec6f7ac7f5c4792c2435789bc08df2361cf1f977d6b637dd2e7871b42bbf,OFAT_BASE,ODD-Gated Price-Aware Matching,P2_passenger_funded_comp,moderate,0.5,moderate_av,cancelled_passenger_rejection,126
3,1500,d59aec6f7ac7f5c4792c2435789bc08df2361cf1f977d6b637dd2e7871b42bbf,OFAT_BASE,ODD-Gated Price-Aware Matching,P2_passenger_funded_comp,moderate,0.5,moderate_av,cancelled_patience_timeout,2
3,1500,d59aec6f7ac7f5c4792c2435789bc08df2361cf1f977d6b637dd2e7871b42bbf,OFAT_BASE,ODD-Gated Price-Aware Matching,P3_shared_comp,moderate,0.5,conservative_av,,1321
3,1500,d59aec6f7ac7f5c4792c2435789bc08df2361cf1f977d6b637dd2e7871b42bbf,OFAT_BASE,ODD-Gated Price-Aware Matching,P3_shared_comp,moderate,0.5,conservative_av,cancelled_no_available_vehicle,21
3,1500,d59aec6f7ac7f5c4792c2435789bc08df2361cf1f977d6b637dd2e7871b42bbf,OFAT_BASE,ODD-Gated Price-Aware Matching,P3_shared_comp,moderate,0.5,conservative_av,cancelled_no_spatial_candidate,26
3,1500,d59aec6f7ac7f5c4792c2435789bc08df2361cf1f977d6b637dd2e7871b42bbf,OFAT_BASE,ODD-Gated Price-Aware Matching,P3_shared_comp,moderate,0.5,conservative_av,cancelled_passenger_rejection,126
3,1500,d59aec6f7ac7f5c4792c2435789bc08df2361cf1f977d6b637dd2e7871b42bbf,OFAT_BASE,ODD-Gated Price-Aware Matching,P3_shared_comp,moderate,0.5,conservative_av,cancelled_patience_timeout,6
3,1500,d59aec6f7ac7f5c4792c2435789bc08df2361cf1f977d6b637dd2e7871b42bbf,OFAT_BASE,ODD-Gated Price-Aware Matching,P3_shared_comp,moderate,0.5,intersection_sensitive_av,,1320
3,1500,d59aec6f7ac7f5c4792c2435789bc08df2361cf1f977d6b637dd2e7871b42bbf,OFAT_BASE,ODD-Gated Price-Aware Matching,P3_shared_comp,moderate,0.5,intersection_sensitive_av,cancelled_no_available_vehicle,21
3,1500,d59aec6f7ac7f5c4792c2435789bc08df2361cf1f977d6b637dd2e7871b42bbf,OFAT_BASE,ODD-Gated Price-Aware Matching,P3_shared_comp,moderate,0.5,intersection_sensitive_av,cancelled_no_odd_feasible_av,2
3,1500,d59aec6f7ac7f5c4792c2435789bc08df2361cf1f977d6b637dd2e7871b42bbf,OFAT_BASE,ODD-Gated Price-Aware Matching,P3_shared_comp,moderate,0.5,intersection_sensitive_av,cancelled_no_spatial_candidate,26
3,1500,d59aec6f7ac7f5c4792c2435789bc08df2361cf1f977d6b637dd2e7871b42bbf,OFAT_BASE,ODD-Gated Price-Aware Matching,P3_shared_comp,moderate,0.5,intersection_sensitive_av,cancelled_passenger_rejection,125
3,1500,d59aec6f7ac7f5c4792c2435789bc08df2361cf1f977d6b637dd2e7871b42bbf,OFAT_BASE,ODD-Gated Price-Aware Matching,P3_shared_comp,moderate,0.5,intersection_sensitive_av,cancelled_patience_timeout,6
3,1500,d59aec6f7ac7f5c4792c2435789bc08df2361cf1f977d6b637dd2e7871b42bbf,OFAT_BASE,ODD-Gated Price-Aware Matching,P3_shared_comp,moderate,0.5,mature_av,,1325
3,1500,d59aec6f7ac7f5c4792c2435789bc08df2361cf1f977d6b637dd2e7871b42bbf,OFAT_BASE,ODD-Gated Price-Aware Matching,P3_shared_comp,moderate,0.5,mature_av,cancelled_no_available_vehicle,21
3,1500,d59aec6f7ac7f5c4792c2435789bc08df2361cf1f977d6b637dd2e7871b42bbf,OFAT_BASE,ODD-Gated Price-Aware Matching,P3_shared_comp,moderate,0.5,mature_av,cancelled_no_spatial_candidate,26
3,1500,d59aec6f7ac7f5c4792c2435789bc08df2361cf1f977d6b637dd2e7871b42bbf,OFAT_BASE,ODD-Gated Price-Aware Matching,P3_shared_comp,moderate,0.5,mature_av,cancelled_passenger_rejection,128
3,1500,d59aec6f7ac7f5c4792c2435789bc08df2361cf1f977d6b637dd2e7871b42bbf,OFAT_BASE,ODD-Gated Price-Aware Matching,P3_shared_comp,moderate,0.5,moderate_av,,1325
3,1500,d59aec6f7ac7f5c4792c2435789bc08df2361cf1f977d6b637dd2e7871b42bbf,OFAT_BASE,ODD-Gated Price-Aware Matching,P3_shared_comp,moderate,0.5,moderate_av,cancelled_no_available_vehicle,21
3,1500,d59aec6f7ac7f5c4792c2435789bc08df2361cf1f977d6b637dd2e7871b42bbf,OFAT_BASE,ODD-Gated Price-Aware Matching,P3_shared_comp,moderate,0.5,moderate_av,cancelled_no_spatial_candidate,26
3,1500,d59aec6f7ac7f5c4792c2435789bc08df2361cf1f977d6b637dd2e7871b42bbf,OFAT_BASE,ODD-Gated Price-Aware Matching,P3_shared_comp,moderate,0.5,moderate_av,cancelled_passenger_rejection,128
3,1500,d59aec6f7ac7f5c4792c2435789bc08df2361cf1f977d6b637dd2e7871b42bbf,OFAT_BASE,ODD-Gated Price-Aware Matching,P3_shared_comp,moderate,0.5,uncertainty_sensitive_av,,1322
3,1500,d59aec6f7ac7f5c4792c2435789bc08df2361cf1f977d6b637dd2e7871b42bbf,OFAT_BASE,ODD-Gated Price-Aware Matching,P3_shared_comp,moderate,0.5,uncertainty_sensitive_av,cancelled_no_available_vehicle,21
3,1500,d59aec6f7ac7f5c4792c2435789bc08df2361cf1f977d6b637dd2e7871b42bbf,OFAT_BASE,ODD-Gated Price-Aware Matching,P3_shared_comp,moderate,0.5,uncertainty_sensitive_av,cancelled_no_spatial_candidate,26
3,1500,d59aec6f7ac7f5c4792c2435789bc08df2361cf1f977d6b637dd2e7871b42bbf,OFAT_BASE,ODD-Gated Price-Aware Matching,P3_shared_comp,moderate,0.5,uncertainty_sensitive_av,cancelled_passenger_rejection,127
3,1500,d59aec6f7ac7f5c4792c2435789bc08df2361cf1f977d6b637dd2e7871b42bbf,OFAT_BASE,ODD-Gated Price-Aware Matching,P3_shared_comp,moderate,0.5,uncertainty_sensitive_av,cancelled_patience_timeout,4
3,1500,d59aec6f7ac7f5c4792c2435789bc08df2361cf1f977d6b637dd2e7871b42bbf,OFAT_BASE,ODD-Gated Price-Aware Matching,P4_av_discount_hv_comp,moderate,0.5,moderate_av,,1335
3,1500,d59aec6f7ac7f5c4792c2435789bc08df2361cf1f977d6b637dd2e7871b42bbf,OFAT_BASE,ODD-Gated Price-Aware Matching,P4_av_discount_hv_comp,moderate,0.5,moderate_av,cancelled_no_available_vehicle,21
3,1500,d59aec6f7ac7f5c4792c2435789bc08df2361cf1f977d6b637dd2e7871b42bbf,OFAT_BASE,ODD-Gated Price-Aware Matching,P4_av_discount_hv_comp,moderate,0.5,moderate_av,cancelled_no_spatial_candidate,26
3,1500,d59aec6f7ac7f5c4792c2435789bc08df2361cf1f977d6b637dd2e7871b42bbf,OFAT_BASE,ODD-Gated Price-Aware Matching,P4_av_discount_hv_comp,moderate,0.5,moderate_av,cancelled_passenger_rejection,117
3,1500,d59aec6f7ac7f5c4792c2435789bc08df2361cf1f977d6b637dd2e7871b42bbf,OFAT_BASE,ODD-Gated Price-Aware Matching,P4_av_discount_hv_comp,moderate,0.5,moderate_av,cancelled_patience_timeout,1
3,1500,d59aec6f7ac7f5c4792c2435789bc08df2361cf1f977d6b637dd2e7871b42bbf,OFAT_BASE,ODD-Gated Price-Aware Matching,P5_three_stakeholder_balanced,moderate,0.5,moderate_av,,1301
3,1500,d59aec6f7ac7f5c4792c2435789bc08df2361cf1f977d6b637dd2e7871b42bbf,OFAT_BASE,ODD-Gated Price-Aware Matching,P5_three_stakeholder_balanced,moderate,0.5,moderate_av,cancelled_no_available_vehicle,21
3,1500,d59aec6f7ac7f5c4792c2435789bc08df2361cf1f977d6b637dd2e7871b42bbf,OFAT_BASE,ODD-Gated Price-Aware Matching,P5_three_stakeholder_balanced,moderate,0.5,moderate_av,cancelled_no_spatial_candidate,26
3,1500,d59aec6f7ac7f5c4792c2435789bc08df2361cf1f977d6b637dd2e7871b42bbf,OFAT_BASE,ODD-Gated Price-Aware Matching,P5_three_stakeholder_balanced,moderate,0.5,moderate_av,cancelled_passenger_rejection,149
3,1500,d59aec6f7ac7f5c4792c2435789bc08df2361cf1f977d6b637dd2e7871b42bbf,OFAT_BASE,ODD-Gated Price-Aware Matching,P5_three_stakeholder_balanced,moderate,0.5,moderate_av,cancelled_patience_timeout,3
3,1500,df5fd88496c40f9dd4fdf0709331ad04d4fd92343207d28e378f13d44cfc504b,INT_AV0.00_conservative_av,ODD-Gated Price-Aware Matching,P3_shared_comp,moderate,0.0,conservative_av,,1315
3,1500,df5fd88496c40f9dd4fdf0709331ad04d4fd92343207d28e378f13d44cfc504b,INT_AV0.00_conservative_av,ODD-Gated Price-Aware Matching,P3_shared_comp,moderate,0.0,conservative_av,cancelled_no_available_vehicle,21
3,1500,df5fd88496c40f9dd4fdf0709331ad04d4fd92343207d28e378f13d44cfc504b,INT_AV0.00_conservative_av,ODD-Gated Price-Aware Matching,P3_shared_comp,moderate,0.0,conservative_av,cancelled_no_spatial_candidate,26
3,1500,df5fd88496c40f9dd4fdf0709331ad04d4fd92343207d28e378f13d44cfc504b,INT_AV0.00_conservative_av,ODD-Gated Price-Aware Matching,P3_shared_comp,moderate,0.0,conservative_av,cancelled_passenger_rejection,138
3,1500,df5fd88496c40f9dd4fdf0709331ad04d4fd92343207d28e378f13d44cfc504b,INT_AV0.00_intersection_sensitive_av,ODD-Gated Price-Aware Matching,P3_shared_comp,moderate,0.0,intersection_sensitive_av,,1315
3,1500,df5fd88496c40f9dd4fdf0709331ad04d4fd92343207d28e378f13d44cfc504b,INT_AV0.00_intersection_sensitive_av,ODD-Gated Price-Aware Matching,P3_shared_comp,moderate,0.0,intersection_sensitive_av,cancelled_no_available_vehicle,21
3,1500,df5fd88496c40f9dd4fdf0709331ad04d4fd92343207d28e378f13d44cfc504b,INT_AV0.00_intersection_sensitive_av,ODD-Gated Price-Aware Matching,P3_shared_comp,moderate,0.0,intersection_sensitive_av,cancelled_no_spatial_candidate,26
3,1500,df5fd88496c40f9dd4fdf0709331ad04d4fd92343207d28e378f13d44cfc504b,INT_AV0.00_intersection_sensitive_av,ODD-Gated Price-Aware Matching,P3_shared_comp,moderate,0.0,intersection_sensitive_av,cancelled_passenger_rejection,138
3,1500,df5fd88496c40f9dd4fdf0709331ad04d4fd92343207d28e378f13d44cfc504b,INT_AV0.00_mature_av,ODD-Gated Price-Aware Matching,P3_shared_comp,moderate,0.0,mature_av,,1315
3,1500,df5fd88496c40f9dd4fdf0709331ad04d4fd92343207d28e378f13d44cfc504b,INT_AV0.00_mature_av,ODD-Gated Price-Aware Matching,P3_shared_comp,moderate,0.0,mature_av,cancelled_no_available_vehicle,21
3,1500,df5fd88496c40f9dd4fdf0709331ad04d4fd92343207d28e378f13d44cfc504b,INT_AV0.00_mature_av,ODD-Gated Price-Aware Matching,P3_shared_comp,moderate,0.0,mature_av,cancelled_no_spatial_candidate,26
3,1500,df5fd88496c40f9dd4fdf0709331ad04d4fd92343207d28e378f13d44cfc504b,INT_AV0.00_mature_av,ODD-Gated Price-Aware Matching,P3_shared_comp,moderate,0.0,mature_av,cancelled_passenger_rejection,138
3,1500,df5fd88496c40f9dd4fdf0709331ad04d4fd92343207d28e378f13d44cfc504b,INT_AV0.00_moderate_av,ODD-Gated Price-Aware Matching,P3_shared_comp,moderate,0.0,moderate_av,,1315
3,1500,df5fd88496c40f9dd4fdf0709331ad04d4fd92343207d28e378f13d44cfc504b,INT_AV0.00_moderate_av,ODD-Gated Price-Aware Matching,P3_shared_comp,moderate,0.0,moderate_av,cancelled_no_available_vehicle,21
3,1500,df5fd88496c40f9dd4fdf0709331ad04d4fd92343207d28e378f13d44cfc504b,INT_AV0.00_moderate_av,ODD-Gated Price-Aware Matching,P3_shared_comp,moderate,0.0,moderate_av,cancelled_no_spatial_candidate,26
3,1500,df5fd88496c40f9dd4fdf0709331ad04d4fd92343207d28e378f13d44cfc504b,INT_AV0.00_moderate_av,ODD-Gated Price-Aware Matching,P3_shared_comp,moderate,0.0,moderate_av,cancelled_passenger_rejection,138
3,1500,df5fd88496c40f9dd4fdf0709331ad04d4fd92343207d28e378f13d44cfc504b,INT_AV0.00_uncertainty_sensitive_av,ODD-Gated Price-Aware Matching,P3_shared_comp,moderate,0.0,uncertainty_sensitive_av,,1315
3,1500,df5fd88496c40f9dd4fdf0709331ad04d4fd92343207d28e378f13d44cfc504b,INT_AV0.00_uncertainty_sensitive_av,ODD-Gated Price-Aware Matching,P3_shared_comp,moderate,0.0,uncertainty_sensitive_av,cancelled_no_available_vehicle,21
3,1500,df5fd88496c40f9dd4fdf0709331ad04d4fd92343207d28e378f13d44cfc504b,INT_AV0.00_uncertainty_sensitive_av,ODD-Gated Price-Aware Matching,P3_shared_comp,moderate,0.0,uncertainty_sensitive_av,cancelled_no_spatial_candidate,26
3,1500,df5fd88496c40f9dd4fdf0709331ad04d4fd92343207d28e378f13d44cfc504b,INT_AV0.00_uncertainty_sensitive_av,ODD-Gated Price-Aware Matching,P3_shared_comp,moderate,0.0,uncertainty_sensitive_av,cancelled_passenger_rejection,138
3,1500,df5fd88496c40f9dd4fdf0709331ad04d4fd92343207d28e378f13d44cfc504b,OFAT_BASE,ODD-Gated Price-Aware Matching,P3_shared_comp,moderate,0.0,moderate_av,,1315
3,1500,df5fd88496c40f9dd4fdf0709331ad04d4fd92343207d28e378f13d44cfc504b,OFAT_BASE,ODD-Gated Price-Aware Matching,P3_shared_comp,moderate,0.0,moderate_av,cancelled_no_available_vehicle,21
3,1500,df5fd88496c40f9dd4fdf0709331ad04d4fd92343207d28e378f13d44cfc504b,OFAT_BASE,ODD-Gated Price-Aware Matching,P3_shared_comp,moderate,0.0,moderate_av,cancelled_no_spatial_candidate,26
3,1500,df5fd88496c40f9dd4fdf0709331ad04d4fd92343207d28e378f13d44cfc504b,OFAT_BASE,ODD-Gated Price-Aware Matching,P3_shared_comp,moderate,0.0,moderate_av,cancelled_passenger_rejection,138
