fold,sample_size,initial_fleet_hash,mechanism_id,pricing_scenario,dispatch_strategy,mean_passenger_fare,platform_profit,served_order_profit,lost_demand_cost,HV_payout,HV_net_income,supply_scenario,av_penetration,odd_profile
1,1500,f740db2b161eb506e76c4959cb21ef806ab51202391fcb732eb612365eeb8084,B0_minpickup_uniform,P0_uniform,GlobalMatch-MinPickup,44.91874629413012,32830.392137948285,33755.392137948285,925.0,13782.708124212271,9046.963315206976,moderate,0.5,moderate_av
1,1500,f740db2b161eb506e76c4959cb21ef806ab51202391fcb732eb612365eeb8084,B1_mincost_uniform,P0_uniform,GlobalMatch-MinOperatingCost,44.88112036423383,37164.55082824671,38094.55082824671,930.0,9554.915012615143,6169.706705263176,moderate,0.5,moderate_av
1,1500,f740db2b161eb506e76c4959cb21ef806ab51202391fcb732eb612365eeb8084,B2_oddgate_uniform,P0_uniform,ODD Gate Only,44.88398985100868,34188.95541830866,35118.95541830866,930.0,14257.760126427853,9322.065846864054,moderate,0.5,moderate_av
1,1500,f740db2b161eb506e76c4959cb21ef806ab51202391fcb732eb612365eeb8084,B3_odd_price_shared,P3_shared_comp,ODD-Gated Price-Aware Matching,45.35093941190089,37151.501241435966,38086.501241435966,935.0,10616.412186261976,7322.473273252517,moderate,0.5,moderate_av
1,1500,f740db2b161eb506e76c4959cb21ef806ab51202391fcb732eb612365eeb8084,B4_odd_price_avdiscount,P4_av_discount_hv_comp,ODD-Gated Price-Aware Matching,44.1115598507684,35201.511988623955,36106.51198862396,905.0,10871.66773163082,7602.267261686608,moderate,0.5,moderate_av
1,1500,f740db2b161eb506e76c4959cb21ef806ab51202391fcb732eb612365eeb8084,B5_weighted_heuristic,P5_three_stakeholder_balanced,Weighted Stakeholder Heuristic,44.19291005649696,33537.86031409934,34602.86031409934,1065.0,14453.900285349107,10106.692225354069,moderate,0.5,moderate_av
1,1500,f740db2b161eb506e76c4959cb21ef806ab51202391fcb732eb612365eeb8084,B6_three_stakeholder_balanced,P5_three_stakeholder_balanced,Three-Stakeholder Balanced,43.96225813053208,34794.57719462717,35854.57719462717,1060.0,10289.145163063557,7242.385874694385,moderate,0.5,moderate_av
1,1500,f78a91d5c6101c6eea2124693894c4e61c90e2229aeab099466f749bc06228bc,OFAT_BASE,P3_shared_comp,ODD-Gated Price-Aware Matching,45.28960761508819,37260.324407756,38200.324407756,940.0,9974.40239584214,6879.834639794804,abundant,0.5,moderate_av
1,1500,f78a91d5c6101c6eea2124693894c4e61c90e2229aeab099466f749bc06228bc,OFAT_BASE,P3_shared_comp,ODD-Gated Price-Aware Matching,45.28960761508819,37260.324407756,38200.324407756,940.0,9974.40239584214,6879.834639794804,moderate,0.5,moderate_av
1,1500,f78a91d5c6101c6eea2124693894c4e61c90e2229aeab099466f749bc06228bc,OFAT_BASE,P3_shared_comp,ODD-Gated Price-Aware Matching,45.28960761508819,37260.324407756,38200.324407756,940.0,9974.40239584214,6879.834639794804,tight,0.5,moderate_av
1,1500,f78a91d5c6101c6eea2124693894c4e61c90e2229aeab099466f749bc06228bc,OFAT_BASE,P3_shared_comp,ODD-Gated Price-Aware Matching,45.28960761508819,37260.324407756,38200.324407756,940.0,9974.40239584214,6879.834639794804,moderate,0.0,moderate_av
1,1500,f78a91d5c6101c6eea2124693894c4e61c90e2229aeab099466f749bc06228bc,OFAT_BASE,P3_shared_comp,ODD-Gated Price-Aware Matching,45.28960761508819,37260.324407756,38200.324407756,940.0,9974.40239584214,6879.834639794804,moderate,0.25,moderate_av
1,1500,f78a91d5c6101c6eea2124693894c4e61c90e2229aeab099466f749bc06228bc,OFAT_BASE,P3_shared_comp,ODD-Gated Price-Aware Matching,45.28960761508819,37260.324407756,38200.324407756,940.0,9974.40239584214,6879.834639794804,moderate,0.75,moderate_av
1,1500,f78a91d5c6101c6eea2124693894c4e61c90e2229aeab099466f749bc06228bc,OFAT_BASE,P3_shared_comp,ODD-Gated Price-Aware Matching,45.28960761508819,37260.324407756,38200.324407756,940.0,9974.40239584214,6879.834639794804,moderate,0.5,conservative_av
1,1500,f78a91d5c6101c6eea2124693894c4e61c90e2229aeab099466f749bc06228bc,OFAT_BASE,P3_shared_comp,ODD-Gated Price-Aware Matching,45.28960761508819,37260.324407756,38200.324407756,940.0,9974.40239584214,6879.834639794804,moderate,0.5,mature_av
1,1500,f78a91d5c6101c6eea2124693894c4e61c90e2229aeab099466f749bc06228bc,OFAT_BASE,P3_shared_comp,ODD-Gated Price-Aware Matching,45.28960761508819,37260.324407756,38200.324407756,940.0,9974.40239584214,6879.834639794804,moderate,0.5,intersection_sensitive_av
1,1500,f78a91d5c6101c6eea2124693894c4e61c90e2229aeab099466f749bc06228bc,OFAT_BASE,P3_shared_comp,ODD-Gated Price-Aware Matching,45.28960761508819,37260.324407756,38200.324407756,940.0,9974.40239584214,6879.834639794804,moderate,0.5,uncertainty_sensitive_av
1,1500,f740db2b161eb506e76c4959cb21ef806ab51202391fcb732eb612365eeb8084,OFAT_BASE,P3_shared_comp,ODD-Gated Price-Aware Matching,45.35093941190089,37151.501241435966,38086.501241435966,935.0,10616.412186261976,7322.473273252517,abundant,0.5,moderate_av
1,1500,f740db2b161eb506e76c4959cb21ef806ab51202391fcb732eb612365eeb8084,OFAT_BASE,P3_shared_comp,ODD-Gated Price-Aware Matching,45.35093941190089,37151.501241435966,38086.501241435966,935.0,10616.412186261976,7322.473273252517,moderate,0.5,moderate_av
1,1500,f740db2b161eb506e76c4959cb21ef806ab51202391fcb732eb612365eeb8084,OFAT_BASE,P3_shared_comp,ODD-Gated Price-Aware Matching,45.35093941190089,37151.501241435966,38086.501241435966,935.0,10616.412186261976,7322.473273252517,tight,0.5,moderate_av
1,1500,f740db2b161eb506e76c4959cb21ef806ab51202391fcb732eb612365eeb8084,OFAT_BASE,P3_shared_comp,ODD-Gated Price-Aware Matching,45.35093941190089,37151.501241435966,38086.501241435966,935.0,10616.412186261976,7322.473273252517,moderate,0.0,moderate_av
1,1500,f740db2b161eb506e76c4959cb21ef806ab51202391fcb732eb612365eeb8084,OFAT_BASE,P3_shared_comp,ODD-Gated Price-Aware Matching,45.35093941190089,37151.501241435966,38086.501241435966,935.0,10616.412186261976,7322.473273252517,moderate,0.25,moderate_av
1,1500,f740db2b161eb506e76c4959cb21ef806ab51202391fcb732eb612365eeb8084,OFAT_BASE,P3_shared_comp,ODD-Gated Price-Aware Matching,45.35093941190089,37151.501241435966,38086.501241435966,935.0,10616.412186261976,7322.473273252517,moderate,0.75,moderate_av
1,1500,f740db2b161eb506e76c4959cb21ef806ab51202391fcb732eb612365eeb8084,OFAT_BASE,P3_shared_comp,ODD-Gated Price-Aware Matching,45.35093941190089,37151.501241435966,38086.501241435966,935.0,10616.412186261976,7322.473273252517,moderate,0.5,conservative_av
1,1500,f740db2b161eb506e76c4959cb21ef806ab51202391fcb732eb612365eeb8084,OFAT_BASE,P3_shared_comp,ODD-Gated Price-Aware Matching,45.35093941190089,37151.501241435966,38086.501241435966,935.0,10616.412186261976,7322.473273252517,moderate,0.5,mature_av
1,1500,f740db2b161eb506e76c4959cb21ef806ab51202391fcb732eb612365eeb8084,OFAT_BASE,P3_shared_comp,ODD-Gated Price-Aware Matching,45.35093941190089,37151.501241435966,38086.501241435966,935.0,10616.412186261976,7322.473273252517,moderate,0.5,intersection_sensitive_av
1,1500,f740db2b161eb506e76c4959cb21ef806ab51202391fcb732eb612365eeb8084,OFAT_BASE,P3_shared_comp,ODD-Gated Price-Aware Matching,45.35093941190089,37151.501241435966,38086.501241435966,935.0,10616.412186261976,7322.473273252517,moderate,0.5,uncertainty_sensitive_av
1,1500,d93567e4f3b1d01a38394a614bcf1678a4c42b4e787430979ab6601605c101d8,OFAT_BASE,P3_shared_comp,ODD-Gated Price-Aware Matching,45.35530248296978,37117.995057567474,38052.995057567474,935.0,10671.466307316146,7367.094951567458,abundant,0.5,moderate_av
1,1500,d93567e4f3b1d01a38394a614bcf1678a4c42b4e787430979ab6601605c101d8,OFAT_BASE,P3_shared_comp,ODD-Gated Price-Aware Matching,45.35530248296978,37117.995057567474,38052.995057567474,935.0,10671.466307316146,7367.094951567458,moderate,0.5,moderate_av
1,1500,d93567e4f3b1d01a38394a614bcf1678a4c42b4e787430979ab6601605c101d8,OFAT_BASE,P3_shared_comp,ODD-Gated Price-Aware Matching,45.35530248296978,37117.995057567474,38052.995057567474,935.0,10671.466307316146,7367.094951567458,tight,0.5,moderate_av
1,1500,d93567e4f3b1d01a38394a614bcf1678a4c42b4e787430979ab6601605c101d8,OFAT_BASE,P3_shared_comp,ODD-Gated Price-Aware Matching,45.35530248296978,37117.995057567474,38052.995057567474,935.0,10671.466307316146,7367.094951567458,moderate,0.0,moderate_av
1,1500,d93567e4f3b1d01a38394a614bcf1678a4c42b4e787430979ab6601605c101d8,OFAT_BASE,P3_shared_comp,ODD-Gated Price-Aware Matching,45.35530248296978,37117.995057567474,38052.995057567474,935.0,10671.466307316146,7367.094951567458,moderate,0.25,moderate_av
1,1500,d93567e4f3b1d01a38394a614bcf1678a4c42b4e787430979ab6601605c101d8,OFAT_BASE,P3_shared_comp,ODD-Gated Price-Aware Matching,45.35530248296978,37117.995057567474,38052.995057567474,935.0,10671.466307316146,7367.094951567458,moderate,0.75,moderate_av
1,1500,d93567e4f3b1d01a38394a614bcf1678a4c42b4e787430979ab6601605c101d8,OFAT_BASE,P3_shared_comp,ODD-Gated Price-Aware Matching,45.35530248296978,37117.995057567474,38052.995057567474,935.0,10671.466307316146,7367.094951567458,moderate,0.5,conservative_av
1,1500,d93567e4f3b1d01a38394a614bcf1678a4c42b4e787430979ab6601605c101d8,OFAT_BASE,P3_shared_comp,ODD-Gated Price-Aware Matching,45.35530248296978,37117.995057567474,38052.995057567474,935.0,10671.466307316146,7367.094951567458,moderate,0.5,mature_av
1,1500,d93567e4f3b1d01a38394a614bcf1678a4c42b4e787430979ab6601605c101d8,OFAT_BASE,P3_shared_comp,ODD-Gated Price-Aware Matching,45.35530248296978,37117.995057567474,38052.995057567474,935.0,10671.466307316146,7367.094951567458,moderate,0.5,intersection_sensitive_av
1,1500,d93567e4f3b1d01a38394a614bcf1678a4c42b4e787430979ab6601605c101d8,OFAT_BASE,P3_shared_comp,ODD-Gated Price-Aware Matching,45.35530248296978,37117.995057567474,38052.995057567474,935.0,10671.466307316146,7367.094951567458,moderate,0.5,uncertainty_sensitive_av
1,1500,d9e945fbc8b7486b32b4a3b42b47d37f276cd5307bb311d85244468023d9fbcf,OFAT_BASE,P3_shared_comp,ODD-Gated Price-Aware Matching,45.84466266028995,28513.340398698325,29508.340398698325,995.0,30565.264329128004,21235.438973007243,abundant,0.5,moderate_av
1,1500,d9e945fbc8b7486b32b4a3b42b47d37f276cd5307bb311d85244468023d9fbcf,OFAT_BASE,P3_shared_comp,ODD-Gated Price-Aware Matching,45.84466266028995,28513.340398698325,29508.340398698325,995.0,30565.264329128004,21235.438973007243,moderate,0.5,moderate_av
1,1500,d9e945fbc8b7486b32b4a3b42b47d37f276cd5307bb311d85244468023d9fbcf,OFAT_BASE,P3_shared_comp,ODD-Gated Price-Aware Matching,45.84466266028995,28513.340398698325,29508.340398698325,995.0,30565.264329128004,21235.438973007243,tight,0.5,moderate_av
1,1500,d9e945fbc8b7486b32b4a3b42b47d37f276cd5307bb311d85244468023d9fbcf,OFAT_BASE,P3_shared_comp,ODD-Gated Price-Aware Matching,45.84466266028995,28513.340398698325,29508.340398698325,995.0,30565.264329128004,21235.438973007243,moderate,0.0,moderate_av
1,1500,d9e945fbc8b7486b32b4a3b42b47d37f276cd5307bb311d85244468023d9fbcf,OFAT_BASE,P3_shared_comp,ODD-Gated Price-Aware Matching,45.84466266028995,28513.340398698325,29508.340398698325,995.0,30565.264329128004,21235.438973007243,moderate,0.25,moderate_av
1,1500,d9e945fbc8b7486b32b4a3b42b47d37f276cd5307bb311d85244468023d9fbcf,OFAT_BASE,P3_shared_comp,ODD-Gated Price-Aware Matching,45.84466266028995,28513.340398698325,29508.340398698325,995.0,30565.264329128004,21235.438973007243,moderate,0.75,moderate_av
1,1500,d9e945fbc8b7486b32b4a3b42b47d37f276cd5307bb311d85244468023d9fbcf,OFAT_BASE,P3_shared_comp,ODD-Gated Price-Aware Matching,45.84466266028995,28513.340398698325,29508.340398698325,995.0,30565.264329128004,21235.438973007243,moderate,0.5,conservative_av
1,1500,d9e945fbc8b7486b32b4a3b42b47d37f276cd5307bb311d85244468023d9fbcf,OFAT_BASE,P3_shared_comp,ODD-Gated Price-Aware Matching,45.84466266028995,28513.340398698325,29508.340398698325,995.0,30565.264329128004,21235.438973007243,moderate,0.5,mature_av
1,1500,d9e945fbc8b7486b32b4a3b42b47d37f276cd5307bb311d85244468023d9fbcf,OFAT_BASE,P3_shared_comp,ODD-Gated Price-Aware Matching,45.84466266028995,28513.340398698325,29508.340398698325,995.0,30565.264329128004,21235.438973007243,moderate,0.5,intersection_sensitive_av
1,1500,d9e945fbc8b7486b32b4a3b42b47d37f276cd5307bb311d85244468023d9fbcf,OFAT_BASE,P3_shared_comp,ODD-Gated Price-Aware Matching,45.84466266028995,28513.340398698325,29508.340398698325,995.0,30565.264329128004,21235.438973007243,moderate,0.5,uncertainty_sensitive_av
1,1500,3326188b18261809bec84edb699a139d4666fe42e3973166bee5a469cdfc2455,OFAT_BASE,P3_shared_comp,ODD-Gated Price-Aware Matching,45.3232451485048,36070.92043950757,37020.92043950757,950.0,12473.956426972509,8630.37400632608,abundant,0.5,moderate_av
1,1500,3326188b18261809bec84edb699a139d4666fe42e3973166bee5a469cdfc2455,OFAT_BASE,P3_shared_comp,ODD-Gated Price-Aware Matching,45.3232451485048,36070.92043950757,37020.92043950757,950.0,12473.956426972509,8630.37400632608,moderate,0.5,moderate_av
1,1500,3326188b18261809bec84edb699a139d4666fe42e3973166bee5a469cdfc2455,OFAT_BASE,P3_shared_comp,ODD-Gated Price-Aware Matching,45.3232451485048,36070.92043950757,37020.92043950757,950.0,12473.956426972509,8630.37400632608,tight,0.5,moderate_av
1,1500,3326188b18261809bec84edb699a139d4666fe42e3973166bee5a469cdfc2455,OFAT_BASE,P3_shared_comp,ODD-Gated Price-Aware Matching,45.3232451485048,36070.92043950757,37020.92043950757,950.0,12473.956426972509,8630.37400632608,moderate,0.0,moderate_av
1,1500,3326188b18261809bec84edb699a139d4666fe42e3973166bee5a469cdfc2455,OFAT_BASE,P3_shared_comp,ODD-Gated Price-Aware Matching,45.3232451485048,36070.92043950757,37020.92043950757,950.0,12473.956426972509,8630.37400632608,moderate,0.25,moderate_av
1,1500,3326188b18261809bec84edb699a139d4666fe42e3973166bee5a469cdfc2455,OFAT_BASE,P3_shared_comp,ODD-Gated Price-Aware Matching,45.3232451485048,36070.92043950757,37020.92043950757,950.0,12473.956426972509,8630.37400632608,moderate,0.75,moderate_av
1,1500,3326188b18261809bec84edb699a139d4666fe42e3973166bee5a469cdfc2455,OFAT_BASE,P3_shared_comp,ODD-Gated Price-Aware Matching,45.3232451485048,36070.92043950757,37020.92043950757,950.0,12473.956426972509,8630.37400632608,moderate,0.5,conservative_av
1,1500,3326188b18261809bec84edb699a139d4666fe42e3973166bee5a469cdfc2455,OFAT_BASE,P3_shared_comp,ODD-Gated Price-Aware Matching,45.3232451485048,36070.92043950757,37020.92043950757,950.0,12473.956426972509,8630.37400632608,moderate,0.5,mature_av
1,1500,3326188b18261809bec84edb699a139d4666fe42e3973166bee5a469cdfc2455,OFAT_BASE,P3_shared_comp,ODD-Gated Price-Aware Matching,45.3232451485048,36070.92043950757,37020.92043950757,950.0,12473.956426972509,8630.37400632608,moderate,0.5,intersection_sensitive_av
1,1500,3326188b18261809bec84edb699a139d4666fe42e3973166bee5a469cdfc2455,OFAT_BASE,P3_shared_comp,ODD-Gated Price-Aware Matching,45.3232451485048,36070.92043950757,37020.92043950757,950.0,12473.956426972509,8630.37400632608,moderate,0.5,uncertainty_sensitive_av
1,1500,092ac9bc4eec0bae50509fe25844a6b753d846bdb14053512753a3d009bbf861,OFAT_BASE,P3_shared_comp,ODD-Gated Price-Aware Matching,45.157297877050766,38287.4458041292,39322.4458041292,1035.0,3839.943585838633,2611.538781710488,abundant,0.5,moderate_av
1,1500,092ac9bc4eec0bae50509fe25844a6b753d846bdb14053512753a3d009bbf861,OFAT_BASE,P3_shared_comp,ODD-Gated Price-Aware Matching,45.157297877050766,38287.4458041292,39322.4458041292,1035.0,3839.943585838633,2611.538781710488,moderate,0.5,moderate_av
1,1500,092ac9bc4eec0bae50509fe25844a6b753d846bdb14053512753a3d009bbf861,OFAT_BASE,P3_shared_comp,ODD-Gated Price-Aware Matching,45.157297877050766,38287.4458041292,39322.4458041292,1035.0,3839.943585838633,2611.538781710488,tight,0.5,moderate_av
1,1500,092ac9bc4eec0bae50509fe25844a6b753d846bdb14053512753a3d009bbf861,OFAT_BASE,P3_shared_comp,ODD-Gated Price-Aware Matching,45.157297877050766,38287.4458041292,39322.4458041292,1035.0,3839.943585838633,2611.538781710488,moderate,0.0,moderate_av
1,1500,092ac9bc4eec0bae50509fe25844a6b753d846bdb14053512753a3d009bbf861,OFAT_BASE,P3_shared_comp,ODD-Gated Price-Aware Matching,45.157297877050766,38287.4458041292,39322.4458041292,1035.0,3839.943585838633,2611.538781710488,moderate,0.25,moderate_av
1,1500,092ac9bc4eec0bae50509fe25844a6b753d846bdb14053512753a3d009bbf861,OFAT_BASE,P3_shared_comp,ODD-Gated Price-Aware Matching,45.157297877050766,38287.4458041292,39322.4458041292,1035.0,3839.943585838633,2611.538781710488,moderate,0.75,moderate_av
1,1500,092ac9bc4eec0bae50509fe25844a6b753d846bdb14053512753a3d009bbf861,OFAT_BASE,P3_shared_comp,ODD-Gated Price-Aware Matching,45.157297877050766,38287.4458041292,39322.4458041292,1035.0,3839.943585838633,2611.538781710488,moderate,0.5,conservative_av
1,1500,092ac9bc4eec0bae50509fe25844a6b753d846bdb14053512753a3d009bbf861,OFAT_BASE,P3_shared_comp,ODD-Gated Price-Aware Matching,45.157297877050766,38287.4458041292,39322.4458041292,1035.0,3839.943585838633,2611.538781710488,moderate,0.5,mature_av
1,1500,092ac9bc4eec0bae50509fe25844a6b753d846bdb14053512753a3d009bbf861,OFAT_BASE,P3_shared_comp,ODD-Gated Price-Aware Matching,45.157297877050766,38287.4458041292,39322.4458041292,1035.0,3839.943585838633,2611.538781710488,moderate,0.5,intersection_sensitive_av
1,1500,092ac9bc4eec0bae50509fe25844a6b753d846bdb14053512753a3d009bbf861,OFAT_BASE,P3_shared_comp,ODD-Gated Price-Aware Matching,45.157297877050766,38287.4458041292,39322.4458041292,1035.0,3839.943585838633,2611.538781710488,moderate,0.5,uncertainty_sensitive_av
1,1500,f740db2b161eb506e76c4959cb21ef806ab51202391fcb732eb612365eeb8084,OFAT_BASE,P3_shared_comp,ODD-Gated Price-Aware Matching,45.68782522893322,34321.57547463267,35271.57547463267,950.0,17605.869028584086,12131.29862157331,abundant,0.5,moderate_av
1,1500,f740db2b161eb506e76c4959cb21ef806ab51202391fcb732eb612365eeb8084,OFAT_BASE,P3_shared_comp,ODD-Gated Price-Aware Matching,45.68782522893322,34321.57547463267,35271.57547463267,950.0,17605.869028584086,12131.29862157331,moderate,0.5,moderate_av
1,1500,f740db2b161eb506e76c4959cb21ef806ab51202391fcb732eb612365eeb8084,OFAT_BASE,P3_shared_comp,ODD-Gated Price-Aware Matching,45.68782522893322,34321.57547463267,35271.57547463267,950.0,17605.869028584086,12131.29862157331,tight,0.5,moderate_av
1,1500,f740db2b161eb506e76c4959cb21ef806ab51202391fcb732eb612365eeb8084,OFAT_BASE,P3_shared_comp,ODD-Gated Price-Aware Matching,45.68782522893322,34321.57547463267,35271.57547463267,950.0,17605.869028584086,12131.29862157331,moderate,0.0,moderate_av
1,1500,f740db2b161eb506e76c4959cb21ef806ab51202391fcb732eb612365eeb8084,OFAT_BASE,P3_shared_comp,ODD-Gated Price-Aware Matching,45.68782522893322,34321.57547463267,35271.57547463267,950.0,17605.869028584086,12131.29862157331,moderate,0.25,moderate_av
1,1500,f740db2b161eb506e76c4959cb21ef806ab51202391fcb732eb612365eeb8084,OFAT_BASE,P3_shared_comp,ODD-Gated Price-Aware Matching,45.68782522893322,34321.57547463267,35271.57547463267,950.0,17605.869028584086,12131.29862157331,moderate,0.75,moderate_av
1,1500,f740db2b161eb506e76c4959cb21ef806ab51202391fcb732eb612365eeb8084,OFAT_BASE,P3_shared_comp,ODD-Gated Price-Aware Matching,45.68782522893322,34321.57547463267,35271.57547463267,950.0,17605.869028584086,12131.29862157331,moderate,0.5,conservative_av
1,1500,f740db2b161eb506e76c4959cb21ef806ab51202391fcb732eb612365eeb8084,OFAT_BASE,P3_shared_comp,ODD-Gated Price-Aware Matching,45.68782522893322,34321.57547463267,35271.57547463267,950.0,17605.869028584086,12131.29862157331,moderate,0.5,mature_av
1,1500,f740db2b161eb506e76c4959cb21ef806ab51202391fcb732eb612365eeb8084,OFAT_BASE,P3_shared_comp,ODD-Gated Price-Aware Matching,45.68782522893322,34321.57547463267,35271.57547463267,950.0,17605.869028584086,12131.29862157331,moderate,0.5,intersection_sensitive_av
1,1500,f740db2b161eb506e76c4959cb21ef806ab51202391fcb732eb612365eeb8084,OFAT_BASE,P3_shared_comp,ODD-Gated Price-Aware Matching,45.68782522893322,34321.57547463267,35271.57547463267,950.0,17605.869028584086,12131.29862157331,moderate,0.5,uncertainty_sensitive_av
1,1500,f740db2b161eb506e76c4959cb21ef806ab51202391fcb732eb612365eeb8084,OFAT_BASE,P3_shared_comp,ODD-Gated Price-Aware Matching,45.14216367759768,38806.103163526765,39741.103163526765,935.0,6367.406648351467,4401.647451949626,abundant,0.5,moderate_av
1,1500,f740db2b161eb506e76c4959cb21ef806ab51202391fcb732eb612365eeb8084,OFAT_BASE,P3_shared_comp,ODD-Gated Price-Aware Matching,45.14216367759768,38806.103163526765,39741.103163526765,935.0,6367.406648351467,4401.647451949626,moderate,0.5,moderate_av
1,1500,f740db2b161eb506e76c4959cb21ef806ab51202391fcb732eb612365eeb8084,OFAT_BASE,P3_shared_comp,ODD-Gated Price-Aware Matching,45.14216367759768,38806.103163526765,39741.103163526765,935.0,6367.406648351467,4401.647451949626,tight,0.5,moderate_av
1,1500,f740db2b161eb506e76c4959cb21ef806ab51202391fcb732eb612365eeb8084,OFAT_BASE,P3_shared_comp,ODD-Gated Price-Aware Matching,45.14216367759768,38806.103163526765,39741.103163526765,935.0,6367.406648351467,4401.647451949626,moderate,0.0,moderate_av
1,1500,f740db2b161eb506e76c4959cb21ef806ab51202391fcb732eb612365eeb8084,OFAT_BASE,P3_shared_comp,ODD-Gated Price-Aware Matching,45.14216367759768,38806.103163526765,39741.103163526765,935.0,6367.406648351467,4401.647451949626,moderate,0.25,moderate_av
1,1500,f740db2b161eb506e76c4959cb21ef806ab51202391fcb732eb612365eeb8084,OFAT_BASE,P3_shared_comp,ODD-Gated Price-Aware Matching,45.14216367759768,38806.103163526765,39741.103163526765,935.0,6367.406648351467,4401.647451949626,moderate,0.75,moderate_av
1,1500,f740db2b161eb506e76c4959cb21ef806ab51202391fcb732eb612365eeb8084,OFAT_BASE,P3_shared_comp,ODD-Gated Price-Aware Matching,45.14216367759768,38806.103163526765,39741.103163526765,935.0,6367.406648351467,4401.647451949626,moderate,0.5,conservative_av
1,1500,f740db2b161eb506e76c4959cb21ef806ab51202391fcb732eb612365eeb8084,OFAT_BASE,P3_shared_comp,ODD-Gated Price-Aware Matching,45.14216367759768,38806.103163526765,39741.103163526765,935.0,6367.406648351467,4401.647451949626,moderate,0.5,mature_av
1,1500,f740db2b161eb506e76c4959cb21ef806ab51202391fcb732eb612365eeb8084,OFAT_BASE,P3_shared_comp,ODD-Gated Price-Aware Matching,45.14216367759768,38806.103163526765,39741.103163526765,935.0,6367.406648351467,4401.647451949626,moderate,0.5,intersection_sensitive_av
1,1500,f740db2b161eb506e76c4959cb21ef806ab51202391fcb732eb612365eeb8084,OFAT_BASE,P3_shared_comp,ODD-Gated Price-Aware Matching,45.14216367759768,38806.103163526765,39741.103163526765,935.0,6367.406648351467,4401.647451949626,moderate,0.5,uncertainty_sensitive_av
1,1500,f740db2b161eb506e76c4959cb21ef806ab51202391fcb732eb612365eeb8084,OFAT_BASE,P3_shared_comp,ODD-Gated Price-Aware Matching,45.51973333650907,33603.96725816486,34563.96725816486,960.0,19134.98953266037,13189.625741925023,abundant,0.5,moderate_av
1,1500,f740db2b161eb506e76c4959cb21ef806ab51202391fcb732eb612365eeb8084,OFAT_BASE,P3_shared_comp,ODD-Gated Price-Aware Matching,45.51973333650907,33603.96725816486,34563.96725816486,960.0,19134.98953266037,13189.625741925023,moderate,0.5,moderate_av
1,1500,f740db2b161eb506e76c4959cb21ef806ab51202391fcb732eb612365eeb8084,OFAT_BASE,P3_shared_comp,ODD-Gated Price-Aware Matching,45.51973333650907,33603.96725816486,34563.96725816486,960.0,19134.98953266037,13189.625741925023,tight,0.5,moderate_av
1,1500,f740db2b161eb506e76c4959cb21ef806ab51202391fcb732eb612365eeb8084,OFAT_BASE,P3_shared_comp,ODD-Gated Price-Aware Matching,45.51973333650907,33603.96725816486,34563.96725816486,960.0,19134.98953266037,13189.625741925023,moderate,0.0,moderate_av
1,1500,f740db2b161eb506e76c4959cb21ef806ab51202391fcb732eb612365eeb8084,OFAT_BASE,P3_shared_comp,ODD-Gated Price-Aware Matching,45.51973333650907,33603.96725816486,34563.96725816486,960.0,19134.98953266037,13189.625741925023,moderate,0.25,moderate_av
1,1500,f740db2b161eb506e76c4959cb21ef806ab51202391fcb732eb612365eeb8084,OFAT_BASE,P3_shared_comp,ODD-Gated Price-Aware Matching,45.51973333650907,33603.96725816486,34563.96725816486,960.0,19134.98953266037,13189.625741925023,moderate,0.75,moderate_av
1,1500,f740db2b161eb506e76c4959cb21ef806ab51202391fcb732eb612365eeb8084,OFAT_BASE,P3_shared_comp,ODD-Gated Price-Aware Matching,45.51973333650907,33603.96725816486,34563.96725816486,960.0,19134.98953266037,13189.625741925023,moderate,0.5,conservative_av
1,1500,f740db2b161eb506e76c4959cb21ef806ab51202391fcb732eb612365eeb8084,OFAT_BASE,P3_shared_comp,ODD-Gated Price-Aware Matching,45.51973333650907,33603.96725816486,34563.96725816486,960.0,19134.98953266037,13189.625741925023,moderate,0.5,mature_av
1,1500,f740db2b161eb506e76c4959cb21ef806ab51202391fcb732eb612365eeb8084,OFAT_BASE,P3_shared_comp,ODD-Gated Price-Aware Matching,45.51973333650907,33603.96725816486,34563.96725816486,960.0,19134.98953266037,13189.625741925023,moderate,0.5,intersection_sensitive_av
1,1500,f740db2b161eb506e76c4959cb21ef806ab51202391fcb732eb612365eeb8084,OFAT_BASE,P3_shared_comp,ODD-Gated Price-Aware Matching,45.51973333650907,33603.96725816486,34563.96725816486,960.0,19134.98953266037,13189.625741925023,moderate,0.5,uncertainty_sensitive_av
1,1500,f740db2b161eb506e76c4959cb21ef806ab51202391fcb732eb612365eeb8084,OFAT_BASE,P3_shared_comp,ODD-Gated Price-Aware Matching,45.27722769190089,36076.40030239011,37036.40030239011,960.0,12845.85455927664,8859.966455880698,abundant,0.5,moderate_av
1,1500,f740db2b161eb506e76c4959cb21ef806ab51202391fcb732eb612365eeb8084,OFAT_BASE,P3_shared_comp,ODD-Gated Price-Aware Matching,45.27722769190089,36076.40030239011,37036.40030239011,960.0,12845.85455927664,8859.966455880698,moderate,0.5,moderate_av
1,1500,f740db2b161eb506e76c4959cb21ef806ab51202391fcb732eb612365eeb8084,OFAT_BASE,P3_shared_comp,ODD-Gated Price-Aware Matching,45.27722769190089,36076.40030239011,37036.40030239011,960.0,12845.85455927664,8859.966455880698,tight,0.5,moderate_av
1,1500,f740db2b161eb506e76c4959cb21ef806ab51202391fcb732eb612365eeb8084,OFAT_BASE,P3_shared_comp,ODD-Gated Price-Aware Matching,45.27722769190089,36076.40030239011,37036.40030239011,960.0,12845.85455927664,8859.966455880698,moderate,0.0,moderate_av
1,1500,f740db2b161eb506e76c4959cb21ef806ab51202391fcb732eb612365eeb8084,OFAT_BASE,P3_shared_comp,ODD-Gated Price-Aware Matching,45.27722769190089,36076.40030239011,37036.40030239011,960.0,12845.85455927664,8859.966455880698,moderate,0.25,moderate_av
1,1500,f740db2b161eb506e76c4959cb21ef806ab51202391fcb732eb612365eeb8084,OFAT_BASE,P3_shared_comp,ODD-Gated Price-Aware Matching,45.27722769190089,36076.40030239011,37036.40030239011,960.0,12845.85455927664,8859.966455880698,moderate,0.75,moderate_av
1,1500,f740db2b161eb506e76c4959cb21ef806ab51202391fcb732eb612365eeb8084,OFAT_BASE,P3_shared_comp,ODD-Gated Price-Aware Matching,45.27722769190089,36076.40030239011,37036.40030239011,960.0,12845.85455927664,8859.966455880698,moderate,0.5,conservative_av
1,1500,f740db2b161eb506e76c4959cb21ef806ab51202391fcb732eb612365eeb8084,OFAT_BASE,P3_shared_comp,ODD-Gated Price-Aware Matching,45.27722769190089,36076.40030239011,37036.40030239011,960.0,12845.85455927664,8859.966455880698,moderate,0.5,mature_av
1,1500,f740db2b161eb506e76c4959cb21ef806ab51202391fcb732eb612365eeb8084,OFAT_BASE,P3_shared_comp,ODD-Gated Price-Aware Matching,45.27722769190089,36076.40030239011,37036.40030239011,960.0,12845.85455927664,8859.966455880698,moderate,0.5,intersection_sensitive_av
1,1500,f740db2b161eb506e76c4959cb21ef806ab51202391fcb732eb612365eeb8084,OFAT_BASE,P3_shared_comp,ODD-Gated Price-Aware Matching,45.27722769190089,36076.40030239011,37036.40030239011,960.0,12845.85455927664,8859.966455880698,moderate,0.5,uncertainty_sensitive_av
1,1500,f740db2b161eb506e76c4959cb21ef806ab51202391fcb732eb612365eeb8084,OFAT_BASE,P0_uniform,ODD-Gated Price-Aware Matching,44.88112036423383,37152.53252219686,38082.53252219686,930.0,9454.628272932532,6103.685870804718,moderate,0.5,moderate_av
1,1500,f740db2b161eb506e76c4959cb21ef806ab51202391fcb732eb612365eeb8084,OFAT_BASE,P1_platform_funded_comp,ODD-Gated Price-Aware Matching,44.84414035244796,35980.95355060019,36915.95355060019,935.0,8685.045757015621,5991.5684229051385,moderate,0.5,moderate_av
1,1500,f740db2b161eb506e76c4959cb21ef806ab51202391fcb732eb612365eeb8084,OFAT_BASE,P2_passenger_funded_comp,ODD-Gated Price-Aware Matching,45.8077564664287,38621.22010555235,39561.22010555235,940.0,10379.331297704715,7153.532697568343,moderate,0.5,moderate_av
1,1500,f740db2b161eb506e76c4959cb21ef806ab51202391fcb732eb612365eeb8084,OFAT_BASE,P4_av_discount_hv_comp,ODD-Gated Price-Aware Matching,44.1115598507684,35201.511988623955,36106.51198862396,905.0,10871.66773163082,7602.267261686608,moderate,0.5,moderate_av
1,1500,f740db2b161eb506e76c4959cb21ef806ab51202391fcb732eb612365eeb8084,OFAT_BASE,P5_three_stakeholder_balanced,ODD-Gated Price-Aware Matching,43.85156567601005,34486.44875563937,35561.44875563937,1075.0,10261.789934006898,7218.879506838564,moderate,0.5,moderate_av
1,1500,d9e945fbc8b7486b32b4a3b42b47d37f276cd5307bb311d85244468023d9fbcf,INT_AV0.00_conservative_av,P3_shared_comp,ODD-Gated Price-Aware Matching,45.84466266028995,28513.340398698325,29508.340398698325,995.0,30565.264329128004,21235.438973007243,moderate,0.0,conservative_av
1,1500,d9e945fbc8b7486b32b4a3b42b47d37f276cd5307bb311d85244468023d9fbcf,INT_AV0.00_moderate_av,P3_shared_comp,ODD-Gated Price-Aware Matching,45.84466266028995,28513.340398698325,29508.340398698325,995.0,30565.264329128004,21235.438973007243,moderate,0.0,moderate_av
1,1500,d9e945fbc8b7486b32b4a3b42b47d37f276cd5307bb311d85244468023d9fbcf,INT_AV0.00_mature_av,P3_shared_comp,ODD-Gated Price-Aware Matching,45.84466266028995,28513.340398698325,29508.340398698325,995.0,30565.264329128004,21235.438973007243,moderate,0.0,mature_av
1,1500,d9e945fbc8b7486b32b4a3b42b47d37f276cd5307bb311d85244468023d9fbcf,INT_AV0.00_intersection_sensitive_av,P3_shared_comp,ODD-Gated Price-Aware Matching,45.84466266028995,28513.340398698325,29508.340398698325,995.0,30565.264329128004,21235.438973007243,moderate,0.0,intersection_sensitive_av
1,1500,d9e945fbc8b7486b32b4a3b42b47d37f276cd5307bb311d85244468023d9fbcf,INT_AV0.00_uncertainty_sensitive_av,P3_shared_comp,ODD-Gated Price-Aware Matching,45.84466266028995,28513.340398698325,29508.340398698325,995.0,30565.264329128004,21235.438973007243,moderate,0.0,uncertainty_sensitive_av
1,1500,3326188b18261809bec84edb699a139d4666fe42e3973166bee5a469cdfc2455,INT_AV0.25_conservative_av,P3_shared_comp,ODD-Gated Price-Aware Matching,45.75118821969262,33063.90102055359,34003.90102055359,940.0,21027.924017841444,14543.132356143691,moderate,0.25,conservative_av
1,1500,3326188b18261809bec84edb699a139d4666fe42e3973166bee5a469cdfc2455,INT_AV0.25_moderate_av,P3_shared_comp,ODD-Gated Price-Aware Matching,45.3232451485048,36070.92043950757,37020.92043950757,950.0,12473.956426972509,8630.37400632608,moderate,0.25,moderate_av
1,1500,3326188b18261809bec84edb699a139d4666fe42e3973166bee5a469cdfc2455,INT_AV0.25_mature_av,P3_shared_comp,ODD-Gated Price-Aware Matching,45.14853448658262,36749.64376919672,37709.64376919672,960.0,10592.016579549276,7351.819750156232,moderate,0.25,mature_av
1,1500,3326188b18261809bec84edb699a139d4666fe42e3973166bee5a469cdfc2455,INT_AV0.25_intersection_sensitive_av,P3_shared_comp,ODD-Gated Price-Aware Matching,45.59861244509841,32559.99040797488,33519.99040797488,960.0,21682.620362276662,14988.096748939894,moderate,0.25,intersection_sensitive_av
1,1500,3326188b18261809bec84edb699a139d4666fe42e3973166bee5a469cdfc2455,INT_AV0.25_uncertainty_sensitive_av,P3_shared_comp,ODD-Gated Price-Aware Matching,45.39845518057455,34865.16309492819,35825.16309492819,960.0,15745.0886620215,10890.988139824058,moderate,0.25,uncertainty_sensitive_av
1,1500,f740db2b161eb506e76c4959cb21ef806ab51202391fcb732eb612365eeb8084,INT_AV0.50_conservative_av,P3_shared_comp,ODD-Gated Price-Aware Matching,45.68782522893322,34321.57547463267,35271.57547463267,950.0,17605.869028584086,12131.29862157331,moderate,0.5,conservative_av
1,1500,f740db2b161eb506e76c4959cb21ef806ab51202391fcb732eb612365eeb8084,INT_AV0.50_moderate_av,P3_shared_comp,ODD-Gated Price-Aware Matching,45.35093941190089,37151.501241435966,38086.501241435966,935.0,10616.412186261976,7322.473273252517,moderate,0.5,moderate_av
1,1500,f740db2b161eb506e76c4959cb21ef806ab51202391fcb732eb612365eeb8084,INT_AV0.50_mature_av,P3_shared_comp,ODD-Gated Price-Aware Matching,45.14216367759768,38806.103163526765,39741.103163526765,935.0,6367.406648351467,4401.647451949626,moderate,0.5,mature_av
1,1500,f740db2b161eb506e76c4959cb21ef806ab51202391fcb732eb612365eeb8084,INT_AV0.50_intersection_sensitive_av,P3_shared_comp,ODD-Gated Price-Aware Matching,45.51973333650907,33603.96725816486,34563.96725816486,960.0,19134.98953266037,13189.625741925023,moderate,0.5,intersection_sensitive_av
1,1500,f740db2b161eb506e76c4959cb21ef806ab51202391fcb732eb612365eeb8084,INT_AV0.50_uncertainty_sensitive_av,P3_shared_comp,ODD-Gated Price-Aware Matching,45.27722769190089,36076.40030239011,37036.40030239011,960.0,12845.85455927664,8859.966455880698,moderate,0.5,uncertainty_sensitive_av
1,1500,092ac9bc4eec0bae50509fe25844a6b753d846bdb14053512753a3d009bbf861,INT_AV0.75_conservative_av,P3_shared_comp,ODD-Gated Price-Aware Matching,45.501723374378685,30828.11019071877,32303.11019071877,1475.0,9759.723281965926,6665.739387818048,moderate,0.75,conservative_av
1,1500,092ac9bc4eec0bae50509fe25844a6b753d846bdb14053512753a3d009bbf861,INT_AV0.75_moderate_av,P3_shared_comp,ODD-Gated Price-Aware Matching,45.157297877050766,38287.4458041292,39322.4458041292,1035.0,3839.943585838633,2611.538781710488,moderate,0.75,moderate_av
1,1500,092ac9bc4eec0bae50509fe25844a6b753d846bdb14053512753a3d009bbf861,INT_AV0.75_mature_av,P3_shared_comp,ODD-Gated Price-Aware Matching,44.938935233918095,40616.817834157526,41601.817834157526,985.0,699.851496013645,472.2855457308924,moderate,0.75,mature_av
1,1500,092ac9bc4eec0bae50509fe25844a6b753d846bdb14053512753a3d009bbf861,INT_AV0.75_intersection_sensitive_av,P3_shared_comp,ODD-Gated Price-Aware Matching,45.443725182501765,31250.832972557924,32620.832972557924,1370.0,13780.287554927689,9453.89281625688,moderate,0.75,intersection_sensitive_av
1,1500,092ac9bc4eec0bae50509fe25844a6b753d846bdb14053512753a3d009bbf861,INT_AV0.75_uncertainty_sensitive_av,P3_shared_comp,ODD-Gated Price-Aware Matching,45.4561714695858,35387.686106982015,36637.686106982015,1250.0,7414.101238337958,5070.2343327882245,moderate,0.75,uncertainty_sensitive_av
2,1500,d9322babd189499956610877b248c22df3ae9196d212e12d27f427e06607a6af,B0_minpickup_uniform,P0_uniform,GlobalMatch-MinPickup,44.16082988991914,27097.56218255008,28252.56218255008,1155.0,14291.999966139125,9073.223485084836,moderate,0.5,moderate_av
2,1500,d9322babd189499956610877b248c22df3ae9196d212e12d27f427e06607a6af,B1_mincost_uniform,P0_uniform,GlobalMatch-MinOperatingCost,44.12005134784935,32376.30810682276,33536.30810682276,1160.0,13969.597167531349,8663.460126547101,moderate,0.5,moderate_av
2,1500,d9322babd189499956610877b248c22df3ae9196d212e12d27f427e06607a6af,B2_oddgate_uniform,P0_uniform,ODD Gate Only,44.12090536442789,29525.429388890883,30685.429388890883,1160.0,16965.387065023708,10701.978125637226,moderate,0.5,moderate_av
2,1500,d9322babd189499956610877b248c22df3ae9196d212e12d27f427e06607a6af,B3_odd_price_shared,P3_shared_comp,ODD-Gated Price-Aware Matching,45.09896194709855,32321.966366817996,33491.96636681799,1170.0,16716.231839653363,11327.858501318602,moderate,0.5,moderate_av
2,1500,d9322babd189499956610877b248c22df3ae9196d212e12d27f427e06607a6af,B4_odd_price_avdiscount,P4_av_discount_hv_comp,ODD-Gated Price-Aware Matching,44.19729742846384,30499.7645903754,31629.7645903754,1130.0,17003.023633219716,11716.540010907582,moderate,0.5,moderate_av
2,1500,d9322babd189499956610877b248c22df3ae9196d212e12d27f427e06607a6af,B5_weighted_heuristic,P5_three_stakeholder_balanced,Weighted Stakeholder Heuristic,44.38303458912519,29076.85507221464,30361.85507221464,1285.0,20723.264318298978,14393.782576576536,moderate,0.5,moderate_av
2,1500,d9322babd189499956610877b248c22df3ae9196d212e12d27f427e06607a6af,B6_three_stakeholder_balanced,P5_three_stakeholder_balanced,Three-Stakeholder Balanced,44.12576538092172,30116.213743874425,31396.213743874425,1280.0,16934.23957344088,11777.455590052605,moderate,0.5,moderate_av
2,1500,b2e8cd9bad5fb83502b8d4fe06e17224f54a3e07e181f9f390c7dcf88c11db97,OFAT_BASE,P3_shared_comp,ODD-Gated Price-Aware Matching,44.99741693657396,32225.258245658624,33400.258245658624,1175.0,16528.6774685326,11198.527785845072,abundant,0.5,moderate_av
2,1500,b2e8cd9bad5fb83502b8d4fe06e17224f54a3e07e181f9f390c7dcf88c11db97,OFAT_BASE,P3_shared_comp,ODD-Gated Price-Aware Matching,44.99741693657396,32225.258245658624,33400.258245658624,1175.0,16528.6774685326,11198.527785845072,moderate,0.5,moderate_av
2,1500,b2e8cd9bad5fb83502b8d4fe06e17224f54a3e07e181f9f390c7dcf88c11db97,OFAT_BASE,P3_shared_comp,ODD-Gated Price-Aware Matching,44.99741693657396,32225.258245658624,33400.258245658624,1175.0,16528.6774685326,11198.527785845072,tight,0.5,moderate_av
2,1500,b2e8cd9bad5fb83502b8d4fe06e17224f54a3e07e181f9f390c7dcf88c11db97,OFAT_BASE,P3_shared_comp,ODD-Gated Price-Aware Matching,44.99741693657396,32225.258245658624,33400.258245658624,1175.0,16528.6774685326,11198.527785845072,moderate,0.0,moderate_av
2,1500,b2e8cd9bad5fb83502b8d4fe06e17224f54a3e07e181f9f390c7dcf88c11db97,OFAT_BASE,P3_shared_comp,ODD-Gated Price-Aware Matching,44.99741693657396,32225.258245658624,33400.258245658624,1175.0,16528.6774685326,11198.527785845072,moderate,0.25,moderate_av
2,1500,b2e8cd9bad5fb83502b8d4fe06e17224f54a3e07e181f9f390c7dcf88c11db97,OFAT_BASE,P3_shared_comp,ODD-Gated Price-Aware Matching,44.99741693657396,32225.258245658624,33400.258245658624,1175.0,16528.6774685326,11198.527785845072,moderate,0.75,moderate_av
2,1500,b2e8cd9bad5fb83502b8d4fe06e17224f54a3e07e181f9f390c7dcf88c11db97,OFAT_BASE,P3_shared_comp,ODD-Gated Price-Aware Matching,44.99741693657396,32225.258245658624,33400.258245658624,1175.0,16528.6774685326,11198.527785845072,moderate,0.5,conservative_av
2,1500,b2e8cd9bad5fb83502b8d4fe06e17224f54a3e07e181f9f390c7dcf88c11db97,OFAT_BASE,P3_shared_comp,ODD-Gated Price-Aware Matching,44.99741693657396,32225.258245658624,33400.258245658624,1175.0,16528.6774685326,11198.527785845072,moderate,0.5,mature_av
2,1500,b2e8cd9bad5fb83502b8d4fe06e17224f54a3e07e181f9f390c7dcf88c11db97,OFAT_BASE,P3_shared_comp,ODD-Gated Price-Aware Matching,44.99741693657396,32225.258245658624,33400.258245658624,1175.0,16528.6774685326,11198.527785845072,moderate,0.5,intersection_sensitive_av
2,1500,b2e8cd9bad5fb83502b8d4fe06e17224f54a3e07e181f9f390c7dcf88c11db97,OFAT_BASE,P3_shared_comp,ODD-Gated Price-Aware Matching,44.99741693657396,32225.258245658624,33400.258245658624,1175.0,16528.6774685326,11198.527785845072,moderate,0.5,uncertainty_sensitive_av
2,1500,d9322babd189499956610877b248c22df3ae9196d212e12d27f427e06607a6af,OFAT_BASE,P3_shared_comp,ODD-Gated Price-Aware Matching,45.09896194709855,32321.966366817996,33491.96636681799,1170.0,16716.231839653363,11327.858501318602,abundant,0.5,moderate_av
2,1500,d9322babd189499956610877b248c22df3ae9196d212e12d27f427e06607a6af,OFAT_BASE,P3_shared_comp,ODD-Gated Price-Aware Matching,45.09896194709855,32321.966366817996,33491.96636681799,1170.0,16716.231839653363,11327.858501318602,moderate,0.5,moderate_av
2,1500,d9322babd189499956610877b248c22df3ae9196d212e12d27f427e06607a6af,OFAT_BASE,P3_shared_comp,ODD-Gated Price-Aware Matching,45.09896194709855,32321.966366817996,33491.96636681799,1170.0,16716.231839653363,11327.858501318602,tight,0.5,moderate_av
2,1500,d9322babd189499956610877b248c22df3ae9196d212e12d27f427e06607a6af,OFAT_BASE,P3_shared_comp,ODD-Gated Price-Aware Matching,45.09896194709855,32321.966366817996,33491.96636681799,1170.0,16716.231839653363,11327.858501318602,moderate,0.0,moderate_av
2,1500,d9322babd189499956610877b248c22df3ae9196d212e12d27f427e06607a6af,OFAT_BASE,P3_shared_comp,ODD-Gated Price-Aware Matching,45.09896194709855,32321.966366817996,33491.96636681799,1170.0,16716.231839653363,11327.858501318602,moderate,0.25,moderate_av
2,1500,d9322babd189499956610877b248c22df3ae9196d212e12d27f427e06607a6af,OFAT_BASE,P3_shared_comp,ODD-Gated Price-Aware Matching,45.09896194709855,32321.966366817996,33491.96636681799,1170.0,16716.231839653363,11327.858501318602,moderate,0.75,moderate_av
2,1500,d9322babd189499956610877b248c22df3ae9196d212e12d27f427e06607a6af,OFAT_BASE,P3_shared_comp,ODD-Gated Price-Aware Matching,45.09896194709855,32321.966366817996,33491.96636681799,1170.0,16716.231839653363,11327.858501318602,moderate,0.5,conservative_av
2,1500,d9322babd189499956610877b248c22df3ae9196d212e12d27f427e06607a6af,OFAT_BASE,P3_shared_comp,ODD-Gated Price-Aware Matching,45.09896194709855,32321.966366817996,33491.96636681799,1170.0,16716.231839653363,11327.858501318602,moderate,0.5,mature_av
2,1500,d9322babd189499956610877b248c22df3ae9196d212e12d27f427e06607a6af,OFAT_BASE,P3_shared_comp,ODD-Gated Price-Aware Matching,45.09896194709855,32321.966366817996,33491.96636681799,1170.0,16716.231839653363,11327.858501318602,moderate,0.5,intersection_sensitive_av
2,1500,d9322babd189499956610877b248c22df3ae9196d212e12d27f427e06607a6af,OFAT_BASE,P3_shared_comp,ODD-Gated Price-Aware Matching,45.09896194709855,32321.966366817996,33491.96636681799,1170.0,16716.231839653363,11327.858501318602,moderate,0.5,uncertainty_sensitive_av
2,1500,ed4cc195d96b8323a4fe6dc34d9295f4b44a9bd581ab12ab927a4799d1d7fca3,OFAT_BASE,P3_shared_comp,ODD-Gated Price-Aware Matching,45.11862767450587,32450.187613157337,33615.18761315734,1165.0,16501.042394545882,11180.639854929575,abundant,0.5,moderate_av
2,1500,ed4cc195d96b8323a4fe6dc34d9295f4b44a9bd581ab12ab927a4799d1d7fca3,OFAT_BASE,P3_shared_comp,ODD-Gated Price-Aware Matching,45.11862767450587,32450.187613157337,33615.18761315734,1165.0,16501.042394545882,11180.639854929575,moderate,0.5,moderate_av
2,1500,ed4cc195d96b8323a4fe6dc34d9295f4b44a9bd581ab12ab927a4799d1d7fca3,OFAT_BASE,P3_shared_comp,ODD-Gated Price-Aware Matching,45.11862767450587,32450.187613157337,33615.18761315734,1165.0,16501.042394545882,11180.639854929575,tight,0.5,moderate_av
2,1500,ed4cc195d96b8323a4fe6dc34d9295f4b44a9bd581ab12ab927a4799d1d7fca3,OFAT_BASE,P3_shared_comp,ODD-Gated Price-Aware Matching,45.11862767450587,32450.187613157337,33615.18761315734,1165.0,16501.042394545882,11180.639854929575,moderate,0.0,moderate_av
2,1500,ed4cc195d96b8323a4fe6dc34d9295f4b44a9bd581ab12ab927a4799d1d7fca3,OFAT_BASE,P3_shared_comp,ODD-Gated Price-Aware Matching,45.11862767450587,32450.187613157337,33615.18761315734,1165.0,16501.042394545882,11180.639854929575,moderate,0.25,moderate_av
2,1500,ed4cc195d96b8323a4fe6dc34d9295f4b44a9bd581ab12ab927a4799d1d7fca3,OFAT_BASE,P3_shared_comp,ODD-Gated Price-Aware Matching,45.11862767450587,32450.187613157337,33615.18761315734,1165.0,16501.042394545882,11180.639854929575,moderate,0.75,moderate_av
2,1500,ed4cc195d96b8323a4fe6dc34d9295f4b44a9bd581ab12ab927a4799d1d7fca3,OFAT_BASE,P3_shared_comp,ODD-Gated Price-Aware Matching,45.11862767450587,32450.187613157337,33615.18761315734,1165.0,16501.042394545882,11180.639854929575,moderate,0.5,conservative_av
2,1500,ed4cc195d96b8323a4fe6dc34d9295f4b44a9bd581ab12ab927a4799d1d7fca3,OFAT_BASE,P3_shared_comp,ODD-Gated Price-Aware Matching,45.11862767450587,32450.187613157337,33615.18761315734,1165.0,16501.042394545882,11180.639854929575,moderate,0.5,mature_av
2,1500,ed4cc195d96b8323a4fe6dc34d9295f4b44a9bd581ab12ab927a4799d1d7fca3,OFAT_BASE,P3_shared_comp,ODD-Gated Price-Aware Matching,45.11862767450587,32450.187613157337,33615.18761315734,1165.0,16501.042394545882,11180.639854929575,moderate,0.5,intersection_sensitive_av
2,1500,ed4cc195d96b8323a4fe6dc34d9295f4b44a9bd581ab12ab927a4799d1d7fca3,OFAT_BASE,P3_shared_comp,ODD-Gated Price-Aware Matching,45.11862767450587,32450.187613157337,33615.18761315734,1165.0,16501.042394545882,11180.639854929575,moderate,0.5,uncertainty_sensitive_av
2,1500,f2a256434cd716db0af17c40793601979b91c17c580de102bd8741d4facf3f40,OFAT_BASE,P3_shared_comp,ODD-Gated Price-Aware Matching,45.44835324266214,26845.37941827864,28045.37941827864,1200.0,30017.11850953718,20555.22318146637,abundant,0.5,moderate_av
2,1500,f2a256434cd716db0af17c40793601979b91c17c580de102bd8741d4facf3f40,OFAT_BASE,P3_shared_comp,ODD-Gated Price-Aware Matching,45.44835324266214,26845.37941827864,28045.37941827864,1200.0,30017.11850953718,20555.22318146637,moderate,0.5,moderate_av
2,1500,f2a256434cd716db0af17c40793601979b91c17c580de102bd8741d4facf3f40,OFAT_BASE,P3_shared_comp,ODD-Gated Price-Aware Matching,45.44835324266214,26845.37941827864,28045.37941827864,1200.0,30017.11850953718,20555.22318146637,tight,0.5,moderate_av
2,1500,f2a256434cd716db0af17c40793601979b91c17c580de102bd8741d4facf3f40,OFAT_BASE,P3_shared_comp,ODD-Gated Price-Aware Matching,45.44835324266214,26845.37941827864,28045.37941827864,1200.0,30017.11850953718,20555.22318146637,moderate,0.0,moderate_av
2,1500,f2a256434cd716db0af17c40793601979b91c17c580de102bd8741d4facf3f40,OFAT_BASE,P3_shared_comp,ODD-Gated Price-Aware Matching,45.44835324266214,26845.37941827864,28045.37941827864,1200.0,30017.11850953718,20555.22318146637,moderate,0.25,moderate_av
2,1500,f2a256434cd716db0af17c40793601979b91c17c580de102bd8741d4facf3f40,OFAT_BASE,P3_shared_comp,ODD-Gated Price-Aware Matching,45.44835324266214,26845.37941827864,28045.37941827864,1200.0,30017.11850953718,20555.22318146637,moderate,0.75,moderate_av
2,1500,f2a256434cd716db0af17c40793601979b91c17c580de102bd8741d4facf3f40,OFAT_BASE,P3_shared_comp,ODD-Gated Price-Aware Matching,45.44835324266214,26845.37941827864,28045.37941827864,1200.0,30017.11850953718,20555.22318146637,moderate,0.5,conservative_av
2,1500,f2a256434cd716db0af17c40793601979b91c17c580de102bd8741d4facf3f40,OFAT_BASE,P3_shared_comp,ODD-Gated Price-Aware Matching,45.44835324266214,26845.37941827864,28045.37941827864,1200.0,30017.11850953718,20555.22318146637,moderate,0.5,mature_av
2,1500,f2a256434cd716db0af17c40793601979b91c17c580de102bd8741d4facf3f40,OFAT_BASE,P3_shared_comp,ODD-Gated Price-Aware Matching,45.44835324266214,26845.37941827864,28045.37941827864,1200.0,30017.11850953718,20555.22318146637,moderate,0.5,intersection_sensitive_av
2,1500,f2a256434cd716db0af17c40793601979b91c17c580de102bd8741d4facf3f40,OFAT_BASE,P3_shared_comp,ODD-Gated Price-Aware Matching,45.44835324266214,26845.37941827864,28045.37941827864,1200.0,30017.11850953718,20555.22318146637,moderate,0.5,uncertainty_sensitive_av
2,1500,df6110ae40a8c1a53223c1791a6cc2fa85138144b550ad8e937ff426ae1f43c1,OFAT_BASE,P3_shared_comp,ODD-Gated Price-Aware Matching,45.04543802346859,31561.198018591007,32741.198018591007,1180.0,18449.97636990609,12542.461152854396,abundant,0.5,moderate_av
2,1500,df6110ae40a8c1a53223c1791a6cc2fa85138144b550ad8e937ff426ae1f43c1,OFAT_BASE,P3_shared_comp,ODD-Gated Price-Aware Matching,45.04543802346859,31561.198018591007,32741.198018591007,1180.0,18449.97636990609,12542.461152854396,moderate,0.5,moderate_av
2,1500,df6110ae40a8c1a53223c1791a6cc2fa85138144b550ad8e937ff426ae1f43c1,OFAT_BASE,P3_shared_comp,ODD-Gated Price-Aware Matching,45.04543802346859,31561.198018591007,32741.198018591007,1180.0,18449.97636990609,12542.461152854396,tight,0.5,moderate_av
2,1500,df6110ae40a8c1a53223c1791a6cc2fa85138144b550ad8e937ff426ae1f43c1,OFAT_BASE,P3_shared_comp,ODD-Gated Price-Aware Matching,45.04543802346859,31561.198018591007,32741.198018591007,1180.0,18449.97636990609,12542.461152854396,moderate,0.0,moderate_av
2,1500,df6110ae40a8c1a53223c1791a6cc2fa85138144b550ad8e937ff426ae1f43c1,OFAT_BASE,P3_shared_comp,ODD-Gated Price-Aware Matching,45.04543802346859,31561.198018591007,32741.198018591007,1180.0,18449.97636990609,12542.461152854396,moderate,0.25,moderate_av
2,1500,df6110ae40a8c1a53223c1791a6cc2fa85138144b550ad8e937ff426ae1f43c1,OFAT_BASE,P3_shared_comp,ODD-Gated Price-Aware Matching,45.04543802346859,31561.198018591007,32741.198018591007,1180.0,18449.97636990609,12542.461152854396,moderate,0.75,moderate_av
2,1500,df6110ae40a8c1a53223c1791a6cc2fa85138144b550ad8e937ff426ae1f43c1,OFAT_BASE,P3_shared_comp,ODD-Gated Price-Aware Matching,45.04543802346859,31561.198018591007,32741.198018591007,1180.0,18449.97636990609,12542.461152854396,moderate,0.5,conservative_av
2,1500,df6110ae40a8c1a53223c1791a6cc2fa85138144b550ad8e937ff426ae1f43c1,OFAT_BASE,P3_shared_comp,ODD-Gated Price-Aware Matching,45.04543802346859,31561.198018591007,32741.198018591007,1180.0,18449.97636990609,12542.461152854396,moderate,0.5,mature_av
2,1500,df6110ae40a8c1a53223c1791a6cc2fa85138144b550ad8e937ff426ae1f43c1,OFAT_BASE,P3_shared_comp,ODD-Gated Price-Aware Matching,45.04543802346859,31561.198018591007,32741.198018591007,1180.0,18449.97636990609,12542.461152854396,moderate,0.5,intersection_sensitive_av
2,1500,df6110ae40a8c1a53223c1791a6cc2fa85138144b550ad8e937ff426ae1f43c1,OFAT_BASE,P3_shared_comp,ODD-Gated Price-Aware Matching,45.04543802346859,31561.198018591007,32741.198018591007,1180.0,18449.97636990609,12542.461152854396,moderate,0.5,uncertainty_sensitive_av
2,1500,39a668aed989979f226a85bdd856fde079c960335047a7c1414c7a1e56a94a48,OFAT_BASE,P3_shared_comp,ODD-Gated Price-Aware Matching,44.40501867800237,29255.593820250266,31045.593820250266,1790.0,6739.988818539543,4500.144516123854,abundant,0.5,moderate_av
2,1500,39a668aed989979f226a85bdd856fde079c960335047a7c1414c7a1e56a94a48,OFAT_BASE,P3_shared_comp,ODD-Gated Price-Aware Matching,44.40501867800237,29255.593820250266,31045.593820250266,1790.0,6739.988818539543,4500.144516123854,moderate,0.5,moderate_av
2,1500,39a668aed989979f226a85bdd856fde079c960335047a7c1414c7a1e56a94a48,OFAT_BASE,P3_shared_comp,ODD-Gated Price-Aware Matching,44.40501867800237,29255.593820250266,31045.593820250266,1790.0,6739.988818539543,4500.144516123854,tight,0.5,moderate_av
2,1500,39a668aed989979f226a85bdd856fde079c960335047a7c1414c7a1e56a94a48,OFAT_BASE,P3_shared_comp,ODD-Gated Price-Aware Matching,44.40501867800237,29255.593820250266,31045.593820250266,1790.0,6739.988818539543,4500.144516123854,moderate,0.0,moderate_av
2,1500,39a668aed989979f226a85bdd856fde079c960335047a7c1414c7a1e56a94a48,OFAT_BASE,P3_shared_comp,ODD-Gated Price-Aware Matching,44.40501867800237,29255.593820250266,31045.593820250266,1790.0,6739.988818539543,4500.144516123854,moderate,0.25,moderate_av
2,1500,39a668aed989979f226a85bdd856fde079c960335047a7c1414c7a1e56a94a48,OFAT_BASE,P3_shared_comp,ODD-Gated Price-Aware Matching,44.40501867800237,29255.593820250266,31045.593820250266,1790.0,6739.988818539543,4500.144516123854,moderate,0.75,moderate_av
2,1500,39a668aed989979f226a85bdd856fde079c960335047a7c1414c7a1e56a94a48,OFAT_BASE,P3_shared_comp,ODD-Gated Price-Aware Matching,44.40501867800237,29255.593820250266,31045.593820250266,1790.0,6739.988818539543,4500.144516123854,moderate,0.5,conservative_av
2,1500,39a668aed989979f226a85bdd856fde079c960335047a7c1414c7a1e56a94a48,OFAT_BASE,P3_shared_comp,ODD-Gated Price-Aware Matching,44.40501867800237,29255.593820250266,31045.593820250266,1790.0,6739.988818539543,4500.144516123854,moderate,0.5,mature_av
2,1500,39a668aed989979f226a85bdd856fde079c960335047a7c1414c7a1e56a94a48,OFAT_BASE,P3_shared_comp,ODD-Gated Price-Aware Matching,44.40501867800237,29255.593820250266,31045.593820250266,1790.0,6739.988818539543,4500.144516123854,moderate,0.5,intersection_sensitive_av
2,1500,39a668aed989979f226a85bdd856fde079c960335047a7c1414c7a1e56a94a48,OFAT_BASE,P3_shared_comp,ODD-Gated Price-Aware Matching,44.40501867800237,29255.593820250266,31045.593820250266,1790.0,6739.988818539543,4500.144516123854,moderate,0.5,uncertainty_sensitive_av
2,1500,d9322babd189499956610877b248c22df3ae9196d212e12d27f427e06607a6af,OFAT_BASE,P3_shared_comp,ODD-Gated Price-Aware Matching,45.32909735350066,29571.59489411251,30771.59489411251,1200.0,23699.778274612512,16143.105547097268,abundant,0.5,moderate_av
2,1500,d9322babd189499956610877b248c22df3ae9196d212e12d27f427e06607a6af,OFAT_BASE,P3_shared_comp,ODD-Gated Price-Aware Matching,45.32909735350066,29571.59489411251,30771.59489411251,1200.0,23699.778274612512,16143.105547097268,moderate,0.5,moderate_av
2,1500,d9322babd189499956610877b248c22df3ae9196d212e12d27f427e06607a6af,OFAT_BASE,P3_shared_comp,ODD-Gated Price-Aware Matching,45.32909735350066,29571.59489411251,30771.59489411251,1200.0,23699.778274612512,16143.105547097268,tight,0.5,moderate_av
2,1500,d9322babd189499956610877b248c22df3ae9196d212e12d27f427e06607a6af,OFAT_BASE,P3_shared_comp,ODD-Gated Price-Aware Matching,45.32909735350066,29571.59489411251,30771.59489411251,1200.0,23699.778274612512,16143.105547097268,moderate,0.0,moderate_av
2,1500,d9322babd189499956610877b248c22df3ae9196d212e12d27f427e06607a6af,OFAT_BASE,P3_shared_comp,ODD-Gated Price-Aware Matching,45.32909735350066,29571.59489411251,30771.59489411251,1200.0,23699.778274612512,16143.105547097268,moderate,0.25,moderate_av
2,1500,d9322babd189499956610877b248c22df3ae9196d212e12d27f427e06607a6af,OFAT_BASE,P3_shared_comp,ODD-Gated Price-Aware Matching,45.32909735350066,29571.59489411251,30771.59489411251,1200.0,23699.778274612512,16143.105547097268,moderate,0.75,moderate_av
2,1500,d9322babd189499956610877b248c22df3ae9196d212e12d27f427e06607a6af,OFAT_BASE,P3_shared_comp,ODD-Gated Price-Aware Matching,45.32909735350066,29571.59489411251,30771.59489411251,1200.0,23699.778274612512,16143.105547097268,moderate,0.5,conservative_av
2,1500,d9322babd189499956610877b248c22df3ae9196d212e12d27f427e06607a6af,OFAT_BASE,P3_shared_comp,ODD-Gated Price-Aware Matching,45.32909735350066,29571.59489411251,30771.59489411251,1200.0,23699.778274612512,16143.105547097268,moderate,0.5,mature_av
2,1500,d9322babd189499956610877b248c22df3ae9196d212e12d27f427e06607a6af,OFAT_BASE,P3_shared_comp,ODD-Gated Price-Aware Matching,45.32909735350066,29571.59489411251,30771.59489411251,1200.0,23699.778274612512,16143.105547097268,moderate,0.5,intersection_sensitive_av
2,1500,d9322babd189499956610877b248c22df3ae9196d212e12d27f427e06607a6af,OFAT_BASE,P3_shared_comp,ODD-Gated Price-Aware Matching,45.32909735350066,29571.59489411251,30771.59489411251,1200.0,23699.778274612512,16143.105547097268,moderate,0.5,uncertainty_sensitive_av
2,1500,d9322babd189499956610877b248c22df3ae9196d212e12d27f427e06607a6af,OFAT_BASE,P3_shared_comp,ODD-Gated Price-Aware Matching,44.62394984029515,33966.78273461256,35146.78273461256,1180.0,10769.961487428853,7309.702462492216,abundant,0.5,moderate_av
2,1500,d9322babd189499956610877b248c22df3ae9196d212e12d27f427e06607a6af,OFAT_BASE,P3_shared_comp,ODD-Gated Price-Aware Matching,44.62394984029515,33966.78273461256,35146.78273461256,1180.0,10769.961487428853,7309.702462492216,moderate,0.5,moderate_av
2,1500,d9322babd189499956610877b248c22df3ae9196d212e12d27f427e06607a6af,OFAT_BASE,P3_shared_comp,ODD-Gated Price-Aware Matching,44.62394984029515,33966.78273461256,35146.78273461256,1180.0,10769.961487428853,7309.702462492216,tight,0.5,moderate_av
2,1500,d9322babd189499956610877b248c22df3ae9196d212e12d27f427e06607a6af,OFAT_BASE,P3_shared_comp,ODD-Gated Price-Aware Matching,44.62394984029515,33966.78273461256,35146.78273461256,1180.0,10769.961487428853,7309.702462492216,moderate,0.0,moderate_av
2,1500,d9322babd189499956610877b248c22df3ae9196d212e12d27f427e06607a6af,OFAT_BASE,P3_shared_comp,ODD-Gated Price-Aware Matching,44.62394984029515,33966.78273461256,35146.78273461256,1180.0,10769.961487428853,7309.702462492216,moderate,0.25,moderate_av
2,1500,d9322babd189499956610877b248c22df3ae9196d212e12d27f427e06607a6af,OFAT_BASE,P3_shared_comp,ODD-Gated Price-Aware Matching,44.62394984029515,33966.78273461256,35146.78273461256,1180.0,10769.961487428853,7309.702462492216,moderate,0.75,moderate_av
2,1500,d9322babd189499956610877b248c22df3ae9196d212e12d27f427e06607a6af,OFAT_BASE,P3_shared_comp,ODD-Gated Price-Aware Matching,44.62394984029515,33966.78273461256,35146.78273461256,1180.0,10769.961487428853,7309.702462492216,moderate,0.5,conservative_av
2,1500,d9322babd189499956610877b248c22df3ae9196d212e12d27f427e06607a6af,OFAT_BASE,P3_shared_comp,ODD-Gated Price-Aware Matching,44.62394984029515,33966.78273461256,35146.78273461256,1180.0,10769.961487428853,7309.702462492216,moderate,0.5,mature_av
2,1500,d9322babd189499956610877b248c22df3ae9196d212e12d27f427e06607a6af,OFAT_BASE,P3_shared_comp,ODD-Gated Price-Aware Matching,44.62394984029515,33966.78273461256,35146.78273461256,1180.0,10769.961487428853,7309.702462492216,moderate,0.5,intersection_sensitive_av
2,1500,d9322babd189499956610877b248c22df3ae9196d212e12d27f427e06607a6af,OFAT_BASE,P3_shared_comp,ODD-Gated Price-Aware Matching,44.62394984029515,33966.78273461256,35146.78273461256,1180.0,10769.961487428853,7309.702462492216,moderate,0.5,uncertainty_sensitive_av
2,1500,d9322babd189499956610877b248c22df3ae9196d212e12d27f427e06607a6af,OFAT_BASE,P3_shared_comp,ODD-Gated Price-Aware Matching,45.26440613759823,30695.24146726598,31885.24146726598,1190.0,21200.086714466182,14410.274830419496,abundant,0.5,moderate_av
2,1500,d9322babd189499956610877b248c22df3ae9196d212e12d27f427e06607a6af,OFAT_BASE,P3_shared_comp,ODD-Gated Price-Aware Matching,45.26440613759823,30695.24146726598,31885.24146726598,1190.0,21200.086714466182,14410.274830419496,moderate,0.5,moderate_av
2,1500,d9322babd189499956610877b248c22df3ae9196d212e12d27f427e06607a6af,OFAT_BASE,P3_shared_comp,ODD-Gated Price-Aware Matching,45.26440613759823,30695.24146726598,31885.24146726598,1190.0,21200.086714466182,14410.274830419496,tight,0.5,moderate_av
2,1500,d9322babd189499956610877b248c22df3ae9196d212e12d27f427e06607a6af,OFAT_BASE,P3_shared_comp,ODD-Gated Price-Aware Matching,45.26440613759823,30695.24146726598,31885.24146726598,1190.0,21200.086714466182,14410.274830419496,moderate,0.0,moderate_av
2,1500,d9322babd189499956610877b248c22df3ae9196d212e12d27f427e06607a6af,OFAT_BASE,P3_shared_comp,ODD-Gated Price-Aware Matching,45.26440613759823,30695.24146726598,31885.24146726598,1190.0,21200.086714466182,14410.274830419496,moderate,0.25,moderate_av
2,1500,d9322babd189499956610877b248c22df3ae9196d212e12d27f427e06607a6af,OFAT_BASE,P3_shared_comp,ODD-Gated Price-Aware Matching,45.26440613759823,30695.24146726598,31885.24146726598,1190.0,21200.086714466182,14410.274830419496,moderate,0.75,moderate_av
2,1500,d9322babd189499956610877b248c22df3ae9196d212e12d27f427e06607a6af,OFAT_BASE,P3_shared_comp,ODD-Gated Price-Aware Matching,45.26440613759823,30695.24146726598,31885.24146726598,1190.0,21200.086714466182,14410.274830419496,moderate,0.5,conservative_av
2,1500,d9322babd189499956610877b248c22df3ae9196d212e12d27f427e06607a6af,OFAT_BASE,P3_shared_comp,ODD-Gated Price-Aware Matching,45.26440613759823,30695.24146726598,31885.24146726598,1190.0,21200.086714466182,14410.274830419496,moderate,0.5,mature_av
2,1500,d9322babd189499956610877b248c22df3ae9196d212e12d27f427e06607a6af,OFAT_BASE,P3_shared_comp,ODD-Gated Price-Aware Matching,45.26440613759823,30695.24146726598,31885.24146726598,1190.0,21200.086714466182,14410.274830419496,moderate,0.5,intersection_sensitive_av
2,1500,d9322babd189499956610877b248c22df3ae9196d212e12d27f427e06607a6af,OFAT_BASE,P3_shared_comp,ODD-Gated Price-Aware Matching,45.26440613759823,30695.24146726598,31885.24146726598,1190.0,21200.086714466182,14410.274830419496,moderate,0.5,uncertainty_sensitive_av
2,1500,d9322babd189499956610877b248c22df3ae9196d212e12d27f427e06607a6af,OFAT_BASE,P3_shared_comp,ODD-Gated Price-Aware Matching,45.23448817135378,31410.64757434088,32590.64757434088,1180.0,19449.86295594308,13204.440639698558,abundant,0.5,moderate_av
2,1500,d9322babd189499956610877b248c22df3ae9196d212e12d27f427e06607a6af,OFAT_BASE,P3_shared_comp,ODD-Gated Price-Aware Matching,45.23448817135378,31410.64757434088,32590.64757434088,1180.0,19449.86295594308,13204.440639698558,moderate,0.5,moderate_av
2,1500,d9322babd189499956610877b248c22df3ae9196d212e12d27f427e06607a6af,OFAT_BASE,P3_shared_comp,ODD-Gated Price-Aware Matching,45.23448817135378,31410.64757434088,32590.64757434088,1180.0,19449.86295594308,13204.440639698558,tight,0.5,moderate_av
2,1500,d9322babd189499956610877b248c22df3ae9196d212e12d27f427e06607a6af,OFAT_BASE,P3_shared_comp,ODD-Gated Price-Aware Matching,45.23448817135378,31410.64757434088,32590.64757434088,1180.0,19449.86295594308,13204.440639698558,moderate,0.0,moderate_av
2,1500,d9322babd189499956610877b248c22df3ae9196d212e12d27f427e06607a6af,OFAT_BASE,P3_shared_comp,ODD-Gated Price-Aware Matching,45.23448817135378,31410.64757434088,32590.64757434088,1180.0,19449.86295594308,13204.440639698558,moderate,0.25,moderate_av
2,1500,d9322babd189499956610877b248c22df3ae9196d212e12d27f427e06607a6af,OFAT_BASE,P3_shared_comp,ODD-Gated Price-Aware Matching,45.23448817135378,31410.64757434088,32590.64757434088,1180.0,19449.86295594308,13204.440639698558,moderate,0.75,moderate_av
2,1500,d9322babd189499956610877b248c22df3ae9196d212e12d27f427e06607a6af,OFAT_BASE,P3_shared_comp,ODD-Gated Price-Aware Matching,45.23448817135378,31410.64757434088,32590.64757434088,1180.0,19449.86295594308,13204.440639698558,moderate,0.5,conservative_av
2,1500,d9322babd189499956610877b248c22df3ae9196d212e12d27f427e06607a6af,OFAT_BASE,P3_shared_comp,ODD-Gated Price-Aware Matching,45.23448817135378,31410.64757434088,32590.64757434088,1180.0,19449.86295594308,13204.440639698558,moderate,0.5,mature_av
2,1500,d9322babd189499956610877b248c22df3ae9196d212e12d27f427e06607a6af,OFAT_BASE,P3_shared_comp,ODD-Gated Price-Aware Matching,45.23448817135378,31410.64757434088,32590.64757434088,1180.0,19449.86295594308,13204.440639698558,moderate,0.5,intersection_sensitive_av
2,1500,d9322babd189499956610877b248c22df3ae9196d212e12d27f427e06607a6af,OFAT_BASE,P3_shared_comp,ODD-Gated Price-Aware Matching,45.23448817135378,31410.64757434088,32590.64757434088,1180.0,19449.86295594308,13204.440639698558,moderate,0.5,uncertainty_sensitive_av
2,1500,d9322babd189499956610877b248c22df3ae9196d212e12d27f427e06607a6af,OFAT_BASE,P0_uniform,ODD-Gated Price-Aware Matching,44.14101440969338,32411.35857453615,33581.35857453615,1170.0,14173.761941334338,8794.087524912798,moderate,0.5,moderate_av
2,1500,d9322babd189499956610877b248c22df3ae9196d212e12d27f427e06607a6af,OFAT_BASE,P1_platform_funded_comp,ODD-Gated Price-Aware Matching,44.17771022809057,29979.9752819564,31139.9752819564,1160.0,14212.13987483578,9641.901921101518,moderate,0.5,moderate_av
2,1500,d9322babd189499956610877b248c22df3ae9196d212e12d27f427e06607a6af,OFAT_BASE,P2_passenger_funded_comp,ODD-Gated Price-Aware Matching,45.90980642036702,34576.25459611715,35771.25459611715,1195.0,16931.89865490673,11475.464999113958,moderate,0.5,moderate_av
2,1500,d9322babd189499956610877b248c22df3ae9196d212e12d27f427e06607a6af,OFAT_BASE,P4_av_discount_hv_comp,ODD-Gated Price-Aware Matching,44.19729742846384,30499.7645903754,31629.7645903754,1130.0,17003.023633219716,11716.540010907582,moderate,0.5,moderate_av
2,1500,d9322babd189499956610877b248c22df3ae9196d212e12d27f427e06607a6af,OFAT_BASE,P5_three_stakeholder_balanced,ODD-Gated Price-Aware Matching,44.15975274611652,30002.85894639006,31287.85894639006,1285.0,17111.408782882016,11904.261875897057,moderate,0.5,moderate_av
2,1500,f2a256434cd716db0af17c40793601979b91c17c580de102bd8741d4facf3f40,INT_AV0.00_conservative_av,P3_shared_comp,ODD-Gated Price-Aware Matching,45.44835324266214,26845.37941827864,28045.37941827864,1200.0,30017.11850953718,20555.22318146637,moderate,0.0,conservative_av
2,1500,f2a256434cd716db0af17c40793601979b91c17c580de102bd8741d4facf3f40,INT_AV0.00_moderate_av,P3_shared_comp,ODD-Gated Price-Aware Matching,45.44835324266214,26845.37941827864,28045.37941827864,1200.0,30017.11850953718,20555.22318146637,moderate,0.0,moderate_av
2,1500,f2a256434cd716db0af17c40793601979b91c17c580de102bd8741d4facf3f40,INT_AV0.00_mature_av,P3_shared_comp,ODD-Gated Price-Aware Matching,45.44835324266214,26845.37941827864,28045.37941827864,1200.0,30017.11850953718,20555.22318146637,moderate,0.0,mature_av
2,1500,f2a256434cd716db0af17c40793601979b91c17c580de102bd8741d4facf3f40,INT_AV0.00_intersection_sensitive_av,P3_shared_comp,ODD-Gated Price-Aware Matching,45.44835324266214,26845.37941827864,28045.37941827864,1200.0,30017.11850953718,20555.22318146637,moderate,0.0,intersection_sensitive_av
2,1500,f2a256434cd716db0af17c40793601979b91c17c580de102bd8741d4facf3f40,INT_AV0.00_uncertainty_sensitive_av,P3_shared_comp,ODD-Gated Price-Aware Matching,45.44835324266214,26845.37941827864,28045.37941827864,1200.0,30017.11850953718,20555.22318146637,moderate,0.0,uncertainty_sensitive_av
2,1500,df6110ae40a8c1a53223c1791a6cc2fa85138144b550ad8e937ff426ae1f43c1,INT_AV0.25_conservative_av,P3_shared_comp,ODD-Gated Price-Aware Matching,45.37910459109074,28913.42168041339,30103.42168041339,1190.0,25440.446614928063,17365.487937628415,moderate,0.25,conservative_av
2,1500,df6110ae40a8c1a53223c1791a6cc2fa85138144b550ad8e937ff426ae1f43c1,INT_AV0.25_moderate_av,P3_shared_comp,ODD-Gated Price-Aware Matching,45.04543802346859,31561.198018591007,32741.198018591007,1180.0,18449.97636990609,12542.461152854396,moderate,0.25,moderate_av
2,1500,df6110ae40a8c1a53223c1791a6cc2fa85138144b550ad8e937ff426ae1f43c1,INT_AV0.25_mature_av,P3_shared_comp,ODD-Gated Price-Aware Matching,44.70612275866451,33388.00146593702,34568.00146593702,1180.0,12356.47227262508,8403.066235920232,moderate,0.25,mature_av
2,1500,df6110ae40a8c1a53223c1791a6cc2fa85138144b550ad8e937ff426ae1f43c1,INT_AV0.25_intersection_sensitive_av,P3_shared_comp,ODD-Gated Price-Aware Matching,45.27304035153856,29863.65531046922,31048.65531046922,1185.0,23209.84439686104,15820.052003720484,moderate,0.25,intersection_sensitive_av
2,1500,df6110ae40a8c1a53223c1791a6cc2fa85138144b550ad8e937ff426ae1f43c1,INT_AV0.25_uncertainty_sensitive_av,P3_shared_comp,ODD-Gated Price-Aware Matching,45.214295419436056,30397.461268841183,31577.461268841183,1180.0,21745.115663214863,14815.933847504302,moderate,0.25,uncertainty_sensitive_av
2,1500,d9322babd189499956610877b248c22df3ae9196d212e12d27f427e06607a6af,INT_AV0.50_conservative_av,P3_shared_comp,ODD-Gated Price-Aware Matching,45.32909735350066,29571.59489411251,30771.59489411251,1200.0,23699.778274612512,16143.105547097268,moderate,0.5,conservative_av
2,1500,d9322babd189499956610877b248c22df3ae9196d212e12d27f427e06607a6af,INT_AV0.50_moderate_av,P3_shared_comp,ODD-Gated Price-Aware Matching,45.09896194709855,32321.966366817996,33491.96636681799,1170.0,16716.231839653363,11327.858501318602,moderate,0.5,moderate_av
2,1500,d9322babd189499956610877b248c22df3ae9196d212e12d27f427e06607a6af,INT_AV0.50_mature_av,P3_shared_comp,ODD-Gated Price-Aware Matching,44.62394984029515,33966.78273461256,35146.78273461256,1180.0,10769.961487428853,7309.702462492216,moderate,0.5,mature_av
2,1500,d9322babd189499956610877b248c22df3ae9196d212e12d27f427e06607a6af,INT_AV0.50_intersection_sensitive_av,P3_shared_comp,ODD-Gated Price-Aware Matching,45.26440613759823,30695.24146726598,31885.24146726598,1190.0,21200.086714466182,14410.274830419496,moderate,0.5,intersection_sensitive_av
2,1500,d9322babd189499956610877b248c22df3ae9196d212e12d27f427e06607a6af,INT_AV0.50_uncertainty_sensitive_av,P3_shared_comp,ODD-Gated Price-Aware Matching,45.23448817135378,31410.64757434088,32590.64757434088,1180.0,19449.86295594308,13204.440639698558,moderate,0.5,uncertainty_sensitive_av
2,1500,39a668aed989979f226a85bdd856fde079c960335047a7c1414c7a1e56a94a48,INT_AV0.75_conservative_av,P3_shared_comp,ODD-Gated Price-Aware Matching,45.6169189813312,20801.72170775396,23531.72170775396,2730.0,11787.185786904634,7917.819780792927,moderate,0.75,conservative_av
2,1500,39a668aed989979f226a85bdd856fde079c960335047a7c1414c7a1e56a94a48,INT_AV0.75_moderate_av,P3_shared_comp,ODD-Gated Price-Aware Matching,44.40501867800237,29255.593820250266,31045.593820250266,1790.0,6739.988818539543,4500.144516123854,moderate,0.75,moderate_av
2,1500,39a668aed989979f226a85bdd856fde079c960335047a7c1414c7a1e56a94a48,INT_AV0.75_mature_av,P3_shared_comp,ODD-Gated Price-Aware Matching,44.27678136705708,34791.424074476,36176.424074476,1385.0,2417.0540022053547,1600.2551957442497,moderate,0.75,mature_av
2,1500,39a668aed989979f226a85bdd856fde079c960335047a7c1414c7a1e56a94a48,INT_AV0.75_intersection_sensitive_av,P3_shared_comp,ODD-Gated Price-Aware Matching,44.85826533369132,23501.5112825372,25926.5112825372,2425.0,10660.549993064587,7179.667172574655,moderate,0.75,intersection_sensitive_av
2,1500,39a668aed989979f226a85bdd856fde079c960335047a7c1414c7a1e56a94a48,INT_AV0.75_uncertainty_sensitive_av,P3_shared_comp,ODD-Gated Price-Aware Matching,45.3521985231614,24948.361770956217,27383.361770956217,2435.0,10012.51186284125,6732.952220325913,moderate,0.75,uncertainty_sensitive_av
3,1500,d59aec6f7ac7f5c4792c2435789bc08df2361cf1f977d6b637dd2e7871b42bbf,B0_minpickup_uniform,P0_uniform,GlobalMatch-MinPickup,45.38957885611316,32888.54432081454,33743.54432081454,855.0,14559.395874947842,9415.304547140991,moderate,0.5,moderate_av
3,1500,d59aec6f7ac7f5c4792c2435789bc08df2361cf1f977d6b637dd2e7871b42bbf,B1_mincost_uniform,P0_uniform,GlobalMatch-MinOperatingCost,45.35421167867073,37246.19769798522,38106.19769798522,860.0,10876.436161680896,6933.431032093635,moderate,0.5,moderate_av
3,1500,d59aec6f7ac7f5c4792c2435789bc08df2361cf1f977d6b637dd2e7871b42bbf,B2_oddgate_uniform,P0_uniform,ODD Gate Only,45.38957885611316,33945.39708256234,34800.39708256234,855.0,15838.650789432442,10222.627445139193,moderate,0.5,moderate_av
3,1500,d59aec6f7ac7f5c4792c2435789bc08df2361cf1f977d6b637dd2e7871b42bbf,B3_odd_price_shared,P3_shared_comp,ODD-Gated Price-Aware Matching,45.91259901228048,36816.48093233814,37691.48093233814,875.0,12858.738302361042,8844.162798491507,moderate,0.5,moderate_av
3,1500,d59aec6f7ac7f5c4792c2435789bc08df2361cf1f977d6b637dd2e7871b42bbf,B4_odd_price_avdiscount,P4_av_discount_hv_comp,ODD-Gated Price-Aware Matching,44.872280053585065,35352.36252646328,36177.36252646328,825.0,12446.062058438918,8680.346145675026,moderate,0.5,moderate_av
3,1500,d59aec6f7ac7f5c4792c2435789bc08df2361cf1f977d6b637dd2e7871b42bbf,B5_weighted_heuristic,P5_three_stakeholder_balanced,Weighted Stakeholder Heuristic,45.19253293035885,33736.00255625218,34706.00255625218,970.0,17304.02896777178,12085.586862292595,moderate,0.5,moderate_av
3,1500,d59aec6f7ac7f5c4792c2435789bc08df2361cf1f977d6b637dd2e7871b42bbf,B6_three_stakeholder_balanced,P5_three_stakeholder_balanced,Three-Stakeholder Balanced,44.661513240798165,34723.19452548852,35723.19452548852,1000.0,12442.13677642338,8739.873815218169,moderate,0.5,moderate_av
3,1500,6248f21adeefb333b9babed93744efb7188432d513ca96c62596cb96544c7c6c,OFAT_BASE,P3_shared_comp,ODD-Gated Price-Aware Matching,45.89681270468897,36934.25177184669,37809.25177184669,875.0,12399.25104287583,8533.95620431453,abundant,0.5,moderate_av
3,1500,6248f21adeefb333b9babed93744efb7188432d513ca96c62596cb96544c7c6c,OFAT_BASE,P3_shared_comp,ODD-Gated Price-Aware Matching,45.89681270468897,36934.25177184669,37809.25177184669,875.0,12399.25104287583,8533.95620431453,moderate,0.5,moderate_av
3,1500,6248f21adeefb333b9babed93744efb7188432d513ca96c62596cb96544c7c6c,OFAT_BASE,P3_shared_comp,ODD-Gated Price-Aware Matching,45.89681270468897,36934.25177184669,37809.25177184669,875.0,12399.25104287583,8533.95620431453,tight,0.5,moderate_av
3,1500,6248f21adeefb333b9babed93744efb7188432d513ca96c62596cb96544c7c6c,OFAT_BASE,P3_shared_comp,ODD-Gated Price-Aware Matching,45.89681270468897,36934.25177184669,37809.25177184669,875.0,12399.25104287583,8533.95620431453,moderate,0.0,moderate_av
3,1500,6248f21adeefb333b9babed93744efb7188432d513ca96c62596cb96544c7c6c,OFAT_BASE,P3_shared_comp,ODD-Gated Price-Aware Matching,45.89681270468897,36934.25177184669,37809.25177184669,875.0,12399.25104287583,8533.95620431453,moderate,0.25,moderate_av
3,1500,6248f21adeefb333b9babed93744efb7188432d513ca96c62596cb96544c7c6c,OFAT_BASE,P3_shared_comp,ODD-Gated Price-Aware Matching,45.89681270468897,36934.25177184669,37809.25177184669,875.0,12399.25104287583,8533.95620431453,moderate,0.75,moderate_av
3,1500,6248f21adeefb333b9babed93744efb7188432d513ca96c62596cb96544c7c6c,OFAT_BASE,P3_shared_comp,ODD-Gated Price-Aware Matching,45.89681270468897,36934.25177184669,37809.25177184669,875.0,12399.25104287583,8533.95620431453,moderate,0.5,conservative_av
3,1500,6248f21adeefb333b9babed93744efb7188432d513ca96c62596cb96544c7c6c,OFAT_BASE,P3_shared_comp,ODD-Gated Price-Aware Matching,45.89681270468897,36934.25177184669,37809.25177184669,875.0,12399.25104287583,8533.95620431453,moderate,0.5,mature_av
3,1500,6248f21adeefb333b9babed93744efb7188432d513ca96c62596cb96544c7c6c,OFAT_BASE,P3_shared_comp,ODD-Gated Price-Aware Matching,45.89681270468897,36934.25177184669,37809.25177184669,875.0,12399.25104287583,8533.95620431453,moderate,0.5,intersection_sensitive_av
3,1500,6248f21adeefb333b9babed93744efb7188432d513ca96c62596cb96544c7c6c,OFAT_BASE,P3_shared_comp,ODD-Gated Price-Aware Matching,45.89681270468897,36934.25177184669,37809.25177184669,875.0,12399.25104287583,8533.95620431453,moderate,0.5,uncertainty_sensitive_av
3,1500,d59aec6f7ac7f5c4792c2435789bc08df2361cf1f977d6b637dd2e7871b42bbf,OFAT_BASE,P3_shared_comp,ODD-Gated Price-Aware Matching,45.91259901228048,36816.48093233814,37691.48093233814,875.0,12858.738302361042,8844.162798491507,abundant,0.5,moderate_av
3,1500,d59aec6f7ac7f5c4792c2435789bc08df2361cf1f977d6b637dd2e7871b42bbf,OFAT_BASE,P3_shared_comp,ODD-Gated Price-Aware Matching,45.91259901228048,36816.48093233814,37691.48093233814,875.0,12858.738302361042,8844.162798491507,moderate,0.5,moderate_av
3,1500,d59aec6f7ac7f5c4792c2435789bc08df2361cf1f977d6b637dd2e7871b42bbf,OFAT_BASE,P3_shared_comp,ODD-Gated Price-Aware Matching,45.91259901228048,36816.48093233814,37691.48093233814,875.0,12858.738302361042,8844.162798491507,tight,0.5,moderate_av
3,1500,d59aec6f7ac7f5c4792c2435789bc08df2361cf1f977d6b637dd2e7871b42bbf,OFAT_BASE,P3_shared_comp,ODD-Gated Price-Aware Matching,45.91259901228048,36816.48093233814,37691.48093233814,875.0,12858.738302361042,8844.162798491507,moderate,0.0,moderate_av
3,1500,d59aec6f7ac7f5c4792c2435789bc08df2361cf1f977d6b637dd2e7871b42bbf,OFAT_BASE,P3_shared_comp,ODD-Gated Price-Aware Matching,45.91259901228048,36816.48093233814,37691.48093233814,875.0,12858.738302361042,8844.162798491507,moderate,0.25,moderate_av
3,1500,d59aec6f7ac7f5c4792c2435789bc08df2361cf1f977d6b637dd2e7871b42bbf,OFAT_BASE,P3_shared_comp,ODD-Gated Price-Aware Matching,45.91259901228048,36816.48093233814,37691.48093233814,875.0,12858.738302361042,8844.162798491507,moderate,0.75,moderate_av
3,1500,d59aec6f7ac7f5c4792c2435789bc08df2361cf1f977d6b637dd2e7871b42bbf,OFAT_BASE,P3_shared_comp,ODD-Gated Price-Aware Matching,45.91259901228048,36816.48093233814,37691.48093233814,875.0,12858.738302361042,8844.162798491507,moderate,0.5,conservative_av
3,1500,d59aec6f7ac7f5c4792c2435789bc08df2361cf1f977d6b637dd2e7871b42bbf,OFAT_BASE,P3_shared_comp,ODD-Gated Price-Aware Matching,45.91259901228048,36816.48093233814,37691.48093233814,875.0,12858.738302361042,8844.162798491507,moderate,0.5,mature_av
3,1500,d59aec6f7ac7f5c4792c2435789bc08df2361cf1f977d6b637dd2e7871b42bbf,OFAT_BASE,P3_shared_comp,ODD-Gated Price-Aware Matching,45.91259901228048,36816.48093233814,37691.48093233814,875.0,12858.738302361042,8844.162798491507,moderate,0.5,intersection_sensitive_av
3,1500,d59aec6f7ac7f5c4792c2435789bc08df2361cf1f977d6b637dd2e7871b42bbf,OFAT_BASE,P3_shared_comp,ODD-Gated Price-Aware Matching,45.91259901228048,36816.48093233814,37691.48093233814,875.0,12858.738302361042,8844.162798491507,moderate,0.5,uncertainty_sensitive_av
3,1500,d0481d73f7a91b38d8ecb90f37dcee25fb5f0ad7abf850c93e01e36dcec9e46f,OFAT_BASE,P3_shared_comp,ODD-Gated Price-Aware Matching,45.96739133764918,37156.68471565961,38021.68471565961,865.0,12445.404918796208,8556.142257021198,abundant,0.5,moderate_av
3,1500,d0481d73f7a91b38d8ecb90f37dcee25fb5f0ad7abf850c93e01e36dcec9e46f,OFAT_BASE,P3_shared_comp,ODD-Gated Price-Aware Matching,45.96739133764918,37156.68471565961,38021.68471565961,865.0,12445.404918796208,8556.142257021198,moderate,0.5,moderate_av
3,1500,d0481d73f7a91b38d8ecb90f37dcee25fb5f0ad7abf850c93e01e36dcec9e46f,OFAT_BASE,P3_shared_comp,ODD-Gated Price-Aware Matching,45.96739133764918,37156.68471565961,38021.68471565961,865.0,12445.404918796208,8556.142257021198,tight,0.5,moderate_av
3,1500,d0481d73f7a91b38d8ecb90f37dcee25fb5f0ad7abf850c93e01e36dcec9e46f,OFAT_BASE,P3_shared_comp,ODD-Gated Price-Aware Matching,45.96739133764918,37156.68471565961,38021.68471565961,865.0,12445.404918796208,8556.142257021198,moderate,0.0,moderate_av
3,1500,d0481d73f7a91b38d8ecb90f37dcee25fb5f0ad7abf850c93e01e36dcec9e46f,OFAT_BASE,P3_shared_comp,ODD-Gated Price-Aware Matching,45.96739133764918,37156.68471565961,38021.68471565961,865.0,12445.404918796208,8556.142257021198,moderate,0.25,moderate_av
3,1500,d0481d73f7a91b38d8ecb90f37dcee25fb5f0ad7abf850c93e01e36dcec9e46f,OFAT_BASE,P3_shared_comp,ODD-Gated Price-Aware Matching,45.96739133764918,37156.68471565961,38021.68471565961,865.0,12445.404918796208,8556.142257021198,moderate,0.75,moderate_av
3,1500,d0481d73f7a91b38d8ecb90f37dcee25fb5f0ad7abf850c93e01e36dcec9e46f,OFAT_BASE,P3_shared_comp,ODD-Gated Price-Aware Matching,45.96739133764918,37156.68471565961,38021.68471565961,865.0,12445.404918796208,8556.142257021198,moderate,0.5,conservative_av
3,1500,d0481d73f7a91b38d8ecb90f37dcee25fb5f0ad7abf850c93e01e36dcec9e46f,OFAT_BASE,P3_shared_comp,ODD-Gated Price-Aware Matching,45.96739133764918,37156.68471565961,38021.68471565961,865.0,12445.404918796208,8556.142257021198,moderate,0.5,mature_av
3,1500,d0481d73f7a91b38d8ecb90f37dcee25fb5f0ad7abf850c93e01e36dcec9e46f,OFAT_BASE,P3_shared_comp,ODD-Gated Price-Aware Matching,45.96739133764918,37156.68471565961,38021.68471565961,865.0,12445.404918796208,8556.142257021198,moderate,0.5,intersection_sensitive_av
3,1500,d0481d73f7a91b38d8ecb90f37dcee25fb5f0ad7abf850c93e01e36dcec9e46f,OFAT_BASE,P3_shared_comp,ODD-Gated Price-Aware Matching,45.96739133764918,37156.68471565961,38021.68471565961,865.0,12445.404918796208,8556.142257021198,moderate,0.5,uncertainty_sensitive_av
3,1500,df5fd88496c40f9dd4fdf0709331ad04d4fd92343207d28e378f13d44cfc504b,OFAT_BASE,P3_shared_comp,ODD-Gated Price-Aware Matching,46.35319995140635,29148.52781771926,30073.52781771926,925.0,31495.336241124183,21743.365321168763,abundant,0.5,moderate_av
3,1500,df5fd88496c40f9dd4fdf0709331ad04d4fd92343207d28e378f13d44cfc504b,OFAT_BASE,P3_shared_comp,ODD-Gated Price-Aware Matching,46.35319995140635,29148.52781771926,30073.52781771926,925.0,31495.336241124183,21743.365321168763,moderate,0.5,moderate_av
3,1500,df5fd88496c40f9dd4fdf0709331ad04d4fd92343207d28e378f13d44cfc504b,OFAT_BASE,P3_shared_comp,ODD-Gated Price-Aware Matching,46.35319995140635,29148.52781771926,30073.52781771926,925.0,31495.336241124183,21743.365321168763,tight,0.5,moderate_av
3,1500,df5fd88496c40f9dd4fdf0709331ad04d4fd92343207d28e378f13d44cfc504b,OFAT_BASE,P3_shared_comp,ODD-Gated Price-Aware Matching,46.35319995140635,29148.52781771926,30073.52781771926,925.0,31495.336241124183,21743.365321168763,moderate,0.0,moderate_av
3,1500,df5fd88496c40f9dd4fdf0709331ad04d4fd92343207d28e378f13d44cfc504b,OFAT_BASE,P3_shared_comp,ODD-Gated Price-Aware Matching,46.35319995140635,29148.52781771926,30073.52781771926,925.0,31495.336241124183,21743.365321168763,moderate,0.25,moderate_av
3,1500,df5fd88496c40f9dd4fdf0709331ad04d4fd92343207d28e378f13d44cfc504b,OFAT_BASE,P3_shared_comp,ODD-Gated Price-Aware Matching,46.35319995140635,29148.52781771926,30073.52781771926,925.0,31495.336241124183,21743.365321168763,moderate,0.75,moderate_av
3,1500,df5fd88496c40f9dd4fdf0709331ad04d4fd92343207d28e378f13d44cfc504b,OFAT_BASE,P3_shared_comp,ODD-Gated Price-Aware Matching,46.35319995140635,29148.52781771926,30073.52781771926,925.0,31495.336241124183,21743.365321168763,moderate,0.5,conservative_av
3,1500,df5fd88496c40f9dd4fdf0709331ad04d4fd92343207d28e378f13d44cfc504b,OFAT_BASE,P3_shared_comp,ODD-Gated Price-Aware Matching,46.35319995140635,29148.52781771926,30073.52781771926,925.0,31495.336241124183,21743.365321168763,moderate,0.5,mature_av
3,1500,df5fd88496c40f9dd4fdf0709331ad04d4fd92343207d28e378f13d44cfc504b,OFAT_BASE,P3_shared_comp,ODD-Gated Price-Aware Matching,46.35319995140635,29148.52781771926,30073.52781771926,925.0,31495.336241124183,21743.365321168763,moderate,0.5,intersection_sensitive_av
3,1500,df5fd88496c40f9dd4fdf0709331ad04d4fd92343207d28e378f13d44cfc504b,OFAT_BASE,P3_shared_comp,ODD-Gated Price-Aware Matching,46.35319995140635,29148.52781771926,30073.52781771926,925.0,31495.336241124183,21743.365321168763,moderate,0.5,uncertainty_sensitive_av
3,1500,61b6f894dc958da09c84af32e76699bb98e0e025bed873e8b198d65de951f778,OFAT_BASE,P3_shared_comp,ODD-Gated Price-Aware Matching,45.91759356910513,36355.17770922103,37235.17770922103,880.0,13901.121360104777,9567.958560191462,abundant,0.5,moderate_av
3,1500,61b6f894dc958da09c84af32e76699bb98e0e025bed873e8b198d65de951f778,OFAT_BASE,P3_shared_comp,ODD-Gated Price-Aware Matching,45.91759356910513,36355.17770922103,37235.17770922103,880.0,13901.121360104777,9567.958560191462,moderate,0.5,moderate_av
3,1500,61b6f894dc958da09c84af32e76699bb98e0e025bed873e8b198d65de951f778,OFAT_BASE,P3_shared_comp,ODD-Gated Price-Aware Matching,45.91759356910513,36355.17770922103,37235.17770922103,880.0,13901.121360104777,9567.958560191462,tight,0.5,moderate_av
3,1500,61b6f894dc958da09c84af32e76699bb98e0e025bed873e8b198d65de951f778,OFAT_BASE,P3_shared_comp,ODD-Gated Price-Aware Matching,45.91759356910513,36355.17770922103,37235.17770922103,880.0,13901.121360104777,9567.958560191462,moderate,0.0,moderate_av
3,1500,61b6f894dc958da09c84af32e76699bb98e0e025bed873e8b198d65de951f778,OFAT_BASE,P3_shared_comp,ODD-Gated Price-Aware Matching,45.91759356910513,36355.17770922103,37235.17770922103,880.0,13901.121360104777,9567.958560191462,moderate,0.25,moderate_av
3,1500,61b6f894dc958da09c84af32e76699bb98e0e025bed873e8b198d65de951f778,OFAT_BASE,P3_shared_comp,ODD-Gated Price-Aware Matching,45.91759356910513,36355.17770922103,37235.17770922103,880.0,13901.121360104777,9567.958560191462,moderate,0.75,moderate_av
3,1500,61b6f894dc958da09c84af32e76699bb98e0e025bed873e8b198d65de951f778,OFAT_BASE,P3_shared_comp,ODD-Gated Price-Aware Matching,45.91759356910513,36355.17770922103,37235.17770922103,880.0,13901.121360104777,9567.958560191462,moderate,0.5,conservative_av
3,1500,61b6f894dc958da09c84af32e76699bb98e0e025bed873e8b198d65de951f778,OFAT_BASE,P3_shared_comp,ODD-Gated Price-Aware Matching,45.91759356910513,36355.17770922103,37235.17770922103,880.0,13901.121360104777,9567.958560191462,moderate,0.5,mature_av
3,1500,61b6f894dc958da09c84af32e76699bb98e0e025bed873e8b198d65de951f778,OFAT_BASE,P3_shared_comp,ODD-Gated Price-Aware Matching,45.91759356910513,36355.17770922103,37235.17770922103,880.0,13901.121360104777,9567.958560191462,moderate,0.5,intersection_sensitive_av
3,1500,61b6f894dc958da09c84af32e76699bb98e0e025bed873e8b198d65de951f778,OFAT_BASE,P3_shared_comp,ODD-Gated Price-Aware Matching,45.91759356910513,36355.17770922103,37235.17770922103,880.0,13901.121360104777,9567.958560191462,moderate,0.5,uncertainty_sensitive_av
3,1500,b592f99cd06bda7508211ce0069b523c4f05d489800ee5b631eb9065a3244e2f,OFAT_BASE,P3_shared_comp,ODD-Gated Price-Aware Matching,45.56934741678058,37092.97762904141,38202.97762904141,1110.0,4068.006102080247,2766.030438524567,abundant,0.5,moderate_av
3,1500,b592f99cd06bda7508211ce0069b523c4f05d489800ee5b631eb9065a3244e2f,OFAT_BASE,P3_shared_comp,ODD-Gated Price-Aware Matching,45.56934741678058,37092.97762904141,38202.97762904141,1110.0,4068.006102080247,2766.030438524567,moderate,0.5,moderate_av
3,1500,b592f99cd06bda7508211ce0069b523c4f05d489800ee5b631eb9065a3244e2f,OFAT_BASE,P3_shared_comp,ODD-Gated Price-Aware Matching,45.56934741678058,37092.97762904141,38202.97762904141,1110.0,4068.006102080247,2766.030438524567,tight,0.5,moderate_av
3,1500,b592f99cd06bda7508211ce0069b523c4f05d489800ee5b631eb9065a3244e2f,OFAT_BASE,P3_shared_comp,ODD-Gated Price-Aware Matching,45.56934741678058,37092.97762904141,38202.97762904141,1110.0,4068.006102080247,2766.030438524567,moderate,0.0,moderate_av
3,1500,b592f99cd06bda7508211ce0069b523c4f05d489800ee5b631eb9065a3244e2f,OFAT_BASE,P3_shared_comp,ODD-Gated Price-Aware Matching,45.56934741678058,37092.97762904141,38202.97762904141,1110.0,4068.006102080247,2766.030438524567,moderate,0.25,moderate_av
3,1500,b592f99cd06bda7508211ce0069b523c4f05d489800ee5b631eb9065a3244e2f,OFAT_BASE,P3_shared_comp,ODD-Gated Price-Aware Matching,45.56934741678058,37092.97762904141,38202.97762904141,1110.0,4068.006102080247,2766.030438524567,moderate,0.75,moderate_av
3,1500,b592f99cd06bda7508211ce0069b523c4f05d489800ee5b631eb9065a3244e2f,OFAT_BASE,P3_shared_comp,ODD-Gated Price-Aware Matching,45.56934741678058,37092.97762904141,38202.97762904141,1110.0,4068.006102080247,2766.030438524567,moderate,0.5,conservative_av
3,1500,b592f99cd06bda7508211ce0069b523c4f05d489800ee5b631eb9065a3244e2f,OFAT_BASE,P3_shared_comp,ODD-Gated Price-Aware Matching,45.56934741678058,37092.97762904141,38202.97762904141,1110.0,4068.006102080247,2766.030438524567,moderate,0.5,mature_av
3,1500,b592f99cd06bda7508211ce0069b523c4f05d489800ee5b631eb9065a3244e2f,OFAT_BASE,P3_shared_comp,ODD-Gated Price-Aware Matching,45.56934741678058,37092.97762904141,38202.97762904141,1110.0,4068.006102080247,2766.030438524567,moderate,0.5,intersection_sensitive_av
3,1500,b592f99cd06bda7508211ce0069b523c4f05d489800ee5b631eb9065a3244e2f,OFAT_BASE,P3_shared_comp,ODD-Gated Price-Aware Matching,45.56934741678058,37092.97762904141,38202.97762904141,1110.0,4068.006102080247,2766.030438524567,moderate,0.5,uncertainty_sensitive_av
3,1500,d59aec6f7ac7f5c4792c2435789bc08df2361cf1f977d6b637dd2e7871b42bbf,OFAT_BASE,P3_shared_comp,ODD-Gated Price-Aware Matching,46.14752638609291,33705.48664200671,34600.48664200671,895.0,20991.735061348765,14424.551257852232,abundant,0.5,moderate_av
3,1500,d59aec6f7ac7f5c4792c2435789bc08df2361cf1f977d6b637dd2e7871b42bbf,OFAT_BASE,P3_shared_comp,ODD-Gated Price-Aware Matching,46.14752638609291,33705.48664200671,34600.48664200671,895.0,20991.735061348765,14424.551257852232,moderate,0.5,moderate_av
3,1500,d59aec6f7ac7f5c4792c2435789bc08df2361cf1f977d6b637dd2e7871b42bbf,OFAT_BASE,P3_shared_comp,ODD-Gated Price-Aware Matching,46.14752638609291,33705.48664200671,34600.48664200671,895.0,20991.735061348765,14424.551257852232,tight,0.5,moderate_av
3,1500,d59aec6f7ac7f5c4792c2435789bc08df2361cf1f977d6b637dd2e7871b42bbf,OFAT_BASE,P3_shared_comp,ODD-Gated Price-Aware Matching,46.14752638609291,33705.48664200671,34600.48664200671,895.0,20991.735061348765,14424.551257852232,moderate,0.0,moderate_av
3,1500,d59aec6f7ac7f5c4792c2435789bc08df2361cf1f977d6b637dd2e7871b42bbf,OFAT_BASE,P3_shared_comp,ODD-Gated Price-Aware Matching,46.14752638609291,33705.48664200671,34600.48664200671,895.0,20991.735061348765,14424.551257852232,moderate,0.25,moderate_av
3,1500,d59aec6f7ac7f5c4792c2435789bc08df2361cf1f977d6b637dd2e7871b42bbf,OFAT_BASE,P3_shared_comp,ODD-Gated Price-Aware Matching,46.14752638609291,33705.48664200671,34600.48664200671,895.0,20991.735061348765,14424.551257852232,moderate,0.75,moderate_av
3,1500,d59aec6f7ac7f5c4792c2435789bc08df2361cf1f977d6b637dd2e7871b42bbf,OFAT_BASE,P3_shared_comp,ODD-Gated Price-Aware Matching,46.14752638609291,33705.48664200671,34600.48664200671,895.0,20991.735061348765,14424.551257852232,moderate,0.5,conservative_av
3,1500,d59aec6f7ac7f5c4792c2435789bc08df2361cf1f977d6b637dd2e7871b42bbf,OFAT_BASE,P3_shared_comp,ODD-Gated Price-Aware Matching,46.14752638609291,33705.48664200671,34600.48664200671,895.0,20991.735061348765,14424.551257852232,moderate,0.5,mature_av
3,1500,d59aec6f7ac7f5c4792c2435789bc08df2361cf1f977d6b637dd2e7871b42bbf,OFAT_BASE,P3_shared_comp,ODD-Gated Price-Aware Matching,46.14752638609291,33705.48664200671,34600.48664200671,895.0,20991.735061348765,14424.551257852232,moderate,0.5,intersection_sensitive_av
3,1500,d59aec6f7ac7f5c4792c2435789bc08df2361cf1f977d6b637dd2e7871b42bbf,OFAT_BASE,P3_shared_comp,ODD-Gated Price-Aware Matching,46.14752638609291,33705.48664200671,34600.48664200671,895.0,20991.735061348765,14424.551257852232,moderate,0.5,uncertainty_sensitive_av
3,1500,d59aec6f7ac7f5c4792c2435789bc08df2361cf1f977d6b637dd2e7871b42bbf,OFAT_BASE,P3_shared_comp,ODD-Gated Price-Aware Matching,45.655262472839205,38775.83858512453,39650.83858512453,875.0,8179.0516334877775,5639.070022560104,abundant,0.5,moderate_av
3,1500,d59aec6f7ac7f5c4792c2435789bc08df2361cf1f977d6b637dd2e7871b42bbf,OFAT_BASE,P3_shared_comp,ODD-Gated Price-Aware Matching,45.655262472839205,38775.83858512453,39650.83858512453,875.0,8179.0516334877775,5639.070022560104,moderate,0.5,moderate_av
3,1500,d59aec6f7ac7f5c4792c2435789bc08df2361cf1f977d6b637dd2e7871b42bbf,OFAT_BASE,P3_shared_comp,ODD-Gated Price-Aware Matching,45.655262472839205,38775.83858512453,39650.83858512453,875.0,8179.0516334877775,5639.070022560104,tight,0.5,moderate_av
3,1500,d59aec6f7ac7f5c4792c2435789bc08df2361cf1f977d6b637dd2e7871b42bbf,OFAT_BASE,P3_shared_comp,ODD-Gated Price-Aware Matching,45.655262472839205,38775.83858512453,39650.83858512453,875.0,8179.0516334877775,5639.070022560104,moderate,0.0,moderate_av
3,1500,d59aec6f7ac7f5c4792c2435789bc08df2361cf1f977d6b637dd2e7871b42bbf,OFAT_BASE,P3_shared_comp,ODD-Gated Price-Aware Matching,45.655262472839205,38775.83858512453,39650.83858512453,875.0,8179.0516334877775,5639.070022560104,moderate,0.25,moderate_av
3,1500,d59aec6f7ac7f5c4792c2435789bc08df2361cf1f977d6b637dd2e7871b42bbf,OFAT_BASE,P3_shared_comp,ODD-Gated Price-Aware Matching,45.655262472839205,38775.83858512453,39650.83858512453,875.0,8179.0516334877775,5639.070022560104,moderate,0.75,moderate_av
3,1500,d59aec6f7ac7f5c4792c2435789bc08df2361cf1f977d6b637dd2e7871b42bbf,OFAT_BASE,P3_shared_comp,ODD-Gated Price-Aware Matching,45.655262472839205,38775.83858512453,39650.83858512453,875.0,8179.0516334877775,5639.070022560104,moderate,0.5,conservative_av
3,1500,d59aec6f7ac7f5c4792c2435789bc08df2361cf1f977d6b637dd2e7871b42bbf,OFAT_BASE,P3_shared_comp,ODD-Gated Price-Aware Matching,45.655262472839205,38775.83858512453,39650.83858512453,875.0,8179.0516334877775,5639.070022560104,moderate,0.5,mature_av
3,1500,d59aec6f7ac7f5c4792c2435789bc08df2361cf1f977d6b637dd2e7871b42bbf,OFAT_BASE,P3_shared_comp,ODD-Gated Price-Aware Matching,45.655262472839205,38775.83858512453,39650.83858512453,875.0,8179.0516334877775,5639.070022560104,moderate,0.5,intersection_sensitive_av
3,1500,d59aec6f7ac7f5c4792c2435789bc08df2361cf1f977d6b637dd2e7871b42bbf,OFAT_BASE,P3_shared_comp,ODD-Gated Price-Aware Matching,45.655262472839205,38775.83858512453,39650.83858512453,875.0,8179.0516334877775,5639.070022560104,moderate,0.5,uncertainty_sensitive_av
3,1500,d59aec6f7ac7f5c4792c2435789bc08df2361cf1f977d6b637dd2e7871b42bbf,OFAT_BASE,P3_shared_comp,ODD-Gated Price-Aware Matching,46.10221463118428,34000.34746831492,34900.34746831492,900.0,20143.76096032329,13835.157245914415,abundant,0.5,moderate_av
3,1500,d59aec6f7ac7f5c4792c2435789bc08df2361cf1f977d6b637dd2e7871b42bbf,OFAT_BASE,P3_shared_comp,ODD-Gated Price-Aware Matching,46.10221463118428,34000.34746831492,34900.34746831492,900.0,20143.76096032329,13835.157245914415,moderate,0.5,moderate_av
3,1500,d59aec6f7ac7f5c4792c2435789bc08df2361cf1f977d6b637dd2e7871b42bbf,OFAT_BASE,P3_shared_comp,ODD-Gated Price-Aware Matching,46.10221463118428,34000.34746831492,34900.34746831492,900.0,20143.76096032329,13835.157245914415,tight,0.5,moderate_av
3,1500,d59aec6f7ac7f5c4792c2435789bc08df2361cf1f977d6b637dd2e7871b42bbf,OFAT_BASE,P3_shared_comp,ODD-Gated Price-Aware Matching,46.10221463118428,34000.34746831492,34900.34746831492,900.0,20143.76096032329,13835.157245914415,moderate,0.0,moderate_av
3,1500,d59aec6f7ac7f5c4792c2435789bc08df2361cf1f977d6b637dd2e7871b42bbf,OFAT_BASE,P3_shared_comp,ODD-Gated Price-Aware Matching,46.10221463118428,34000.34746831492,34900.34746831492,900.0,20143.76096032329,13835.157245914415,moderate,0.25,moderate_av
3,1500,d59aec6f7ac7f5c4792c2435789bc08df2361cf1f977d6b637dd2e7871b42bbf,OFAT_BASE,P3_shared_comp,ODD-Gated Price-Aware Matching,46.10221463118428,34000.34746831492,34900.34746831492,900.0,20143.76096032329,13835.157245914415,moderate,0.75,moderate_av
3,1500,d59aec6f7ac7f5c4792c2435789bc08df2361cf1f977d6b637dd2e7871b42bbf,OFAT_BASE,P3_shared_comp,ODD-Gated Price-Aware Matching,46.10221463118428,34000.34746831492,34900.34746831492,900.0,20143.76096032329,13835.157245914415,moderate,0.5,conservative_av
3,1500,d59aec6f7ac7f5c4792c2435789bc08df2361cf1f977d6b637dd2e7871b42bbf,OFAT_BASE,P3_shared_comp,ODD-Gated Price-Aware Matching,46.10221463118428,34000.34746831492,34900.34746831492,900.0,20143.76096032329,13835.157245914415,moderate,0.5,mature_av
3,1500,d59aec6f7ac7f5c4792c2435789bc08df2361cf1f977d6b637dd2e7871b42bbf,OFAT_BASE,P3_shared_comp,ODD-Gated Price-Aware Matching,46.10221463118428,34000.34746831492,34900.34746831492,900.0,20143.76096032329,13835.157245914415,moderate,0.5,intersection_sensitive_av
3,1500,d59aec6f7ac7f5c4792c2435789bc08df2361cf1f977d6b637dd2e7871b42bbf,OFAT_BASE,P3_shared_comp,ODD-Gated Price-Aware Matching,46.10221463118428,34000.34746831492,34900.34746831492,900.0,20143.76096032329,13835.157245914415,moderate,0.5,uncertainty_sensitive_av
3,1500,d59aec6f7ac7f5c4792c2435789bc08df2361cf1f977d6b637dd2e7871b42bbf,OFAT_BASE,P3_shared_comp,ODD-Gated Price-Aware Matching,45.95008758719347,35774.94125467555,36664.94125467555,890.0,15996.374409254004,10986.97236299682,abundant,0.5,moderate_av
3,1500,d59aec6f7ac7f5c4792c2435789bc08df2361cf1f977d6b637dd2e7871b42bbf,OFAT_BASE,P3_shared_comp,ODD-Gated Price-Aware Matching,45.95008758719347,35774.94125467555,36664.94125467555,890.0,15996.374409254004,10986.97236299682,moderate,0.5,moderate_av
3,1500,d59aec6f7ac7f5c4792c2435789bc08df2361cf1f977d6b637dd2e7871b42bbf,OFAT_BASE,P3_shared_comp,ODD-Gated Price-Aware Matching,45.95008758719347,35774.94125467555,36664.94125467555,890.0,15996.374409254004,10986.97236299682,tight,0.5,moderate_av
3,1500,d59aec6f7ac7f5c4792c2435789bc08df2361cf1f977d6b637dd2e7871b42bbf,OFAT_BASE,P3_shared_comp,ODD-Gated Price-Aware Matching,45.95008758719347,35774.94125467555,36664.94125467555,890.0,15996.374409254004,10986.97236299682,moderate,0.0,moderate_av
3,1500,d59aec6f7ac7f5c4792c2435789bc08df2361cf1f977d6b637dd2e7871b42bbf,OFAT_BASE,P3_shared_comp,ODD-Gated Price-Aware Matching,45.95008758719347,35774.94125467555,36664.94125467555,890.0,15996.374409254004,10986.97236299682,moderate,0.25,moderate_av
3,1500,d59aec6f7ac7f5c4792c2435789bc08df2361cf1f977d6b637dd2e7871b42bbf,OFAT_BASE,P3_shared_comp,ODD-Gated Price-Aware Matching,45.95008758719347,35774.94125467555,36664.94125467555,890.0,15996.374409254004,10986.97236299682,moderate,0.75,moderate_av
3,1500,d59aec6f7ac7f5c4792c2435789bc08df2361cf1f977d6b637dd2e7871b42bbf,OFAT_BASE,P3_shared_comp,ODD-Gated Price-Aware Matching,45.95008758719347,35774.94125467555,36664.94125467555,890.0,15996.374409254004,10986.97236299682,moderate,0.5,conservative_av
3,1500,d59aec6f7ac7f5c4792c2435789bc08df2361cf1f977d6b637dd2e7871b42bbf,OFAT_BASE,P3_shared_comp,ODD-Gated Price-Aware Matching,45.95008758719347,35774.94125467555,36664.94125467555,890.0,15996.374409254004,10986.97236299682,moderate,0.5,mature_av
3,1500,d59aec6f7ac7f5c4792c2435789bc08df2361cf1f977d6b637dd2e7871b42bbf,OFAT_BASE,P3_shared_comp,ODD-Gated Price-Aware Matching,45.95008758719347,35774.94125467555,36664.94125467555,890.0,15996.374409254004,10986.97236299682,moderate,0.5,intersection_sensitive_av
3,1500,d59aec6f7ac7f5c4792c2435789bc08df2361cf1f977d6b637dd2e7871b42bbf,OFAT_BASE,P3_shared_comp,ODD-Gated Price-Aware Matching,45.95008758719347,35774.94125467555,36664.94125467555,890.0,15996.374409254004,10986.97236299682,moderate,0.5,uncertainty_sensitive_av
3,1500,d59aec6f7ac7f5c4792c2435789bc08df2361cf1f977d6b637dd2e7871b42bbf,OFAT_BASE,P0_uniform,ODD-Gated Price-Aware Matching,45.35421167867073,37278.02721442454,38138.02721442454,860.0,10686.067949547776,6819.930626629908,moderate,0.5,moderate_av
3,1500,d59aec6f7ac7f5c4792c2435789bc08df2361cf1f977d6b637dd2e7871b42bbf,OFAT_BASE,P1_platform_funded_comp,ODD-Gated Price-Aware Matching,45.38957885611316,35502.009645071405,36357.009645071405,855.0,11154.668181757475,7678.108589327019,moderate,0.5,moderate_av
3,1500,d59aec6f7ac7f5c4792c2435789bc08df2361cf1f977d6b637dd2e7871b42bbf,OFAT_BASE,P2_passenger_funded_comp,ODD-Gated Price-Aware Matching,46.57733707252071,38840.77495194914,39715.77495194914,875.0,12941.85817845983,8894.832229908283,moderate,0.5,moderate_av
3,1500,d59aec6f7ac7f5c4792c2435789bc08df2361cf1f977d6b637dd2e7871b42bbf,OFAT_BASE,P4_av_discount_hv_comp,ODD-Gated Price-Aware Matching,44.872280053585065,35352.36252646328,36177.36252646328,825.0,12446.062058438918,8680.346145675026,moderate,0.5,moderate_av
3,1500,d59aec6f7ac7f5c4792c2435789bc08df2361cf1f977d6b637dd2e7871b42bbf,OFAT_BASE,P5_three_stakeholder_balanced,ODD-Gated Price-Aware Matching,44.66211877497725,34806.407443979915,35801.407443979915,995.0,11986.743732575613,8433.633779309666,moderate,0.5,moderate_av
3,1500,df5fd88496c40f9dd4fdf0709331ad04d4fd92343207d28e378f13d44cfc504b,INT_AV0.00_conservative_av,P3_shared_comp,ODD-Gated Price-Aware Matching,46.35319995140635,29148.52781771926,30073.52781771926,925.0,31495.336241124183,21743.365321168763,moderate,0.0,conservative_av
3,1500,df5fd88496c40f9dd4fdf0709331ad04d4fd92343207d28e378f13d44cfc504b,INT_AV0.00_moderate_av,P3_shared_comp,ODD-Gated Price-Aware Matching,46.35319995140635,29148.52781771926,30073.52781771926,925.0,31495.336241124183,21743.365321168763,moderate,0.0,moderate_av
3,1500,df5fd88496c40f9dd4fdf0709331ad04d4fd92343207d28e378f13d44cfc504b,INT_AV0.00_mature_av,P3_shared_comp,ODD-Gated Price-Aware Matching,46.35319995140635,29148.52781771926,30073.52781771926,925.0,31495.336241124183,21743.365321168763,moderate,0.0,mature_av
3,1500,df5fd88496c40f9dd4fdf0709331ad04d4fd92343207d28e378f13d44cfc504b,INT_AV0.00_intersection_sensitive_av,P3_shared_comp,ODD-Gated Price-Aware Matching,46.35319995140635,29148.52781771926,30073.52781771926,925.0,31495.336241124183,21743.365321168763,moderate,0.0,intersection_sensitive_av
3,1500,df5fd88496c40f9dd4fdf0709331ad04d4fd92343207d28e378f13d44cfc504b,INT_AV0.00_uncertainty_sensitive_av,P3_shared_comp,ODD-Gated Price-Aware Matching,46.35319995140635,29148.52781771926,30073.52781771926,925.0,31495.336241124183,21743.365321168763,moderate,0.0,uncertainty_sensitive_av
3,1500,61b6f894dc958da09c84af32e76699bb98e0e025bed873e8b198d65de951f778,INT_AV0.25_conservative_av,P3_shared_comp,ODD-Gated Price-Aware Matching,46.24251990363917,32818.683256678974,33713.683256678974,895.0,23308.091449310567,16049.958972690813,moderate,0.25,conservative_av
3,1500,61b6f894dc958da09c84af32e76699bb98e0e025bed873e8b198d65de951f778,INT_AV0.25_moderate_av,P3_shared_comp,ODD-Gated Price-Aware Matching,45.91759356910513,36355.17770922103,37235.17770922103,880.0,13901.121360104777,9567.958560191462,moderate,0.25,moderate_av
3,1500,61b6f894dc958da09c84af32e76699bb98e0e025bed873e8b198d65de951f778,INT_AV0.25_mature_av,P3_shared_comp,ODD-Gated Price-Aware Matching,45.75878602644229,36832.35924799301,37722.35924799301,890.0,12583.180454695092,8694.226765334994,moderate,0.25,mature_av
3,1500,61b6f894dc958da09c84af32e76699bb98e0e025bed873e8b198d65de951f778,INT_AV0.25_intersection_sensitive_av,P3_shared_comp,ODD-Gated Price-Aware Matching,46.11143562330513,32807.65314270676,33717.65314270676,910.0,22767.74875146169,15669.668095671235,moderate,0.25,intersection_sensitive_av
3,1500,61b6f894dc958da09c84af32e76699bb98e0e025bed873e8b198d65de951f778,INT_AV0.25_uncertainty_sensitive_av,P3_shared_comp,ODD-Gated Price-Aware Matching,46.03457227574856,34976.27847897573,35866.27847897573,890.0,17998.57500827827,12401.298366210962,moderate,0.25,uncertainty_sensitive_av
3,1500,d59aec6f7ac7f5c4792c2435789bc08df2361cf1f977d6b637dd2e7871b42bbf,INT_AV0.50_conservative_av,P3_shared_comp,ODD-Gated Price-Aware Matching,46.14752638609291,33705.48664200671,34600.48664200671,895.0,20991.735061348765,14424.551257852232,moderate,0.5,conservative_av
3,1500,d59aec6f7ac7f5c4792c2435789bc08df2361cf1f977d6b637dd2e7871b42bbf,INT_AV0.50_moderate_av,P3_shared_comp,ODD-Gated Price-Aware Matching,45.91259901228048,36816.48093233814,37691.48093233814,875.0,12858.738302361042,8844.162798491507,moderate,0.5,moderate_av
3,1500,d59aec6f7ac7f5c4792c2435789bc08df2361cf1f977d6b637dd2e7871b42bbf,INT_AV0.50_mature_av,P3_shared_comp,ODD-Gated Price-Aware Matching,45.655262472839205,38775.83858512453,39650.83858512453,875.0,8179.0516334877775,5639.070022560104,moderate,0.5,mature_av
3,1500,d59aec6f7ac7f5c4792c2435789bc08df2361cf1f977d6b637dd2e7871b42bbf,INT_AV0.50_intersection_sensitive_av,P3_shared_comp,ODD-Gated Price-Aware Matching,46.10221463118428,34000.34746831492,34900.34746831492,900.0,20143.76096032329,13835.157245914415,moderate,0.5,intersection_sensitive_av
3,1500,d59aec6f7ac7f5c4792c2435789bc08df2361cf1f977d6b637dd2e7871b42bbf,INT_AV0.50_uncertainty_sensitive_av,P3_shared_comp,ODD-Gated Price-Aware Matching,45.95008758719347,35774.94125467555,36664.94125467555,890.0,15996.374409254004,10986.97236299682,moderate,0.5,uncertainty_sensitive_av
3,1500,b592f99cd06bda7508211ce0069b523c4f05d489800ee5b631eb9065a3244e2f,INT_AV0.75_conservative_av,P3_shared_comp,ODD-Gated Price-Aware Matching,46.44942902656618,27936.70594006724,29751.70594006724,1815.0,9955.264084377804,6742.233221337458,moderate,0.75,conservative_av
3,1500,b592f99cd06bda7508211ce0069b523c4f05d489800ee5b631eb9065a3244e2f,INT_AV0.75_moderate_av,P3_shared_comp,ODD-Gated Price-Aware Matching,45.56934741678058,37092.97762904141,38202.97762904141,1110.0,4068.006102080247,2766.030438524567,moderate,0.75,moderate_av
3,1500,b592f99cd06bda7508211ce0069b523c4f05d489800ee5b631eb9065a3244e2f,INT_AV0.75_mature_av,P3_shared_comp,ODD-Gated Price-Aware Matching,45.4674059268237,40719.0004530699,41709.0004530699,990.0,902.0946025872984,602.8074508455903,moderate,0.75,mature_av
3,1500,b592f99cd06bda7508211ce0069b523c4f05d489800ee5b631eb9065a3244e2f,INT_AV0.75_intersection_sensitive_av,P3_shared_comp,ODD-Gated Price-Aware Matching,46.05943377911007,27655.88185889103,29650.88185889103,1995.0,10459.13512941744,7090.628281032155,moderate,0.75,intersection_sensitive_av
3,1500,b592f99cd06bda7508211ce0069b523c4f05d489800ee5b631eb9065a3244e2f,INT_AV0.75_uncertainty_sensitive_av,P3_shared_comp,ODD-Gated Price-Aware Matching,45.98164134581347,32295.29540584281,33890.295405842815,1595.0,7391.386242953448,5012.581632352111,moderate,0.75,uncertainty_sensitive_av
