supply_scenario,av_penetration,odd_profile,pricing_scenario,dispatch_strategy,relocation_mode,mechanism_id,odd_policy,passenger_policy,driver_policy,experiment_family,sample_size,initial_fleet_hash,orders,served_orders,match_rate,cancel_rate,passenger_acceptance_rate,driver_acceptance_rate,spatial_feasibility_rate,ODD_feasibility_rate,matching_success_rate_given_feasible,patience_cancellation_rate,price_rejection_rate,driver_rejection_rate,mean_waiting_time_sec,mean_pickup_time_sec,mean_passenger_fare,mean_passenger_generalized_cost,platform_revenue,platform_cost,served_order_profit,lost_demand_cost,platform_profit,net_platform_profit,profit_margin,HV_payout,HV_net_income,HV_stress_burden,HV_high_stress_assignment_share,AV_utilization,HV_utilization,AV_active_vehicle_share,HV_active_vehicle_share,AV_orders_per_vehicle,HV_orders_per_vehicle,AV_assignment_share,AV_stress_exposure,AV_ODD_violation_rate,remote_assistance_cost,fallback_expected_cost,capability_cost,mean_candidate_count,zero_candidate_order_share,cross_zone_candidate_share,local_zone_candidate_share,neighbor_zone_candidate_share,candidate_generation_runtime_sec,fold,experiment_id
moderate,0.5,moderate_av,P0_uniform,GlobalMatch-MinPickup,none,B0_minpickup_uniform,none,deterministic_gc_threshold,deterministic_utility_threshold,main_mechanism,1500,f740db2b161eb506e76c4959cb21ef806ab51202391fcb732eb612365eeb8084,1500,1315,0.8766666666666667,0.12333333333333334,0.8766666666666667,0.988,0.988,0.988,1.0,0.0,0.11133333333333334,0.0,71.25931558935362,158.42637912929314,44.91874629413012,46.43531252254594,59068.15137678111,25312.759238832823,33755.392137948285,925.0,32830.392137948285,32830.392137948285,0.5558053091679024,13782.708124212271,9046.963315206976,0.3327520128230343,0.03129657228017884,0.06580574694994615,0.06946363691715918,0.23809523809523808,0.2619047619047619,3.066666666666667,3.1952380952380954,0.4897338403041825,0.33223034267932733,0.08385093167701864,621.5694317817688,809.1483793258667,1890.1981416642666,6.686715749975419,0.29282013770964044,0.7851896022286347,0.15035367585607992,0.7851896022286347,0.9759502999659162,1,0
moderate,0.5,moderate_av,P0_uniform,GlobalMatch-MinOperatingCost,none,B1_mincost_uniform,none,deterministic_gc_threshold,deterministic_utility_threshold,main_mechanism,1500,f740db2b161eb506e76c4959cb21ef806ab51202391fcb732eb612365eeb8084,1500,1314,0.876,0.124,0.876,0.988,0.988,0.988,1.0,0.0,0.112,0.0,71.26027397260275,191.60552307555227,44.88112036423383,46.45413739782732,58973.79215860325,20879.241330356544,38094.55082824671,930.0,37164.55082824671,37164.55082824671,0.6301875709178903,9554.915012615143,6169.7067052631755,0.3692504098302467,0.10352422907488987,0.08701640661211585,0.048651663282343716,0.2571428571428571,0.3333333333333333,4.095238095238095,2.1619047619047618,0.654490106544901,0.3130177676157896,0.0,101.90294981002808,0.0,895.8332432955503,6.6850473293843455,0.29432412788766377,0.762129518383355,0.17341375970135964,0.762129518383355,0.9701869000127772,1,1
moderate,0.5,moderate_av,P0_uniform,ODD Gate Only,none,B2_oddgate_uniform,hard_gate_for_av,deterministic_gc_threshold,deterministic_utility_threshold,main_mechanism,1500,f740db2b161eb506e76c4959cb21ef806ab51202391fcb732eb612365eeb8084,1500,1314,0.876,0.124,0.876,0.988,0.988,0.988,1.0,0.0,0.112,0.0,71.2435312024353,159.57375636097692,44.88398985100868,46.41751555297886,58977.56266422541,23858.60724591674,35118.95541830866,930.0,34188.95541830866,34188.95541830866,0.5796942748033734,14257.760126427851,9322.065846864054,0.3416498139493346,0.060029282576866766,0.06296080591953172,0.07239102432176513,0.22380952380952382,0.2904761904761905,3.0047619047619047,3.2523809523809524,0.4802130898021309,0.32241709416213643,0.0,604.0569353103638,0.0,1110.227803349495,6.517086479103054,0.29465225791192645,0.7845660338284896,0.15097724425622513,0.7845660338284896,0.9561615997808985,1,2
moderate,0.5,moderate_av,P3_shared_comp,ODD-Gated Price-Aware Matching,none,B3_odd_price_shared,hard_gate_for_av,deterministic_gc_threshold,deterministic_utility_threshold,main_mechanism,1500,f740db2b161eb506e76c4959cb21ef806ab51202391fcb732eb612365eeb8084,1500,1313,0.8753333333333333,0.12466666666666666,0.8753333333333333,0.988,0.988,0.988,1.0,0.0,0.11266666666666666,0.0,71.26884996191927,189.7002390598966,45.35093941190089,46.90630074160713,59545.78344782587,21459.28220638991,38086.501241435966,935.0,37151.501241435966,37151.501241435966,0.6239148952333154,10616.412186261976,7322.473273252517,0.3716248671547145,0.10514541387024609,0.08820125137823565,0.04700087087885058,0.2761904761904762,0.3238095238095238,4.123809523809523,2.1285714285714286,0.6595582635186595,0.3122296992393987,0.0,130.43007850646973,0.0,918.4205927103758,6.519063298068823,0.29606051304946335,0.7601632224071438,0.17538005567757065,0.7601632224071438,0.9739798999507912,1,3
moderate,0.5,moderate_av,P4_av_discount_hv_comp,ODD-Gated Price-Aware Matching,none,B4_odd_price_avdiscount,hard_gate_for_av,deterministic_gc_threshold,deterministic_utility_threshold,main_mechanism,1500,f740db2b161eb506e76c4959cb21ef806ab51202391fcb732eb612365eeb8084,1500,1319,0.8793333333333333,0.12066666666666667,0.8793333333333333,0.988,0.988,0.988,1.0,0.0,0.10866666666666666,0.0,71.1614859742229,191.6003679316652,44.111559850768394,45.67205965012077,58183.147443163514,22076.635454539562,36106.511988623955,905.0,35201.511988623955,35201.511988623955,0.6050121647855287,10871.66773163082,7602.267261686608,0.3702285785793988,0.10657596371882086,0.08976612731746364,0.046891600317279014,0.2619047619047619,0.32857142857142857,4.180952380952381,2.1,0.66565579984837,0.3134365427840272,0.0,130.51580047607422,0.0,938.6391822844744,6.572620243476598,0.28781049112540824,0.7660214466149754,0.1695218314697392,0.7660214466149754,0.9514373998827068,1,4
moderate,0.5,moderate_av,P5_three_stakeholder_balanced,Weighted Stakeholder Heuristic,none,B5_weighted_heuristic,hard_gate_for_av,deterministic_gc_threshold,deterministic_utility_threshold,main_mechanism,1500,f740db2b161eb506e76c4959cb21ef806ab51202391fcb732eb612365eeb8084,1500,1287,0.858,0.142,0.858,0.988,0.988,0.988,1.0,0.0,0.13,0.0,71.1041181041181,182.58896060679055,44.19291005649696,45.77392011762589,56876.27524271159,22273.414928612252,34602.86031409934,1065.0,33537.86031409934,33537.86031409934,0.5896634435180782,14453.900285349107,10106.692225354069,0.36449237626475334,0.08785046728971962,0.06535860120336212,0.06514585635144836,0.24761904761904763,0.30952380952380953,3.580952380952381,2.5476190476190474,0.5843045843045843,0.30965781807635273,0.0,32.11012268066406,0.0,715.4947638958693,6.149494831953395,0.3262747279321865,0.7716650052631311,0.1583534109431304,0.7716650052631311,0.9611900001036702,1,5
moderate,0.5,moderate_av,P5_three_stakeholder_balanced,Three-Stakeholder Balanced,none,B6_three_stakeholder_balanced,hard_gate_for_av,deterministic_gc_threshold,deterministic_utility_threshold,main_mechanism,1500,f740db2b161eb506e76c4959cb21ef806ab51202391fcb732eb612365eeb8084,1500,1288,0.8586666666666667,0.14133333333333334,0.8586666666666667,0.988,0.988,0.988,1.0,0.0,0.12933333333333333,0.0,71.32686335403727,193.31682218760383,43.96225813053208,45.52737234884281,56623.38847212531,20768.811277498142,35854.57719462717,1060.0,34794.57719462717,34794.57719462717,0.6144912576497594,10289.145163063557,7242.385874694385,0.3746092930590243,0.11217183770883055,0.08674786964610053,0.043001062848669516,0.2571428571428571,0.30952380952380953,4.1380952380952385,1.9952380952380953,0.6746894409937888,0.312165476704723,0.0,57.472556591033936,0.0,863.8102182000875,6.172794409396619,0.32638580981122417,0.7611565126949731,0.16886190351128838,0.7611565126949731,0.9663981000630883,1,6
abundant,0.5,moderate_av,P3_shared_comp,ODD-Gated Price-Aware Matching,none,OFAT_BASE,hard_gate_for_av,deterministic_gc_threshold,deterministic_utility_threshold,supply,1500,f78a91d5c6101c6eea2124693894c4e61c90e2229aeab099466f749bc06228bc,1500,1312,0.8746666666666667,0.12533333333333332,0.8746666666666667,0.988,0.988,0.988,1.0,0.0,0.11333333333333333,0.0,71.32317073170732,192.09979429282706,45.28960761508819,46.842132666471265,59419.9651909957,21219.64078323971,38200.324407755994,940.0,37260.324407755994,37260.324407755994,0.6270674223384145,9974.402395842139,6879.834639794804,0.37490869607844246,0.11163895486935867,0.038209511580197926,0.018399369204387474,0.114,0.132,1.782,0.842,0.6791158536585366,0.31237309814904274,0.0,162.30002403259277,0.0,971.2239505797625,6.510727174401208,0.2971764474526905,0.7599305302600465,0.17561274782466796,0.7599305302600465,1.2734729998046532,1,7
moderate,0.5,moderate_av,P3_shared_comp,ODD-Gated Price-Aware Matching,none,OFAT_BASE,hard_gate_for_av,deterministic_gc_threshold,deterministic_utility_threshold,supply,1500,f740db2b161eb506e76c4959cb21ef806ab51202391fcb732eb612365eeb8084,1500,1313,0.8753333333333333,0.12466666666666666,0.8753333333333333,0.988,0.988,0.988,1.0,0.0,0.11266666666666666,0.0,71.26884996191927,189.7002390598966,45.35093941190089,46.90630074160713,59545.78344782587,21459.28220638991,38086.501241435966,935.0,37151.501241435966,37151.501241435966,0.6239148952333154,10616.412186261976,7322.473273252517,0.3716248671547145,0.10514541387024609,0.08820125137823565,0.04700087087885058,0.2761904761904762,0.3238095238095238,4.123809523809523,2.1285714285714286,0.6595582635186595,0.3122296992393987,0.0,130.43007850646973,0.0,918.4205927103758,6.519063298068823,0.29606051304946335,0.7601632224071438,0.17538005567757065,0.7601632224071438,0.9534040998551063,1,8
tight,0.5,moderate_av,P3_shared_comp,ODD-Gated Price-Aware Matching,none,OFAT_BASE,hard_gate_for_av,deterministic_gc_threshold,deterministic_utility_threshold,supply,1500,d93567e4f3b1d01a38394a614bcf1678a4c42b4e787430979ab6601605c101d8,1500,1313,0.8753333333333333,0.12466666666666666,0.876,0.988,0.988,0.988,0.9992389649923896,0.0006666666666666666,0.112,0.0,71.24447829398325,187.592761473082,45.35530248296978,46.89933546501678,59551.512160139326,21498.517102571845,38052.995057567474,935.0,37117.995057567474,37117.995057567474,0.6232922340872533,10671.466307316146,7367.094951567458,0.3704593755299307,0.10421286031042129,0.16782815926051103,0.09005887921100823,0.5181818181818182,0.5636363636363636,7.836363636363636,4.1,0.6565118050266565,0.3124325474506649,0.0,141.59787321090698,0.0,923.7028817981482,6.511698875096666,0.2961562480899498,0.7608255669528418,0.17471771113187284,0.7608255669528418,0.8554410998767707,1,9
moderate,0.0,moderate_av,P3_shared_comp,ODD-Gated Price-Aware Matching,none,OFAT_BASE,hard_gate_for_av,deterministic_gc_threshold,deterministic_utility_threshold,av_penetration,1500,d9e945fbc8b7486b32b4a3b42b47d37f276cd5307bb311d85244468023d9fbcf,1500,1301,0.8673333333333333,0.13266666666666665,0.868,0.988,0.988,0.988,0.999231950844854,0.0006666666666666666,0.12,0.0,70.85165257494235,159.59868477671037,45.84466266028995,47.85334259313392,59643.906121037224,30135.56572233889,29508.340398698325,995.0,28513.340398698325,28513.340398698325,0.47805957478430944,30565.264329128004,21235.438973007243,0.33257083109547286,0.0361260568793236,0.0,0.06897860074965925,0.0,0.25,0.0,3.0976190476190477,0.0,,0.0,0.0,0.0,0.0,6.50653582656345,0.31135181066120293,0.7824814590066445,0.15306181907807007,0.7824814590066445,0.9482381999696372,1,10
moderate,0.25,moderate_av,P3_shared_comp,ODD-Gated Price-Aware Matching,none,OFAT_BASE,hard_gate_for_av,deterministic_gc_threshold,deterministic_utility_threshold,av_penetration,1500,3326188b18261809bec84edb699a139d4666fe42e3973166bee5a469cdfc2455,1500,1310,0.8733333333333333,0.12666666666666668,0.8733333333333333,0.988,0.988,0.988,1.0,0.0,0.11466666666666667,0.0,71.29083969465648,202.09856366320267,45.323245148504796,47.027220305750575,59373.45114454128,22352.530705033714,37020.92043950757,950.0,36070.92043950757,36070.92043950757,0.6075260868985867,12473.956426972509,8630.37400632608,0.36237685681136333,0.08834586466165413,0.16196204480987073,0.0366549098717877,0.3333333333333333,0.2507936507936508,7.40952380952381,1.6888888888888889,0.5938931297709924,0.31185396781770613,0.0,134.91064167022705,0.0,835.5921640247107,6.512169910098087,0.29971525303017016,0.7818753281020191,0.15366794998269548,0.7818753281020191,0.954015800205525,1,11
moderate,0.75,moderate_av,P3_shared_comp,ODD-Gated Price-Aware Matching,none,OFAT_BASE,hard_gate_for_av,deterministic_gc_threshold,deterministic_utility_threshold,av_penetration,1500,092ac9bc4eec0bae50509fe25844a6b753d846bdb14053512753a3d009bbf861,1500,1293,0.862,0.138,0.8773333333333333,0.988,0.988,0.972,0.9984555984555985,0.0013333333333333333,0.10866666666666666,0.0,74.74400618716165,169.8356983776331,45.157297877050766,46.41295942900889,58388.386155026645,19065.940350897454,39322.445804129195,1035.0,38287.445804129195,38287.445804129195,0.6557373533577796,3839.943585838633,2611.538781710488,0.41107470772373006,0.1951219512195122,0.07564231929215531,0.032806312907537605,0.2984126984126984,0.26666666666666666,3.5841269841269843,1.561904761904762,0.8731631863882444,0.31874715560370226,0.0,688.7805585861206,0.0,1652.6935717314482,6.037689433545787,0.33123461355505557,0.7551431820978404,0.17671685473457222,0.7551431820978404,0.995256900016102,1,12
moderate,0.5,conservative_av,P3_shared_comp,ODD-Gated Price-Aware Matching,none,OFAT_BASE,hard_gate_for_av,deterministic_gc_threshold,deterministic_utility_threshold,odd_profile,1500,f740db2b161eb506e76c4959cb21ef806ab51202391fcb732eb612365eeb8084,1500,1310,0.8733333333333333,0.12666666666666668,0.8773333333333333,0.988,0.988,0.986,0.9977151561309977,0.002,0.11066666666666666,0.0,71.5793893129771,179.03800448003608,45.68782522893322,47.39916256159911,59851.05104990252,24579.475575269847,35271.57547463267,950.0,34321.57547463267,34321.57547463267,0.5734498370966966,17605.869028584086,12131.29862157331,0.36140122377021744,0.06368563685636856,0.05793548303327646,0.07873241942767976,0.24761904761904763,0.35714285714285715,2.723809523809524,3.5142857142857142,0.4366412213740458,0.2943600052338102,0.0,136.27845001220703,0.0,554.29569876194,6.054196146599462,0.2977469481613128,0.7544572727700868,0.18108600531462785,0.7544572727700868,0.9509702000068501,1,13
moderate,0.5,mature_av,P3_shared_comp,ODD-Gated Price-Aware Matching,none,OFAT_BASE,hard_gate_for_av,deterministic_gc_threshold,deterministic_utility_threshold,odd_profile,1500,f740db2b161eb506e76c4959cb21ef806ab51202391fcb732eb612365eeb8084,1500,1313,0.8753333333333333,0.12466666666666666,0.8753333333333333,0.988,0.988,0.988,1.0,0.0,0.11266666666666666,0.0,71.32216298552932,193.69246816960006,45.14216367759768,46.58928330545594,59271.66090868576,19530.557745158992,39741.103163526765,935.0,38806.103163526765,38806.103163526765,0.6547159733436804,6367.406648351467,4401.647451949626,0.361229314532274,0.13011152416356878,0.10573408761313252,0.0283390858019022,0.30952380952380953,0.30952380952380953,4.9714285714285715,1.2809523809523808,0.7951256664127951,0.325084560314053,0.0,76.0871319770813,0.0,1201.2885428518057,6.631999487109984,0.29567245727466723,0.7560930357501106,0.17945024233460405,0.7560930357501106,0.954242900115787,1,14
moderate,0.5,intersection_sensitive_av,P3_shared_comp,ODD-Gated Price-Aware Matching,none,OFAT_BASE,hard_gate_for_av,deterministic_gc_threshold,deterministic_utility_threshold,odd_profile,1500,f740db2b161eb506e76c4959cb21ef806ab51202391fcb732eb612365eeb8084,1500,1308,0.872,0.128,0.876,0.988,0.988,0.9873333333333333,0.9961919268849961,0.0033333333333333335,0.112,0.0,71.31039755351682,180.72258469612368,45.51973333650907,47.26480540981452,59539.81120415386,24975.843945989,34563.96725816486,960.0,33603.96725816486,33603.96725816486,0.5643949246486768,19134.989532660366,13189.625741925023,0.35415757456822566,0.0609597924773022,0.04876691335571483,0.08788671396181745,0.22380952380952382,0.3761904761904762,2.557142857142857,3.6714285714285713,0.4105504587155963,0.3009936520026235,0.0,81.9809398651123,0.0,546.7168637812138,5.829007650830856,0.3020888973927648,0.7550161437348758,0.18052713434983875,0.7550161437348758,0.9351212997426046,1,15
moderate,0.5,uncertainty_sensitive_av,P3_shared_comp,ODD-Gated Price-Aware Matching,none,OFAT_BASE,hard_gate_for_av,deterministic_gc_threshold,deterministic_utility_threshold,odd_profile,1500,f740db2b161eb506e76c4959cb21ef806ab51202391fcb732eb612365eeb8084,1500,1308,0.872,0.128,0.8746666666666667,0.988,0.988,0.988,0.9969512195121951,0.0026666666666666666,0.11333333333333333,0.0,71.38226299694189,190.09633921003166,45.27722769190089,46.91373131925421,59222.613821006365,22186.213518616256,37036.40030239011,960.0,36076.40030239011,36076.40030239011,0.6091659583183366,12845.85455927664,8859.966455880698,0.3674452599770275,0.08608058608058608,0.07826767493422172,0.05659123671417893,0.2619047619047619,0.35714285714285715,3.6285714285714286,2.6,0.5825688073394495,0.3070406500553209,0.0,26.459214210510254,0.0,677.336757928133,6.148707410862106,0.3019222745742082,0.7618334590863688,0.1737098189983458,0.7618334590863688,0.960937300187652,1,16
moderate,0.5,moderate_av,P0_uniform,ODD-Gated Price-Aware Matching,none,OFAT_BASE,hard_gate_for_av,deterministic_gc_threshold,deterministic_utility_threshold,pricing,1500,f740db2b161eb506e76c4959cb21ef806ab51202391fcb732eb612365eeb8084,1500,1314,0.876,0.124,0.876,0.988,0.988,0.988,1.0,0.0,0.112,0.0,71.26027397260275,190.4009533642257,44.88112036423383,46.44458486306992,58973.79215860325,20891.259636406394,38082.53252219686,930.0,37152.53252219686,37152.53252219686,0.6299837802914112,9454.628272932532,6103.685870804718,0.3687144012951394,0.10398230088495575,0.08749957251953808,0.04804414949676475,0.2571428571428571,0.319047619047619,4.104761904761904,2.1523809523809523,0.6560121765601218,0.3134293002634664,0.0,130.47741556167603,0.0,920.8345969170332,6.5407529650623575,0.29432412788766377,0.763304373868149,0.17223890421656554,0.763304373868149,0.9405392998451134,1,17
moderate,0.5,moderate_av,P1_platform_funded_comp,ODD-Gated Price-Aware Matching,none,OFAT_BASE,hard_gate_for_av,deterministic_gc_threshold,deterministic_utility_threshold,pricing,1500,f740db2b161eb506e76c4959cb21ef806ab51202391fcb732eb612365eeb8084,1500,1313,0.8753333333333333,0.12466666666666666,0.8753333333333333,0.988,0.988,0.988,1.0,0.0,0.11266666666666666,0.0,71.3046458492003,197.21178562767875,44.84414035244796,46.39674291415977,58880.35628276417,21964.40273216398,36915.95355060019,935.0,35980.95355060019,35980.95355060019,0.6110858666990228,8685.045757015621,5991.5684229051385,0.36997443906613725,0.11936339522546419,0.09708703265013467,0.03792659728987473,0.2857142857142857,0.30952380952380953,4.457142857142857,1.7952380952380953,0.7128712871287128,0.31738357266618145,0.0,546.5722813606262,0.0,1343.8923770934343,6.542950884801713,0.29622713586801985,0.7677708916863901,0.16777238639832454,0.7677708916863901,0.9489024998329114,1,18
moderate,0.5,moderate_av,P2_passenger_funded_comp,ODD-Gated Price-Aware Matching,none,OFAT_BASE,hard_gate_for_av,deterministic_gc_threshold,deterministic_utility_threshold,pricing,1500,f740db2b161eb506e76c4959cb21ef806ab51202391fcb732eb612365eeb8084,1500,1312,0.8746666666666667,0.12533333333333332,0.8753333333333333,0.988,0.988,0.988,0.9992383853769993,0.0006666666666666666,0.11266666666666666,0.0,71.32088414634147,192.28211702576988,45.8077564664287,47.371375051478545,60099.776483954454,20538.5563784021,39561.22010555235,940.0,38621.22010555235,38621.22010555235,0.6426183650760083,10379.331297704717,7153.532697568343,0.3762962504328671,0.10829493087557604,0.08913256951113631,0.04595346367623523,0.26666666666666666,0.3142857142857143,4.180952380952381,2.066666666666667,0.6692073170731707,0.31084180122627486,0.0,57.989956855773926,0.0,863.5499052554369,6.50018806648641,0.2946713149751824,0.7643911460839591,0.1711521320007555,0.7643911460839591,0.9532733999221819,1,19
moderate,0.5,moderate_av,P4_av_discount_hv_comp,ODD-Gated Price-Aware Matching,none,OFAT_BASE,hard_gate_for_av,deterministic_gc_threshold,deterministic_utility_threshold,pricing,1500,f740db2b161eb506e76c4959cb21ef806ab51202391fcb732eb612365eeb8084,1500,1319,0.8793333333333333,0.12066666666666667,0.8793333333333333,0.988,0.988,0.988,1.0,0.0,0.10866666666666666,0.0,71.1614859742229,191.6003679316652,44.111559850768394,45.67205965012077,58183.147443163514,22076.635454539562,36106.511988623955,905.0,35201.511988623955,35201.511988623955,0.6050121647855287,10871.66773163082,7602.267261686608,0.3702285785793988,0.10657596371882086,0.08976612731746364,0.046891600317279014,0.2619047619047619,0.32857142857142857,4.180952380952381,2.1,0.66565579984837,0.3134365427840272,0.0,130.51580047607422,0.0,938.6391822844744,6.572620243476598,0.28781049112540824,0.7660214466149754,0.1695218314697392,0.7660214466149754,0.9646841997600859,1,20
moderate,0.5,moderate_av,P5_three_stakeholder_balanced,ODD-Gated Price-Aware Matching,none,OFAT_BASE,hard_gate_for_av,deterministic_gc_threshold,deterministic_utility_threshold,pricing,1500,f740db2b161eb506e76c4959cb21ef806ab51202391fcb732eb612365eeb8084,1500,1285,0.8566666666666667,0.14333333333333334,0.8566666666666667,0.988,0.988,0.988,1.0,0.0,0.13133333333333333,0.0,71.12684824902723,195.83725097769226,43.85156567601005,45.43079715464213,56349.26189367291,20787.813138033533,35561.44875563937,1075.0,34486.44875563937,34486.44875563937,0.6120124309829093,10261.789934006898,7218.879506838564,0.3711095374119148,0.11244019138755981,0.0862176966104306,0.043068502226280746,0.2619047619047619,0.3142857142857143,4.128571428571429,1.9904761904761905,0.6747081712062257,0.3138121898668815,0.0,110.91561126708984,0.0,913.087334677577,6.164931758440045,0.3290400820787561,0.762731694838883,0.16728672136737852,0.762731694838883,0.9809834999468876,1,21
moderate,0.0,conservative_av,P3_shared_comp,ODD-Gated Price-Aware Matching,none,INT_AV0.00_conservative_av,hard_gate_for_av,deterministic_gc_threshold,deterministic_utility_threshold,penetration_odd_interaction,1500,d9e945fbc8b7486b32b4a3b42b47d37f276cd5307bb311d85244468023d9fbcf,1500,1301,0.8673333333333333,0.13266666666666665,0.868,0.988,0.988,0.988,0.999231950844854,0.0006666666666666666,0.12,0.0,70.85165257494235,159.59868477671037,45.84466266028995,47.85334259313392,59643.906121037224,30135.56572233889,29508.340398698325,995.0,28513.340398698325,28513.340398698325,0.47805957478430944,30565.264329128004,21235.438973007243,0.33257083109547286,0.0361260568793236,0.0,0.06897860074965925,0.0,0.25,0.0,3.0976190476190477,0.0,,0.0,0.0,0.0,0.0,6.50653582656345,0.31135181066120293,0.7824814590066445,0.15306181907807007,0.7824814590066445,0.9430848002666607,1,22
moderate,0.0,moderate_av,P3_shared_comp,ODD-Gated Price-Aware Matching,none,INT_AV0.00_moderate_av,hard_gate_for_av,deterministic_gc_threshold,deterministic_utility_threshold,penetration_odd_interaction,1500,d9e945fbc8b7486b32b4a3b42b47d37f276cd5307bb311d85244468023d9fbcf,1500,1301,0.8673333333333333,0.13266666666666665,0.868,0.988,0.988,0.988,0.999231950844854,0.0006666666666666666,0.12,0.0,70.85165257494235,159.59868477671037,45.84466266028995,47.85334259313392,59643.906121037224,30135.56572233889,29508.340398698325,995.0,28513.340398698325,28513.340398698325,0.47805957478430944,30565.264329128004,21235.438973007243,0.33257083109547286,0.0361260568793236,0.0,0.06897860074965925,0.0,0.25,0.0,3.0976190476190477,0.0,,0.0,0.0,0.0,0.0,6.50653582656345,0.31135181066120293,0.7824814590066445,0.15306181907807007,0.7824814590066445,0.9461363998561865,1,23
moderate,0.0,mature_av,P3_shared_comp,ODD-Gated Price-Aware Matching,none,INT_AV0.00_mature_av,hard_gate_for_av,deterministic_gc_threshold,deterministic_utility_threshold,penetration_odd_interaction,1500,d9e945fbc8b7486b32b4a3b42b47d37f276cd5307bb311d85244468023d9fbcf,1500,1301,0.8673333333333333,0.13266666666666665,0.868,0.988,0.988,0.988,0.999231950844854,0.0006666666666666666,0.12,0.0,70.85165257494235,159.59868477671037,45.84466266028995,47.85334259313392,59643.906121037224,30135.56572233889,29508.340398698325,995.0,28513.340398698325,28513.340398698325,0.47805957478430944,30565.264329128004,21235.438973007243,0.33257083109547286,0.0361260568793236,0.0,0.06897860074965925,0.0,0.25,0.0,3.0976190476190477,0.0,,0.0,0.0,0.0,0.0,6.50653582656345,0.31135181066120293,0.7824814590066445,0.15306181907807007,0.7824814590066445,0.958509000192862,1,24
moderate,0.0,intersection_sensitive_av,P3_shared_comp,ODD-Gated Price-Aware Matching,none,INT_AV0.00_intersection_sensitive_av,hard_gate_for_av,deterministic_gc_threshold,deterministic_utility_threshold,penetration_odd_interaction,1500,d9e945fbc8b7486b32b4a3b42b47d37f276cd5307bb311d85244468023d9fbcf,1500,1301,0.8673333333333333,0.13266666666666665,0.868,0.988,0.988,0.988,0.999231950844854,0.0006666666666666666,0.12,0.0,70.85165257494235,159.59868477671037,45.84466266028995,47.85334259313392,59643.906121037224,30135.56572233889,29508.340398698325,995.0,28513.340398698325,28513.340398698325,0.47805957478430944,30565.264329128004,21235.438973007243,0.33257083109547286,0.0361260568793236,0.0,0.06897860074965925,0.0,0.25,0.0,3.0976190476190477,0.0,,0.0,0.0,0.0,0.0,6.50653582656345,0.31135181066120293,0.7824814590066445,0.15306181907807007,0.7824814590066445,0.941907100030221,1,25
moderate,0.0,uncertainty_sensitive_av,P3_shared_comp,ODD-Gated Price-Aware Matching,none,INT_AV0.00_uncertainty_sensitive_av,hard_gate_for_av,deterministic_gc_threshold,deterministic_utility_threshold,penetration_odd_interaction,1500,d9e945fbc8b7486b32b4a3b42b47d37f276cd5307bb311d85244468023d9fbcf,1500,1301,0.8673333333333333,0.13266666666666665,0.868,0.988,0.988,0.988,0.999231950844854,0.0006666666666666666,0.12,0.0,70.85165257494235,159.59868477671037,45.84466266028995,47.85334259313392,59643.906121037224,30135.56572233889,29508.340398698325,995.0,28513.340398698325,28513.340398698325,0.47805957478430944,30565.264329128004,21235.438973007243,0.33257083109547286,0.0361260568793236,0.0,0.06897860074965925,0.0,0.25,0.0,3.0976190476190477,0.0,,0.0,0.0,0.0,0.0,6.50653582656345,0.31135181066120293,0.7824814590066445,0.15306181907807007,0.7824814590066445,0.9235541999805719,1,26
moderate,0.25,conservative_av,P3_shared_comp,ODD-Gated Price-Aware Matching,none,INT_AV0.25_conservative_av,hard_gate_for_av,deterministic_gc_threshold,deterministic_utility_threshold,penetration_odd_interaction,1500,3326188b18261809bec84edb699a139d4666fe42e3973166bee5a469cdfc2455,1500,1312,0.8746666666666667,0.12533333333333332,0.8753333333333333,0.988,0.988,0.988,0.9992383853769993,0.0006666666666666666,0.11266666666666666,0.0,71.47942073170732,187.69541034878324,45.75118821969262,47.623995020391824,60025.55894423672,26021.657923683135,34003.90102055359,940.0,33063.90102055359,33063.90102055359,0.5508303729627857,21027.924017841444,14543.132356143693,0.35195808419026786,0.053591790193842644,0.08755077768028002,0.06310984228601246,0.22857142857142856,0.28888888888888886,4.142857142857143,2.784126984126984,0.3315548780487805,0.2931305513299745,0.0,46.3240852355957,0.0,368.9195689558983,6.302274056003338,0.2973649943263203,0.7685736248596482,0.1669696532250664,0.7685736248596482,0.9378236000047764,1,27
moderate,0.25,moderate_av,P3_shared_comp,ODD-Gated Price-Aware Matching,none,INT_AV0.25_moderate_av,hard_gate_for_av,deterministic_gc_threshold,deterministic_utility_threshold,penetration_odd_interaction,1500,3326188b18261809bec84edb699a139d4666fe42e3973166bee5a469cdfc2455,1500,1310,0.8733333333333333,0.12666666666666668,0.8733333333333333,0.988,0.988,0.988,1.0,0.0,0.11466666666666667,0.0,71.29083969465648,202.09856366320267,45.323245148504796,47.027220305750575,59373.45114454128,22352.530705033714,37020.92043950757,950.0,36070.92043950757,36070.92043950757,0.6075260868985867,12473.956426972509,8630.37400632608,0.36237685681136333,0.08834586466165413,0.16196204480987073,0.0366549098717877,0.3333333333333333,0.2507936507936508,7.40952380952381,1.6888888888888889,0.5938931297709924,0.31185396781770613,0.0,134.91064167022705,0.0,835.5921640247107,6.512169910098087,0.29971525303017016,0.7818753281020191,0.15366794998269548,0.7818753281020191,0.9359490000933874,1,28
moderate,0.25,mature_av,P3_shared_comp,ODD-Gated Price-Aware Matching,none,INT_AV0.25_mature_av,hard_gate_for_av,deterministic_gc_threshold,deterministic_utility_threshold,penetration_odd_interaction,1500,3326188b18261809bec84edb699a139d4666fe42e3973166bee5a469cdfc2455,1500,1308,0.872,0.128,0.872,0.988,0.988,0.988,1.0,0.0,0.116,0.0,71.32645259938838,201.6796580555855,45.14853448658262,46.791179709501606,59054.283108450065,21344.639339253335,37709.64376919672,960.0,36749.64376919672,36749.64376919672,0.6223027667901403,10592.016579549276,7351.819750156232,0.34938262878929466,0.08370044052863436,0.17583361391845792,0.03132642227014585,0.3619047619047619,0.27936507936507937,8.133333333333333,1.4412698412698413,0.6529051987767585,0.3233518021284464,0.0,44.72717809677124,0.0,956.9554916620255,6.577540466490743,0.3022182493176968,0.7645915491573669,0.1709517289273476,0.7645915491573669,0.9523145002167439,1,29
moderate,0.25,intersection_sensitive_av,P3_shared_comp,ODD-Gated Price-Aware Matching,none,INT_AV0.25_intersection_sensitive_av,hard_gate_for_av,deterministic_gc_threshold,deterministic_utility_threshold,penetration_odd_interaction,1500,3326188b18261809bec84edb699a139d4666fe42e3973166bee5a469cdfc2455,1500,1308,0.872,0.128,0.874,0.988,0.988,0.988,0.9977116704805492,0.002,0.114,0.0,71.28899082568807,186.0757311755989,45.59861244509841,47.46242007189598,59642.98507818872,26122.99467021384,33519.99040797488,960.0,32559.99040797488,32559.99040797488,0.5459148358401327,21682.620362276662,14988.096748939894,0.3481335853085373,0.053409090909090906,0.07669416491730087,0.06631229621681094,0.22857142857142856,0.2920634920634921,4.076190476190476,2.7936507936507935,0.327217125382263,0.29976838866591077,0.0,57.2385835647583,0.0,427.0632391870022,6.156611232025596,0.3018331167502438,0.7712393576581783,0.16430392042653633,0.7712393576581783,0.9228291998442728,1,30
moderate,0.25,uncertainty_sensitive_av,P3_shared_comp,ODD-Gated Price-Aware Matching,none,INT_AV0.25_uncertainty_sensitive_av,hard_gate_for_av,deterministic_gc_threshold,deterministic_utility_threshold,penetration_odd_interaction,1500,3326188b18261809bec84edb699a139d4666fe42e3973166bee5a469cdfc2455,1500,1308,0.872,0.128,0.874,0.988,0.988,0.988,0.9977116704805492,0.002,0.114,0.0,71.31269113149847,194.11761060997907,45.39845518057455,47.15564088229653,59381.17937619151,23556.01628126332,35825.16309492819,960.0,34865.16309492819,34865.16309492819,0.5871416408564486,15745.0886620215,10890.988139824058,0.35740632938211825,0.07014925373134329,0.1327274992114235,0.046509828598711875,0.3047619047619048,0.273015873015873,6.076190476190476,2.126984126984127,0.4877675840978593,0.3058730289884994,0.0,26.75107479095459,0.0,565.8129132091999,6.295760020621899,0.3005607907541609,0.7753848816478811,0.1601583964368334,0.7753848816478811,0.9252789002639474,1,31
moderate,0.5,conservative_av,P3_shared_comp,ODD-Gated Price-Aware Matching,none,INT_AV0.50_conservative_av,hard_gate_for_av,deterministic_gc_threshold,deterministic_utility_threshold,penetration_odd_interaction,1500,f740db2b161eb506e76c4959cb21ef806ab51202391fcb732eb612365eeb8084,1500,1310,0.8733333333333333,0.12666666666666668,0.8773333333333333,0.988,0.988,0.986,0.9977151561309977,0.002,0.11066666666666666,0.0,71.5793893129771,179.03800448003608,45.68782522893322,47.39916256159911,59851.05104990252,24579.475575269847,35271.57547463267,950.0,34321.57547463267,34321.57547463267,0.5734498370966966,17605.869028584086,12131.29862157331,0.36140122377021744,0.06368563685636856,0.05793548303327646,0.07873241942767976,0.24761904761904763,0.35714285714285715,2.723809523809524,3.5142857142857142,0.4366412213740458,0.2943600052338102,0.0,136.27845001220703,0.0,554.29569876194,6.054196146599462,0.2977469481613128,0.7544572727700868,0.18108600531462785,0.7544572727700868,0.9153745998337399,1,32
moderate,0.5,moderate_av,P3_shared_comp,ODD-Gated Price-Aware Matching,none,INT_AV0.50_moderate_av,hard_gate_for_av,deterministic_gc_threshold,deterministic_utility_threshold,penetration_odd_interaction,1500,f740db2b161eb506e76c4959cb21ef806ab51202391fcb732eb612365eeb8084,1500,1313,0.8753333333333333,0.12466666666666666,0.8753333333333333,0.988,0.988,0.988,1.0,0.0,0.11266666666666666,0.0,71.26884996191927,189.7002390598966,45.35093941190089,46.90630074160713,59545.78344782587,21459.28220638991,38086.501241435966,935.0,37151.501241435966,37151.501241435966,0.6239148952333154,10616.412186261976,7322.473273252517,0.3716248671547145,0.10514541387024609,0.08820125137823565,0.04700087087885058,0.2761904761904762,0.3238095238095238,4.123809523809523,2.1285714285714286,0.6595582635186595,0.3122296992393987,0.0,130.43007850646973,0.0,918.4205927103758,6.519063298068823,0.29606051304946335,0.7601632224071438,0.17538005567757065,0.7601632224071438,0.93948740005726,1,33
moderate,0.5,mature_av,P3_shared_comp,ODD-Gated Price-Aware Matching,none,INT_AV0.50_mature_av,hard_gate_for_av,deterministic_gc_threshold,deterministic_utility_threshold,penetration_odd_interaction,1500,f740db2b161eb506e76c4959cb21ef806ab51202391fcb732eb612365eeb8084,1500,1313,0.8753333333333333,0.12466666666666666,0.8753333333333333,0.988,0.988,0.988,1.0,0.0,0.11266666666666666,0.0,71.32216298552932,193.69246816960006,45.14216367759768,46.58928330545594,59271.66090868576,19530.557745158992,39741.103163526765,935.0,38806.103163526765,38806.103163526765,0.6547159733436804,6367.406648351467,4401.647451949626,0.361229314532274,0.13011152416356878,0.10573408761313252,0.0283390858019022,0.30952380952380953,0.30952380952380953,4.9714285714285715,1.2809523809523808,0.7951256664127951,0.325084560314053,0.0,76.0871319770813,0.0,1201.2885428518057,6.631999487109984,0.29567245727466723,0.7560930357501106,0.17945024233460405,0.7560930357501106,0.9283352002239553,1,34
moderate,0.5,intersection_sensitive_av,P3_shared_comp,ODD-Gated Price-Aware Matching,none,INT_AV0.50_intersection_sensitive_av,hard_gate_for_av,deterministic_gc_threshold,deterministic_utility_threshold,penetration_odd_interaction,1500,f740db2b161eb506e76c4959cb21ef806ab51202391fcb732eb612365eeb8084,1500,1308,0.872,0.128,0.876,0.988,0.988,0.9873333333333333,0.9961919268849961,0.0033333333333333335,0.112,0.0,71.31039755351682,180.72258469612368,45.51973333650907,47.26480540981452,59539.81120415386,24975.843945989,34563.96725816486,960.0,33603.96725816486,33603.96725816486,0.5643949246486768,19134.989532660366,13189.625741925023,0.35415757456822566,0.0609597924773022,0.04876691335571483,0.08788671396181745,0.22380952380952382,0.3761904761904762,2.557142857142857,3.6714285714285713,0.4105504587155963,0.3009936520026235,0.0,81.9809398651123,0.0,546.7168637812138,5.829007650830856,0.3020888973927648,0.7550161437348758,0.18052713434983875,0.7550161437348758,0.9229364996863296,1,35
moderate,0.5,uncertainty_sensitive_av,P3_shared_comp,ODD-Gated Price-Aware Matching,none,INT_AV0.50_uncertainty_sensitive_av,hard_gate_for_av,deterministic_gc_threshold,deterministic_utility_threshold,penetration_odd_interaction,1500,f740db2b161eb506e76c4959cb21ef806ab51202391fcb732eb612365eeb8084,1500,1308,0.872,0.128,0.8746666666666667,0.988,0.988,0.988,0.9969512195121951,0.0026666666666666666,0.11333333333333333,0.0,71.38226299694189,190.09633921003166,45.27722769190089,46.91373131925421,59222.613821006365,22186.213518616256,37036.40030239011,960.0,36076.40030239011,36076.40030239011,0.6091659583183366,12845.85455927664,8859.966455880698,0.3674452599770275,0.08608058608058608,0.07826767493422172,0.05659123671417893,0.2619047619047619,0.35714285714285715,3.6285714285714286,2.6,0.5825688073394495,0.3070406500553209,0.0,26.459214210510254,0.0,677.336757928133,6.148707410862106,0.3019222745742082,0.7618334590863688,0.1737098189983458,0.7618334590863688,0.9407357002346544,1,36
moderate,0.75,conservative_av,P3_shared_comp,ODD-Gated Price-Aware Matching,none,INT_AV0.75_conservative_av,hard_gate_for_av,deterministic_gc_threshold,deterministic_utility_threshold,penetration_odd_interaction,1500,092ac9bc4eec0bae50509fe25844a6b753d846bdb14053512753a3d009bbf861,1500,1205,0.8033333333333333,0.19666666666666666,0.878,0.988,0.988,0.92,0.986088379705401,0.011333333333333334,0.10533333333333333,0.0,83.40663900414938,191.21390311764398,45.501723374378685,47.22384095809521,54829.57666612632,22526.466475407546,32303.11019071877,1475.0,30828.11019071877,30828.11019071877,0.5622532958523526,9759.723281965926,6665.739387818048,0.3698126602389238,0.07178217821782178,0.053833823613055734,0.08738682774286428,0.22857142857142856,0.3619047619047619,2.5428571428571427,3.8476190476190477,0.6647302904564315,0.30269346527268476,0.0,1630.9997863769531,0.0,2096.7910221517086,4.596315256260008,0.4263194601592392,0.7548046314435743,0.156797578501177,0.7548046314435743,1.031391899974551,1,37
moderate,0.75,moderate_av,P3_shared_comp,ODD-Gated Price-Aware Matching,none,INT_AV0.75_moderate_av,hard_gate_for_av,deterministic_gc_threshold,deterministic_utility_threshold,penetration_odd_interaction,1500,092ac9bc4eec0bae50509fe25844a6b753d846bdb14053512753a3d009bbf861,1500,1293,0.862,0.138,0.8773333333333333,0.988,0.988,0.972,0.9984555984555985,0.0013333333333333333,0.10866666666666666,0.0,74.74400618716165,169.8356983776331,45.157297877050766,46.41295942900889,58388.386155026645,19065.940350897454,39322.445804129195,1035.0,38287.445804129195,38287.445804129195,0.6557373533577796,3839.943585838633,2611.538781710488,0.41107470772373006,0.1951219512195122,0.07564231929215531,0.032806312907537605,0.2984126984126984,0.26666666666666666,3.5841269841269843,1.561904761904762,0.8731631863882444,0.31874715560370226,0.0,688.7805585861206,0.0,1652.6935717314482,6.037689433545787,0.33123461355505557,0.7551431820978404,0.17671685473457222,0.7551431820978404,0.9651904999045655,1,38
moderate,0.75,mature_av,P3_shared_comp,ODD-Gated Price-Aware Matching,none,INT_AV0.75_mature_av,hard_gate_for_av,deterministic_gc_threshold,deterministic_utility_threshold,penetration_odd_interaction,1500,092ac9bc4eec0bae50509fe25844a6b753d846bdb14053512753a3d009bbf861,1500,1303,0.8686666666666667,0.13133333333333333,0.8773333333333333,0.988,0.988,0.978,0.9992331288343558,0.0006666666666666666,0.10866666666666666,0.0,71.93323100537222,166.11758312512092,44.938935233918095,46.027751866366444,58555.43260979527,16953.614775637747,41601.817834157526,985.0,40616.817834157526,40616.817834157526,0.6936473017767963,699.851496013645,472.28554573089235,0.4612953042846986,0.5517241379310345,0.08438323781955713,0.005907216503685751,0.3142857142857143,0.12380952380952381,4.044444444444444,0.2761904761904762,0.977743668457406,0.3285681641441811,0.0,218.31258153915405,0.0,1579.0662889629602,6.452301627163505,0.3111260593304792,0.7760073536271839,0.1576943038313797,0.7760073536271839,0.948620900104288,1,39
moderate,0.75,intersection_sensitive_av,P3_shared_comp,ODD-Gated Price-Aware Matching,none,INT_AV0.75_intersection_sensitive_av,hard_gate_for_av,deterministic_gc_threshold,deterministic_utility_threshold,penetration_odd_interaction,1500,092ac9bc4eec0bae50509fe25844a6b753d846bdb14053512753a3d009bbf861,1500,1226,0.8173333333333334,0.18266666666666667,0.878,0.988,0.988,0.9353333333333333,0.9815852682145717,0.015333333333333332,0.10266666666666667,0.0,83.605220228385,184.37988361802394,45.443725182501765,47.23056442837288,55714.00707374716,23093.17410118924,32620.832972557924,1370.0,31250.832972557924,31250.832972557924,0.560915191958676,13780.287554927687,9453.89281625688,0.35917476576994795,0.06998158379373849,0.04228771899648385,0.12695457957476322,0.2222222222222222,0.49523809523809526,2.168253968253968,5.171428571428572,0.5570962479608483,0.30461692190449546,0.0,900.7123146057129,0.0,1406.7664861381054,4.353857003442639,0.41700671438240494,0.7434666148338173,0.17734369824168922,0.7434666148338173,1.0043732000194723,1,40
moderate,0.75,uncertainty_sensitive_av,P3_shared_comp,ODD-Gated Price-Aware Matching,none,INT_AV0.75_uncertainty_sensitive_av,hard_gate_for_av,deterministic_gc_threshold,deterministic_utility_threshold,penetration_odd_interaction,1500,092ac9bc4eec0bae50509fe25844a6b753d846bdb14053512753a3d009bbf861,1500,1250,0.8333333333333334,0.16666666666666666,0.8786666666666667,0.988,0.988,0.9446666666666667,0.9920634920634921,0.006666666666666667,0.10466666666666667,0.0,78.1872,181.28477133238158,45.4561714695858,46.959232611801674,56820.214336982244,20182.528230000236,36637.686106982015,1250.0,35387.686106982015,35387.686106982015,0.6228009964395618,7414.101238337958,5070.2343327882245,0.3803040029352935,0.10476190476190476,0.06360650577727588,0.06474977535057307,0.24444444444444444,0.38095238095238093,2.9682539682539684,3.0,0.748,0.3100867702361734,0.0,641.0317249298096,0.0,1376.7782467603683,5.106517668948608,0.3816749497688724,0.7544007090166006,0.16456798343275472,0.7544007090166006,0.9817421000625473,1,41
moderate,0.5,moderate_av,P0_uniform,GlobalMatch-MinPickup,none,B0_minpickup_uniform,none,deterministic_gc_threshold,deterministic_utility_threshold,main_mechanism,1500,d9322babd189499956610877b248c22df3ae9196d212e12d27f427e06607a6af,1500,1269,0.846,0.154,0.846,0.954,0.954,0.954,1.0,0.0,0.108,0.0,71.15287628053585,151.10277903189007,44.16082988991914,45.65746990353337,56040.09313030739,27787.530947757314,28252.56218255008,1155.0,27097.56218255008,27097.56218255008,0.48353884993626606,14291.999966139125,9073.223485084836,0.41273067310901373,0.25801749271137026,0.06944298054812705,0.09181204852908836,0.19523809523809524,0.22857142857142856,2.776190476190476,3.2666666666666666,0.4594168636721828,0.40321575978045604,0.22298456260720412,978.7973437309265,2063.0419998168945,3387.695552006364,6.243042164064891,0.34651964722987455,0.6992679971042204,0.15300473016850694,0.6992679971042204,0.9163205998484045,2,0
moderate,0.5,moderate_av,P0_uniform,GlobalMatch-MinOperatingCost,none,B1_mincost_uniform,none,deterministic_gc_threshold,deterministic_utility_threshold,main_mechanism,1500,d9322babd189499956610877b248c22df3ae9196d212e12d27f427e06607a6af,1500,1268,0.8453333333333334,0.15466666666666667,0.8453333333333334,0.954,0.954,0.95,1.0,0.0,0.10866666666666666,0.0,71.15851735015772,176.05250850450773,44.12005134784935,45.77327206700664,55944.22510907297,22407.917002250215,33536.30810682276,1160.0,32376.308106822762,32376.308106822762,0.5787247574472527,13969.597167531349,8663.460126547101,0.4600601122078475,0.4576523031203566,0.07330212990492589,0.08941579750788077,0.22857142857142856,0.2857142857142857,2.8333333333333335,3.204761904761905,0.4692429022082019,0.3499119325428784,0.010084033613445379,134.03086948394775,90.51040172576904,846.6481786519289,6.229489975512703,0.3478874923477196,0.6584501008156634,0.1957165658510033,0.6584501008156634,0.9157472999359015,2,1
moderate,0.5,moderate_av,P0_uniform,ODD Gate Only,none,B2_oddgate_uniform,hard_gate_for_av,deterministic_gc_threshold,deterministic_utility_threshold,main_mechanism,1500,d9322babd189499956610877b248c22df3ae9196d212e12d27f427e06607a6af,1500,1268,0.8453333333333334,0.15466666666666667,0.846,0.954,0.954,0.954,0.9992119779353822,0.0006666666666666666,0.108,0.0,71.29495268138801,150.60434560266938,44.120905364427884,45.71748954015967,55945.308002094556,25259.878613203677,30685.429388890883,1160.0,29525.429388890883,29525.429388890883,0.5277552388805415,16965.387065023708,10701.978125637226,0.42536678076412815,0.3538083538083538,0.053567737873169576,0.1089646803771348,0.1761904761904762,0.2714285714285714,2.1619047619047618,3.876190476190476,0.3580441640378549,0.37775034672975893,0.0,1112.3685088157654,0.0,1440.3396740406752,5.633422154444882,0.3479671580523853,0.6876361155025617,0.1646366117701656,0.6876361155025617,0.8892817997693783,2,2
moderate,0.5,moderate_av,P3_shared_comp,ODD-Gated Price-Aware Matching,none,B3_odd_price_shared,hard_gate_for_av,deterministic_gc_threshold,deterministic_utility_threshold,main_mechanism,1500,d9322babd189499956610877b248c22df3ae9196d212e12d27f427e06607a6af,1500,1266,0.844,0.156,0.8446666666666667,0.954,0.954,0.9533333333333334,1.0,0.0,0.10933333333333334,0.0,71.27093206951027,176.18395629552657,45.098961947098545,46.76724466784703,57095.28582502676,23603.31945820877,33491.96636681799,1170.0,32321.966366817993,32321.966366817993,0.5661056933119022,16716.231839653363,11327.858501318602,0.4578299071141627,0.45348837209302323,0.07191580717580498,0.09061705095614267,0.21904761904761905,0.28095238095238095,2.7523809523809524,3.276190476190476,0.4565560821484992,0.3495915511917353,0.0,139.65265083312988,0.0,747.9579467773438,5.596034888932616,0.35315895699418426,0.6675063742823415,0.18476635299038585,0.6675063742823415,0.8846744000329636,2,3
moderate,0.5,moderate_av,P4_av_discount_hv_comp,ODD-Gated Price-Aware Matching,none,B4_odd_price_avdiscount,hard_gate_for_av,deterministic_gc_threshold,deterministic_utility_threshold,main_mechanism,1500,d9322babd189499956610877b248c22df3ae9196d212e12d27f427e06607a6af,1500,1274,0.8493333333333334,0.15066666666666667,0.852,0.954,0.954,0.9533333333333334,0.9976507439310884,0.002,0.102,0.0,71.38226059654632,177.99472226447466,44.197297428463834,45.863164912320144,56307.35692386293,24677.592333487526,31629.764590375402,1130.0,30499.764590375402,30499.764590375402,0.5416657122019818,17003.023633219716,11716.540010907582,0.45980962553978083,0.4642857142857143,0.07573818057814613,0.08897531862043025,0.22380952380952382,0.2761904761904762,2.8666666666666667,3.2,0.4725274725274725,0.35113627037831713,0.0,190.86858987808228,0.0,821.0202129334211,5.652848424723425,0.3441475769600769,0.6674669313842109,0.18669973528245576,0.6674669313842109,0.8789385001291521,2,4
moderate,0.5,moderate_av,P5_three_stakeholder_balanced,Weighted Stakeholder Heuristic,none,B5_weighted_heuristic,hard_gate_for_av,deterministic_gc_threshold,deterministic_utility_threshold,main_mechanism,1500,d9322babd189499956610877b248c22df3ae9196d212e12d27f427e06607a6af,1500,1243,0.8286666666666667,0.17133333333333334,0.8346666666666667,0.954,0.954,0.954,0.9928115015974441,0.006,0.11933333333333333,0.0,71.76669348350764,162.95732758050394,44.38303458912519,46.05221108782493,55168.111994282604,24806.256922067972,30361.855072214636,1285.0,29076.855072214636,29076.855072214636,0.5270590930359923,20723.264318298978,14393.782576576536,0.45113976241345577,0.39203084832904883,0.04706235885283885,0.11000923220422747,0.1761904761904762,0.3,2.2142857142857144,3.704761904761905,0.37409493161705554,0.3344385907320993,0.0,53.22349786758423,0.0,515.7714988142252,5.295352332852333,0.3795626721763085,0.6716045725661097,0.18066815470661757,0.6716045725661097,0.9102585998480208,2,5
moderate,0.5,moderate_av,P5_three_stakeholder_balanced,Three-Stakeholder Balanced,none,B6_three_stakeholder_balanced,hard_gate_for_av,deterministic_gc_threshold,deterministic_utility_threshold,main_mechanism,1500,d9322babd189499956610877b248c22df3ae9196d212e12d27f427e06607a6af,1500,1244,0.8293333333333334,0.17066666666666666,0.8353333333333334,0.954,0.954,0.954,0.9928172386272945,0.006,0.11866666666666667,0.0,71.19533762057878,175.53634613088695,44.12576538092172,45.78145249017587,54892.45213386662,23496.238389992206,31396.213743874425,1280.0,30116.213743874425,30116.213743874425,0.5486403425817049,16934.23957344088,11777.455590052603,0.4587780053372207,0.4572713643178411,0.07007763464494554,0.08599753336747089,0.21904761904761905,0.26666666666666666,2.7476190476190476,3.176190476190476,0.4638263665594855,0.3481043663106166,0.0,116.67027854919434,0.0,729.617092564702,5.317420347960121,0.3773418027679391,0.6656740116660402,0.1847047762127476,0.6656740116660402,0.9039921999647049,2,6
abundant,0.5,moderate_av,P3_shared_comp,ODD-Gated Price-Aware Matching,none,OFAT_BASE,hard_gate_for_av,deterministic_gc_threshold,deterministic_utility_threshold,supply,1500,b2e8cd9bad5fb83502b8d4fe06e17224f54a3e07e181f9f390c7dcf88c11db97,1500,1265,0.8433333333333334,0.15666666666666668,0.8433333333333334,0.954,0.954,0.954,1.0,0.0,0.11066666666666666,0.0,71.50355731225297,180.67952458121232,44.997416936573956,46.6936677855607,56921.73242476606,23521.47417910744,33400.258245658624,1175.0,32225.258245658624,32225.258245658624,0.5661327734227173,16528.6774685326,11198.527785845072,0.45892823494084606,0.45961820851688695,0.030574506138956674,0.03756440243432912,0.086,0.118,1.168,1.362,0.4616600790513834,0.34936055687328454,0.0,154.52232456207275,0.0,769.0873324275017,5.609768204228432,0.35287336295859023,0.6690765899454753,0.183196137327252,0.6690765899454753,1.1538556000596145,2,7
moderate,0.5,moderate_av,P3_shared_comp,ODD-Gated Price-Aware Matching,none,OFAT_BASE,hard_gate_for_av,deterministic_gc_threshold,deterministic_utility_threshold,supply,1500,d9322babd189499956610877b248c22df3ae9196d212e12d27f427e06607a6af,1500,1266,0.844,0.156,0.8446666666666667,0.954,0.954,0.9533333333333334,1.0,0.0,0.10933333333333334,0.0,71.27093206951027,176.18395629552657,45.098961947098545,46.76724466784703,57095.28582502676,23603.31945820877,33491.96636681799,1170.0,32321.966366817993,32321.966366817993,0.5661056933119022,16716.231839653363,11327.858501318602,0.4578299071141627,0.45348837209302323,0.07191580717580498,0.09061705095614267,0.21904761904761905,0.28095238095238095,2.7523809523809524,3.276190476190476,0.4565560821484992,0.3495915511917353,0.0,139.65265083312988,0.0,747.9579467773438,5.596034888932616,0.35315895699418426,0.6675063742823415,0.18476635299038585,0.6675063742823415,0.8922556999023072,2,8
tight,0.5,moderate_av,P3_shared_comp,ODD-Gated Price-Aware Matching,none,OFAT_BASE,hard_gate_for_av,deterministic_gc_threshold,deterministic_utility_threshold,supply,1500,ed4cc195d96b8323a4fe6dc34d9295f4b44a9bd581ab12ab927a4799d1d7fca3,1500,1267,0.8446666666666667,0.15533333333333332,0.8453333333333334,0.954,0.954,0.9533333333333334,1.0,0.0,0.10866666666666666,0.0,71.14048934490924,176.6233242339335,45.11862767450587,46.778200164926254,57165.30126359894,23550.1136504416,33615.18761315734,1165.0,32450.187613157337,32450.187613157337,0.5676553240491814,16501.042394545882,11180.639854929577,0.4588746085535198,0.4630177514792899,0.13943093679004454,0.1719082347254889,0.43636363636363634,0.5454545454545454,5.372727272727273,6.1454545454545455,0.4664561957379637,0.3504670455555961,0.0,161.69454145431519,0.0,784.5659470111132,5.608431924767152,0.35126501760024487,0.6676735940995417,0.18459913317318546,0.6676735940995417,0.7989237998554017,2,9
moderate,0.0,moderate_av,P3_shared_comp,ODD-Gated Price-Aware Matching,none,OFAT_BASE,hard_gate_for_av,deterministic_gc_threshold,deterministic_utility_threshold,av_penetration,1500,f2a256434cd716db0af17c40793601979b91c17c580de102bd8741d4facf3f40,1500,1260,0.84,0.16,0.84,0.954,0.954,0.954,1.0,0.0,0.114,0.0,71.08650793650794,151.09244552397374,45.44835324266214,47.40345631864208,57264.925085754294,29219.54566747566,28045.37941827864,1200.0,26845.37941827864,26845.37941827864,0.46879270998918887,30017.11850953718,20555.22318146637,0.40824857943311893,0.2492063492063492,0.0,0.0828403283646923,0.0,0.20952380952380953,0.0,3.0,0.0,,0.0,0.0,0.0,0.0,6.150496441689623,0.35697416535484716,0.6995216175954866,0.15275110967724065,0.6995216175954866,0.9019786001153989,2,10
moderate,0.25,moderate_av,P3_shared_comp,ODD-Gated Price-Aware Matching,none,OFAT_BASE,hard_gate_for_av,deterministic_gc_threshold,deterministic_utility_threshold,av_penetration,1500,df6110ae40a8c1a53223c1791a6cc2fa85138144b550ad8e937ff426ae1f43c1,1500,1264,0.8426666666666667,0.15733333333333333,0.8426666666666667,0.954,0.954,0.954,1.0,0.0,0.11133333333333334,0.0,71.2136075949367,177.92744432487788,45.04543802346859,46.78002815863022,56937.4336616643,24196.23564307329,32741.198018591007,1180.0,31561.198018591007,31561.198018591007,0.5543136736041725,18449.976369906086,12542.461152854397,0.4489622049194398,0.4147952443857332,0.12433829928071988,0.06699079300107028,0.26666666666666666,0.2222222222222222,4.828571428571428,2.403174603174603,0.40110759493670883,0.34741992477442696,0.0,82.32241773605347,0.0,622.838501766324,5.798308367768596,0.3523225354191263,0.6727525323370995,0.17952019493562774,0.6727525323370995,0.9094192000047769,2,11
moderate,0.75,moderate_av,P3_shared_comp,ODD-Gated Price-Aware Matching,none,OFAT_BASE,hard_gate_for_av,deterministic_gc_threshold,deterministic_utility_threshold,av_penetration,1500,39a668aed989979f226a85bdd856fde079c960335047a7c1414c7a1e56a94a48,1500,1142,0.7613333333333333,0.23866666666666667,0.846,0.954,0.954,0.864,0.995640802092415,0.0033333333333333335,0.09933333333333333,0.0,80.69964973730298,173.08755420434613,44.40501867800237,45.87048269960986,50710.53133027871,19664.937510028445,31045.593820250262,1790.0,29255.593820250262,29255.593820250262,0.5769135730349183,6739.988818539543,4500.144516123854,0.4958984982568535,0.6394052044609665,0.06996154916188058,0.07403422408602504,0.2571428571428571,0.22857142857142856,2.7714285714285714,2.5619047619047617,0.7644483362521891,0.3662352734318259,0.0,1400.8234696388245,0.0,2140.8391783088446,4.229228436756846,0.4981549490072217,0.6445087842164646,0.1774609127532323,0.6445087842164646,1.0112982998543885,2,12
moderate,0.5,conservative_av,P3_shared_comp,ODD-Gated Price-Aware Matching,none,OFAT_BASE,hard_gate_for_av,deterministic_gc_threshold,deterministic_utility_threshold,odd_profile,1500,d9322babd189499956610877b248c22df3ae9196d212e12d27f427e06607a6af,1500,1260,0.84,0.16,0.846,0.954,0.954,0.952,0.995260663507109,0.004,0.108,0.0,71.59444444444445,162.06298868796975,45.329097353500664,47.14426860083845,57114.66266541084,26343.06777129833,30771.59489411251,1200.0,29571.59489411251,29571.59489411251,0.5177583743661212,23699.778274612512,16143.105547097268,0.43840579499568566,0.31841302136317395,0.03454637615945722,0.12917917570752402,0.1761904761904762,0.35714285714285715,1.319047619047619,4.680952380952381,0.21984126984126984,0.30078088038485545,0.0,18.847220420837402,0.0,212.61922270059586,4.908296916677599,0.36388923050854866,0.655413493749258,0.19117741534165125,0.655413493749258,0.8955519000737695,2,13
moderate,0.5,mature_av,P3_shared_comp,ODD-Gated Price-Aware Matching,none,OFAT_BASE,hard_gate_for_av,deterministic_gc_threshold,deterministic_utility_threshold,odd_profile,1500,d9322babd189499956610877b248c22df3ae9196d212e12d27f427e06607a6af,1500,1264,0.8426666666666667,0.15733333333333333,0.8426666666666667,0.954,0.954,0.954,1.0,0.0,0.11133333333333334,0.0,71.00553797468355,196.61285455716865,44.62394984029515,46.239828786288086,56404.67259813307,21257.889863520522,35146.782734612556,1180.0,33966.782734612556,33966.782734612556,0.6021980302344104,10769.961487428853,7309.702462492216,0.4558666180860391,0.5209713024282561,0.10286941299368431,0.057424926625166316,0.22380952380952382,0.23333333333333334,3.861904761904762,2.157142857142857,0.6416139240506329,0.38174158575428985,0.0,152.9892716407776,0.0,1345.2333900779486,6.0519526296514945,0.3515275181468363,0.6914859046771965,0.16078682259553073,0.6914859046771965,0.9160030998755246,2,14
moderate,0.5,intersection_sensitive_av,P3_shared_comp,ODD-Gated Price-Aware Matching,none,OFAT_BASE,hard_gate_for_av,deterministic_gc_threshold,deterministic_utility_threshold,odd_profile,1500,d9322babd189499956610877b248c22df3ae9196d212e12d27f427e06607a6af,1500,1262,0.8413333333333334,0.15866666666666668,0.8466666666666667,0.954,0.954,0.9513333333333334,0.9968404423380727,0.0026666666666666666,0.10733333333333334,0.0,71.89936608557845,169.834880249289,45.26440613759823,47.02486899483332,57123.68054564897,25238.439078382988,31885.24146726598,1190.0,30695.24146726598,30695.24146726598,0.5373470542174998,21200.086714466182,14410.274830419497,0.44497645777416894,0.3680473372781065,0.04599060025189869,0.11797725216919466,0.19523809523809524,0.3523809523809524,1.9857142857142858,4.023809523809524,0.3304278922345483,0.33289279198522664,0.0,50.228312492370605,0.0,469.9284897297621,5.091339668328304,0.35755942815601904,0.6586012219705021,0.19177756590828574,0.6586012219705021,0.8911220999289071,2,15
moderate,0.5,uncertainty_sensitive_av,P3_shared_comp,ODD-Gated Price-Aware Matching,none,OFAT_BASE,hard_gate_for_av,deterministic_gc_threshold,deterministic_utility_threshold,odd_profile,1500,d9322babd189499956610877b248c22df3ae9196d212e12d27f427e06607a6af,1500,1264,0.8426666666666667,0.15733333333333333,0.8466666666666667,0.954,0.954,0.9533333333333334,0.996059889676911,0.0033333333333333335,0.10733333333333334,0.0,71.6993670886076,174.04451925153248,45.23448817135378,46.982105641469495,57176.393048591184,24585.745474250303,32590.64757434088,1180.0,31410.64757434088,31410.64757434088,0.5493639227582376,19449.862955943077,13204.440639698558,0.451651003809277,0.39223057644110276,0.05760861647045315,0.10589289315996733,0.2,0.30952380952380953,2.219047619047619,3.8,0.3686708860759494,0.33334960047693896,0.0,46.656511306762695,0.0,477.55696630477905,5.123566563907473,0.3520100217543399,0.6568851842773933,0.19728148238927334,0.6568851842773933,0.8894696002244018,2,16
moderate,0.5,moderate_av,P0_uniform,ODD-Gated Price-Aware Matching,none,OFAT_BASE,hard_gate_for_av,deterministic_gc_threshold,deterministic_utility_threshold,pricing,1500,d9322babd189499956610877b248c22df3ae9196d212e12d27f427e06607a6af,1500,1266,0.844,0.156,0.8453333333333334,0.954,0.954,0.9526666666666667,1.0,0.0,0.10866666666666666,0.0,71.5481832543444,175.95313076902855,44.14101440969338,45.80592575015463,55882.524242671825,22301.165668135676,33581.35857453615,1170.0,32411.35857453615,32411.35857453615,0.57999095448496,14173.761941334338,8794.087524912798,0.4598596773520149,0.4581497797356828,0.07191021861823185,0.0907628355231721,0.22857142857142856,0.2761904761904762,2.7857142857142856,3.242857142857143,0.46208530805687204,0.3481131743416827,0.0,132.23896598815918,0.0,746.9404013007879,5.57374352289125,0.3541059266911539,0.6614985403258238,0.19266812634084296,0.6614985403258238,0.8907305001048371,2,17
moderate,0.5,moderate_av,P1_platform_funded_comp,ODD-Gated Price-Aware Matching,none,OFAT_BASE,hard_gate_for_av,deterministic_gc_threshold,deterministic_utility_threshold,pricing,1500,d9322babd189499956610877b248c22df3ae9196d212e12d27f427e06607a6af,1500,1268,0.8453333333333334,0.15466666666666667,0.846,0.954,0.954,0.9533333333333334,1.0,0.0,0.108,0.0,71.12854889589906,178.74707324254476,44.17771022809057,45.795656016058736,56017.33656921884,24877.361287262444,31139.9752819564,1160.0,29979.9752819564,29979.9752819564,0.5351910161760565,14212.139874835779,9641.901921101518,0.4573208789563481,0.4801980198019802,0.08654548521256733,0.07529838960521464,0.22380952380952382,0.2714285714285714,3.1523809523809523,2.8857142857142857,0.5220820189274448,0.36355835383182084,0.0,771.2292432785034,0.0,1378.1997834146023,5.680546673444401,0.3501602196204469,0.6706998663366517,0.18346680033001497,0.6706998663366517,0.8999492002039915,2,18
moderate,0.5,moderate_av,P2_passenger_funded_comp,ODD-Gated Price-Aware Matching,none,OFAT_BASE,hard_gate_for_av,deterministic_gc_threshold,deterministic_utility_threshold,pricing,1500,d9322babd189499956610877b248c22df3ae9196d212e12d27f427e06607a6af,1500,1261,0.8406666666666667,0.15933333333333333,0.8433333333333334,0.954,0.954,0.9526666666666667,0.997626582278481,0.002,0.11,0.0,71.55590800951626,179.24768915103584,45.90980642036702,47.60764060497953,57892.26589608281,22121.011299965663,35771.25459611715,1195.0,34576.25459611715,34576.25459611715,0.59725170644006,16931.89865490673,11475.464999113958,0.458037793962913,0.44942196531791906,0.06935093889077093,0.09216422464289076,0.21904761904761905,0.2857142857142857,2.7095238095238097,3.295238095238095,0.4512291831879461,0.3469426207065443,0.0,49.91211748123169,0.0,663.0624657720327,5.536036569701342,0.3570972167563077,0.663438549582855,0.18883417768987223,0.663438549582855,0.9033890000137035,2,19
moderate,0.5,moderate_av,P4_av_discount_hv_comp,ODD-Gated Price-Aware Matching,none,OFAT_BASE,hard_gate_for_av,deterministic_gc_threshold,deterministic_utility_threshold,pricing,1500,d9322babd189499956610877b248c22df3ae9196d212e12d27f427e06607a6af,1500,1274,0.8493333333333334,0.15066666666666667,0.852,0.954,0.954,0.9533333333333334,0.9976507439310884,0.002,0.102,0.0,71.38226059654632,177.99472226447466,44.197297428463834,45.863164912320144,56307.35692386293,24677.592333487526,31629.764590375402,1130.0,30499.764590375402,30499.764590375402,0.5416657122019818,17003.023633219716,11716.540010907582,0.45980962553978083,0.4642857142857143,0.07573818057814613,0.08897531862043025,0.22380952380952382,0.2761904761904762,2.8666666666666667,3.2,0.4725274725274725,0.35113627037831713,0.0,190.86858987808228,0.0,821.0202129334211,5.652848424723425,0.3441475769600769,0.6674669313842109,0.18669973528245576,0.6674669313842109,0.880992900027195,2,20
moderate,0.5,moderate_av,P5_three_stakeholder_balanced,ODD-Gated Price-Aware Matching,none,OFAT_BASE,hard_gate_for_av,deterministic_gc_threshold,deterministic_utility_threshold,pricing,1500,d9322babd189499956610877b248c22df3ae9196d212e12d27f427e06607a6af,1500,1243,0.8286666666666667,0.17133333333333334,0.8353333333333334,0.954,0.954,0.9533333333333334,0.9928115015974441,0.006,0.11866666666666667,0.0,71.74175382139984,175.98400413966124,44.15975274611652,45.833381692995566,54890.57266342283,23602.71371703277,31287.85894639006,1285.0,30002.85894639006,30002.85894639006,0.5465940231733623,17111.408782882016,11904.261875897057,0.45627244248530685,0.44970414201183434,0.06919617908328113,0.08693066872579085,0.22380952380952382,0.2714285714285714,2.7,3.219047619047619,0.4561544650040225,0.3491000849523662,0.0,130.49242544174194,0.0,729.2194575816393,5.28199623398487,0.38411940017053653,0.6630619013227972,0.18542294716205118,0.6630619013227972,0.9159913001203677,2,21
moderate,0.0,conservative_av,P3_shared_comp,ODD-Gated Price-Aware Matching,none,INT_AV0.00_conservative_av,hard_gate_for_av,deterministic_gc_threshold,deterministic_utility_threshold,penetration_odd_interaction,1500,f2a256434cd716db0af17c40793601979b91c17c580de102bd8741d4facf3f40,1500,1260,0.84,0.16,0.84,0.954,0.954,0.954,1.0,0.0,0.114,0.0,71.08650793650794,151.09244552397374,45.44835324266214,47.40345631864208,57264.925085754294,29219.54566747566,28045.37941827864,1200.0,26845.37941827864,26845.37941827864,0.46879270998918887,30017.11850953718,20555.22318146637,0.40824857943311893,0.2492063492063492,0.0,0.0828403283646923,0.0,0.20952380952380953,0.0,3.0,0.0,,0.0,0.0,0.0,0.0,6.150496441689623,0.35697416535484716,0.6995216175954866,0.15275110967724065,0.6995216175954866,0.9029400999716017,2,22
moderate,0.0,moderate_av,P3_shared_comp,ODD-Gated Price-Aware Matching,none,INT_AV0.00_moderate_av,hard_gate_for_av,deterministic_gc_threshold,deterministic_utility_threshold,penetration_odd_interaction,1500,f2a256434cd716db0af17c40793601979b91c17c580de102bd8741d4facf3f40,1500,1260,0.84,0.16,0.84,0.954,0.954,0.954,1.0,0.0,0.114,0.0,71.08650793650794,151.09244552397374,45.44835324266214,47.40345631864208,57264.925085754294,29219.54566747566,28045.37941827864,1200.0,26845.37941827864,26845.37941827864,0.46879270998918887,30017.11850953718,20555.22318146637,0.40824857943311893,0.2492063492063492,0.0,0.0828403283646923,0.0,0.20952380952380953,0.0,3.0,0.0,,0.0,0.0,0.0,0.0,6.150496441689623,0.35697416535484716,0.6995216175954866,0.15275110967724065,0.6995216175954866,0.913004499845556,2,23
moderate,0.0,mature_av,P3_shared_comp,ODD-Gated Price-Aware Matching,none,INT_AV0.00_mature_av,hard_gate_for_av,deterministic_gc_threshold,deterministic_utility_threshold,penetration_odd_interaction,1500,f2a256434cd716db0af17c40793601979b91c17c580de102bd8741d4facf3f40,1500,1260,0.84,0.16,0.84,0.954,0.954,0.954,1.0,0.0,0.114,0.0,71.08650793650794,151.09244552397374,45.44835324266214,47.40345631864208,57264.925085754294,29219.54566747566,28045.37941827864,1200.0,26845.37941827864,26845.37941827864,0.46879270998918887,30017.11850953718,20555.22318146637,0.40824857943311893,0.2492063492063492,0.0,0.0828403283646923,0.0,0.20952380952380953,0.0,3.0,0.0,,0.0,0.0,0.0,0.0,6.150496441689623,0.35697416535484716,0.6995216175954866,0.15275110967724065,0.6995216175954866,0.8949020002182806,2,24
moderate,0.0,intersection_sensitive_av,P3_shared_comp,ODD-Gated Price-Aware Matching,none,INT_AV0.00_intersection_sensitive_av,hard_gate_for_av,deterministic_gc_threshold,deterministic_utility_threshold,penetration_odd_interaction,1500,f2a256434cd716db0af17c40793601979b91c17c580de102bd8741d4facf3f40,1500,1260,0.84,0.16,0.84,0.954,0.954,0.954,1.0,0.0,0.114,0.0,71.08650793650794,151.09244552397374,45.44835324266214,47.40345631864208,57264.925085754294,29219.54566747566,28045.37941827864,1200.0,26845.37941827864,26845.37941827864,0.46879270998918887,30017.11850953718,20555.22318146637,0.40824857943311893,0.2492063492063492,0.0,0.0828403283646923,0.0,0.20952380952380953,0.0,3.0,0.0,,0.0,0.0,0.0,0.0,6.150496441689623,0.35697416535484716,0.6995216175954866,0.15275110967724065,0.6995216175954866,0.9008705001760973,2,25
moderate,0.0,uncertainty_sensitive_av,P3_shared_comp,ODD-Gated Price-Aware Matching,none,INT_AV0.00_uncertainty_sensitive_av,hard_gate_for_av,deterministic_gc_threshold,deterministic_utility_threshold,penetration_odd_interaction,1500,f2a256434cd716db0af17c40793601979b91c17c580de102bd8741d4facf3f40,1500,1260,0.84,0.16,0.84,0.954,0.954,0.954,1.0,0.0,0.114,0.0,71.08650793650794,151.09244552397374,45.44835324266214,47.40345631864208,57264.925085754294,29219.54566747566,28045.37941827864,1200.0,26845.37941827864,26845.37941827864,0.46879270998918887,30017.11850953718,20555.22318146637,0.40824857943311893,0.2492063492063492,0.0,0.0828403283646923,0.0,0.20952380952380953,0.0,3.0,0.0,,0.0,0.0,0.0,0.0,6.150496441689623,0.35697416535484716,0.6995216175954866,0.15275110967724065,0.6995216175954866,0.8869406000740128,2,26
moderate,0.25,conservative_av,P3_shared_comp,ODD-Gated Price-Aware Matching,none,INT_AV0.25_conservative_av,hard_gate_for_av,deterministic_gc_threshold,deterministic_utility_threshold,penetration_odd_interaction,1500,df6110ae40a8c1a53223c1791a6cc2fa85138144b550ad8e937ff426ae1f43c1,1500,1262,0.8413333333333334,0.15866666666666668,0.844,0.954,0.954,0.9533333333333334,0.9976284584980237,0.002,0.11,0.0,70.75990491283677,160.87287589815804,45.379104591090744,47.23261525872664,57268.42999395652,27165.008313543127,30103.42168041339,1190.0,28913.42168041339,28913.42168041339,0.5048754031403444,25440.446614928063,17365.487937628415,0.4294271432250992,0.29706717123935666,0.05083851018601417,0.0927059635228031,0.1523809523809524,0.26031746031746034,1.9523809523809523,3.3555555555555556,0.1624405705229794,0.2989782726134711,0.0,18.847220420837402,0.0,162.42069521546364,5.523853934365299,0.3557985837815383,0.6778312508721428,0.17254753700664507,0.6778312508721428,0.886519199819304,2,27
moderate,0.25,moderate_av,P3_shared_comp,ODD-Gated Price-Aware Matching,none,INT_AV0.25_moderate_av,hard_gate_for_av,deterministic_gc_threshold,deterministic_utility_threshold,penetration_odd_interaction,1500,df6110ae40a8c1a53223c1791a6cc2fa85138144b550ad8e937ff426ae1f43c1,1500,1264,0.8426666666666667,0.15733333333333333,0.8426666666666667,0.954,0.954,0.954,1.0,0.0,0.11133333333333334,0.0,71.2136075949367,177.92744432487788,45.04543802346859,46.78002815863022,56937.4336616643,24196.23564307329,32741.198018591007,1180.0,31561.198018591007,31561.198018591007,0.5543136736041725,18449.976369906086,12542.461152854397,0.4489622049194398,0.4147952443857332,0.12433829928071988,0.06699079300107028,0.26666666666666666,0.2222222222222222,4.828571428571428,2.403174603174603,0.40110759493670883,0.34741992477442696,0.0,82.32241773605347,0.0,622.838501766324,5.798308367768596,0.3523225354191263,0.6727525323370995,0.17952019493562774,0.6727525323370995,0.9030666999169625,2,28
moderate,0.25,mature_av,P3_shared_comp,ODD-Gated Price-Aware Matching,none,INT_AV0.25_mature_av,hard_gate_for_av,deterministic_gc_threshold,deterministic_utility_threshold,penetration_odd_interaction,1500,df6110ae40a8c1a53223c1791a6cc2fa85138144b550ad8e937ff426ae1f43c1,1500,1264,0.8426666666666667,0.15733333333333333,0.8426666666666667,0.954,0.954,0.954,1.0,0.0,0.11133333333333334,0.0,71.02373417721519,195.92374353818045,44.70612275866451,46.37065657634521,56508.539166951945,21940.53770101493,34568.00146593702,1180.0,33388.00146593702,33388.00146593702,0.5908487807000933,12356.47227262508,8403.066235920232,0.4473860871094542,0.4596153846153846,0.18946880138829672,0.04413903823917007,0.3619047619047619,0.18095238095238095,7.085714285714285,1.6507936507936507,0.5886075949367089,0.38086764205340634,0.0,152.88507890701294,0.0,1235.0873603373766,6.081699298176571,0.3513755657221566,0.6866565787375519,0.16561614853517534,0.6866565787375519,0.8965602000389481,2,29
moderate,0.25,intersection_sensitive_av,P3_shared_comp,ODD-Gated Price-Aware Matching,none,INT_AV0.25_intersection_sensitive_av,hard_gate_for_av,deterministic_gc_threshold,deterministic_utility_threshold,penetration_odd_interaction,1500,df6110ae40a8c1a53223c1791a6cc2fa85138144b550ad8e937ff426ae1f43c1,1500,1263,0.842,0.158,0.844,0.954,0.954,0.9533333333333334,0.9984189723320158,0.0013333333333333333,0.11,0.0,70.75771971496437,171.5455201102181,45.27304035153856,47.10674841118071,57179.849963993205,26131.194653523984,31048.65531046922,1185.0,29863.65531046922,29863.65531046922,0.5222758599274867,23209.84439686104,15820.052003720484,0.4345838455170572,0.3329798515376458,0.07263743462022051,0.08551169533960362,0.19047619047619047,0.2507936507936508,3.0476190476190474,2.9936507936507937,0.25336500395882816,0.3302661481779069,0.0,16.417006492614746,0.0,331.71050857007504,5.56905568127159,0.35468995966155054,0.6746951736907657,0.17568361418802217,0.6746951736907657,0.8895728000934469,2,30
moderate,0.25,uncertainty_sensitive_av,P3_shared_comp,ODD-Gated Price-Aware Matching,none,INT_AV0.25_uncertainty_sensitive_av,hard_gate_for_av,deterministic_gc_threshold,deterministic_utility_threshold,penetration_odd_interaction,1500,df6110ae40a8c1a53223c1791a6cc2fa85138144b550ad8e937ff426ae1f43c1,1500,1264,0.8426666666666667,0.15733333333333333,0.8433333333333334,0.954,0.954,0.954,0.9992094861660079,0.0006666666666666666,0.11066666666666666,0.0,71.06645569620254,175.65108320680122,45.214295419436056,47.044880699886455,57150.86941016717,25573.408141325996,31577.461268841183,1180.0,30397.461268841183,30397.461268841183,0.5318809946823566,21745.115663214863,14815.933847504302,0.4380574275911958,0.3488888888888889,0.09122446048577763,0.07899560239793244,0.20952380952380953,0.23809523809523808,3.466666666666667,2.857142857142857,0.2879746835443038,0.33410035900689744,0.0,18.58059597015381,0.0,359.6688988804817,5.549452315361407,0.35279602026761114,0.6739385057694179,0.17833422150330935,0.6739385057694179,0.8834181000274839,2,31
moderate,0.5,conservative_av,P3_shared_comp,ODD-Gated Price-Aware Matching,none,INT_AV0.50_conservative_av,hard_gate_for_av,deterministic_gc_threshold,deterministic_utility_threshold,penetration_odd_interaction,1500,d9322babd189499956610877b248c22df3ae9196d212e12d27f427e06607a6af,1500,1260,0.84,0.16,0.846,0.954,0.954,0.952,0.995260663507109,0.004,0.108,0.0,71.59444444444445,162.06298868796975,45.329097353500664,47.14426860083845,57114.66266541084,26343.06777129833,30771.59489411251,1200.0,29571.59489411251,29571.59489411251,0.5177583743661212,23699.778274612512,16143.105547097268,0.43840579499568566,0.31841302136317395,0.03454637615945722,0.12917917570752402,0.1761904761904762,0.35714285714285715,1.319047619047619,4.680952380952381,0.21984126984126984,0.30078088038485545,0.0,18.847220420837402,0.0,212.61922270059586,4.908296916677599,0.36388923050854866,0.655413493749258,0.19117741534165125,0.655413493749258,0.8962436999281636,2,32
moderate,0.5,moderate_av,P3_shared_comp,ODD-Gated Price-Aware Matching,none,INT_AV0.50_moderate_av,hard_gate_for_av,deterministic_gc_threshold,deterministic_utility_threshold,penetration_odd_interaction,1500,d9322babd189499956610877b248c22df3ae9196d212e12d27f427e06607a6af,1500,1266,0.844,0.156,0.8446666666666667,0.954,0.954,0.9533333333333334,1.0,0.0,0.10933333333333334,0.0,71.27093206951027,176.18395629552657,45.098961947098545,46.76724466784703,57095.28582502676,23603.31945820877,33491.96636681799,1170.0,32321.966366817993,32321.966366817993,0.5661056933119022,16716.231839653363,11327.858501318602,0.4578299071141627,0.45348837209302323,0.07191580717580498,0.09061705095614267,0.21904761904761905,0.28095238095238095,2.7523809523809524,3.276190476190476,0.4565560821484992,0.3495915511917353,0.0,139.65265083312988,0.0,747.9579467773438,5.596034888932616,0.35315895699418426,0.6675063742823415,0.18476635299038585,0.6675063742823415,0.9089452999469358,2,33
moderate,0.5,mature_av,P3_shared_comp,ODD-Gated Price-Aware Matching,none,INT_AV0.50_mature_av,hard_gate_for_av,deterministic_gc_threshold,deterministic_utility_threshold,penetration_odd_interaction,1500,d9322babd189499956610877b248c22df3ae9196d212e12d27f427e06607a6af,1500,1264,0.8426666666666667,0.15733333333333333,0.8426666666666667,0.954,0.954,0.954,1.0,0.0,0.11133333333333334,0.0,71.00553797468355,196.61285455716865,44.62394984029515,46.239828786288086,56404.67259813307,21257.889863520522,35146.782734612556,1180.0,33966.782734612556,33966.782734612556,0.6021980302344104,10769.961487428853,7309.702462492216,0.4558666180860391,0.5209713024282561,0.10286941299368431,0.057424926625166316,0.22380952380952382,0.23333333333333334,3.861904761904762,2.157142857142857,0.6416139240506329,0.38174158575428985,0.0,152.9892716407776,0.0,1345.2333900779486,6.0519526296514945,0.3515275181468363,0.6914859046771965,0.16078682259553073,0.6914859046771965,0.9016520997247426,2,34
moderate,0.5,intersection_sensitive_av,P3_shared_comp,ODD-Gated Price-Aware Matching,none,INT_AV0.50_intersection_sensitive_av,hard_gate_for_av,deterministic_gc_threshold,deterministic_utility_threshold,penetration_odd_interaction,1500,d9322babd189499956610877b248c22df3ae9196d212e12d27f427e06607a6af,1500,1262,0.8413333333333334,0.15866666666666668,0.8466666666666667,0.954,0.954,0.9513333333333334,0.9968404423380727,0.0026666666666666666,0.10733333333333334,0.0,71.89936608557845,169.834880249289,45.26440613759823,47.02486899483332,57123.68054564897,25238.439078382988,31885.24146726598,1190.0,30695.24146726598,30695.24146726598,0.5373470542174998,21200.086714466182,14410.274830419497,0.44497645777416894,0.3680473372781065,0.04599060025189869,0.11797725216919466,0.19523809523809524,0.3523809523809524,1.9857142857142858,4.023809523809524,0.3304278922345483,0.33289279198522664,0.0,50.228312492370605,0.0,469.9284897297621,5.091339668328304,0.35755942815601904,0.6586012219705021,0.19177756590828574,0.6586012219705021,0.8869054000388132,2,35
moderate,0.5,uncertainty_sensitive_av,P3_shared_comp,ODD-Gated Price-Aware Matching,none,INT_AV0.50_uncertainty_sensitive_av,hard_gate_for_av,deterministic_gc_threshold,deterministic_utility_threshold,penetration_odd_interaction,1500,d9322babd189499956610877b248c22df3ae9196d212e12d27f427e06607a6af,1500,1264,0.8426666666666667,0.15733333333333333,0.8466666666666667,0.954,0.954,0.9533333333333334,0.996059889676911,0.0033333333333333335,0.10733333333333334,0.0,71.6993670886076,174.04451925153248,45.23448817135378,46.982105641469495,57176.393048591184,24585.745474250303,32590.64757434088,1180.0,31410.64757434088,31410.64757434088,0.5493639227582376,19449.862955943077,13204.440639698558,0.451651003809277,0.39223057644110276,0.05760861647045315,0.10589289315996733,0.2,0.30952380952380953,2.219047619047619,3.8,0.3686708860759494,0.33334960047693896,0.0,46.656511306762695,0.0,477.55696630477905,5.123566563907473,0.3520100217543399,0.6568851842773933,0.19728148238927334,0.6568851842773933,0.8835183998016873,2,36
moderate,0.75,conservative_av,P3_shared_comp,ODD-Gated Price-Aware Matching,none,INT_AV0.75_conservative_av,hard_gate_for_av,deterministic_gc_threshold,deterministic_utility_threshold,penetration_odd_interaction,1500,39a668aed989979f226a85bdd856fde079c960335047a7c1414c7a1e56a94a48,1500,954,0.636,0.364,0.8466666666666667,0.954,0.954,0.7793333333333333,0.9181905678537055,0.056666666666666664,0.08666666666666667,0.0,101.64884696016772,199.51741805362929,45.616918981331196,47.789774444805424,43518.54070818996,19986.819000436,23531.72170775396,2730.0,20801.72170775396,20801.72170775396,0.4779967657288468,11787.185786904634,7917.819780792927,0.4521994247017795,0.3741935483870968,0.03938390584585334,0.13411758527584913,0.20634920634920634,0.3238095238095238,1.5523809523809524,4.428571428571429,0.5125786163522013,0.3243055363790714,0.0,1459.850700378418,0.0,1699.1207688450813,2.46852073379062,0.6013564113706158,0.6197552499120589,0.15675990160309253,0.6197552499120589,1.1821179001999553,2,37
moderate,0.75,moderate_av,P3_shared_comp,ODD-Gated Price-Aware Matching,none,INT_AV0.75_moderate_av,hard_gate_for_av,deterministic_gc_threshold,deterministic_utility_threshold,penetration_odd_interaction,1500,39a668aed989979f226a85bdd856fde079c960335047a7c1414c7a1e56a94a48,1500,1142,0.7613333333333333,0.23866666666666667,0.846,0.954,0.954,0.864,0.995640802092415,0.0033333333333333335,0.09933333333333333,0.0,80.69964973730298,173.08755420434613,44.40501867800237,45.87048269960986,50710.53133027871,19664.937510028445,31045.593820250262,1790.0,29255.593820250262,29255.593820250262,0.5769135730349183,6739.988818539543,4500.144516123854,0.4958984982568535,0.6394052044609665,0.06996154916188058,0.07403422408602504,0.2571428571428571,0.22857142857142856,2.7714285714285714,2.5619047619047617,0.7644483362521891,0.3662352734318259,0.0,1400.8234696388245,0.0,2140.8391783088446,4.229228436756846,0.4981549490072217,0.6445087842164646,0.1774609127532323,0.6445087842164646,0.993663600020227,2,38
moderate,0.75,mature_av,P3_shared_comp,ODD-Gated Price-Aware Matching,none,INT_AV0.75_mature_av,hard_gate_for_av,deterministic_gc_threshold,deterministic_utility_threshold,penetration_odd_interaction,1500,39a668aed989979f226a85bdd856fde079c960335047a7c1414c7a1e56a94a48,1500,1223,0.8153333333333334,0.18466666666666667,0.8466666666666667,0.954,0.954,0.9213333333333333,0.9991830065359477,0.0006666666666666666,0.10533333333333333,0.0,73.90269828291088,156.8642656001517,44.276781367057076,45.387225612513525,54150.503611910804,17974.0795374348,36176.424074476,1385.0,34791.424074476,34791.424074476,0.6424949308656729,2417.0540022053547,1600.2551957442495,0.5378898334052553,0.9381443298969072,0.09062600433078469,0.025556312840078824,0.27936507936507937,0.10476190476190476,3.574603174603175,0.9238095238095239,0.9206868356500408,0.3915846072525545,0.0,813.0408668518066,0.0,2327.7150206267834,5.310818479710525,0.4186878935458481,0.6688199229081437,0.175877046788826,0.6688199229081437,0.934612699857098,2,39
moderate,0.75,intersection_sensitive_av,P3_shared_comp,ODD-Gated Price-Aware Matching,none,INT_AV0.75_intersection_sensitive_av,hard_gate_for_av,deterministic_gc_threshold,deterministic_utility_threshold,penetration_odd_interaction,1500,39a668aed989979f226a85bdd856fde079c960335047a7c1414c7a1e56a94a48,1500,1015,0.6766666666666666,0.3233333333333333,0.846,0.954,0.954,0.8153333333333334,0.934622467771639,0.04733333333333333,0.09133333333333334,0.0,93.8679802955665,188.56036111431328,44.85826533369132,46.767892700069176,45531.139313696694,19604.628031159496,25926.511282537198,2425.0,23501.511282537198,23501.511282537198,0.5161634792535812,10660.549993064587,7179.667172574655,0.45649851061690544,0.43243243243243246,0.046161731435888774,0.12272785482922269,0.2,0.3238095238095238,1.9301587301587302,3.876190476190476,0.5990147783251232,0.34651525222631,0.0,1238.4829721450806,0.0,1710.6313122957945,3.0307711911405093,0.5657850251600252,0.6268137816595778,0.16485288500708886,0.6268137816595778,1.0899935000343248,2,40
moderate,0.75,uncertainty_sensitive_av,P3_shared_comp,ODD-Gated Price-Aware Matching,none,INT_AV0.75_uncertainty_sensitive_av,hard_gate_for_av,deterministic_gc_threshold,deterministic_utility_threshold,penetration_odd_interaction,1500,39a668aed989979f226a85bdd856fde079c960335047a7c1414c7a1e56a94a48,1500,1013,0.6753333333333333,0.32466666666666666,0.8473333333333334,0.954,0.954,0.79,0.9620132953466287,0.02666666666666667,0.088,0.0,87.071076011846,189.81202862073272,45.3521985231614,47.170464959441766,45941.77710396249,18558.415333006276,27383.361770956217,2435.0,24948.361770956217,24948.361770956217,0.5430430284509915,10012.51186284125,6732.952220325913,0.466968599121977,0.43073047858942065,0.05032816523950004,0.11187233345027905,0.23174603174603176,0.3047619047619048,1.9555555555555555,3.780952380952381,0.6080947680157947,0.3403175925529558,0.0,735.2752838134766,0.0,1235.054667443037,3.0125178956144865,0.5737006259733533,0.6201688034818249,0.18096756015453874,0.6201688034818249,1.0843270999612287,2,41
moderate,0.5,moderate_av,P0_uniform,GlobalMatch-MinPickup,none,B0_minpickup_uniform,none,deterministic_gc_threshold,deterministic_utility_threshold,main_mechanism,1500,d59aec6f7ac7f5c4792c2435789bc08df2361cf1f977d6b637dd2e7871b42bbf,1500,1329,0.886,0.114,0.886,0.9686666666666667,0.9686666666666667,0.9686666666666667,1.0,0.0,0.08266666666666667,0.0,70.2693754702784,154.33709310869716,45.38957885611316,46.875357620805694,60322.75029977439,26579.20597895985,33743.54432081454,855.0,32888.54432081454,32888.54432081454,0.545209629159391,14559.395874947842,9415.304547140993,0.369073142241408,0.05788712011577424,0.06654001894220633,0.07730814389368007,0.23333333333333334,0.2761904761904762,3.038095238095238,3.2904761904761903,0.4800601956358164,0.364665451398277,0.08934169278996865,911.6663913726807,856.7243928909302,2210.237610682845,7.1142965160239635,0.24456340204900667,0.7516409925893468,0.16582541815921362,0.7516409925893468,0.8957981999992626,3,0
moderate,0.5,moderate_av,P0_uniform,GlobalMatch-MinOperatingCost,none,B1_mincost_uniform,none,deterministic_gc_threshold,deterministic_utility_threshold,main_mechanism,1500,d59aec6f7ac7f5c4792c2435789bc08df2361cf1f977d6b637dd2e7871b42bbf,1500,1328,0.8853333333333333,0.11466666666666667,0.8853333333333333,0.9686666666666667,0.9686666666666667,0.9686666666666667,1.0,0.0,0.08333333333333333,0.0,70.37349397590361,180.83141163925183,45.35421167867073,46.907706230161324,60230.39310927473,22124.195411289507,38106.19769798522,860.0,37246.19769798522,37246.19769798522,0.6183953943387058,10876.436161680896,6933.431032093635,0.4023975006980347,0.125,0.08766789526226165,0.05609172533021398,0.2714285714285714,0.3238095238095238,3.7333333333333334,2.5904761904761906,0.5903614457831325,0.34238514468884795,0.0,166.34172821044922,0.0,917.7992085963488,7.111591096044071,0.2464188083190003,0.7151151904643186,0.20235122028424196,0.7151151904643186,0.8875974999391474,3,1
moderate,0.5,moderate_av,P0_uniform,ODD Gate Only,none,B2_oddgate_uniform,hard_gate_for_av,deterministic_gc_threshold,deterministic_utility_threshold,main_mechanism,1500,d59aec6f7ac7f5c4792c2435789bc08df2361cf1f977d6b637dd2e7871b42bbf,1500,1329,0.886,0.114,0.886,0.9686666666666667,0.9686666666666667,0.9686666666666667,1.0,0.0,0.08266666666666667,0.0,70.2693754702784,158.0918941934612,45.38957885611316,46.94177412766123,60322.75029977439,25522.353217212043,34800.39708256234,855.0,33945.39708256234,33945.39708256234,0.5627295989302613,15838.650789432442,10222.627445139193,0.3731642628423171,0.08847184986595175,0.06041322145289604,0.08424423188672933,0.22380952380952382,0.28095238095238095,2.776190476190476,3.552380952380952,0.43867569601203915,0.3590146813045371,0.0,905.1320600509644,0.0,1360.623117133975,6.867737700559197,0.24456340204900667,0.7516020275252809,0.1658643832232796,0.7516020275252809,0.8758880997775123,3,2
moderate,0.5,moderate_av,P3_shared_comp,ODD-Gated Price-Aware Matching,none,B3_odd_price_shared,hard_gate_for_av,deterministic_gc_threshold,deterministic_utility_threshold,main_mechanism,1500,d59aec6f7ac7f5c4792c2435789bc08df2361cf1f977d6b637dd2e7871b42bbf,1500,1325,0.8833333333333333,0.11666666666666667,0.8833333333333333,0.9686666666666667,0.9686666666666667,0.9686666666666667,1.0,0.0,0.08533333333333333,0.0,70.49660377358491,189.81273836456853,45.912599012280474,47.53457575861031,60834.19369127163,23142.712758933485,37691.48093233814,875.0,36816.48093233814,36816.48093233814,0.605193867106691,12858.738302361042,8844.162798491507,0.39882910377593433,0.12318840579710146,0.08637898901645662,0.057427942234642516,0.24285714285714285,0.3333333333333333,3.6809523809523808,2.6285714285714286,0.5833962264150944,0.3440187523569615,0.0,206.16384315490723,0.0,954.6724566668272,6.865721583811795,0.25218001235275705,0.7278842580757844,0.18766276687623096,0.7278842580757844,0.8710800000844756,3,3
moderate,0.5,moderate_av,P4_av_discount_hv_comp,ODD-Gated Price-Aware Matching,none,B4_odd_price_avdiscount,hard_gate_for_av,deterministic_gc_threshold,deterministic_utility_threshold,main_mechanism,1500,d59aec6f7ac7f5c4792c2435789bc08df2361cf1f977d6b637dd2e7871b42bbf,1500,1335,0.89,0.11,0.8906666666666667,0.9686666666666667,0.9686666666666667,0.9686666666666667,0.999251497005988,0.0006666666666666666,0.078,0.0,70.40749063670413,194.92258790055809,44.872280053585065,46.50229081437031,59904.49387153606,23727.131345072798,36177.36252646328,825.0,35352.36252646328,35352.36252646328,0.5901454171748063,12446.062058438918,8680.346145675026,0.40157706208332394,0.13001912045889102,0.09292266679995904,0.05321256649883027,0.28095238095238095,0.2904761904761905,3.8666666666666667,2.4904761904761905,0.6082397003745318,0.3447877400430846,0.0,213.91186094284058,0.0,997.456574216485,6.967386574824195,0.23559103511118865,0.7374195531815996,0.18196624336350598,0.7374195531815996,0.8791990999743575,3,4
moderate,0.5,moderate_av,P5_three_stakeholder_balanced,Weighted Stakeholder Heuristic,none,B5_weighted_heuristic,hard_gate_for_av,deterministic_gc_threshold,deterministic_utility_threshold,main_mechanism,1500,d59aec6f7ac7f5c4792c2435789bc08df2361cf1f977d6b637dd2e7871b42bbf,1500,1306,0.8706666666666667,0.12933333333333333,0.872,0.9686666666666667,0.9686666666666667,0.9686666666666667,0.9984709480122325,0.0013333333333333333,0.09666666666666666,0.0,70.31316998468607,176.33751320481102,45.192532930358844,46.804093891285255,59021.44800704865,24315.445450796477,34706.00255625218,970.0,33736.00255625218,33736.00255625218,0.5715888663426767,17304.02896777178,12085.586862292597,0.3989572963399332,0.10138248847926268,0.06205421984841434,0.07823288392913097,0.22380952380952382,0.3333333333333333,3.119047619047619,3.1,0.501531393568147,0.33405093364512345,0.0,46.656198501586914,0.0,671.7771333903074,6.536091446408145,0.2740473005348245,0.7342563488959827,0.1812906760560326,0.7342563488959827,0.8954735999577679,3,5
moderate,0.5,moderate_av,P5_three_stakeholder_balanced,Three-Stakeholder Balanced,none,B6_three_stakeholder_balanced,hard_gate_for_av,deterministic_gc_threshold,deterministic_utility_threshold,main_mechanism,1500,d59aec6f7ac7f5c4792c2435789bc08df2361cf1f977d6b637dd2e7871b42bbf,1500,1300,0.8666666666666667,0.13333333333333333,0.8686666666666667,0.9686666666666667,0.9686666666666667,0.9686666666666667,0.9976976208749041,0.002,0.1,0.0,70.90461538461538,187.872122920267,44.661513240798165,46.254773547446106,58059.96721303761,22336.772687549095,35723.19452548852,1000.0,34723.19452548852,34723.19452548852,0.5980574256626738,12442.13677642338,8739.873815218169,0.4037736678440437,0.1264591439688716,0.08549844471228657,0.05220301527498709,0.2714285714285714,0.30952380952380953,3.742857142857143,2.447619047619048,0.6046153846153847,0.34160003618379087,0.0,78.82632541656494,0.0,852.2870906740427,6.509178846318961,0.2826558704677707,0.7172617819469324,0.198285243005083,0.7172617819469324,0.9025925000751158,3,6
abundant,0.5,moderate_av,P3_shared_comp,ODD-Gated Price-Aware Matching,none,OFAT_BASE,hard_gate_for_av,deterministic_gc_threshold,deterministic_utility_threshold,supply,1500,6248f21adeefb333b9babed93744efb7188432d513ca96c62596cb96544c7c6c,1500,1325,0.8833333333333333,0.11666666666666667,0.884,0.9686666666666667,0.9686666666666667,0.9686666666666667,0.9992458521870287,0.0006666666666666666,0.08466666666666667,0.0,70.45509433962265,191.0166339081203,45.89681270468897,47.51494120747265,60813.27683371288,23004.02506186619,37809.251771846684,875.0,36934.251771846684,36934.251771846684,0.6073386223347128,12399.25104287583,8533.95620431453,0.40027203461274385,0.1266294227188082,0.03728023732437901,0.023014303366738504,0.108,0.128,1.576,1.074,0.5947169811320755,0.34416234698115067,0.0,232.50595140457153,0.0,984.812741741538,6.868533636335939,0.250516544662418,0.723038540802723,0.19250848414929242,0.723038540802723,1.1663854001817526,3,7
moderate,0.5,moderate_av,P3_shared_comp,ODD-Gated Price-Aware Matching,none,OFAT_BASE,hard_gate_for_av,deterministic_gc_threshold,deterministic_utility_threshold,supply,1500,d59aec6f7ac7f5c4792c2435789bc08df2361cf1f977d6b637dd2e7871b42bbf,1500,1325,0.8833333333333333,0.11666666666666667,0.8833333333333333,0.9686666666666667,0.9686666666666667,0.9686666666666667,1.0,0.0,0.08533333333333333,0.0,70.49660377358491,189.81273836456853,45.912599012280474,47.53457575861031,60834.19369127163,23142.712758933485,37691.48093233814,875.0,36816.48093233814,36816.48093233814,0.605193867106691,12858.738302361042,8844.162798491507,0.39882910377593433,0.12318840579710146,0.08637898901645662,0.057427942234642516,0.24285714285714285,0.3333333333333333,3.6809523809523808,2.6285714285714286,0.5833962264150944,0.3440187523569615,0.0,206.16384315490723,0.0,954.6724566668272,6.865721583811795,0.25218001235275705,0.7278842580757844,0.18766276687623096,0.7278842580757844,0.8875419000687543,3,8
tight,0.5,moderate_av,P3_shared_comp,ODD-Gated Price-Aware Matching,none,OFAT_BASE,hard_gate_for_av,deterministic_gc_threshold,deterministic_utility_threshold,supply,1500,d0481d73f7a91b38d8ecb90f37dcee25fb5f0ad7abf850c93e01e36dcec9e46f,1500,1327,0.8846666666666667,0.11533333333333333,0.8846666666666667,0.9686666666666667,0.9686666666666667,0.9686666666666667,1.0,0.0,0.084,0.0,70.1665410700829,185.81625175560683,45.96739133764918,47.54563884370138,60998.72830506047,22977.043589400855,38021.68471565961,865.0,37156.68471565961,37156.68471565961,0.6091386779382594,12445.404918796208,8556.142257021198,0.40089015591315075,0.12686567164179105,0.16889217722313063,0.10571531226938086,0.5,0.6181818181818182,7.1909090909090905,4.872727272727273,0.5960813865862848,0.3438297427948949,0.0,198.1356053352356,0.0,957.0552360266447,6.899594173154633,0.24543017230157346,0.7223733467580455,0.19701244978706,0.7223733467580455,0.7994537002668949,3,9
moderate,0.0,moderate_av,P3_shared_comp,ODD-Gated Price-Aware Matching,none,OFAT_BASE,hard_gate_for_av,deterministic_gc_threshold,deterministic_utility_threshold,av_penetration,1500,df5fd88496c40f9dd4fdf0709331ad04d4fd92343207d28e378f13d44cfc504b,1500,1315,0.8766666666666667,0.12333333333333334,0.8766666666666667,0.9686666666666667,0.9686666666666667,0.9686666666666667,1.0,0.0,0.092,0.0,70.37490494296578,156.5520056362706,46.35319995140635,48.3352120548877,60954.45793609935,30880.9301183801,30073.52781771926,925.0,29148.52781771926,29148.52781771926,0.47820173953932393,31495.336241124183,21743.365321168763,0.36680724737913134,0.05171102661596958,0.0,0.07302590485532211,0.0,0.24761904761904763,0.0,3.130952380952381,0.0,,0.0,0.0,0.0,0.0,6.922827881225194,0.2639956599169651,0.7531405206538936,0.16240650429812173,0.7531405206538936,0.8892724999313941,3,10
moderate,0.25,moderate_av,P3_shared_comp,ODD-Gated Price-Aware Matching,none,OFAT_BASE,hard_gate_for_av,deterministic_gc_threshold,deterministic_utility_threshold,av_penetration,1500,61b6f894dc958da09c84af32e76699bb98e0e025bed873e8b198d65de951f778,1500,1324,0.8826666666666667,0.11733333333333333,0.8826666666666667,0.9686666666666667,0.9686666666666667,0.9686666666666667,1.0,0.0,0.086,0.0,70.14954682779457,195.63568153565274,45.91759356910513,47.60504393342136,60794.89388549519,23559.71617627416,37235.177709221025,880.0,36355.177709221025,36355.177709221025,0.5979972228867539,13901.121360104777,9567.958560191462,0.3937008375068472,0.11467116357504216,0.1637865277515698,0.04159805829090422,0.3523809523809524,0.26031746031746034,6.961904761904762,1.8825396825396825,0.5521148036253777,0.3450929542321404,0.0,172.10591506958008,0.0,886.3427916914225,6.891678991726976,0.2510740805366525,0.7325956521703925,0.1848707585781681,0.7325956521703925,0.8871636000985745,3,11
moderate,0.75,moderate_av,P3_shared_comp,ODD-Gated Price-Aware Matching,none,OFAT_BASE,hard_gate_for_av,deterministic_gc_threshold,deterministic_utility_threshold,av_penetration,1500,b592f99cd06bda7508211ce0069b523c4f05d489800ee5b631eb9065a3244e2f,1500,1278,0.852,0.148,0.8866666666666667,0.9686666666666667,0.9686666666666667,0.934,0.9976580796252927,0.002,0.08,0.0,73.78403755868544,170.85250865433144,45.56934741678058,46.8361262694683,58237.625998645584,20034.648369604176,38202.97762904141,1110.0,37092.97762904141,37092.97762904141,0.6369246169118238,4068.006102080247,2766.030438524567,0.43301488810043404,0.2391304347826087,0.07837628779478459,0.03397845055042152,0.2698412698412698,0.20952380952380953,3.473015873015873,1.7523809523809524,0.8560250391236307,0.3522008793981318,0.0,1091.824110507965,0.0,2025.1749287992716,6.122877250708345,0.313665722206989,0.7476382721057573,0.1621505954566227,0.7476382721057573,0.9297626998304622,3,12
moderate,0.5,conservative_av,P3_shared_comp,ODD-Gated Price-Aware Matching,none,OFAT_BASE,hard_gate_for_av,deterministic_gc_threshold,deterministic_utility_threshold,odd_profile,1500,d59aec6f7ac7f5c4792c2435789bc08df2361cf1f977d6b637dd2e7871b42bbf,1500,1321,0.8806666666666667,0.11933333333333333,0.8846666666666667,0.9686666666666667,0.9686666666666667,0.9686666666666667,0.9954785229841748,0.004,0.084,0.0,70.21044663133989,177.2347655218667,46.14752638609291,47.92912176966287,60960.88235602874,26360.39571402203,34600.48664200671,895.0,33705.48664200671,33705.48664200671,0.5529035233636739,20991.735061348765,14424.551257852232,0.3928316005681549,0.07753705815279362,0.04927738902606631,0.0958136368447763,0.19523809523809524,0.38571428571428573,2.1142857142857143,4.1761904761904765,0.336109008327025,0.3149799422693772,0.0,74.06955051422119,0.0,396.122798204422,6.224696858909911,0.2548877173157404,0.7196229522981734,0.1978434584503871,0.7196229522981734,0.8927579002338462,3,13
moderate,0.5,mature_av,P3_shared_comp,ODD-Gated Price-Aware Matching,none,OFAT_BASE,hard_gate_for_av,deterministic_gc_threshold,deterministic_utility_threshold,odd_profile,1500,d59aec6f7ac7f5c4792c2435789bc08df2361cf1f977d6b637dd2e7871b42bbf,1500,1325,0.8833333333333333,0.11666666666666667,0.8833333333333333,0.9686666666666667,0.9686666666666667,0.9686666666666667,1.0,0.0,0.08533333333333333,0.0,70.26641509433962,198.0341057164354,45.655262472839205,47.173507454345,60493.222776511946,20842.38419138741,39650.83858512453,875.0,38775.83858512453,38775.83858512453,0.6409947561957345,8179.0516334877775,5639.070022560104,0.39085271386052833,0.15895953757225434,0.10568530267641686,0.03706419614995618,0.2857142857142857,0.3047619047619048,4.661904761904762,1.6476190476190475,0.7388679245283019,0.35831002963616154,0.0,62.01084804534912,0.0,1251.3217893838882,6.982826967231959,0.24988817431235857,0.7337780418883211,0.18368836886023934,0.7337780418883211,0.8904494999151211,3,14
moderate,0.5,intersection_sensitive_av,P3_shared_comp,ODD-Gated Price-Aware Matching,none,OFAT_BASE,hard_gate_for_av,deterministic_gc_threshold,deterministic_utility_threshold,odd_profile,1500,d59aec6f7ac7f5c4792c2435789bc08df2361cf1f977d6b637dd2e7871b42bbf,1500,1320,0.88,0.12,0.8853333333333333,0.9686666666666667,0.9686666666666667,0.9673333333333334,0.995475113122172,0.004,0.08333333333333333,0.0,70.25227272727273,179.3548228345418,46.10221463118428,47.855064965232735,60854.92331316325,25954.575844848318,34900.34746831492,900.0,34000.34746831492,34000.34746831492,0.5587115325632241,20143.760960323292,13835.157245914415,0.38951661974179536,0.08180708180708181,0.051434145716808224,0.09362931777377331,0.21904761904761905,0.38095238095238093,2.3857142857142857,3.9,0.3795454545454545,0.32963492423395113,0.0,91.38497543334961,0.0,549.0586062818766,6.046806493783461,0.2568893625035659,0.7239599045155944,0.19158712043642098,0.7239599045155944,0.8612417998810997,3,15
moderate,0.5,uncertainty_sensitive_av,P3_shared_comp,ODD-Gated Price-Aware Matching,none,OFAT_BASE,hard_gate_for_av,deterministic_gc_threshold,deterministic_utility_threshold,odd_profile,1500,d59aec6f7ac7f5c4792c2435789bc08df2361cf1f977d6b637dd2e7871b42bbf,1500,1322,0.8813333333333333,0.11866666666666667,0.884,0.9686666666666667,0.9686666666666667,0.9686666666666667,0.9969834087481146,0.0026666666666666666,0.08466666666666667,0.0,70.24583963691377,185.75157543697,45.95008758719347,47.63714549303146,60746.01579026977,24081.074535594213,36664.94125467555,890.0,35774.94125467555,35774.94125467555,0.5889265458691356,15996.374409254004,10986.97236299682,0.39614226045806905,0.10044313146233383,0.07177700596392032,0.07224416019151404,0.2571428571428571,0.34285714285714286,3.0714285714285716,3.223809523809524,0.48789712556732223,0.33593946512817413,0.0,17.037395477294922,0.0,596.4716930240393,6.442469595876506,0.25350301756251853,0.723944222898405,0.19352218785015543,0.723944222898405,0.8728737000055844,3,16
moderate,0.5,moderate_av,P0_uniform,ODD-Gated Price-Aware Matching,none,OFAT_BASE,hard_gate_for_av,deterministic_gc_threshold,deterministic_utility_threshold,pricing,1500,d59aec6f7ac7f5c4792c2435789bc08df2361cf1f977d6b637dd2e7871b42bbf,1500,1328,0.8853333333333333,0.11466666666666667,0.8853333333333333,0.9686666666666667,0.9686666666666667,0.9686666666666667,1.0,0.0,0.08333333333333333,0.0,70.37349397590361,184.78578663925137,45.35421167867073,46.925785597631204,60230.39310927473,22092.36589485019,38138.02721442454,860.0,37278.02721442454,37278.02721442454,0.6189238570432672,10686.067949547776,6819.930626629908,0.40143962796216015,0.1275797373358349,0.08882026841875337,0.05513511077827994,0.2619047619047619,0.3142857142857143,3.7857142857142856,2.538095238095238,0.598644578313253,0.3438577007697563,0.0,184.74414110183716,0.0,956.7028390020132,6.931672289109909,0.2464188083190003,0.7216427279231964,0.1958236828253641,0.7216427279231964,0.8865220000734553,3,17
moderate,0.5,moderate_av,P1_platform_funded_comp,ODD-Gated Price-Aware Matching,none,OFAT_BASE,hard_gate_for_av,deterministic_gc_threshold,deterministic_utility_threshold,pricing,1500,d59aec6f7ac7f5c4792c2435789bc08df2361cf1f977d6b637dd2e7871b42bbf,1500,1329,0.886,0.114,0.886,0.9686666666666667,0.9686666666666667,0.9686666666666667,1.0,0.0,0.08266666666666667,0.0,70.44996237772762,187.00883887471358,45.38957885611316,46.94584044058516,60322.75029977439,23965.740654702975,36357.009645071405,855.0,35502.009645071405,35502.009645071405,0.5885343335415558,11154.668181757475,7678.108589327019,0.3989473273447616,0.13821138211382114,0.09489154336551553,0.04895071246035338,0.29523809523809524,0.29523809523809524,3.9857142857142858,2.342857142857143,0.6297968397291196,0.3481529441186272,0.0,584.1933674812317,0.0,1329.5579751878977,6.931604501278206,0.24616289021279428,0.7195845748562982,0.1978818358922622,0.7195845748562982,0.9014611002785387,3,18
moderate,0.5,moderate_av,P2_passenger_funded_comp,ODD-Gated Price-Aware Matching,none,OFAT_BASE,hard_gate_for_av,deterministic_gc_threshold,deterministic_utility_threshold,pricing,1500,d59aec6f7ac7f5c4792c2435789bc08df2361cf1f977d6b637dd2e7871b42bbf,1500,1325,0.8833333333333333,0.11666666666666667,0.8846666666666667,0.9686666666666667,0.9686666666666667,0.9686666666666667,0.9984928409947249,0.0013333333333333333,0.084,0.0,70.38415094339622,189.8801287960445,46.577337072520706,48.1952448494,61714.971621089935,21999.196669140794,39715.77495194914,875.0,38840.77495194914,38840.77495194914,0.6293574141201749,12941.85817845983,8894.832229908283,0.40139747033951634,0.12408759124087591,0.08571348094791956,0.05816053482207389,0.2714285714285714,0.3333333333333333,3.7,2.6095238095238096,0.5864150943396227,0.34236668991919805,0.0,60.04159688949585,0.0,832.0329445153475,6.8163476691787634,0.2514929941033588,0.7221954671291174,0.193351557822898,0.7221954671291174,0.890077000047313,3,19
moderate,0.5,moderate_av,P4_av_discount_hv_comp,ODD-Gated Price-Aware Matching,none,OFAT_BASE,hard_gate_for_av,deterministic_gc_threshold,deterministic_utility_threshold,pricing,1500,d59aec6f7ac7f5c4792c2435789bc08df2361cf1f977d6b637dd2e7871b42bbf,1500,1335,0.89,0.11,0.8906666666666667,0.9686666666666667,0.9686666666666667,0.9686666666666667,0.999251497005988,0.0006666666666666666,0.078,0.0,70.40749063670413,194.92258790055809,44.872280053585065,46.50229081437031,59904.49387153606,23727.131345072798,36177.36252646328,825.0,35352.36252646328,35352.36252646328,0.5901454171748063,12446.062058438918,8680.346145675026,0.40157706208332394,0.13001912045889102,0.09292266679995904,0.05321256649883027,0.28095238095238095,0.2904761904761905,3.8666666666666667,2.4904761904761905,0.6082397003745318,0.3447877400430846,0.0,213.91186094284058,0.0,997.456574216485,6.967386574824195,0.23559103511118865,0.7374195531815996,0.18196624336350598,0.7374195531815996,0.8811375999212032,3,20
moderate,0.5,moderate_av,P5_three_stakeholder_balanced,ODD-Gated Price-Aware Matching,none,OFAT_BASE,hard_gate_for_av,deterministic_gc_threshold,deterministic_utility_threshold,pricing,1500,d59aec6f7ac7f5c4792c2435789bc08df2361cf1f977d6b637dd2e7871b42bbf,1500,1301,0.8673333333333333,0.13266666666666665,0.8693333333333333,0.9686666666666667,0.9686666666666667,0.9686666666666667,0.9976993865030674,0.002,0.09933333333333333,0.0,70.76095311299001,187.67918466618863,44.66211877497725,46.24188110780181,58105.416526245404,22304.009082265493,35801.407443979915,995.0,34806.407443979915,34806.407443979915,0.5990217354049661,11986.743732575613,8433.633779309666,0.4033235896748063,0.12974051896207583,0.08791271627823984,0.0498047643522795,0.2761904761904762,0.2714285714285714,3.8095238095238093,2.3857142857142857,0.6149116064565718,0.3429182600043714,0.0,151.85270166397095,0.0,928.7517579346895,6.513343678074964,0.28106219862457865,0.7225063008389053,0.19304072411311007,0.7225063008389053,0.9032690999883926,3,21
moderate,0.0,conservative_av,P3_shared_comp,ODD-Gated Price-Aware Matching,none,INT_AV0.00_conservative_av,hard_gate_for_av,deterministic_gc_threshold,deterministic_utility_threshold,penetration_odd_interaction,1500,df5fd88496c40f9dd4fdf0709331ad04d4fd92343207d28e378f13d44cfc504b,1500,1315,0.8766666666666667,0.12333333333333334,0.8766666666666667,0.9686666666666667,0.9686666666666667,0.9686666666666667,1.0,0.0,0.092,0.0,70.37490494296578,156.5520056362706,46.35319995140635,48.3352120548877,60954.45793609935,30880.9301183801,30073.52781771926,925.0,29148.52781771926,29148.52781771926,0.47820173953932393,31495.336241124183,21743.365321168763,0.36680724737913134,0.05171102661596958,0.0,0.07302590485532211,0.0,0.24761904761904763,0.0,3.130952380952381,0.0,,0.0,0.0,0.0,0.0,6.922827881225194,0.2639956599169651,0.7531405206538936,0.16240650429812173,0.7531405206538936,0.8947530001896666,3,22
moderate,0.0,moderate_av,P3_shared_comp,ODD-Gated Price-Aware Matching,none,INT_AV0.00_moderate_av,hard_gate_for_av,deterministic_gc_threshold,deterministic_utility_threshold,penetration_odd_interaction,1500,df5fd88496c40f9dd4fdf0709331ad04d4fd92343207d28e378f13d44cfc504b,1500,1315,0.8766666666666667,0.12333333333333334,0.8766666666666667,0.9686666666666667,0.9686666666666667,0.9686666666666667,1.0,0.0,0.092,0.0,70.37490494296578,156.5520056362706,46.35319995140635,48.3352120548877,60954.45793609935,30880.9301183801,30073.52781771926,925.0,29148.52781771926,29148.52781771926,0.47820173953932393,31495.336241124183,21743.365321168763,0.36680724737913134,0.05171102661596958,0.0,0.07302590485532211,0.0,0.24761904761904763,0.0,3.130952380952381,0.0,,0.0,0.0,0.0,0.0,6.922827881225194,0.2639956599169651,0.7531405206538936,0.16240650429812173,0.7531405206538936,0.8970691999566043,3,23
moderate,0.0,mature_av,P3_shared_comp,ODD-Gated Price-Aware Matching,none,INT_AV0.00_mature_av,hard_gate_for_av,deterministic_gc_threshold,deterministic_utility_threshold,penetration_odd_interaction,1500,df5fd88496c40f9dd4fdf0709331ad04d4fd92343207d28e378f13d44cfc504b,1500,1315,0.8766666666666667,0.12333333333333334,0.8766666666666667,0.9686666666666667,0.9686666666666667,0.9686666666666667,1.0,0.0,0.092,0.0,70.37490494296578,156.5520056362706,46.35319995140635,48.3352120548877,60954.45793609935,30880.9301183801,30073.52781771926,925.0,29148.52781771926,29148.52781771926,0.47820173953932393,31495.336241124183,21743.365321168763,0.36680724737913134,0.05171102661596958,0.0,0.07302590485532211,0.0,0.24761904761904763,0.0,3.130952380952381,0.0,,0.0,0.0,0.0,0.0,6.922827881225194,0.2639956599169651,0.7531405206538936,0.16240650429812173,0.7531405206538936,0.8915379001264228,3,24
moderate,0.0,intersection_sensitive_av,P3_shared_comp,ODD-Gated Price-Aware Matching,none,INT_AV0.00_intersection_sensitive_av,hard_gate_for_av,deterministic_gc_threshold,deterministic_utility_threshold,penetration_odd_interaction,1500,df5fd88496c40f9dd4fdf0709331ad04d4fd92343207d28e378f13d44cfc504b,1500,1315,0.8766666666666667,0.12333333333333334,0.8766666666666667,0.9686666666666667,0.9686666666666667,0.9686666666666667,1.0,0.0,0.092,0.0,70.37490494296578,156.5520056362706,46.35319995140635,48.3352120548877,60954.45793609935,30880.9301183801,30073.52781771926,925.0,29148.52781771926,29148.52781771926,0.47820173953932393,31495.336241124183,21743.365321168763,0.36680724737913134,0.05171102661596958,0.0,0.07302590485532211,0.0,0.24761904761904763,0.0,3.130952380952381,0.0,,0.0,0.0,0.0,0.0,6.922827881225194,0.2639956599169651,0.7531405206538936,0.16240650429812173,0.7531405206538936,0.8925989000417758,3,25
moderate,0.0,uncertainty_sensitive_av,P3_shared_comp,ODD-Gated Price-Aware Matching,none,INT_AV0.00_uncertainty_sensitive_av,hard_gate_for_av,deterministic_gc_threshold,deterministic_utility_threshold,penetration_odd_interaction,1500,df5fd88496c40f9dd4fdf0709331ad04d4fd92343207d28e378f13d44cfc504b,1500,1315,0.8766666666666667,0.12333333333333334,0.8766666666666667,0.9686666666666667,0.9686666666666667,0.9686666666666667,1.0,0.0,0.092,0.0,70.37490494296578,156.5520056362706,46.35319995140635,48.3352120548877,60954.45793609935,30880.9301183801,30073.52781771926,925.0,29148.52781771926,29148.52781771926,0.47820173953932393,31495.336241124183,21743.365321168763,0.36680724737913134,0.05171102661596958,0.0,0.07302590485532211,0.0,0.24761904761904763,0.0,3.130952380952381,0.0,,0.0,0.0,0.0,0.0,6.922827881225194,0.2639956599169651,0.7531405206538936,0.16240650429812173,0.7531405206538936,0.8965957997279475,3,26
moderate,0.25,conservative_av,P3_shared_comp,ODD-Gated Price-Aware Matching,none,INT_AV0.25_conservative_av,hard_gate_for_av,deterministic_gc_threshold,deterministic_utility_threshold,penetration_odd_interaction,1500,61b6f894dc958da09c84af32e76699bb98e0e025bed873e8b198d65de951f778,1500,1321,0.8806666666666667,0.11933333333333333,0.8833333333333333,0.9686666666666667,0.9686666666666667,0.9686666666666667,0.9969811320754717,0.0026666666666666666,0.08533333333333333,0.0,70.26267978803936,176.77702913556217,46.24251990363917,48.09594637594842,61086.36879270735,27372.685536028373,33713.683256678974,895.0,32818.683256678974,32818.683256678974,0.5372505176735428,23308.091449310567,16049.958972690813,0.385681863141875,0.06974358974358974,0.07833061687594996,0.071070865499813,0.2,0.3047619047619048,3.295238095238095,3.0952380952380953,0.2619227857683573,0.31332206184866346,0.0,37.7461633682251,0.0,288.16484424471855,6.583071460422708,0.2550796558953949,0.7363363513133367,0.18113005943522384,0.7363363513133367,0.890434999979334,3,27
moderate,0.25,moderate_av,P3_shared_comp,ODD-Gated Price-Aware Matching,none,INT_AV0.25_moderate_av,hard_gate_for_av,deterministic_gc_threshold,deterministic_utility_threshold,penetration_odd_interaction,1500,61b6f894dc958da09c84af32e76699bb98e0e025bed873e8b198d65de951f778,1500,1324,0.8826666666666667,0.11733333333333333,0.8826666666666667,0.9686666666666667,0.9686666666666667,0.9686666666666667,1.0,0.0,0.086,0.0,70.14954682779457,195.63568153565274,45.91759356910513,47.60504393342136,60794.89388549519,23559.71617627416,37235.177709221025,880.0,36355.177709221025,36355.177709221025,0.5979972228867539,13901.121360104777,9567.958560191462,0.3937008375068472,0.11467116357504216,0.1637865277515698,0.04159805829090422,0.3523809523809524,0.26031746031746034,6.961904761904762,1.8825396825396825,0.5521148036253777,0.3450929542321404,0.0,172.10591506958008,0.0,886.3427916914225,6.891678991726976,0.2510740805366525,0.7325956521703925,0.1848707585781681,0.7325956521703925,0.8956638998934068,3,28
moderate,0.25,mature_av,P3_shared_comp,ODD-Gated Price-Aware Matching,none,INT_AV0.25_mature_av,hard_gate_for_av,deterministic_gc_threshold,deterministic_utility_threshold,penetration_odd_interaction,1500,61b6f894dc958da09c84af32e76699bb98e0e025bed873e8b198d65de951f778,1500,1322,0.8813333333333333,0.11866666666666667,0.8813333333333333,0.9686666666666667,0.9686666666666667,0.9686666666666667,1.0,0.0,0.08733333333333333,0.0,70.10741301059001,204.64246666136398,45.75878602644229,47.46101164886449,60493.115126956705,22770.755878963697,37722.35924799301,890.0,36832.35924799301,36832.35924799301,0.6088686153902482,12583.180454695093,8694.226765334994,0.3836283618124148,0.10694183864915573,0.17396364980943485,0.03803517168545347,0.3619047619047619,0.24126984126984127,7.514285714285714,1.692063492063492,0.596822995461422,0.35551957416859264,0.0,40.02116680145264,0.0,984.0068629682064,6.97288272081938,0.2532356745408569,0.742887918393682,0.1726591065583335,0.742887918393682,0.8938012000289746,3,29
moderate,0.25,intersection_sensitive_av,P3_shared_comp,ODD-Gated Price-Aware Matching,none,INT_AV0.25_intersection_sensitive_av,hard_gate_for_av,deterministic_gc_threshold,deterministic_utility_threshold,penetration_odd_interaction,1500,61b6f894dc958da09c84af32e76699bb98e0e025bed873e8b198d65de951f778,1500,1318,0.8786666666666667,0.12133333333333333,0.8826666666666667,0.9686666666666667,0.9686666666666667,0.968,0.9962207105064248,0.0033333333333333335,0.086,0.0,70.12443095599393,184.4990314886457,46.11143562330513,47.98203614683591,60774.87215151616,27057.2190088094,33717.65314270676,910.0,32807.65314270676,32807.65314270676,0.5398226599459544,22767.74875146169,15669.668095671237,0.3845268994195914,0.07311827956989247,0.07994677576657631,0.07045214331581685,0.21904761904761905,0.28888888888888886,3.6952380952380954,2.9523809523809526,0.2943854324734446,0.32419681363447833,0.0,57.844467639923096,0.0,406.73047994077206,6.451414543017231,0.26075555389374966,0.7429994420584415,0.1725475828935739,0.7429994420584415,0.8878970000951085,3,30
moderate,0.25,uncertainty_sensitive_av,P3_shared_comp,ODD-Gated Price-Aware Matching,none,INT_AV0.25_uncertainty_sensitive_av,hard_gate_for_av,deterministic_gc_threshold,deterministic_utility_threshold,penetration_odd_interaction,1500,61b6f894dc958da09c84af32e76699bb98e0e025bed873e8b198d65de951f778,1500,1322,0.8813333333333333,0.11866666666666667,0.8833333333333333,0.9686666666666667,0.9686666666666667,0.9686666666666667,0.9977358490566037,0.002,0.08533333333333333,0.0,69.964447806354,184.88450322928009,46.03457227574856,47.7741250405953,60857.704548539594,24991.426069563866,35866.27847897573,890.0,34976.27847897573,34976.27847897573,0.574722276143014,17998.57500827827,12401.298366210962,0.3905162473172801,0.08959156785243742,0.12615290699123508,0.05433889003328121,0.29523809523809524,0.28253968253968254,5.3619047619047615,2.4095238095238094,0.4258698940998487,0.33487104323663397,0.0,17.037395477294922,0.0,523.9734348207712,6.632792692485591,0.25112206518156616,0.7263500869677799,0.19111632378078067,0.7263500869677799,0.8915472999215126,3,31
moderate,0.5,conservative_av,P3_shared_comp,ODD-Gated Price-Aware Matching,none,INT_AV0.50_conservative_av,hard_gate_for_av,deterministic_gc_threshold,deterministic_utility_threshold,penetration_odd_interaction,1500,d59aec6f7ac7f5c4792c2435789bc08df2361cf1f977d6b637dd2e7871b42bbf,1500,1321,0.8806666666666667,0.11933333333333333,0.8846666666666667,0.9686666666666667,0.9686666666666667,0.9686666666666667,0.9954785229841748,0.004,0.084,0.0,70.21044663133989,177.2347655218667,46.14752638609291,47.92912176966287,60960.88235602874,26360.39571402203,34600.48664200671,895.0,33705.48664200671,33705.48664200671,0.5529035233636739,20991.735061348765,14424.551257852232,0.3928316005681549,0.07753705815279362,0.04927738902606631,0.0958136368447763,0.19523809523809524,0.38571428571428573,2.1142857142857143,4.1761904761904765,0.336109008327025,0.3149799422693772,0.0,74.06955051422119,0.0,396.122798204422,6.224696858909911,0.2548877173157404,0.7196229522981734,0.1978434584503871,0.7196229522981734,0.8815738999401219,3,32
moderate,0.5,moderate_av,P3_shared_comp,ODD-Gated Price-Aware Matching,none,INT_AV0.50_moderate_av,hard_gate_for_av,deterministic_gc_threshold,deterministic_utility_threshold,penetration_odd_interaction,1500,d59aec6f7ac7f5c4792c2435789bc08df2361cf1f977d6b637dd2e7871b42bbf,1500,1325,0.8833333333333333,0.11666666666666667,0.8833333333333333,0.9686666666666667,0.9686666666666667,0.9686666666666667,1.0,0.0,0.08533333333333333,0.0,70.49660377358491,189.81273836456853,45.912599012280474,47.53457575861031,60834.19369127163,23142.712758933485,37691.48093233814,875.0,36816.48093233814,36816.48093233814,0.605193867106691,12858.738302361042,8844.162798491507,0.39882910377593433,0.12318840579710146,0.08637898901645662,0.057427942234642516,0.24285714285714285,0.3333333333333333,3.6809523809523808,2.6285714285714286,0.5833962264150944,0.3440187523569615,0.0,206.16384315490723,0.0,954.6724566668272,6.865721583811795,0.25218001235275705,0.7278842580757844,0.18766276687623096,0.7278842580757844,0.8876770000788383,3,33
moderate,0.5,mature_av,P3_shared_comp,ODD-Gated Price-Aware Matching,none,INT_AV0.50_mature_av,hard_gate_for_av,deterministic_gc_threshold,deterministic_utility_threshold,penetration_odd_interaction,1500,d59aec6f7ac7f5c4792c2435789bc08df2361cf1f977d6b637dd2e7871b42bbf,1500,1325,0.8833333333333333,0.11666666666666667,0.8833333333333333,0.9686666666666667,0.9686666666666667,0.9686666666666667,1.0,0.0,0.08533333333333333,0.0,70.26641509433962,198.0341057164354,45.655262472839205,47.173507454345,60493.222776511946,20842.38419138741,39650.83858512453,875.0,38775.83858512453,38775.83858512453,0.6409947561957345,8179.0516334877775,5639.070022560104,0.39085271386052833,0.15895953757225434,0.10568530267641686,0.03706419614995618,0.2857142857142857,0.3047619047619048,4.661904761904762,1.6476190476190475,0.7388679245283019,0.35831002963616154,0.0,62.01084804534912,0.0,1251.3217893838882,6.982826967231959,0.24988817431235857,0.7337780418883211,0.18368836886023934,0.7337780418883211,0.8881094001844758,3,34
moderate,0.5,intersection_sensitive_av,P3_shared_comp,ODD-Gated Price-Aware Matching,none,INT_AV0.50_intersection_sensitive_av,hard_gate_for_av,deterministic_gc_threshold,deterministic_utility_threshold,penetration_odd_interaction,1500,d59aec6f7ac7f5c4792c2435789bc08df2361cf1f977d6b637dd2e7871b42bbf,1500,1320,0.88,0.12,0.8853333333333333,0.9686666666666667,0.9686666666666667,0.9673333333333334,0.995475113122172,0.004,0.08333333333333333,0.0,70.25227272727273,179.3548228345418,46.10221463118428,47.855064965232735,60854.92331316325,25954.575844848318,34900.34746831492,900.0,34000.34746831492,34000.34746831492,0.5587115325632241,20143.760960323292,13835.157245914415,0.38951661974179536,0.08180708180708181,0.051434145716808224,0.09362931777377331,0.21904761904761905,0.38095238095238093,2.3857142857142857,3.9,0.3795454545454545,0.32963492423395113,0.0,91.38497543334961,0.0,549.0586062818766,6.046806493783461,0.2568893625035659,0.7239599045155944,0.19158712043642098,0.7239599045155944,0.8859524999861605,3,35
moderate,0.5,uncertainty_sensitive_av,P3_shared_comp,ODD-Gated Price-Aware Matching,none,INT_AV0.50_uncertainty_sensitive_av,hard_gate_for_av,deterministic_gc_threshold,deterministic_utility_threshold,penetration_odd_interaction,1500,d59aec6f7ac7f5c4792c2435789bc08df2361cf1f977d6b637dd2e7871b42bbf,1500,1322,0.8813333333333333,0.11866666666666667,0.884,0.9686666666666667,0.9686666666666667,0.9686666666666667,0.9969834087481146,0.0026666666666666666,0.08466666666666667,0.0,70.24583963691377,185.75157543697,45.95008758719347,47.63714549303146,60746.01579026977,24081.074535594213,36664.94125467555,890.0,35774.94125467555,35774.94125467555,0.5889265458691356,15996.374409254004,10986.97236299682,0.39614226045806905,0.10044313146233383,0.07177700596392032,0.07224416019151404,0.2571428571428571,0.34285714285714286,3.0714285714285716,3.223809523809524,0.48789712556732223,0.33593946512817413,0.0,17.037395477294922,0.0,596.4716930240393,6.442469595876506,0.25350301756251853,0.723944222898405,0.19352218785015543,0.723944222898405,0.8870994001190411,3,36
moderate,0.75,conservative_av,P3_shared_comp,ODD-Gated Price-Aware Matching,none,INT_AV0.75_conservative_av,hard_gate_for_av,deterministic_gc_threshold,deterministic_utility_threshold,penetration_odd_interaction,1500,b592f99cd06bda7508211ce0069b523c4f05d489800ee5b631eb9065a3244e2f,1500,1137,0.758,0.242,0.8853333333333333,0.968,0.968,0.8626666666666667,0.9643765903307888,0.028,0.07666666666666666,0.0,90.97449428320141,197.34964156301334,46.44942902656618,48.33956413332165,52813.000803205745,23061.2948631385,29751.70594006724,1815.0,27936.70594006724,27936.70594006724,0.5289740313027523,9955.264084377803,6742.233221337458,0.40528620814561656,0.11192214111922141,0.05293263196778929,0.09146517719238546,0.20952380952380953,0.2761904761904762,2.3047619047619046,3.914285714285714,0.6385224274406333,0.3301645696190544,0.0,2116.56049823761,0.0,2482.965368926525,4.079132298710034,0.4583053010116349,0.7372354969069442,0.1456819695038044,0.7372354969069442,1.0391054998908658,3,37
moderate,0.75,moderate_av,P3_shared_comp,ODD-Gated Price-Aware Matching,none,INT_AV0.75_moderate_av,hard_gate_for_av,deterministic_gc_threshold,deterministic_utility_threshold,penetration_odd_interaction,1500,b592f99cd06bda7508211ce0069b523c4f05d489800ee5b631eb9065a3244e2f,1500,1278,0.852,0.148,0.8866666666666667,0.9686666666666667,0.9686666666666667,0.934,0.9976580796252927,0.002,0.08,0.0,73.78403755868544,170.85250865433144,45.56934741678058,46.8361262694683,58237.625998645584,20034.648369604176,38202.97762904141,1110.0,37092.97762904141,37092.97762904141,0.6369246169118238,4068.006102080247,2766.030438524567,0.43301488810043404,0.2391304347826087,0.07837628779478459,0.03397845055042152,0.2698412698412698,0.20952380952380953,3.473015873015873,1.7523809523809524,0.8560250391236307,0.3522008793981318,0.0,1091.824110507965,0.0,2025.1749287992716,6.122877250708345,0.313665722206989,0.7476382721057573,0.1621505954566227,0.7476382721057573,0.9292714999464806,3,38
moderate,0.75,mature_av,P3_shared_comp,ODD-Gated Price-Aware Matching,none,INT_AV0.75_mature_av,hard_gate_for_av,deterministic_gc_threshold,deterministic_utility_threshold,penetration_odd_interaction,1500,b592f99cd06bda7508211ce0069b523c4f05d489800ee5b631eb9065a3244e2f,1500,1302,0.868,0.132,0.8866666666666667,0.9686666666666667,0.9686666666666667,0.9506666666666667,0.9984662576687117,0.0013333333333333333,0.08133333333333333,0.0,70.82027649769586,162.26732723151676,45.4674059268237,46.523412378720444,59198.56251672446,17489.56206365455,41709.0004530699,990.0,40719.0004530699,40719.0004530699,0.6878376555438519,902.0946025872983,602.8074508455903,0.46091750620776767,0.5384615384615384,0.08793163989437365,0.007825089108532978,0.32063492063492066,0.11428571428571428,4.0095238095238095,0.37142857142857144,0.9700460829493087,0.3626412228752674,0.0,273.7009720802307,0.0,1777.1220813393593,6.6885164366450365,0.27901852359625867,0.7496030521339709,0.16786335861458956,0.7496030521339709,0.9062357001093915,3,39
moderate,0.75,intersection_sensitive_av,P3_shared_comp,ODD-Gated Price-Aware Matching,none,INT_AV0.75_intersection_sensitive_av,hard_gate_for_av,deterministic_gc_threshold,deterministic_utility_threshold,penetration_odd_interaction,1500,b592f99cd06bda7508211ce0069b523c4f05d489800ee5b631eb9065a3244e2f,1500,1101,0.734,0.266,0.8853333333333333,0.9686666666666667,0.9686666666666667,0.8426666666666667,0.9590592334494773,0.03133333333333333,0.07733333333333334,0.0,87.05358764759309,206.25146317283682,46.05943377911007,47.966638507861475,50711.43659080019,21060.554731909167,29650.88185889103,1995.0,27655.88185889103,27655.88185889103,0.5453578860731431,10459.13512941744,7090.628281032155,0.3971057617163989,0.10757946210268948,0.04751261754909872,0.09940455263976666,0.20952380952380953,0.2761904761904762,2.196825396825397,3.895238095238095,0.628519527702089,0.33651791442623485,0.0,1251.8756442070007,0.0,1758.6890616565943,3.6777210100626605,0.4856099967424344,0.7156119231140743,0.144272913738133,0.7156119231140743,1.0755773001001216,3,40
moderate,0.75,uncertainty_sensitive_av,P3_shared_comp,ODD-Gated Price-Aware Matching,none,INT_AV0.75_uncertainty_sensitive_av,hard_gate_for_av,deterministic_gc_threshold,deterministic_utility_threshold,penetration_odd_interaction,1500,b592f99cd06bda7508211ce0069b523c4f05d489800ee5b631eb9065a3244e2f,1500,1181,0.7873333333333333,0.21266666666666667,0.886,0.9686666666666667,0.9686666666666667,0.8853333333333333,0.9744224422442245,0.020666666666666667,0.07733333333333334,0.0,80.79508890770533,189.6303536302276,45.98164134581347,47.586447711251225,54304.318429405714,20414.0230235629,33890.295405842815,1595.0,32295.295405842815,32295.295405842815,0.5947095247650683,7391.386242953448,5012.581632352111,0.41185667369782214,0.12861736334405144,0.06279852045101605,0.06658227314408903,0.23492063492063492,0.2571428571428571,2.761904761904762,2.961904761904762,0.7366638441998307,0.3402215111700968,0.0,1087.5239906311035,0.0,1751.1803554445505,4.737668707918228,0.4041703231722425,0.7407946275305868,0.1517197678628874,0.7407946275305868,0.9991906998911873,3,41
