date,order_id,transition_index,from_link_id,to_link_id,bridge_found,bridge_repairable,bridge_distance_m,bridge_link_count,bridge_node_path,bridge_reason
20161023,02f77db30ffc4e9641694fcde8bec106,4,28276805_4508__n8,266957160_4410__n0,False,False,,,,no_directed_path_within_distance_cap
20161023,0cd8b66127239c9abb7e7b67c460c9ba,40,152427993_8794__n3,152427989_8811__n0,False,False,,,,no_directed_path_within_distance_cap
20161023,0cd8b66127239c9abb7e7b67c460c9ba,41,152427989_8811__n0,263738592_8824__n0,False,False,,,,no_directed_path_within_distance_cap
20161023,0cd8b66127239c9abb7e7b67c460c9ba,42,263738592_8824__n0,152428008_8842__n0,False,False,,,,no_directed_path_within_distance_cap
20161023,0cd8b66127239c9abb7e7b67c460c9ba,43,152428008_8842__n0,263738594_8839__n0,False,False,,,,no_directed_path_within_distance_cap
20161023,0cd8b66127239c9abb7e7b67c460c9ba,44,263738594_8839__n0,152427983_8844__n0,False,False,,,,no_directed_path_within_distance_cap
20161023,0cd8b66127239c9abb7e7b67c460c9ba,56,381956608_8924__n2,293499685_9031__n0,False,False,,,,no_directed_path_within_distance_cap
20161023,0deb580a8c0082a72b67eead88739e47,11,287208893_3810__n0,295967306_3814__n0,False,False,,,,no_directed_path_within_distance_cap
20161023,0deb580a8c0082a72b67eead88739e47,16,258742307_2667__n15,457984361_2718__n2,False,False,,,,no_directed_path_within_distance_cap
20161023,0deb580a8c0082a72b67eead88739e47,17,457984361_2718__n2,246573559_3894__n0,False,False,,,,no_directed_path_within_distance_cap
20161023,0deb580a8c0082a72b67eead88739e47,18,246573559_3894__n0,290629743_2711__n0,False,False,,,,no_directed_path_within_distance_cap
20161023,0deb580a8c0082a72b67eead88739e47,27,400213936_3981__n1,263770589_4227__n0,False,False,,,,no_directed_path_within_distance_cap
20161023,0f7533ef6be0cfb8481c22ee575f8dcf,16,263486164_8865__n1,152428008_8842__n0,False,False,,,,no_directed_path_within_distance_cap
20161023,0f7533ef6be0cfb8481c22ee575f8dcf,17,152428008_8842__n0,263738593_8825__n0,False,False,,,,no_directed_path_within_distance_cap
20161023,0f7533ef6be0cfb8481c22ee575f8dcf,18,263738593_8825__n0,263486158_8846__n2,False,False,,,,no_directed_path_within_distance_cap
20161023,0f7533ef6be0cfb8481c22ee575f8dcf,21,263485691_8790__n0,26174011_2565__n0,False,False,,,,no_directed_path_within_distance_cap
20161023,0f7533ef6be0cfb8481c22ee575f8dcf,26,263486156_2564__n1,334648929_2545__n0,False,False,,,,no_directed_path_within_distance_cap
20161023,0f7533ef6be0cfb8481c22ee575f8dcf,27,334648929_2545__n0,28340417_2566__n0,False,False,,,,no_directed_path_within_distance_cap
20161023,118a7c6437e5bccd4f9dd8583484ecba,29,258742307_2667__n15,447556687_2722__n0,False,False,,,,no_directed_path_within_distance_cap
20161023,118a7c6437e5bccd4f9dd8583484ecba,30,447556687_2722__n0,277672363_3949__n0,False,False,,,,no_directed_path_within_distance_cap
20161023,14e3acf2ceba3f4ec5d099c21a6932cd,19,28258924_2310__n4,381429050_2567__n0,False,False,,,,no_directed_path_within_distance_cap
20161023,14e3acf2ceba3f4ec5d099c21a6932cd,20,381429050_2567__n0,89567410_2603__n0,False,False,,,,no_directed_path_within_distance_cap
20161023,14e3acf2ceba3f4ec5d099c21a6932cd,35,447556677_3805__n2,334971111_3817__n0,False,False,,,,no_directed_path_within_distance_cap
20161023,14e3acf2ceba3f4ec5d099c21a6932cd,36,334971111_3817__n0,447556637_3821__n0,False,False,,,,no_directed_path_within_distance_cap
20161023,18e730f03be271bffecc62f3ba225350,19,335525204_9033__n2,293499685_9031__n2,False,False,,,,no_directed_path_within_distance_cap
20161023,18e730f03be271bffecc62f3ba225350,20,293499685_9031__n2,231866359_9034__n0,False,False,,,,no_directed_path_within_distance_cap
20161023,18e730f03be271bffecc62f3ba225350,26,337129350_9474__n1,335518752_9287__n0,False,False,,,,no_directed_path_within_distance_cap
20161023,18e730f03be271bffecc62f3ba225350,27,335518752_9287__n0,335518756_9485__n0,False,False,,,,no_directed_path_within_distance_cap
20161023,18e730f03be271bffecc62f3ba225350,30,335518757_9490__n0,266583951_9494__n0,False,False,,,,no_directed_path_within_distance_cap
20161023,18e730f03be271bffecc62f3ba225350,32,156592791_10021__n0,156592798_10051__n0,False,False,,,,no_directed_path_within_distance_cap
20161023,26b97d801dc145aa62e03ec9fd31e2e8,2,152428516_2373__n1,293499686_2413__n0,False,False,,,,no_directed_path_within_distance_cap
20161023,26b97d801dc145aa62e03ec9fd31e2e8,4,162532771_2418__n0,381409557_2425__n0,False,False,,,,no_directed_path_within_distance_cap
20161023,26b97d801dc145aa62e03ec9fd31e2e8,5,381409557_2425__n0,381409554_2631__n0,False,False,,,,no_directed_path_within_distance_cap
20161023,26b97d801dc145aa62e03ec9fd31e2e8,7,162532790_2500__n0,381473925_2503__n0,False,False,,,,no_directed_path_within_distance_cap
20161023,26b97d801dc145aa62e03ec9fd31e2e8,8,381473925_2503__n0,258738965_2521__n0,False,False,,,,no_directed_path_within_distance_cap
20161023,26b97d801dc145aa62e03ec9fd31e2e8,11,258738965_2521__n1,162658756_2525__n0,False,False,,,,no_directed_path_within_distance_cap
20161023,27cb35cc1df418593b1dd8f7cddf1870,7,28320650_2501__n2,162532776_2496__n0,False,False,,,,no_directed_path_within_distance_cap
20161023,27cb35cc1df418593b1dd8f7cddf1870,8,162532776_2496__n0,162532761_2422__n1,False,False,,,,no_directed_path_within_distance_cap
20161023,2851a1026f486cdd1b613d6fde12434a,2,457983480_10346__n0,457983472_10329__n0,False,False,,,,no_directed_path_within_distance_cap
20161023,2851a1026f486cdd1b613d6fde12434a,3,457983472_10329__n0,258248021_10327__n0,False,False,,,,no_directed_path_within_distance_cap
20161023,2851a1026f486cdd1b613d6fde12434a,4,258248021_10327__n0,457983491_10324__n0,False,False,,,,no_directed_path_within_distance_cap
20161023,2851a1026f486cdd1b613d6fde12434a,5,457983491_10324__n0,457983477_10205__n0,False,False,,,,no_directed_path_within_distance_cap
20161023,2851a1026f486cdd1b613d6fde12434a,8,460338576_10200__n0,447556692_10186__n0,False,False,,,,no_directed_path_within_distance_cap
20161023,2ca1f93752cdd4e6007723ff67218789,15,447556655_10144__n0,59140289_10148__n0,False,False,,,,no_directed_path_within_distance_cap
20161023,2ca1f93752cdd4e6007723ff67218789,16,59140289_10148__n0,263769956_10146__n0,False,False,,,,no_directed_path_within_distance_cap
20161023,31fb79b415b91514cb72b07fed464ff1,14,334802604_9025__n0,378402213_9030__n0,False,False,,,,no_directed_path_within_distance_cap
20161023,31fb79b415b91514cb72b07fed464ff1,16,293499685_9031__n2,266583966_9450__n0,False,False,,,,no_directed_path_within_distance_cap
20161023,31fb79b415b91514cb72b07fed464ff1,18,231866341_9467__n0,266583965_9473__n0,False,False,,,,no_directed_path_within_distance_cap
20161023,31fb79b415b91514cb72b07fed464ff1,19,266583965_9473__n0,266583967_9290__n0,False,False,,,,no_directed_path_within_distance_cap
20161023,31fb79b415b91514cb72b07fed464ff1,20,266583967_9290__n0,335518756_9485__n0,False,False,,,,no_directed_path_within_distance_cap
20161023,3683809b94b66a77aeeddeed6f05afcb,22,266577945_3892__n6,447556667_3885__n0,False,False,,,,no_directed_path_within_distance_cap
20161023,3683809b94b66a77aeeddeed6f05afcb,23,447556667_3885__n0,266577952_2713__n0,False,False,,,,no_directed_path_within_distance_cap
20161023,38d4b76a45c466a5ec2c22c19d34331a,9,447556678_4223__n2,333403959_4222__n0,False,False,,,,no_directed_path_within_distance_cap
20161023,38d4b76a45c466a5ec2c22c19d34331a,14,333403958_4190__n2,446811235_4189__n0,False,False,,,,no_directed_path_within_distance_cap
20161023,38d4b76a45c466a5ec2c22c19d34331a,35,48795850_3950__n7,277672360_2721__n0,False,False,,,,no_directed_path_within_distance_cap
20161023,38d4b76a45c466a5ec2c22c19d34331a,36,277672360_2721__n0,28258007_2668__n0,False,False,,,,no_directed_path_within_distance_cap
20161023,3aceb7861d4fc13b2a9fc10debd7c3e3,14,381956608_8924__n2,293499685_9031__n0,False,False,,,,no_directed_path_within_distance_cap
20161023,3aceb7861d4fc13b2a9fc10debd7c3e3,17,293499685_9031__n2,266583966_9450__n0,False,False,,,,no_directed_path_within_distance_cap
20161023,3c9597809ab5f22e95e075506f77ea1f,2,335525201_10190__n2,264110603_10196__n0,False,False,,,,no_directed_path_within_distance_cap
20161023,3c9597809ab5f22e95e075506f77ea1f,5,457983489_10211__n0,264110607_10341__n0,False,False,,,,no_directed_path_within_distance_cap
20161023,3c9597809ab5f22e95e075506f77ea1f,8,457983491_10324__n0,457983477_10205__n0,False,False,,,,no_directed_path_within_distance_cap
20161023,3c9597809ab5f22e95e075506f77ea1f,11,460338576_10200__n0,447556692_10186__n0,False,False,,,,no_directed_path_within_distance_cap
20161023,3ec6147c7374ef4928278b5c6b81635c,3,152427987_2576__n0,152427999_2561__n0,False,False,,,,no_directed_path_within_distance_cap
20161023,3ec6147c7374ef4928278b5c6b81635c,4,152427999_2561__n0,381429051_2533__n0,False,False,,,,no_directed_path_within_distance_cap
20161023,3fd895f0d67e5d9329328ea0d65d7232,6,152427987_2576__n0,152427999_2561__n0,False,False,,,,no_directed_path_within_distance_cap
20161023,3fd895f0d67e5d9329328ea0d65d7232,7,152427999_2561__n0,381429051_2533__n0,False,False,,,,no_directed_path_within_distance_cap
20161023,3fd895f0d67e5d9329328ea0d65d7232,15,152427993_8794__n3,155248440_8810__n0,False,False,,,,no_directed_path_within_distance_cap
20161023,3fd895f0d67e5d9329328ea0d65d7232,16,155248440_8810__n0,263738592_8824__n0,False,False,,,,no_directed_path_within_distance_cap
20161023,3fd895f0d67e5d9329328ea0d65d7232,17,263738592_8824__n0,152428008_8842__n0,False,False,,,,no_directed_path_within_distance_cap
20161023,3fd895f0d67e5d9329328ea0d65d7232,18,152428008_8842__n0,263738594_8839__n0,False,False,,,,no_directed_path_within_distance_cap
20161023,3fd895f0d67e5d9329328ea0d65d7232,19,263738594_8839__n0,152427983_8844__n0,False,False,,,,no_directed_path_within_distance_cap
20161023,3fd895f0d67e5d9329328ea0d65d7232,33,263486164_8865__n0,152427983_8844__n1,False,False,,,,no_directed_path_within_distance_cap
20161023,3fd895f0d67e5d9329328ea0d65d7232,43,381956608_8924__n2,293499685_9031__n0,False,False,,,,no_directed_path_within_distance_cap
20161023,4ba6f5d5a93e070a9ba46518480a7cce,1,337129350_9474__n1,335518752_9287__n0,False,False,,,,no_directed_path_within_distance_cap
20161023,4ba6f5d5a93e070a9ba46518480a7cce,2,335518752_9287__n0,335518753_9286__n1,False,False,,,,no_directed_path_within_distance_cap
20161023,4ba6f5d5a93e070a9ba46518480a7cce,19,334283251_3832__n0,447556665_3836__n0,False,False,,,,no_directed_path_within_distance_cap
20161023,4ba6f5d5a93e070a9ba46518480a7cce,20,447556665_3836__n0,266795179_4103__n0,False,False,,,,no_directed_path_within_distance_cap
20161023,4cdfa8c393227dda1ddf1153c7117f4e,13,152427995_2559__n0,263485693_2557__n0,False,False,,,,no_directed_path_within_distance_cap
20161023,4cdfa8c393227dda1ddf1153c7117f4e,22,152427993_8794__n3,264453197_8806__n0,False,False,,,,no_directed_path_within_distance_cap
20161023,4cdfa8c393227dda1ddf1153c7117f4e,23,264453197_8806__n0,152427989_8811__n0,False,False,,,,no_directed_path_within_distance_cap
20161023,4cdfa8c393227dda1ddf1153c7117f4e,24,152427989_8811__n0,263738592_8824__n0,False,False,,,,no_directed_path_within_distance_cap
20161023,4cdfa8c393227dda1ddf1153c7117f4e,25,263738592_8824__n0,152428005_8827__n0,False,False,,,,no_directed_path_within_distance_cap
20161023,4cdfa8c393227dda1ddf1153c7117f4e,30,335697692_8840__n1,152427722_8872__n0,False,False,,,,no_directed_path_within_distance_cap
20161023,4d5c36ca0a817bb32263e212b624bdc1,12,28258924_2310__n4,381429050_2567__n0,False,False,,,,no_directed_path_within_distance_cap
20161023,4d5c36ca0a817bb32263e212b624bdc1,13,381429050_2567__n0,89567410_2603__n0,False,False,,,,no_directed_path_within_distance_cap
20161023,5165dcd2b1cad3453dd52a085c7d1546,1,335518776_10096__n2,156592804_10093__n0,False,False,,,,no_directed_path_within_distance_cap
20161023,5165dcd2b1cad3453dd52a085c7d1546,2,156592804_10093__n0,335518776_10096__n2,False,False,,,,no_directed_path_within_distance_cap
20161023,53cdfdf6b4888e7888a02329d6294652,4,142321461_4411__n11,266957158_4432__n0,False,False,,,,no_directed_path_within_distance_cap
20161023,53cdfdf6b4888e7888a02329d6294652,5,266957158_4432__n0,266957157_4431__n0,False,False,,,,no_directed_path_within_distance_cap
20161023,5427e1237f31c373c553d9fb8a79c3ca,4,335518753_9286__n1,335518752_9287__n0,False,False,,,,no_directed_path_within_distance_cap
20161023,5427e1237f31c373c553d9fb8a79c3ca,5,335518752_9287__n0,335518756_9485__n0,False,False,,,,no_directed_path_within_distance_cap
20161023,5427e1237f31c373c553d9fb8a79c3ca,8,335518757_9490__n0,266583951_9494__n0,False,False,,,,no_directed_path_within_distance_cap
20161023,5427e1237f31c373c553d9fb8a79c3ca,10,156592791_10021__n0,156592798_10051__n0,False,False,,,,no_directed_path_within_distance_cap
20161023,5427e1237f31c373c553d9fb8a79c3ca,13,156592798_10051__n2,156592804_10093__n0,False,False,,,,no_directed_path_within_distance_cap
20161023,54a3e803dce4754d673bb5610d27dc5d,8,335513936_2221__n1,381473319_2222__n1,False,False,,,,no_directed_path_within_distance_cap
20161023,54a3e803dce4754d673bb5610d27dc5d,12,335513936_2221__n2,152428515_2375__n0,False,False,,,,no_directed_path_within_distance_cap
20161023,54a3e803dce4754d673bb5610d27dc5d,13,152428515_2375__n0,162532761_2422__n0,False,False,,,,no_directed_path_within_distance_cap
20161023,54a3e803dce4754d673bb5610d27dc5d,15,162532761_2422__n1,162532768_2499__n0,False,False,,,,no_directed_path_within_distance_cap
20161023,54a3e803dce4754d673bb5610d27dc5d,17,162532768_2499__n1,258738965_2521__n0,False,False,,,,no_directed_path_within_distance_cap
20161023,54d0f72c68926eaf9201255c61e23c32,7,59140336_3840__n3,447556674_3825__n0,False,False,,,,no_directed_path_within_distance_cap
20161023,54d0f72c68926eaf9201255c61e23c32,8,447556674_3825__n0,290629752_3822__n0,False,False,,,,no_directed_path_within_distance_cap
20161023,5740e6724474557d0f18388fbddcf3f8,15,28258924_2310__n2,28258926_2311__n2,False,False,,,,no_directed_path_within_distance_cap
20161023,5ae7f24d2e560c5c7ca8bfca20038002,6,447556683_4709__n1,334971121_4704__n0,False,False,,,,no_directed_path_within_distance_cap
20161023,5c9edfe370be9e04013f186bbf006eb1,31,334283248_4698__n0,447556692_10186__n0,False,False,,,,no_directed_path_within_distance_cap
20161023,62bd5eae4aa546e35557b8a5ba0f3397,9,335513936_2221__n1,381473319_2222__n0,False,False,,,,no_directed_path_within_distance_cap
20161023,62bd5eae4aa546e35557b8a5ba0f3397,14,335513936_2221__n2,381473318_2414__n0,False,False,,,,no_directed_path_within_distance_cap
20161023,62bd5eae4aa546e35557b8a5ba0f3397,15,381473318_2414__n0,162542043_2415__n1,False,False,,,,no_directed_path_within_distance_cap
20161023,62bd5eae4aa546e35557b8a5ba0f3397,16,162542043_2415__n1,162542043_2415__n0,False,False,,,,no_directed_path_within_distance_cap
20161023,62bd5eae4aa546e35557b8a5ba0f3397,17,162542043_2415__n0,162542042_2628__n0,False,False,,,,no_directed_path_within_distance_cap
20161023,62bd5eae4aa546e35557b8a5ba0f3397,26,381473317_2629__n0,162542042_2628__n0,False,False,,,,no_directed_path_within_distance_cap
20161023,62bd5eae4aa546e35557b8a5ba0f3397,48,258742307_2667__n15,447556687_2722__n0,False,False,,,,no_directed_path_within_distance_cap
20161023,62bd5eae4aa546e35557b8a5ba0f3397,49,447556687_2722__n0,277672363_3949__n0,False,False,,,,no_directed_path_within_distance_cap
20161023,655df8870068833599357e1706e5e31e,16,263486156_2564__n1,334648929_2545__n0,False,False,,,,no_directed_path_within_distance_cap
20161023,655df8870068833599357e1706e5e31e,17,334648929_2545__n0,28340417_2566__n0,False,False,,,,no_directed_path_within_distance_cap
20161023,655df8870068833599357e1706e5e31e,37,162540382_2656__n0,152428519_2370__n0,False,False,,,,no_directed_path_within_distance_cap
20161023,655df8870068833599357e1706e5e31e,40,152428516_2373__n1,162532783_2416__n0,False,False,,,,no_directed_path_within_distance_cap
20161023,655df8870068833599357e1706e5e31e,41,162532783_2416__n0,162532761_2422__n1,False,False,,,,no_directed_path_within_distance_cap
20161023,659e84832876ac498a49760fe8e686ff,16,28258924_2310__n4,381429050_2567__n0,False,False,,,,no_directed_path_within_distance_cap
20161023,659e84832876ac498a49760fe8e686ff,17,381429050_2567__n0,258738665_2573__n0,False,False,,,,no_directed_path_within_distance_cap
20161023,659e84832876ac498a49760fe8e686ff,18,258738665_2573__n0,258738667_2572__n0,False,False,,,,no_directed_path_within_distance_cap
20161023,659e84832876ac498a49760fe8e686ff,38,162540382_2656__n0,152428519_2370__n0,False,False,,,,no_directed_path_within_distance_cap
20161023,659e84832876ac498a49760fe8e686ff,41,152428516_2373__n1,293499686_2413__n0,False,False,,,,no_directed_path_within_distance_cap
20161023,659e84832876ac498a49760fe8e686ff,43,162532771_2418__n0,381409557_2425__n0,False,False,,,,no_directed_path_within_distance_cap
20161023,659e84832876ac498a49760fe8e686ff,44,381409557_2425__n0,381409554_2631__n0,False,False,,,,no_directed_path_within_distance_cap
20161023,659e84832876ac498a49760fe8e686ff,46,162532790_2500__n0,381473925_2503__n0,False,False,,,,no_directed_path_within_distance_cap
20161023,659e84832876ac498a49760fe8e686ff,47,381473925_2503__n0,258738965_2521__n0,False,False,,,,no_directed_path_within_distance_cap
20161023,659e84832876ac498a49760fe8e686ff,75,139159227_4040__n5,267598522_4062__n1,False,False,,,,no_directed_path_within_distance_cap
20161023,6604826f7661f81cbc4f60ff6c46a8ce,10,334283251_3832__n0,266795177_3833__n0,False,False,,,,no_directed_path_within_distance_cap
20161023,6604826f7661f81cbc4f60ff6c46a8ce,11,266795177_3833__n0,266795179_4103__n0,False,False,,,,no_directed_path_within_distance_cap
20161023,682edfe1b126b0374ebc30424ebf4462,13,334971117_4705__n1,447556681_4708__n0,False,False,,,,no_directed_path_within_distance_cap
20161023,697d0e5327cbae2ab2e68e0f057625d6,2,457983480_10346__n0,457983473_10345__n0,False,False,,,,no_directed_path_within_distance_cap
20161023,697d0e5327cbae2ab2e68e0f057625d6,4,457983472_10329__n0,264110602_10343__n0,False,False,,,,no_directed_path_within_distance_cap
20161023,697d0e5327cbae2ab2e68e0f057625d6,6,264110602_10343__n1,264110606_10212__n0,False,False,,,,no_directed_path_within_distance_cap
20161023,697d0e5327cbae2ab2e68e0f057625d6,8,267404272_10210__n0,457983485_10197__n1,False,False,,,,no_directed_path_within_distance_cap
20161023,697d0e5327cbae2ab2e68e0f057625d6,10,457983487_10217__n0,264110605_10216__n0,False,False,,,,no_directed_path_within_distance_cap
20161023,6a751e477dfda36406897103303090d2,44,152427993_8794__n3,152427989_8811__n0,False,False,,,,no_directed_path_within_distance_cap
20161023,6a751e477dfda36406897103303090d2,45,152427989_8811__n0,263738593_8825__n0,False,False,,,,no_directed_path_within_distance_cap
20161023,6a751e477dfda36406897103303090d2,46,263738593_8825__n0,263738592_8824__n0,False,False,,,,no_directed_path_within_distance_cap
20161023,6a751e477dfda36406897103303090d2,47,263738592_8824__n0,263738594_8839__n0,False,False,,,,no_directed_path_within_distance_cap
20161023,6a751e477dfda36406897103303090d2,48,263738594_8839__n0,152427983_8844__n0,False,False,,,,no_directed_path_within_distance_cap
20161023,6a751e477dfda36406897103303090d2,59,381956608_8924__n2,293499685_9031__n0,False,False,,,,no_directed_path_within_distance_cap
20161023,6a751e477dfda36406897103303090d2,62,293499685_9031__n2,266583966_9450__n0,False,False,,,,no_directed_path_within_distance_cap
20161023,709dea9fe5fe60d92f49ce97711228f3,7,28320650_2501__n2,381473923_2497__n0,False,False,,,,no_directed_path_within_distance_cap
20161023,709dea9fe5fe60d92f49ce97711228f3,10,162540383_2627__n4,162532765_2419__n0,False,False,,,,no_directed_path_within_distance_cap
20161023,709dea9fe5fe60d92f49ce97711228f3,13,162532765_2419__n2,162532762_2374__n0,False,False,,,,no_directed_path_within_distance_cap
20161023,709dea9fe5fe60d92f49ce97711228f3,14,162532762_2374__n0,293499687_2371__n0,False,False,,,,no_directed_path_within_distance_cap
20161023,709dea9fe5fe60d92f49ce97711228f3,16,293499687_2371__n1,152428518_2369__n0,False,False,,,,no_directed_path_within_distance_cap
20161023,709dea9fe5fe60d92f49ce97711228f3,18,152428518_2369__n1,162540379_2393__n0,False,False,,,,no_directed_path_within_distance_cap
20161023,709dea9fe5fe60d92f49ce97711228f3,19,162540379_2393__n0,28340419_2383__n0,False,False,,,,no_directed_path_within_distance_cap
20161023,721816545fd525ce75157e1f0260d538,43,231865403_9452__n0,266583962_9032__n0,False,False,,,,no_directed_path_within_distance_cap
20161023,721816545fd525ce75157e1f0260d538,44,266583962_9032__n0,267213557_9010__n0,False,False,,,,no_directed_path_within_distance_cap
20161023,741fc6ce986733d7e10b6e8d29f5d34d,1,263486160_8829__n1,263774845_8826__n0,False,False,,,,no_directed_path_within_distance_cap
20161023,741fc6ce986733d7e10b6e8d29f5d34d,2,263774845_8826__n0,263774844_8834__n0,False,False,,,,no_directed_path_within_distance_cap
20161023,741fc6ce986733d7e10b6e8d29f5d34d,4,263738598_8843__n1,335697692_8840__n1,False,False,,,,no_directed_path_within_distance_cap
20161023,741fc6ce986733d7e10b6e8d29f5d34d,5,335697692_8840__n1,263486158_8846__n0,False,False,,,,no_directed_path_within_distance_cap
20161023,741fc6ce986733d7e10b6e8d29f5d34d,7,263486158_8846__n1,263774840_8823__n0,False,False,,,,no_directed_path_within_distance_cap
20161023,741fc6ce986733d7e10b6e8d29f5d34d,23,142323476_8748__n3,333378721_8502__n0,False,False,,,,no_directed_path_within_distance_cap
20161023,741fc6ce986733d7e10b6e8d29f5d34d,24,333378721_8502__n0,333378722_8463__n0,False,False,,,,no_directed_path_within_distance_cap
20161023,7803161360654874583fa2d282847acf,5,447554164_4203__n0,263770588_4205__n0,False,False,,,,no_directed_path_within_distance_cap
20161023,7803161360654874583fa2d282847acf,6,263770588_4205__n0,263770589_4227__n0,False,False,,,,no_directed_path_within_distance_cap
20161023,7803161360654874583fa2d282847acf,14,254489535_4423__n0,447556699_4425__n0,False,False,,,,no_directed_path_within_distance_cap
20161023,7803161360654874583fa2d282847acf,15,447556699_4425__n0,266957160_4410__n0,False,False,,,,no_directed_path_within_distance_cap
20161023,7803161360654874583fa2d282847acf,32,457308487_4599__n0,447556636_4619__n0,False,False,,,,no_directed_path_within_distance_cap
20161023,7803161360654874583fa2d282847acf,33,447556636_4619__n0,369790064_4622__n0,False,False,,,,no_directed_path_within_distance_cap
20161023,7803161360654874583fa2d282847acf,34,369790064_4622__n0,263773394_4625__n0,False,False,,,,no_directed_path_within_distance_cap
20161023,7966c69cfc3b2c50f9eaa29bb1751e45,9,254489535_4423__n0,447556699_4425__n0,False,False,,,,no_directed_path_within_distance_cap
20161023,7966c69cfc3b2c50f9eaa29bb1751e45,10,447556699_4425__n0,266957160_4410__n0,False,False,,,,no_directed_path_within_distance_cap
20161023,79e71a94271bec224c755cdaffb658ca,5,266577945_3892__n6,447556667_3885__n0,False,False,,,,no_directed_path_within_distance_cap
20161023,79e71a94271bec224c755cdaffb658ca,6,447556667_3885__n0,266577952_2713__n0,False,False,,,,no_directed_path_within_distance_cap
20161023,7ac39da74972fb22c983c5e8274e1756,10,335513936_2221__n1,381473319_2222__n1,False,False,,,,no_directed_path_within_distance_cap
20161023,7ac39da74972fb22c983c5e8274e1756,14,335513936_2221__n2,381473318_2414__n0,False,False,,,,no_directed_path_within_distance_cap
20161023,7ac39da74972fb22c983c5e8274e1756,15,381473318_2414__n0,162542043_2415__n2,False,False,,,,no_directed_path_within_distance_cap
20161023,7ac39da74972fb22c983c5e8274e1756,16,162542043_2415__n2,162542043_2415__n0,False,False,,,,no_directed_path_within_distance_cap
20161023,7ac39da74972fb22c983c5e8274e1756,17,162542043_2415__n0,381473318_2414__n2,False,False,,,,no_directed_path_within_distance_cap
20161023,7ac39da74972fb22c983c5e8274e1756,18,381473318_2414__n2,162542042_2628__n0,False,False,,,,no_directed_path_within_distance_cap
20161023,7ac39da74972fb22c983c5e8274e1756,47,400213936_3981__n1,267598519_4210__n0,False,False,,,,no_directed_path_within_distance_cap
20161023,7dd1f61eab651f2c4760c87dac6d6d6c,7,266577945_3892__n4,266577952_2713__n0,False,False,,,,no_directed_path_within_distance_cap
20161023,7dd1f61eab651f2c4760c87dac6d6d6c,11,295967307_2695__n1,290629743_2711__n0,False,False,,,,no_directed_path_within_distance_cap
20161023,827467e07005a2ac944b5eaad8816c00,3,457983480_10346__n0,457983472_10329__n0,False,False,,,,no_directed_path_within_distance_cap
20161023,827467e07005a2ac944b5eaad8816c00,4,457983472_10329__n0,457983483_10328__n0,False,False,,,,no_directed_path_within_distance_cap
20161023,827467e07005a2ac944b5eaad8816c00,6,457983472_10329__n0,264110602_10343__n0,False,False,,,,no_directed_path_within_distance_cap
20161023,827467e07005a2ac944b5eaad8816c00,8,457983488_10326__n0,264110606_10212__n0,False,False,,,,no_directed_path_within_distance_cap
20161023,827467e07005a2ac944b5eaad8816c00,9,264110606_10212__n0,267404273_10199__n0,False,False,,,,no_directed_path_within_distance_cap
20161023,827467e07005a2ac944b5eaad8816c00,11,264110603_10196__n0,457983474_10193__n0,False,False,,,,no_directed_path_within_distance_cap
20161023,827467e07005a2ac944b5eaad8816c00,19,212736874_9994__n0,266581123_9997__n0,False,False,,,,no_directed_path_within_distance_cap
20161023,827467e07005a2ac944b5eaad8816c00,21,447556632_9993__n1,258248751_9995__n0,False,False,,,,no_directed_path_within_distance_cap
20161023,827467e07005a2ac944b5eaad8816c00,51,456114495_3830__n0,447556674_3825__n0,False,False,,,,no_directed_path_within_distance_cap
20161023,827467e07005a2ac944b5eaad8816c00,52,447556674_3825__n0,290629752_3822__n0,False,False,,,,no_directed_path_within_distance_cap
20161023,827467e07005a2ac944b5eaad8816c00,57,287208893_3810__n0,295967306_3814__n0,False,False,,,,no_directed_path_within_distance_cap
20161023,827467e07005a2ac944b5eaad8816c00,62,258742307_2667__n15,28258007_2668__n0,False,False,,,,no_directed_path_within_distance_cap
20161023,84a541f30e686d6e280449989075cf98,5,246438218_4608__n0,447556636_4619__n0,False,False,,,,no_directed_path_within_distance_cap
20161023,84a541f30e686d6e280449989075cf98,6,447556636_4619__n0,369790064_4622__n0,False,False,,,,no_directed_path_within_distance_cap
20161023,84a541f30e686d6e280449989075cf98,7,369790064_4622__n0,263773394_4625__n0,False,False,,,,no_directed_path_within_distance_cap
20161023,8b3059782c9171529009e094061d56fd,4,156592802_10050__n2,266583975_10026__n2,False,False,,,,no_directed_path_within_distance_cap
20161023,9098cb0f95a44aae82583220395d9939,24,447556677_3805__n2,334971111_3817__n0,False,False,,,,no_directed_path_within_distance_cap
20161023,9098cb0f95a44aae82583220395d9939,25,334971111_3817__n0,447556637_3821__n0,False,False,,,,no_directed_path_within_distance_cap
20161023,93bfd84ae4920a9b79c4c2cf91ddb0f3,2,142323479_8488__n1,263572163_8525__n0,False,False,,,,no_directed_path_within_distance_cap
20161023,93bfd84ae4920a9b79c4c2cf91ddb0f3,3,263572163_8525__n0,263572152_8751__n0,False,False,,,,no_directed_path_within_distance_cap
20161023,99592e5d5b5bc4ab1058d2284e3f8189,8,400213936_3981__n1,263770589_4227__n0,False,False,,,,no_directed_path_within_distance_cap
20161023,99592e5d5b5bc4ab1058d2284e3f8189,13,263739439_4394__n0,263739444_4430__n0,False,False,,,,no_directed_path_within_distance_cap
20161023,99592e5d5b5bc4ab1058d2284e3f8189,14,263739444_4430__n0,263739441_4463__n0,False,False,,,,no_directed_path_within_distance_cap
20161023,99592e5d5b5bc4ab1058d2284e3f8189,27,457984515_4610__n0,266957515_4711__n0,False,False,,,,no_directed_path_within_distance_cap
20161023,99592e5d5b5bc4ab1058d2284e3f8189,29,447556683_4709__n1,334971121_4704__n0,False,False,,,,no_directed_path_within_distance_cap
20161023,99592e5d5b5bc4ab1058d2284e3f8189,35,334971117_4705__n2,447556681_4708__n0,False,False,,,,no_directed_path_within_distance_cap
20161023,9a1f7232a1e927d24d688b7593e6680c,42,334283251_3832__n0,266795177_3833__n0,False,False,,,,no_directed_path_within_distance_cap
20161023,9a1f7232a1e927d24d688b7593e6680c,43,266795177_3833__n0,266795179_4103__n0,False,False,,,,no_directed_path_within_distance_cap
20161023,9be8062376e2dfebcaf9df6651d9be79,5,142323476_8748__n2,333378721_8502__n0,False,False,,,,no_directed_path_within_distance_cap
20161023,9be8062376e2dfebcaf9df6651d9be79,6,333378721_8502__n0,333378722_8463__n0,False,False,,,,no_directed_path_within_distance_cap
20161023,9be8062376e2dfebcaf9df6651d9be79,11,231866972_8489__n5,333378724_8528__n0,False,False,,,,no_directed_path_within_distance_cap
20161023,9be8062376e2dfebcaf9df6651d9be79,12,333378724_8528__n0,333378723_8749__n0,False,False,,,,no_directed_path_within_distance_cap
20161023,9d3e56dacd09c21fab00cffe83b57a34,2,28258922_2604__n7,89567410_2603__n1,False,False,,,,no_directed_path_within_distance_cap
20161023,9fa91176f4ccf0f7fbcadbd46005d7d1,8,263860579_3914__n0,447556667_3885__n0,False,False,,,,no_directed_path_within_distance_cap
20161023,9fa91176f4ccf0f7fbcadbd46005d7d1,9,447556667_3885__n0,266577952_2713__n0,False,False,,,,no_directed_path_within_distance_cap
20161023,a0630e44f70ab14ca2813e5467936cc9,23,333404261_9947__n0,258081763_9944__n0,False,False,,,,no_directed_path_within_distance_cap
20161023,a0630e44f70ab14ca2813e5467936cc9,75,447556655_10144__n0,263769955_10147__n0,False,False,,,,no_directed_path_within_distance_cap
20161023,a0630e44f70ab14ca2813e5467936cc9,76,263769955_10147__n0,263769956_10146__n0,False,False,,,,no_directed_path_within_distance_cap
20161023,a15299eb9c9cf6f242e934eb3c773684,17,334971108_3842__n1,447556657_3818__n0,False,False,,,,no_directed_path_within_distance_cap
20161023,a15299eb9c9cf6f242e934eb3c773684,18,447556657_3818__n0,447556635_3812__n0,False,False,,,,no_directed_path_within_distance_cap
20161023,a25a953730fa37300004bcf0b28d2e6e,17,447556677_3805__n2,334971111_3817__n0,False,False,,,,no_directed_path_within_distance_cap
20161023,a25a953730fa37300004bcf0b28d2e6e,18,334971111_3817__n0,334971109_3844__n0,False,False,,,,no_directed_path_within_distance_cap
20161023,a32c45f6f3b655c5ee3a445db576d9e6,6,447556683_4709__n1,334971121_4704__n0,False,False,,,,no_directed_path_within_distance_cap
20161023,a32c45f6f3b655c5ee3a445db576d9e6,32,334971108_3842__n1,447556657_3818__n0,False,False,,,,no_directed_path_within_distance_cap
20161023,a32c45f6f3b655c5ee3a445db576d9e6,33,447556657_3818__n0,447556635_3812__n0,False,False,,,,no_directed_path_within_distance_cap
20161023,a32c45f6f3b655c5ee3a445db576d9e6,46,258738671_2596__n0,89567417_2568__n0,False,False,,,,no_directed_path_within_distance_cap
20161023,a32c45f6f3b655c5ee3a445db576d9e6,47,89567417_2568__n0,258738678_2548__n0,False,False,,,,no_directed_path_within_distance_cap
20161023,a32c45f6f3b655c5ee3a445db576d9e6,48,258738678_2548__n0,258738681_2552__n0,False,False,,,,no_directed_path_within_distance_cap
20161023,a40e1e18456692a1f0b92328dac7379c,9,334971108_3842__n1,447556657_3818__n0,False,False,,,,no_directed_path_within_distance_cap
20161023,a40e1e18456692a1f0b92328dac7379c,10,447556657_3818__n0,335527350_3806__n0,False,False,,,,no_directed_path_within_distance_cap
20161023,a40e1e18456692a1f0b92328dac7379c,43,381473317_2629__n0,162540383_2627__n4,False,False,,,,no_directed_path_within_distance_cap
20161023,a40e1e18456692a1f0b92328dac7379c,46,162542043_2415__n2,162532933_2408__n0,False,False,,,,no_directed_path_within_distance_cap
20161023,a65b611a9dcd8b3c757878aac38f6a3c,6,334281912_9927__n1,258081761_9924__n0,False,False,,,,no_directed_path_within_distance_cap
20161023,a65b611a9dcd8b3c757878aac38f6a3c,30,335525201_10190__n2,264110603_10196__n0,False,False,,,,no_directed_path_within_distance_cap
20161023,a65b611a9dcd8b3c757878aac38f6a3c,36,457983491_10324__n0,457983477_10205__n0,False,False,,,,no_directed_path_within_distance_cap
20161023,a65b611a9dcd8b3c757878aac38f6a3c,37,457983477_10205__n0,47848570_4718__n0,False,False,,,,no_directed_path_within_distance_cap
20161023,a65b611a9dcd8b3c757878aac38f6a3c,38,47848570_4718__n0,457983497_4721__n0,False,False,,,,no_directed_path_within_distance_cap
20161023,a65b611a9dcd8b3c757878aac38f6a3c,43,263776787_4738__n0,28358449_4742__n0,False,False,,,,no_directed_path_within_distance_cap
20161023,a65b611a9dcd8b3c757878aac38f6a3c,44,28358449_4742__n0,266957513_4662__n0,False,False,,,,no_directed_path_within_distance_cap
20161023,a79871d684d4b6b69b1a2a1ec4e59c94,28,334971117_4705__n2,447556681_4708__n0,False,False,,,,no_directed_path_within_distance_cap
20161023,a979ad03aaa85302111cd5a49d054655,9,142323482_8778__n4,152427720_8815__n0,False,False,,,,no_directed_path_within_distance_cap
20161023,a979ad03aaa85302111cd5a49d054655,13,335697693_8836__n0,263738593_8825__n0,False,False,,,,no_directed_path_within_distance_cap
20161023,a979ad03aaa85302111cd5a49d054655,14,263738593_8825__n0,263486158_8846__n2,False,False,,,,no_directed_path_within_distance_cap
20161023,a979ad03aaa85302111cd5a49d054655,19,152427991_2563__n0,334648929_2545__n0,False,False,,,,no_directed_path_within_distance_cap
20161023,a979ad03aaa85302111cd5a49d054655,20,334648929_2545__n0,28340417_2566__n0,False,False,,,,no_directed_path_within_distance_cap
20161023,a979ad03aaa85302111cd5a49d054655,32,258738671_2596__n0,89567417_2568__n0,False,False,,,,no_directed_path_within_distance_cap
20161023,a979ad03aaa85302111cd5a49d054655,33,89567417_2568__n0,258738678_2548__n0,False,False,,,,no_directed_path_within_distance_cap
20161023,a979ad03aaa85302111cd5a49d054655,34,258738678_2548__n0,258738681_2552__n0,False,False,,,,no_directed_path_within_distance_cap
20161023,a979ad03aaa85302111cd5a49d054655,50,152427993_8794__n3,155248440_8810__n0,False,False,,,,no_directed_path_within_distance_cap
20161023,a979ad03aaa85302111cd5a49d054655,51,155248440_8810__n0,263738592_8824__n0,False,False,,,,no_directed_path_within_distance_cap
20161023,a979ad03aaa85302111cd5a49d054655,52,263738592_8824__n0,263738594_8839__n0,False,False,,,,no_directed_path_within_distance_cap
20161023,a979ad03aaa85302111cd5a49d054655,53,263738594_8839__n0,152427983_8844__n0,False,False,,,,no_directed_path_within_distance_cap
20161023,a979ad03aaa85302111cd5a49d054655,67,263486164_8865__n0,152427983_8844__n1,False,False,,,,no_directed_path_within_distance_cap
20161023,ae0e4a7b939e41744525a3fb0c950934,11,334648916_2386__n0,30525582_2363__n0,False,False,,,,no_directed_path_within_distance_cap
20161023,ae0e4a7b939e41744525a3fb0c950934,12,30525582_2363__n0,334648923_2380__n1,False,False,,,,no_directed_path_within_distance_cap
20161023,ae0e4a7b939e41744525a3fb0c950934,34,152427993_8794__n3,155248440_8810__n0,False,False,,,,no_directed_path_within_distance_cap
20161023,ae0e4a7b939e41744525a3fb0c950934,35,155248440_8810__n0,263738592_8824__n0,False,False,,,,no_directed_path_within_distance_cap
20161023,ae0e4a7b939e41744525a3fb0c950934,36,263738592_8824__n0,152428008_8842__n0,False,False,,,,no_directed_path_within_distance_cap
20161023,ae0e4a7b939e41744525a3fb0c950934,37,152428008_8842__n0,263738594_8839__n0,False,False,,,,no_directed_path_within_distance_cap
20161023,ae0e4a7b939e41744525a3fb0c950934,38,263738594_8839__n0,152427983_8844__n0,False,False,,,,no_directed_path_within_distance_cap
20161023,ae0e4a7b939e41744525a3fb0c950934,49,381956608_8924__n2,293499685_9031__n0,False,False,,,,no_directed_path_within_distance_cap
20161023,aefdcf52acbfb3b9ef8a97966fe28142,14,334971108_3842__n1,447556657_3818__n0,False,False,,,,no_directed_path_within_distance_cap
20161023,aefdcf52acbfb3b9ef8a97966fe28142,15,447556657_3818__n0,447556635_3812__n0,False,False,,,,no_directed_path_within_distance_cap
20161023,aefdcf52acbfb3b9ef8a97966fe28142,37,258738671_2596__n0,89567417_2568__n0,False,False,,,,no_directed_path_within_distance_cap
20161023,aefdcf52acbfb3b9ef8a97966fe28142,38,89567417_2568__n0,258738678_2548__n0,False,False,,,,no_directed_path_within_distance_cap
20161023,aefdcf52acbfb3b9ef8a97966fe28142,39,258738678_2548__n0,258738681_2552__n0,False,False,,,,no_directed_path_within_distance_cap
20161023,b7c2516ce59b79b7866eeae714e9c349,8,266583975_10026__n0,156592802_10050__n0,False,False,,,,no_directed_path_within_distance_cap
20161023,b7c2516ce59b79b7866eeae714e9c349,54,263486164_8865__n1,152428008_8842__n0,False,False,,,,no_directed_path_within_distance_cap
20161023,b7c2516ce59b79b7866eeae714e9c349,55,152428008_8842__n0,263738593_8825__n0,False,False,,,,no_directed_path_within_distance_cap
20161023,b7c2516ce59b79b7866eeae714e9c349,56,263738593_8825__n0,170357393_8845__n0,False,False,,,,no_directed_path_within_distance_cap
20161023,b7c2516ce59b79b7866eeae714e9c349,59,264453195_8820__n1,266995293_8807__n7,False,False,,,,no_directed_path_within_distance_cap
20161023,b902fc3a5bca4c515484925884b7941d,2,258738671_2596__n0,89567417_2568__n0,False,False,,,,no_directed_path_within_distance_cap
20161023,b902fc3a5bca4c515484925884b7941d,3,89567417_2568__n0,28258926_2311__n0,False,False,,,,no_directed_path_within_distance_cap
20161023,b902fc3a5bca4c515484925884b7941d,26,28258924_2310__n4,381429050_2567__n0,False,False,,,,no_directed_path_within_distance_cap
20161023,b902fc3a5bca4c515484925884b7941d,27,381429050_2567__n0,89567410_2603__n1,False,False,,,,no_directed_path_within_distance_cap
20161023,ba1b72c79d5e356039130b288f9a26fd,5,231866972_8489__n5,333378724_8528__n0,False,False,,,,no_directed_path_within_distance_cap
20161023,ba1b72c79d5e356039130b288f9a26fd,6,333378724_8528__n0,333378723_8749__n0,False,False,,,,no_directed_path_within_distance_cap
20161023,ba1b72c79d5e356039130b288f9a26fd,32,142323482_8778__n4,152427720_8815__n0,False,False,,,,no_directed_path_within_distance_cap
20161023,ba1b72c79d5e356039130b288f9a26fd,36,335697693_8836__n0,263738593_8825__n0,False,False,,,,no_directed_path_within_distance_cap
20161023,ba1b72c79d5e356039130b288f9a26fd,37,263738593_8825__n0,263486158_8846__n2,False,False,,,,no_directed_path_within_distance_cap
20161023,ba1b72c79d5e356039130b288f9a26fd,40,263485691_8790__n0,26174011_2565__n0,False,False,,,,no_directed_path_within_distance_cap
20161023,ba1b72c79d5e356039130b288f9a26fd,45,263486156_2564__n1,334648929_2545__n0,False,False,,,,no_directed_path_within_distance_cap
20161023,ba1b72c79d5e356039130b288f9a26fd,46,334648929_2545__n0,28340417_2566__n0,False,False,,,,no_directed_path_within_distance_cap
20161023,bbe613926c0b991ea35acb7d23cdee0b,7,28320650_2501__n2,381473923_2497__n0,False,False,,,,no_directed_path_within_distance_cap
20161023,bbe613926c0b991ea35acb7d23cdee0b,10,162540383_2627__n4,162532765_2419__n0,False,False,,,,no_directed_path_within_distance_cap
20161023,bbe613926c0b991ea35acb7d23cdee0b,13,162532765_2419__n2,162532762_2374__n0,False,False,,,,no_directed_path_within_distance_cap
20161023,bbe613926c0b991ea35acb7d23cdee0b,14,162532762_2374__n0,293499687_2371__n0,False,False,,,,no_directed_path_within_distance_cap
20161023,bbe613926c0b991ea35acb7d23cdee0b,16,293499687_2371__n1,152428518_2369__n0,False,False,,,,no_directed_path_within_distance_cap
20161023,bbe613926c0b991ea35acb7d23cdee0b,18,152428518_2369__n1,162540379_2393__n0,False,False,,,,no_directed_path_within_distance_cap
20161023,bbe613926c0b991ea35acb7d23cdee0b,19,162540379_2393__n0,28340419_2383__n0,False,False,,,,no_directed_path_within_distance_cap
20161023,bbe613926c0b991ea35acb7d23cdee0b,25,258738676_2551__n0,258738677_2549__n0,False,False,,,,no_directed_path_within_distance_cap
20161023,bbe613926c0b991ea35acb7d23cdee0b,26,258738677_2549__n0,381429050_2567__n0,False,False,,,,no_directed_path_within_distance_cap
20161023,bbe613926c0b991ea35acb7d23cdee0b,27,381429050_2567__n0,89567410_2603__n0,False,False,,,,no_directed_path_within_distance_cap
20161023,bcca304ce1d9970fe27eb4ae7e05f778,3,264110602_10343__n1,457983477_10205__n0,False,False,,,,no_directed_path_within_distance_cap
20161023,bcca304ce1d9970fe27eb4ae7e05f778,4,457983477_10205__n0,457983497_4721__n0,False,False,,,,no_directed_path_within_distance_cap
20161023,bcca304ce1d9970fe27eb4ae7e05f778,7,334971122_4737__n0,28358449_4742__n0,False,False,,,,no_directed_path_within_distance_cap
20161023,bcca304ce1d9970fe27eb4ae7e05f778,8,28358449_4742__n0,457984365_4467__n0,False,False,,,,no_directed_path_within_distance_cap
20161023,bf8e3baec8761a8edd1e2a8b383e0861,7,28320650_2501__n2,381473923_2497__n0,False,False,,,,no_directed_path_within_distance_cap
20161023,bf8e3baec8761a8edd1e2a8b383e0861,10,162540383_2627__n4,162532765_2419__n0,False,False,,,,no_directed_path_within_distance_cap
20161023,bf8e3baec8761a8edd1e2a8b383e0861,13,162532762_2374__n0,293499687_2371__n0,False,False,,,,no_directed_path_within_distance_cap
20161023,bf8e3baec8761a8edd1e2a8b383e0861,15,293499687_2371__n1,152428518_2369__n0,False,False,,,,no_directed_path_within_distance_cap
20161023,c33fa610a74d76576d734c8679c293ee,7,28320650_2501__n2,381473923_2497__n0,False,False,,,,no_directed_path_within_distance_cap
20161023,c33fa610a74d76576d734c8679c293ee,10,162540383_2627__n4,381473318_2414__n2,False,False,,,,no_directed_path_within_distance_cap
20161023,c33fa610a74d76576d734c8679c293ee,11,381473318_2414__n2,162532765_2419__n0,False,False,,,,no_directed_path_within_distance_cap
20161023,c33fa610a74d76576d734c8679c293ee,14,162532765_2419__n2,162532762_2374__n0,False,False,,,,no_directed_path_within_distance_cap
20161023,c33fa610a74d76576d734c8679c293ee,15,162532762_2374__n0,293499687_2371__n0,False,False,,,,no_directed_path_within_distance_cap
20161023,c33fa610a74d76576d734c8679c293ee,17,293499687_2371__n1,152428518_2369__n0,False,False,,,,no_directed_path_within_distance_cap
20161023,c33fa610a74d76576d734c8679c293ee,19,152428518_2369__n1,162540379_2393__n0,False,False,,,,no_directed_path_within_distance_cap
20161023,c33fa610a74d76576d734c8679c293ee,20,162540379_2393__n0,28340419_2383__n0,False,False,,,,no_directed_path_within_distance_cap
20161023,c33fa610a74d76576d734c8679c293ee,38,152427993_8794__n3,155248440_8810__n0,False,False,,,,no_directed_path_within_distance_cap
20161023,c33fa610a74d76576d734c8679c293ee,39,155248440_8810__n0,263738592_8824__n0,False,False,,,,no_directed_path_within_distance_cap
20161023,c33fa610a74d76576d734c8679c293ee,40,263738592_8824__n0,263738594_8839__n0,False,False,,,,no_directed_path_within_distance_cap
20161023,c33fa610a74d76576d734c8679c293ee,41,263738594_8839__n0,263486164_8865__n1,False,False,,,,no_directed_path_within_distance_cap
20161023,c33fa610a74d76576d734c8679c293ee,42,263486164_8865__n1,152427983_8844__n0,False,False,,,,no_directed_path_within_distance_cap
20161023,c6a30211d6dee73517e34bcdd2a3bff0,22,216639727_3875__n2,266795175_3834__n0,False,False,,,,no_directed_path_within_distance_cap
20161023,c6a30211d6dee73517e34bcdd2a3bff0,23,266795175_3834__n0,266795172_3791__n0,False,False,,,,no_directed_path_within_distance_cap
20161023,ca920273aa82d5bcf1a81460819db624,17,334971108_3842__n2,447556657_3818__n0,False,False,,,,no_directed_path_within_distance_cap
20161023,ca920273aa82d5bcf1a81460819db624,18,447556657_3818__n0,447556635_3812__n0,False,False,,,,no_directed_path_within_distance_cap
20161023,d1174f0d27c120ea1b3f76a5ab40b91e,16,263486164_8865__n1,152428008_8842__n0,False,False,,,,no_directed_path_within_distance_cap
20161023,d1174f0d27c120ea1b3f76a5ab40b91e,17,152428008_8842__n0,263738593_8825__n0,False,False,,,,no_directed_path_within_distance_cap
20161023,d1174f0d27c120ea1b3f76a5ab40b91e,18,263738593_8825__n0,263486158_8846__n2,False,False,,,,no_directed_path_within_distance_cap
20161023,d1174f0d27c120ea1b3f76a5ab40b91e,25,263486156_2564__n0,381429051_2533__n0,False,False,,,,no_directed_path_within_distance_cap
20161023,d1174f0d27c120ea1b3f76a5ab40b91e,38,28258924_2310__n4,258738667_2572__n1,False,False,,,,no_directed_path_within_distance_cap
20161023,d1174f0d27c120ea1b3f76a5ab40b91e,39,258738667_2572__n1,89567410_2603__n0,False,False,,,,no_directed_path_within_distance_cap
20161023,d1174f0d27c120ea1b3f76a5ab40b91e,57,258742307_2667__n15,447556687_2722__n0,False,False,,,,no_directed_path_within_distance_cap
20161023,d1174f0d27c120ea1b3f76a5ab40b91e,58,447556687_2722__n0,447556684_2724__n0,False,False,,,,no_directed_path_within_distance_cap
20161023,d1174f0d27c120ea1b3f76a5ab40b91e,59,447556684_2724__n0,277672363_3949__n1,False,False,,,,no_directed_path_within_distance_cap
20161023,d12bf668a76ab00ea24d3c5a654aa0b1,1,181601521_9476__n0,335518752_9287__n0,False,False,,,,no_directed_path_within_distance_cap
20161023,d12bf668a76ab00ea24d3c5a654aa0b1,2,335518752_9287__n0,335518756_9485__n0,False,False,,,,no_directed_path_within_distance_cap
20161023,d144b1872580be2f0ecdc03ab5e2bea4,2,142323479_8488__n1,263572163_8525__n0,False,False,,,,no_directed_path_within_distance_cap
20161023,d144b1872580be2f0ecdc03ab5e2bea4,3,263572163_8525__n0,263572152_8751__n0,False,False,,,,no_directed_path_within_distance_cap
20161023,d144b1872580be2f0ecdc03ab5e2bea4,8,142323461_8750__n1,247978424_8762__n1,False,False,,,,no_directed_path_within_distance_cap
20161023,d144b1872580be2f0ecdc03ab5e2bea4,17,142323482_8778__n4,152427720_8815__n0,False,False,,,,no_directed_path_within_distance_cap
20161023,d144b1872580be2f0ecdc03ab5e2bea4,19,152427988_8828__n0,264453195_8820__n0,False,False,,,,no_directed_path_within_distance_cap
20161023,d144b1872580be2f0ecdc03ab5e2bea4,22,152427988_8828__n0,152427983_8844__n0,False,False,,,,no_directed_path_within_distance_cap
20161023,d144b1872580be2f0ecdc03ab5e2bea4,38,148315972_8873__n0,152427983_8844__n1,False,False,,,,no_directed_path_within_distance_cap
20161023,d144b1872580be2f0ecdc03ab5e2bea4,48,381956608_8924__n2,293499685_9031__n0,False,False,,,,no_directed_path_within_distance_cap
20161023,d144b1872580be2f0ecdc03ab5e2bea4,51,293499685_9031__n2,266583966_9450__n0,False,False,,,,no_directed_path_within_distance_cap
20161023,d144b1872580be2f0ecdc03ab5e2bea4,54,231866341_9467__n1,266583965_9473__n0,False,False,,,,no_directed_path_within_distance_cap
20161023,d144b1872580be2f0ecdc03ab5e2bea4,55,266583965_9473__n0,266583967_9290__n0,False,False,,,,no_directed_path_within_distance_cap
20161023,d144b1872580be2f0ecdc03ab5e2bea4,56,266583967_9290__n0,335518756_9485__n0,False,False,,,,no_directed_path_within_distance_cap
20161023,d144b1872580be2f0ecdc03ab5e2bea4,59,335518757_9490__n0,266583951_9494__n0,False,False,,,,no_directed_path_within_distance_cap
20161023,d144b1872580be2f0ecdc03ab5e2bea4,61,156592791_10021__n0,156592798_10051__n0,False,False,,,,no_directed_path_within_distance_cap
20161023,d436831b0624115e48cea772b6083090,9,335513936_2221__n2,381473318_2414__n0,False,False,,,,no_directed_path_within_distance_cap
20161023,d436831b0624115e48cea772b6083090,10,381473318_2414__n0,162532761_2422__n1,False,False,,,,no_directed_path_within_distance_cap
20161023,d436831b0624115e48cea772b6083090,11,162532761_2422__n1,162542043_2415__n0,False,False,,,,no_directed_path_within_distance_cap
20161023,d436831b0624115e48cea772b6083090,12,162542043_2415__n0,162542042_2628__n0,False,False,,,,no_directed_path_within_distance_cap
20161023,d436831b0624115e48cea772b6083090,21,381473317_2629__n0,162542042_2628__n0,False,False,,,,no_directed_path_within_distance_cap
20161023,d436831b0624115e48cea772b6083090,50,333403958_4190__n2,446811235_4189__n1,False,False,,,,no_directed_path_within_distance_cap
20161023,e23c021a837d8a88591c0fd8c61ae9c0,1,142320577_2424__n2,152428516_2373__n0,False,False,,,,no_directed_path_within_distance_cap
20161023,e23c021a837d8a88591c0fd8c61ae9c0,3,152428516_2373__n1,293499686_2413__n0,False,False,,,,no_directed_path_within_distance_cap
20161023,e23c021a837d8a88591c0fd8c61ae9c0,5,162532771_2418__n0,381409557_2425__n0,False,False,,,,no_directed_path_within_distance_cap
20161023,e23c021a837d8a88591c0fd8c61ae9c0,6,381409557_2425__n0,381409554_2631__n0,False,False,,,,no_directed_path_within_distance_cap
20161023,e23c021a837d8a88591c0fd8c61ae9c0,12,162540383_2627__n4,381473318_2414__n2,False,False,,,,no_directed_path_within_distance_cap
20161023,e23c021a837d8a88591c0fd8c61ae9c0,13,381473318_2414__n2,162532765_2419__n0,False,False,,,,no_directed_path_within_distance_cap
20161023,e23c021a837d8a88591c0fd8c61ae9c0,16,162532762_2374__n0,293499687_2371__n0,False,False,,,,no_directed_path_within_distance_cap
20161023,e23c021a837d8a88591c0fd8c61ae9c0,18,293499687_2371__n1,152428518_2369__n0,False,False,,,,no_directed_path_within_distance_cap
20161023,e23c021a837d8a88591c0fd8c61ae9c0,67,152427993_8794__n3,155248440_8810__n0,False,False,,,,no_directed_path_within_distance_cap
20161023,e23c021a837d8a88591c0fd8c61ae9c0,68,155248440_8810__n0,263738592_8824__n0,False,False,,,,no_directed_path_within_distance_cap
20161023,e23c021a837d8a88591c0fd8c61ae9c0,69,263738592_8824__n0,263738594_8839__n0,False,False,,,,no_directed_path_within_distance_cap
20161023,e23c021a837d8a88591c0fd8c61ae9c0,70,263738594_8839__n0,152427983_8844__n0,False,False,,,,no_directed_path_within_distance_cap
20161023,e23c021a837d8a88591c0fd8c61ae9c0,84,263486164_8865__n0,152427983_8844__n1,False,False,,,,no_directed_path_within_distance_cap
20161023,e23c021a837d8a88591c0fd8c61ae9c0,94,381956608_8924__n2,293499685_9031__n0,False,False,,,,no_directed_path_within_distance_cap
20161023,e23c021a837d8a88591c0fd8c61ae9c0,97,293499685_9031__n2,266583966_9450__n0,False,False,,,,no_directed_path_within_distance_cap
20161023,e23c021a837d8a88591c0fd8c61ae9c0,100,231866341_9467__n1,266583965_9473__n0,False,False,,,,no_directed_path_within_distance_cap
20161023,e23c021a837d8a88591c0fd8c61ae9c0,101,266583965_9473__n0,266583967_9290__n0,False,False,,,,no_directed_path_within_distance_cap
20161023,e23c021a837d8a88591c0fd8c61ae9c0,102,266583967_9290__n0,335518756_9485__n0,False,False,,,,no_directed_path_within_distance_cap
20161023,e23c021a837d8a88591c0fd8c61ae9c0,105,335518757_9490__n0,266583951_9494__n0,False,False,,,,no_directed_path_within_distance_cap
20161023,e23c021a837d8a88591c0fd8c61ae9c0,107,156592791_10021__n0,156592798_10051__n0,False,False,,,,no_directed_path_within_distance_cap
20161023,e54382408f0e6259b0d94b7c05f8c49e,24,142323482_8778__n4,152427720_8815__n0,False,False,,,,no_directed_path_within_distance_cap
20161023,e54382408f0e6259b0d94b7c05f8c49e,27,152427988_8828__n0,152427983_8844__n0,False,False,,,,no_directed_path_within_distance_cap
20161023,eb0b86836014e9ed12fa30461969a936,9,381473317_2629__n0,162542043_2415__n0,False,False,,,,no_directed_path_within_distance_cap
20161023,eb0b86836014e9ed12fa30461969a936,10,162542043_2415__n0,162532933_2408__n0,False,False,,,,no_directed_path_within_distance_cap
20161023,ebd2322eec1c4555cdfa2fcdaec7251a,1,337129350_9474__n1,335518752_9287__n0,False,False,,,,no_directed_path_within_distance_cap
20161023,ebd2322eec1c4555cdfa2fcdaec7251a,2,335518752_9287__n0,335518753_9286__n1,False,False,,,,no_directed_path_within_distance_cap
20161023,ebd2322eec1c4555cdfa2fcdaec7251a,23,263486164_8865__n1,152428008_8842__n0,False,False,,,,no_directed_path_within_distance_cap
20161023,ebd2322eec1c4555cdfa2fcdaec7251a,24,152428008_8842__n0,263738593_8825__n0,False,False,,,,no_directed_path_within_distance_cap
20161023,ebd2322eec1c4555cdfa2fcdaec7251a,25,263738593_8825__n0,263486158_8846__n2,False,False,,,,no_directed_path_within_distance_cap
20161023,ebd2322eec1c4555cdfa2fcdaec7251a,32,263486156_2564__n1,334648929_2545__n0,False,False,,,,no_directed_path_within_distance_cap
20161023,ebd2322eec1c4555cdfa2fcdaec7251a,33,334648929_2545__n0,28340417_2566__n0,False,False,,,,no_directed_path_within_distance_cap
20161023,ee27e0b8fd53104ea1a77d9e45fd14aa,1,370672200_8961__n2,378402213_9030__n0,False,False,,,,no_directed_path_within_distance_cap
20161023,ee27e0b8fd53104ea1a77d9e45fd14aa,3,293499685_9031__n2,266583966_9450__n0,False,False,,,,no_directed_path_within_distance_cap
20161023,ee27e0b8fd53104ea1a77d9e45fd14aa,6,231866341_9467__n1,266583965_9473__n0,False,False,,,,no_directed_path_within_distance_cap
20161023,ee27e0b8fd53104ea1a77d9e45fd14aa,7,266583965_9473__n0,266583967_9290__n0,False,False,,,,no_directed_path_within_distance_cap
20161023,ee27e0b8fd53104ea1a77d9e45fd14aa,8,266583967_9290__n0,335518756_9485__n0,False,False,,,,no_directed_path_within_distance_cap
20161023,ee27e0b8fd53104ea1a77d9e45fd14aa,11,335518757_9490__n0,266583951_9494__n0,False,False,,,,no_directed_path_within_distance_cap
20161023,ee27e0b8fd53104ea1a77d9e45fd14aa,13,156592791_10021__n0,156592798_10051__n0,False,False,,,,no_directed_path_within_distance_cap
20161023,ee27e0b8fd53104ea1a77d9e45fd14aa,16,156592798_10051__n2,156592804_10093__n0,False,False,,,,no_directed_path_within_distance_cap
20161023,f05d4c8af0f56949790d4cca748eda1b,10,254489535_4423__n0,447556699_4425__n0,False,False,,,,no_directed_path_within_distance_cap
20161023,f05d4c8af0f56949790d4cca748eda1b,11,447556699_4425__n0,266957160_4410__n1,False,False,,,,no_directed_path_within_distance_cap
20161023,f5e60e0b423a0018c7d38666590673e5,25,447556678_4223__n2,333403959_4222__n0,False,False,,,,no_directed_path_within_distance_cap
20161023,ff1dcff39f88ea5b06ab6b95f9d6cd33,14,447556678_4223__n1,333403959_4222__n0,False,False,,,,no_directed_path_within_distance_cap
20161023,ffe4eafd1e2cb47268b73b4486e555d3,1,337129350_9474__n1,335518752_9287__n0,False,False,,,,no_directed_path_within_distance_cap
20161023,ffe4eafd1e2cb47268b73b4486e555d3,2,335518752_9287__n0,335518753_9286__n1,False,False,,,,no_directed_path_within_distance_cap
20161023,01914e42cd1199b9e45e5551abf04f1b,30,246438218_4608__n0,447556636_4619__n0,False,False,,,,no_directed_path_within_distance_cap
20161023,01914e42cd1199b9e45e5551abf04f1b,31,447556636_4619__n0,369790064_4622__n0,False,False,,,,no_directed_path_within_distance_cap
20161023,01914e42cd1199b9e45e5551abf04f1b,32,369790064_4622__n0,369790065_4624__n0,False,False,,,,no_directed_path_within_distance_cap
20161023,03548f743456d5525ea2e836cd0df9e5,6,447556683_4709__n1,334971121_4704__n1,False,False,,,,no_directed_path_within_distance_cap
20161023,03548f743456d5525ea2e836cd0df9e5,24,142321459_10143__n4,59140289_10148__n0,False,False,,,,no_directed_path_within_distance_cap
20161023,03548f743456d5525ea2e836cd0df9e5,25,59140289_10148__n0,263769955_10147__n0,False,False,,,,no_directed_path_within_distance_cap
20161023,03548f743456d5525ea2e836cd0df9e5,26,263769955_10147__n0,263769956_10146__n0,False,False,,,,no_directed_path_within_distance_cap
20161023,04631a78bfec5d288efee6fc416237a5,17,334281912_9927__n1,258081761_9924__n0,False,False,,,,no_directed_path_within_distance_cap
20161023,04631a78bfec5d288efee6fc416237a5,21,266581130_9935__n0,333404259_9939__n0,False,False,,,,no_directed_path_within_distance_cap
20161023,04631a78bfec5d288efee6fc416237a5,33,335525201_10190__n2,264110603_10196__n0,False,False,,,,no_directed_path_within_distance_cap
20161023,04631a78bfec5d288efee6fc416237a5,36,457983489_10211__n0,264110605_10216__n0,False,False,,,,no_directed_path_within_distance_cap
20161023,0915a2b16af4419e420d28e78cfb237e,5,28258924_2310__n4,381429050_2567__n0,False,False,,,,no_directed_path_within_distance_cap
20161023,0915a2b16af4419e420d28e78cfb237e,6,381429050_2567__n0,258738667_2572__n0,False,False,,,,no_directed_path_within_distance_cap
20161023,0915a2b16af4419e420d28e78cfb237e,8,258738667_2572__n1,28340417_2566__n3,False,False,,,,no_directed_path_within_distance_cap
20161023,0915a2b16af4419e420d28e78cfb237e,25,162540382_2656__n0,152428519_2370__n0,False,False,,,,no_directed_path_within_distance_cap
20161023,0915a2b16af4419e420d28e78cfb237e,28,152428516_2373__n1,293499686_2413__n0,False,False,,,,no_directed_path_within_distance_cap
20161023,0915a2b16af4419e420d28e78cfb237e,30,162532771_2418__n0,381409557_2425__n0,False,False,,,,no_directed_path_within_distance_cap
20161023,0915a2b16af4419e420d28e78cfb237e,31,381409557_2425__n0,381409554_2631__n0,False,False,,,,no_directed_path_within_distance_cap
20161023,0915a2b16af4419e420d28e78cfb237e,37,162542043_2415__n1,162532933_2408__n0,False,False,,,,no_directed_path_within_distance_cap
20161023,0973538b907bc49c5c1dd226b179137f,6,400213936_3981__n1,28258957_4211__n0,False,False,,,,no_directed_path_within_distance_cap
20161023,11190bf27e44c5813d3186815bb81718,9,258738671_2596__n0,89567417_2568__n0,False,False,,,,no_directed_path_within_distance_cap
20161023,11190bf27e44c5813d3186815bb81718,10,89567417_2568__n0,258738678_2548__n0,False,False,,,,no_directed_path_within_distance_cap
20161023,11190bf27e44c5813d3186815bb81718,11,258738678_2548__n0,258738681_2552__n0,False,False,,,,no_directed_path_within_distance_cap
20161023,13cf1647d1127955ff850829f850d538,1,335523978_4731__n0,59140307_4379__n0,False,False,,,,no_directed_path_within_distance_cap
20161023,13cf1647d1127955ff850829f850d538,32,28258942_4118__n4,295967308_3809__n2,False,False,,,,no_directed_path_within_distance_cap
20161023,13e1299abb09da42912d1bff5d50d4d1,2,447556695_10187__n0,258081771_10202__n0,False,False,,,,no_directed_path_within_distance_cap
20161023,13e1299abb09da42912d1bff5d50d4d1,6,267404274_10208__n0,267598221_10209__n0,False,False,,,,no_directed_path_within_distance_cap
20161023,13e1299abb09da42912d1bff5d50d4d1,7,267598221_10209__n0,267598223_10322__n0,False,False,,,,no_directed_path_within_distance_cap
20161023,13e1299abb09da42912d1bff5d50d4d1,8,267598223_10322__n0,264110602_10343__n1,False,False,,,,no_directed_path_within_distance_cap
20161023,13e1299abb09da42912d1bff5d50d4d1,10,264110602_10343__n0,457983481_10350__n0,False,False,,,,no_directed_path_within_distance_cap
20161023,16962441db97e8a2b0a40de8e3ecbf68,11,264116891_4643__n0,28358459_4601__n0,False,False,,,,no_directed_path_within_distance_cap
20161023,16eb5495b08b54c39d40f830aa51258e,11,335513936_2221__n2,381473318_2414__n0,False,False,,,,no_directed_path_within_distance_cap
20161023,16eb5495b08b54c39d40f830aa51258e,12,381473318_2414__n0,162532761_2422__n1,False,False,,,,no_directed_path_within_distance_cap
20161023,16eb5495b08b54c39d40f830aa51258e,13,162532761_2422__n1,162542043_2415__n0,False,False,,,,no_directed_path_within_distance_cap
20161023,16eb5495b08b54c39d40f830aa51258e,14,162542043_2415__n0,162542042_2628__n0,False,False,,,,no_directed_path_within_distance_cap
20161023,16eb5495b08b54c39d40f830aa51258e,23,381473317_2629__n0,162532761_2422__n1,False,False,,,,no_directed_path_within_distance_cap
20161023,16eb5495b08b54c39d40f830aa51258e,24,162532761_2422__n1,162542042_2628__n0,False,False,,,,no_directed_path_within_distance_cap
20161023,16eb5495b08b54c39d40f830aa51258e,71,456114496_2625__n0,456114494_3826__n0,False,False,,,,no_directed_path_within_distance_cap
20161023,16eb5495b08b54c39d40f830aa51258e,72,456114494_3826__n0,59140336_3840__n3,False,False,,,,no_directed_path_within_distance_cap
20161023,1ad6629499ff4091409b6b0c8a1ef398,7,28320650_2501__n2,381473923_2497__n0,False,False,,,,no_directed_path_within_distance_cap
20161023,1ad6629499ff4091409b6b0c8a1ef398,10,162540383_2627__n4,162532765_2419__n0,False,False,,,,no_directed_path_within_distance_cap
20161023,1ad6629499ff4091409b6b0c8a1ef398,13,162532762_2374__n0,293499687_2371__n0,False,False,,,,no_directed_path_within_distance_cap
20161023,1ad6629499ff4091409b6b0c8a1ef398,15,293499687_2371__n1,152428518_2369__n0,False,False,,,,no_directed_path_within_distance_cap
20161023,1ad6629499ff4091409b6b0c8a1ef398,17,152428518_2369__n1,162540379_2393__n0,False,False,,,,no_directed_path_within_distance_cap
20161023,1ad6629499ff4091409b6b0c8a1ef398,18,162540379_2393__n0,28340419_2383__n1,False,False,,,,no_directed_path_within_distance_cap
20161023,1ad6629499ff4091409b6b0c8a1ef398,35,152427993_8794__n3,155248440_8810__n0,False,False,,,,no_directed_path_within_distance_cap
20161023,1ad6629499ff4091409b6b0c8a1ef398,36,155248440_8810__n0,263738592_8824__n0,False,False,,,,no_directed_path_within_distance_cap
20161023,1ad6629499ff4091409b6b0c8a1ef398,37,263738592_8824__n0,263738594_8839__n0,False,False,,,,no_directed_path_within_distance_cap
20161023,1ad6629499ff4091409b6b0c8a1ef398,38,263738594_8839__n0,152428008_8842__n0,False,False,,,,no_directed_path_within_distance_cap
20161023,1ad6629499ff4091409b6b0c8a1ef398,39,152428008_8842__n0,152427983_8844__n0,False,False,,,,no_directed_path_within_distance_cap
20161023,1ad6629499ff4091409b6b0c8a1ef398,50,381956608_8924__n2,293499685_9031__n0,False,False,,,,no_directed_path_within_distance_cap
20161023,1ad6629499ff4091409b6b0c8a1ef398,53,293499685_9031__n2,266583966_9450__n0,False,False,,,,no_directed_path_within_distance_cap
20161023,1ad6629499ff4091409b6b0c8a1ef398,55,231866341_9467__n0,266583965_9473__n0,False,False,,,,no_directed_path_within_distance_cap
20161023,1ad6629499ff4091409b6b0c8a1ef398,56,266583965_9473__n0,266583967_9290__n0,False,False,,,,no_directed_path_within_distance_cap
20161023,1ad6629499ff4091409b6b0c8a1ef398,57,266583967_9290__n0,335518756_9485__n0,False,False,,,,no_directed_path_within_distance_cap
20161023,1ad6629499ff4091409b6b0c8a1ef398,60,335518757_9490__n0,266583951_9494__n0,False,False,,,,no_directed_path_within_distance_cap
20161023,1ad6629499ff4091409b6b0c8a1ef398,62,156592791_10021__n0,156592798_10051__n0,False,False,,,,no_directed_path_within_distance_cap
20161023,1b4ab2c0a7b82d3da59c7da350d35e89,21,456114496_2625__n0,456114494_3826__n0,False,False,,,,no_directed_path_within_distance_cap
20161023,1b4ab2c0a7b82d3da59c7da350d35e89,22,456114494_3826__n0,456114499_3829__n0,False,False,,,,no_directed_path_within_distance_cap
20161023,1bd24437409a4a9600a72a063500c9c0,7,263486164_8865__n1,152428008_8842__n0,False,False,,,,no_directed_path_within_distance_cap
20161023,1bd24437409a4a9600a72a063500c9c0,8,152428008_8842__n0,263738593_8825__n0,False,False,,,,no_directed_path_within_distance_cap
20161023,1bd24437409a4a9600a72a063500c9c0,9,263738593_8825__n0,152427989_8811__n0,False,False,,,,no_directed_path_within_distance_cap
20161023,1bd24437409a4a9600a72a063500c9c0,10,152427989_8811__n0,263486158_8846__n2,False,False,,,,no_directed_path_within_distance_cap
20161023,1bd24437409a4a9600a72a063500c9c0,15,152427991_2563__n0,26174011_2565__n0,False,False,,,,no_directed_path_within_distance_cap
20161023,1bd24437409a4a9600a72a063500c9c0,20,263486156_2564__n1,334648929_2545__n0,False,False,,,,no_directed_path_within_distance_cap
20161023,1bd24437409a4a9600a72a063500c9c0,21,334648929_2545__n0,28340417_2566__n0,False,False,,,,no_directed_path_within_distance_cap
20161023,1bd24437409a4a9600a72a063500c9c0,41,162540382_2656__n0,152428519_2370__n0,False,False,,,,no_directed_path_within_distance_cap
20161023,1bd24437409a4a9600a72a063500c9c0,44,152428516_2373__n1,293499686_2413__n0,False,False,,,,no_directed_path_within_distance_cap
20161023,1bd24437409a4a9600a72a063500c9c0,46,162532771_2418__n0,381409557_2425__n0,False,False,,,,no_directed_path_within_distance_cap
20161023,1bd24437409a4a9600a72a063500c9c0,47,381409557_2425__n0,381409554_2631__n0,False,False,,,,no_directed_path_within_distance_cap
20161023,1bd24437409a4a9600a72a063500c9c0,53,162542043_2415__n1,162532933_2408__n0,False,False,,,,no_directed_path_within_distance_cap
20161023,235f58a1a25e676dfb61341ff3dec728,5,28258924_2310__n4,381429050_2567__n0,False,False,,,,no_directed_path_within_distance_cap
20161023,235f58a1a25e676dfb61341ff3dec728,6,381429050_2567__n0,89567410_2603__n0,False,False,,,,no_directed_path_within_distance_cap
20161023,23e5ffe6ab2e2106865eefdc7971744e,6,447556683_4709__n1,246438218_4608__n4,False,False,,,,no_directed_path_within_distance_cap
20161023,28060d379ed5d178778d3633a6e07903,29,263485688_8788__n1,381429052_2558__n0,False,False,,,,no_directed_path_within_distance_cap
20161023,28060d379ed5d178778d3633a6e07903,30,381429052_2558__n0,26174011_2565__n0,False,False,,,,no_directed_path_within_distance_cap
20161023,2fe989cba5f2175c68358287826a631e,13,335513936_2221__n1,381473319_2222__n1,False,False,,,,no_directed_path_within_distance_cap
20161023,2fe989cba5f2175c68358287826a631e,17,335513936_2221__n2,381473318_2414__n0,False,False,,,,no_directed_path_within_distance_cap
20161023,2fe989cba5f2175c68358287826a631e,18,381473318_2414__n0,162542043_2415__n1,False,False,,,,no_directed_path_within_distance_cap
20161023,2fe989cba5f2175c68358287826a631e,19,162542043_2415__n1,381473318_2414__n2,False,False,,,,no_directed_path_within_distance_cap
20161023,2fe989cba5f2175c68358287826a631e,20,381473318_2414__n2,162542042_2628__n0,False,False,,,,no_directed_path_within_distance_cap
20161023,2fe989cba5f2175c68358287826a631e,29,381473317_2629__n0,162542042_2628__n0,False,False,,,,no_directed_path_within_distance_cap
20161023,304a2d0b57db0d0e5892091fcb1e2a4f,7,28320650_2501__n2,381473923_2497__n0,False,False,,,,no_directed_path_within_distance_cap
20161023,304a2d0b57db0d0e5892091fcb1e2a4f,10,162540383_2627__n4,381473318_2414__n2,False,False,,,,no_directed_path_within_distance_cap
20161023,304a2d0b57db0d0e5892091fcb1e2a4f,11,381473318_2414__n2,162532765_2419__n0,False,False,,,,no_directed_path_within_distance_cap
20161023,304a2d0b57db0d0e5892091fcb1e2a4f,16,162532765_2419__n4,162542042_2628__n0,False,False,,,,no_directed_path_within_distance_cap
20161023,304a2d0b57db0d0e5892091fcb1e2a4f,25,381473317_2629__n0,162542042_2628__n0,False,False,,,,no_directed_path_within_distance_cap
20161023,304a2d0b57db0d0e5892091fcb1e2a4f,45,400213936_3981__n1,263770589_4227__n0,False,False,,,,no_directed_path_within_distance_cap
20161023,304a2d0b57db0d0e5892091fcb1e2a4f,50,263739439_4394__n0,263739444_4430__n0,False,False,,,,no_directed_path_within_distance_cap
20161023,304a2d0b57db0d0e5892091fcb1e2a4f,51,263739444_4430__n0,263739441_4463__n0,False,False,,,,no_directed_path_within_distance_cap
20161023,3117f32a2e442c211387e921c7a33192,15,28258007_2668__n2,447556687_2722__n0,False,False,,,,no_directed_path_within_distance_cap
20161023,3117f32a2e442c211387e921c7a33192,16,447556687_2722__n0,277672363_3949__n0,False,False,,,,no_directed_path_within_distance_cap
20161023,37be1ae6f20167a68e8d771f79b7bddd,13,40541061_3902__n0,447556657_3818__n0,False,False,,,,no_directed_path_within_distance_cap
20161023,37be1ae6f20167a68e8d771f79b7bddd,14,447556657_3818__n0,447556635_3812__n0,False,False,,,,no_directed_path_within_distance_cap
20161023,38706373068bbb0619cc0123d4a9ee31,6,263770044_10149__n0,263769953_10151__n0,False,False,,,,no_directed_path_within_distance_cap
20161023,38706373068bbb0619cc0123d4a9ee31,7,263769953_10151__n0,447556640_10154__n0,False,False,,,,no_directed_path_within_distance_cap
20161023,3a22a817e89b2b53469418d719de5ea1,18,334971108_3842__n2,447556657_3818__n0,False,False,,,,no_directed_path_within_distance_cap
20161023,3a22a817e89b2b53469418d719de5ea1,19,447556657_3818__n0,447556635_3812__n0,False,False,,,,no_directed_path_within_distance_cap
20161023,3a22a817e89b2b53469418d719de5ea1,25,457984361_2718__n0,28258007_2668__n0,False,False,,,,no_directed_path_within_distance_cap
20161023,3a22a817e89b2b53469418d719de5ea1,55,381473317_2629__n0,381473924_2493__n0,False,False,,,,no_directed_path_within_distance_cap
20161023,3a22a817e89b2b53469418d719de5ea1,56,381473924_2493__n0,162532933_2408__n0,False,False,,,,no_directed_path_within_distance_cap
20161023,3c45b99209961d00d0632146a9ac1e25,11,28258922_2604__n7,89567410_2603__n1,False,False,,,,no_directed_path_within_distance_cap
20161023,4388647181aed443b83aa06b493197fa,9,254489535_4423__n0,266957159_4424__n0,False,False,,,,no_directed_path_within_distance_cap
20161023,4388647181aed443b83aa06b493197fa,10,266957159_4424__n0,266957160_4410__n1,False,False,,,,no_directed_path_within_distance_cap
20161023,44d1c8fd204600709b1ccf8885245764,8,28276814_4648__n0,28358459_4601__n0,False,False,,,,no_directed_path_within_distance_cap
20161023,44d1c8fd204600709b1ccf8885245764,35,333403958_4190__n2,446811235_4189__n0,False,False,,,,no_directed_path_within_distance_cap
20161023,44d1c8fd204600709b1ccf8885245764,45,447556678_4223__n1,333403959_4222__n0,False,False,,,,no_directed_path_within_distance_cap
20161023,44d1c8fd204600709b1ccf8885245764,50,447554164_4203__n0,267598524_4182__n0,False,False,,,,no_directed_path_within_distance_cap
20161023,49114c24905a87124926246da1cf0c1f,1,255201450_10351__n0,457983472_10329__n0,False,False,,,,no_directed_path_within_distance_cap
20161023,49114c24905a87124926246da1cf0c1f,2,457983472_10329__n0,264110602_10343__n0,False,False,,,,no_directed_path_within_distance_cap
20161023,49114c24905a87124926246da1cf0c1f,4,457983488_10326__n0,264110606_10212__n0,False,False,,,,no_directed_path_within_distance_cap
20161023,49114c24905a87124926246da1cf0c1f,5,264110606_10212__n0,267404273_10199__n0,False,False,,,,no_directed_path_within_distance_cap
20161023,49114c24905a87124926246da1cf0c1f,7,264110603_10196__n0,457983474_10193__n0,False,False,,,,no_directed_path_within_distance_cap
20161023,4c2951d171dd09285301e9fa1bcf3010,7,162540382_2656__n0,152428519_2370__n0,False,False,,,,no_directed_path_within_distance_cap
20161023,4c2951d171dd09285301e9fa1bcf3010,10,152428516_2373__n1,293499686_2413__n0,False,False,,,,no_directed_path_within_distance_cap
20161023,4c2951d171dd09285301e9fa1bcf3010,12,162532771_2418__n0,381409557_2425__n0,False,False,,,,no_directed_path_within_distance_cap
20161023,4c2951d171dd09285301e9fa1bcf3010,13,381409557_2425__n0,381409554_2631__n0,False,False,,,,no_directed_path_within_distance_cap
20161023,4c2951d171dd09285301e9fa1bcf3010,15,162532790_2500__n0,381473925_2503__n0,False,False,,,,no_directed_path_within_distance_cap
20161023,4c2951d171dd09285301e9fa1bcf3010,16,381473925_2503__n0,28320648_2517__n0,False,False,,,,no_directed_path_within_distance_cap
20161023,4c2951d171dd09285301e9fa1bcf3010,17,28320648_2517__n0,162658756_2525__n0,False,False,,,,no_directed_path_within_distance_cap
20161023,4ee59fb94151f6b9645255ee6c7dbc5b,6,447556677_3805__n1,334971111_3817__n0,False,False,,,,no_directed_path_within_distance_cap
20161023,4ee59fb94151f6b9645255ee6c7dbc5b,7,334971111_3817__n0,334971109_3844__n0,False,False,,,,no_directed_path_within_distance_cap
20161023,4ee59fb94151f6b9645255ee6c7dbc5b,40,334971117_4705__n1,334971119_4722__n0,False,False,,,,no_directed_path_within_distance_cap
20161023,4ee59fb94151f6b9645255ee6c7dbc5b,43,334971120_4729__n0,266957513_4662__n0,False,False,,,,no_directed_path_within_distance_cap
20161023,50276b2dee02f9da36bbdabc7b799fb8,11,156592802_10050__n2,156592797_10020__n0,False,False,,,,no_directed_path_within_distance_cap
20161023,50276b2dee02f9da36bbdabc7b799fb8,13,156592801_9493__n0,266583954_9486__n0,False,False,,,,no_directed_path_within_distance_cap
20161023,50276b2dee02f9da36bbdabc7b799fb8,52,263486156_2564__n0,152427999_2561__n0,False,False,,,,no_directed_path_within_distance_cap
20161023,50276b2dee02f9da36bbdabc7b799fb8,53,152427999_2561__n0,381429051_2533__n0,False,False,,,,no_directed_path_within_distance_cap
20161023,510579e665acf5f90e56c90ccc2efb35,36,152427993_8794__n3,264453197_8806__n0,False,False,,,,no_directed_path_within_distance_cap
20161023,510579e665acf5f90e56c90ccc2efb35,37,264453197_8806__n0,155248440_8810__n0,False,False,,,,no_directed_path_within_distance_cap
20161023,510579e665acf5f90e56c90ccc2efb35,38,155248440_8810__n0,263738592_8824__n0,False,False,,,,no_directed_path_within_distance_cap
20161023,510579e665acf5f90e56c90ccc2efb35,39,263738592_8824__n0,152428005_8827__n0,False,False,,,,no_directed_path_within_distance_cap
20161023,510579e665acf5f90e56c90ccc2efb35,44,335697692_8840__n1,152427722_8872__n0,False,False,,,,no_directed_path_within_distance_cap
20161023,510579e665acf5f90e56c90ccc2efb35,71,335525201_10190__n2,457983485_10197__n0,False,False,,,,no_directed_path_within_distance_cap
20161023,510fea9f21ff1ae02283bdff2490e8c2,12,277555003_4267__n0,447556698_4433__n0,False,False,,,,no_directed_path_within_distance_cap
20161023,510fea9f21ff1ae02283bdff2490e8c2,13,447556698_4433__n0,266957157_4431__n0,False,False,,,,no_directed_path_within_distance_cap
20161023,545f831b8c41e4d0e18f032d718e293c,25,295967308_3809__n2,333418727_3807__n0,False,False,,,,no_directed_path_within_distance_cap
20161023,545f831b8c41e4d0e18f032d718e293c,26,333418727_3807__n0,287208894_3808__n0,False,False,,,,no_directed_path_within_distance_cap
20161023,545f831b8c41e4d0e18f032d718e293c,49,309154012_9472__n0,335518752_9287__n0,False,False,,,,no_directed_path_within_distance_cap
20161023,545f831b8c41e4d0e18f032d718e293c,50,335518752_9287__n0,335518756_9485__n0,False,False,,,,no_directed_path_within_distance_cap
20161023,545f831b8c41e4d0e18f032d718e293c,53,335518757_9490__n0,266583951_9494__n0,False,False,,,,no_directed_path_within_distance_cap
20161023,545f831b8c41e4d0e18f032d718e293c,55,156592791_10021__n0,156592798_10051__n0,False,False,,,,no_directed_path_within_distance_cap
20161023,55644c1669e1e5d11ab63f36a8324914,12,287208893_3810__n0,295967306_3814__n0,False,False,,,,no_directed_path_within_distance_cap
20161023,55644c1669e1e5d11ab63f36a8324914,17,258742307_2667__n15,290629743_2711__n0,False,False,,,,no_directed_path_within_distance_cap
20161023,59bea09fe4b50aad3fdeed253715b34e,1,162532781_2407__n0,293499687_2371__n0,False,False,,,,no_directed_path_within_distance_cap
20161023,59bea09fe4b50aad3fdeed253715b34e,3,293499687_2371__n1,152428518_2369__n0,False,False,,,,no_directed_path_within_distance_cap
20161023,5a460488dc746b58e00ad0bd23263189,39,290629749_3788__n1,259866066_3874__n0,False,False,,,,no_directed_path_within_distance_cap
20161023,5a460488dc746b58e00ad0bd23263189,40,259866066_3874__n0,334283250_9275__n1,False,False,,,,no_directed_path_within_distance_cap
20161023,5c4e266f779ca7cc4b56ad40f3f58769,9,334971108_3842__n1,447556657_3818__n0,False,False,,,,no_directed_path_within_distance_cap
20161023,5c4e266f779ca7cc4b56ad40f3f58769,10,447556657_3818__n0,447556635_3812__n0,False,False,,,,no_directed_path_within_distance_cap
20161023,5c4e266f779ca7cc4b56ad40f3f58769,23,258738671_2596__n0,89567417_2568__n0,False,False,,,,no_directed_path_within_distance_cap
20161023,5c4e266f779ca7cc4b56ad40f3f58769,24,89567417_2568__n0,258738678_2548__n0,False,False,,,,no_directed_path_within_distance_cap
20161023,5c4e266f779ca7cc4b56ad40f3f58769,25,258738678_2548__n0,258738681_2552__n0,False,False,,,,no_directed_path_within_distance_cap
20161023,5e6bfd293e126ad2b538d2df223bb8e2,5,447556695_10187__n0,258081771_10202__n0,False,False,,,,no_directed_path_within_distance_cap
20161023,5e6bfd293e126ad2b538d2df223bb8e2,9,267404274_10208__n0,457983484_10201__n0,False,False,,,,no_directed_path_within_distance_cap
20161023,5e6bfd293e126ad2b538d2df223bb8e2,11,457983484_10201__n1,267404273_10199__n0,False,False,,,,no_directed_path_within_distance_cap
20161023,5e6bfd293e126ad2b538d2df223bb8e2,14,457983489_10211__n0,235000070_10218__n0,False,False,,,,no_directed_path_within_distance_cap
20161023,5e6bfd293e126ad2b538d2df223bb8e2,17,264110602_10343__n0,457983473_10345__n0,False,False,,,,no_directed_path_within_distance_cap
20161023,6514f5d4a913fd5ab6c3871541415f5b,1,162658744_2757__n2,335527376_2524__n0,False,False,,,,no_directed_path_within_distance_cap
20161023,6514f5d4a913fd5ab6c3871541415f5b,8,28320650_2501__n2,381473923_2497__n0,False,False,,,,no_directed_path_within_distance_cap
20161023,6514f5d4a913fd5ab6c3871541415f5b,11,162540383_2627__n4,162532765_2419__n0,False,False,,,,no_directed_path_within_distance_cap
20161023,6514f5d4a913fd5ab6c3871541415f5b,14,162532762_2374__n0,293499687_2371__n0,False,False,,,,no_directed_path_within_distance_cap
20161023,6514f5d4a913fd5ab6c3871541415f5b,16,293499687_2371__n1,152428518_2369__n0,False,False,,,,no_directed_path_within_distance_cap
20161023,6514f5d4a913fd5ab6c3871541415f5b,75,152427993_8794__n3,152427989_8811__n0,False,False,,,,no_directed_path_within_distance_cap
20161023,6514f5d4a913fd5ab6c3871541415f5b,76,152427989_8811__n0,263738592_8824__n0,False,False,,,,no_directed_path_within_distance_cap
20161023,6514f5d4a913fd5ab6c3871541415f5b,77,263738592_8824__n0,152428005_8827__n0,False,False,,,,no_directed_path_within_distance_cap
20161023,6514f5d4a913fd5ab6c3871541415f5b,82,335697692_8840__n1,152427722_8872__n0,False,False,,,,no_directed_path_within_distance_cap
20161023,695273b445cec687883f165f97f63827,28,447556677_3805__n2,334971111_3817__n0,False,False,,,,no_directed_path_within_distance_cap
20161023,695273b445cec687883f165f97f63827,29,334971111_3817__n0,447556637_3821__n0,False,False,,,,no_directed_path_within_distance_cap
20161023,695273b445cec687883f165f97f63827,36,334971108_3842__n2,447556657_3818__n0,False,False,,,,no_directed_path_within_distance_cap
20161023,695273b445cec687883f165f97f63827,37,447556657_3818__n0,447556635_3812__n0,False,False,,,,no_directed_path_within_distance_cap
20161023,6e3c3002b9c2502b65f53ded925ddc85,4,266957517_4744__n0,181357558_4730__n0,False,False,,,,no_directed_path_within_distance_cap
20161023,6e3c3002b9c2502b65f53ded925ddc85,6,335523978_4731__n0,263776585_4710__n0,False,False,,,,no_directed_path_within_distance_cap
20161023,6e3c3002b9c2502b65f53ded925ddc85,7,263776585_4710__n0,266957521_4723__n0,False,False,,,,no_directed_path_within_distance_cap
20161023,704b709aa09848e72e4475778c80a78d,18,142323482_8778__n4,152427720_8815__n0,False,False,,,,no_directed_path_within_distance_cap
20161023,704b709aa09848e72e4475778c80a78d,20,152427988_8828__n0,152427983_8844__n0,False,False,,,,no_directed_path_within_distance_cap
20161023,704b709aa09848e72e4475778c80a78d,32,381956608_8924__n2,293499685_9031__n0,False,False,,,,no_directed_path_within_distance_cap
20161023,704b709aa09848e72e4475778c80a78d,35,293499685_9031__n2,266583966_9450__n0,False,False,,,,no_directed_path_within_distance_cap
20161023,704b709aa09848e72e4475778c80a78d,38,231866341_9467__n1,266583965_9473__n0,False,False,,,,no_directed_path_within_distance_cap
20161023,704b709aa09848e72e4475778c80a78d,39,266583965_9473__n0,266583967_9290__n0,False,False,,,,no_directed_path_within_distance_cap
20161023,704b709aa09848e72e4475778c80a78d,40,266583967_9290__n0,335518756_9485__n0,False,False,,,,no_directed_path_within_distance_cap
20161023,704b709aa09848e72e4475778c80a78d,43,335518757_9490__n0,266583951_9494__n0,False,False,,,,no_directed_path_within_distance_cap
20161023,704b709aa09848e72e4475778c80a78d,45,156592791_10021__n0,156592798_10051__n0,False,False,,,,no_directed_path_within_distance_cap
20161023,726d9b8fca3ab1ee762a0f34380f8e35,17,263485688_8788__n1,381429052_2558__n0,False,False,,,,no_directed_path_within_distance_cap
20161023,726d9b8fca3ab1ee762a0f34380f8e35,18,381429052_2558__n0,26174011_2565__n0,False,False,,,,no_directed_path_within_distance_cap
20161023,726d9b8fca3ab1ee762a0f34380f8e35,23,263486156_2564__n1,334648929_2545__n0,False,False,,,,no_directed_path_within_distance_cap
20161023,726d9b8fca3ab1ee762a0f34380f8e35,24,334648929_2545__n0,142320604_2589__n0,False,False,,,,no_directed_path_within_distance_cap
20161023,758ac067c738a6bc343b056d0cb128f3,2,40541061_3902__n0,447556657_3818__n0,False,False,,,,no_directed_path_within_distance_cap
20161023,758ac067c738a6bc343b056d0cb128f3,3,447556657_3818__n0,447556635_3812__n0,False,False,,,,no_directed_path_within_distance_cap
20161023,76a962d1da606abe7227e0c337a3db6a,4,142323476_8748__n3,333378721_8502__n0,False,False,,,,no_directed_path_within_distance_cap
20161023,76a962d1da606abe7227e0c337a3db6a,5,333378721_8502__n0,333378722_8463__n0,False,False,,,,no_directed_path_within_distance_cap
20161023,76a962d1da606abe7227e0c337a3db6a,30,334802601_9007__n0,293499685_9031__n0,False,False,,,,no_directed_path_within_distance_cap
20161023,76a962d1da606abe7227e0c337a3db6a,31,293499685_9031__n0,266583962_9032__n0,False,False,,,,no_directed_path_within_distance_cap
20161023,76a962d1da606abe7227e0c337a3db6a,32,266583962_9032__n0,267213557_9010__n0,False,False,,,,no_directed_path_within_distance_cap
20161023,7cc95df8529b51bbfaf07e4fb17a70ea,24,152427992_2534__n0,381429052_2558__n0,False,False,,,,no_directed_path_within_distance_cap
20161023,7cc95df8529b51bbfaf07e4fb17a70ea,25,381429052_2558__n0,26174011_2565__n0,False,False,,,,no_directed_path_within_distance_cap
20161023,7cc95df8529b51bbfaf07e4fb17a70ea,39,334283251_3832__n0,266795177_3833__n0,False,False,,,,no_directed_path_within_distance_cap
20161023,7cc95df8529b51bbfaf07e4fb17a70ea,40,266795177_3833__n0,447556638_3838__n0,False,False,,,,no_directed_path_within_distance_cap
20161023,7cc95df8529b51bbfaf07e4fb17a70ea,41,447556638_3838__n0,266795179_4103__n0,False,False,,,,no_directed_path_within_distance_cap
20161023,7cefb033761fb82169aa992da553f34f,15,231865403_9452__n0,266583962_9032__n0,False,False,,,,no_directed_path_within_distance_cap
20161023,7cefb033761fb82169aa992da553f34f,16,266583962_9032__n0,267213557_9010__n0,False,False,,,,no_directed_path_within_distance_cap
20161023,7cefb033761fb82169aa992da553f34f,27,263486164_8865__n1,152428008_8842__n0,False,False,,,,no_directed_path_within_distance_cap
20161023,7cefb033761fb82169aa992da553f34f,28,152428008_8842__n0,263738593_8825__n0,False,False,,,,no_directed_path_within_distance_cap
20161023,7cefb033761fb82169aa992da553f34f,29,263738593_8825__n0,170357393_8845__n0,False,False,,,,no_directed_path_within_distance_cap
20161023,7cefb033761fb82169aa992da553f34f,30,170357393_8845__n0,263486158_8846__n2,False,False,,,,no_directed_path_within_distance_cap
20161023,7cefb033761fb82169aa992da553f34f,36,152427987_2576__n0,152427999_2561__n0,False,False,,,,no_directed_path_within_distance_cap
20161023,7cefb033761fb82169aa992da553f34f,37,152427999_2561__n0,381429051_2533__n0,False,False,,,,no_directed_path_within_distance_cap
20161023,82cb7327c92734f6600136fe277f9c7a,6,162532776_2496__n0,162532761_2422__n1,False,False,,,,no_directed_path_within_distance_cap
20161023,82cb7327c92734f6600136fe277f9c7a,9,162532781_2407__n0,152428518_2369__n0,False,False,,,,no_directed_path_within_distance_cap
20161023,83f63790cd38e3c343556b270cb4af25,9,334802601_9007__n0,293499685_9031__n0,False,False,,,,no_directed_path_within_distance_cap
20161023,83f63790cd38e3c343556b270cb4af25,11,293499685_9031__n1,267213557_9010__n0,False,False,,,,no_directed_path_within_distance_cap
20161023,83f63790cd38e3c343556b270cb4af25,22,263486164_8865__n1,152428008_8842__n0,False,False,,,,no_directed_path_within_distance_cap
20161023,83f63790cd38e3c343556b270cb4af25,23,152428008_8842__n0,263738593_8825__n0,False,False,,,,no_directed_path_within_distance_cap
20161023,83f63790cd38e3c343556b270cb4af25,24,263738593_8825__n0,263486158_8846__n2,False,False,,,,no_directed_path_within_distance_cap
20161023,83f63790cd38e3c343556b270cb4af25,32,263486156_2564__n1,334648929_2545__n0,False,False,,,,no_directed_path_within_distance_cap
20161023,83f63790cd38e3c343556b270cb4af25,33,334648929_2545__n0,28340417_2566__n0,False,False,,,,no_directed_path_within_distance_cap
20161023,89eff518b30d3ada5d0f9270ba038155,4,266957517_4744__n0,334971119_4722__n0,False,False,,,,no_directed_path_within_distance_cap
20161023,89eff518b30d3ada5d0f9270ba038155,6,335523979_4743__n0,263776585_4710__n0,False,False,,,,no_directed_path_within_distance_cap
20161023,89eff518b30d3ada5d0f9270ba038155,7,263776585_4710__n0,266957521_4723__n0,False,False,,,,no_directed_path_within_distance_cap
20161023,89eff518b30d3ada5d0f9270ba038155,13,334971123_4720__n0,47848570_4718__n0,False,False,,,,no_directed_path_within_distance_cap
20161023,89eff518b30d3ada5d0f9270ba038155,14,47848570_4718__n0,47848569_10204__n0,False,False,,,,no_directed_path_within_distance_cap
20161023,89eff518b30d3ada5d0f9270ba038155,17,267404274_10208__n0,457983484_10201__n0,False,False,,,,no_directed_path_within_distance_cap
20161023,89eff518b30d3ada5d0f9270ba038155,19,457983484_10201__n1,267404273_10199__n0,False,False,,,,no_directed_path_within_distance_cap
20161023,89eff518b30d3ada5d0f9270ba038155,21,267404277_10198__n0,235000070_10218__n0,False,False,,,,no_directed_path_within_distance_cap
20161023,89eff518b30d3ada5d0f9270ba038155,24,457983488_10326__n0,258248021_10327__n0,False,False,,,,no_directed_path_within_distance_cap
20161023,89eff518b30d3ada5d0f9270ba038155,26,258248021_10327__n1,267598222_10320__n0,False,False,,,,no_directed_path_within_distance_cap
20161023,89eff518b30d3ada5d0f9270ba038155,27,267598222_10320__n0,457983477_10205__n0,False,False,,,,no_directed_path_within_distance_cap
20161023,89eff518b30d3ada5d0f9270ba038155,30,460338576_10200__n0,447556692_10186__n0,False,False,,,,no_directed_path_within_distance_cap
20161023,89eff518b30d3ada5d0f9270ba038155,62,216639727_3875__n2,447556689_3835__n0,False,False,,,,no_directed_path_within_distance_cap
20161023,89eff518b30d3ada5d0f9270ba038155,63,447556689_3835__n0,266795172_3791__n0,False,False,,,,no_directed_path_within_distance_cap
20161023,8de086bd42d6244f213cc208a3d22766,15,447556677_3805__n2,334971111_3817__n0,False,False,,,,no_directed_path_within_distance_cap
20161023,8de086bd42d6244f213cc208a3d22766,16,334971111_3817__n0,334971109_3844__n0,False,False,,,,no_directed_path_within_distance_cap
20161023,9464d506b50234c9a9af3c0445720007,23,335525201_10190__n2,264110603_10196__n0,False,False,,,,no_directed_path_within_distance_cap
20161023,9464d506b50234c9a9af3c0445720007,29,457983491_10324__n0,457983477_10205__n0,False,False,,,,no_directed_path_within_distance_cap
20161023,97dfe77c39d5fa81b722a820c37edabd,26,152427993_8794__n3,264453197_8806__n0,False,False,,,,no_directed_path_within_distance_cap
20161023,97dfe77c39d5fa81b722a820c37edabd,27,264453197_8806__n0,155248440_8810__n0,False,False,,,,no_directed_path_within_distance_cap
20161023,97dfe77c39d5fa81b722a820c37edabd,28,155248440_8810__n0,152427989_8811__n0,False,False,,,,no_directed_path_within_distance_cap
20161023,97dfe77c39d5fa81b722a820c37edabd,29,152427989_8811__n0,263738592_8824__n0,False,False,,,,no_directed_path_within_distance_cap
20161023,97dfe77c39d5fa81b722a820c37edabd,30,263738592_8824__n0,263738594_8839__n0,False,False,,,,no_directed_path_within_distance_cap
20161023,97dfe77c39d5fa81b722a820c37edabd,31,263738594_8839__n0,152427983_8844__n0,False,False,,,,no_directed_path_within_distance_cap
20161023,97dfe77c39d5fa81b722a820c37edabd,45,263486164_8865__n0,152427983_8844__n1,False,False,,,,no_directed_path_within_distance_cap
20161023,97dfe77c39d5fa81b722a820c37edabd,55,381956608_8924__n2,293499685_9031__n0,False,False,,,,no_directed_path_within_distance_cap
20161023,97dfe77c39d5fa81b722a820c37edabd,58,293499685_9031__n2,266583966_9450__n0,False,False,,,,no_directed_path_within_distance_cap
20161023,97dfe77c39d5fa81b722a820c37edabd,60,231866341_9467__n0,266583965_9473__n0,False,False,,,,no_directed_path_within_distance_cap
20161023,97dfe77c39d5fa81b722a820c37edabd,61,266583965_9473__n0,266583967_9290__n0,False,False,,,,no_directed_path_within_distance_cap
20161023,97dfe77c39d5fa81b722a820c37edabd,62,266583967_9290__n0,335518756_9485__n0,False,False,,,,no_directed_path_within_distance_cap
20161023,97dfe77c39d5fa81b722a820c37edabd,65,335518757_9490__n0,266583951_9494__n0,False,False,,,,no_directed_path_within_distance_cap
20161023,97dfe77c39d5fa81b722a820c37edabd,67,156592791_10021__n0,156592798_10051__n0,False,False,,,,no_directed_path_within_distance_cap
20161023,a28069cb11c78f38add3707b43b1b87a,21,263770043_10150__n0,263769953_10151__n0,False,False,,,,no_directed_path_within_distance_cap
20161023,a28069cb11c78f38add3707b43b1b87a,22,263769953_10151__n0,28358447_10155__n0,False,False,,,,no_directed_path_within_distance_cap
20161023,a28069cb11c78f38add3707b43b1b87a,45,334971117_4705__n2,447556681_4708__n0,False,False,,,,no_directed_path_within_distance_cap
20161023,a37aeb132488d909e77ea3e1573d1be1,3,264110605_10216__n0,457983490_10215__n0,False,False,,,,no_directed_path_within_distance_cap
20161023,a37aeb132488d909e77ea3e1573d1be1,6,267404270_10325__n0,267404275_10321__n0,False,False,,,,no_directed_path_within_distance_cap
20161023,a37aeb132488d909e77ea3e1573d1be1,8,460338573_10207__n0,457983477_10205__n0,False,False,,,,no_directed_path_within_distance_cap
20161023,a402cb2f1324ed588c0917ae20858c1e,3,142321461_4411__n11,447556698_4433__n0,False,False,,,,no_directed_path_within_distance_cap
20161023,a402cb2f1324ed588c0917ae20858c1e,4,447556698_4433__n0,266957157_4431__n0,False,False,,,,no_directed_path_within_distance_cap
20161023,a402cb2f1324ed588c0917ae20858c1e,15,254489535_4423__n0,447556699_4425__n0,False,False,,,,no_directed_path_within_distance_cap
20161023,a402cb2f1324ed588c0917ae20858c1e,16,447556699_4425__n0,266957160_4410__n0,False,False,,,,no_directed_path_within_distance_cap
20161023,a402cb2f1324ed588c0917ae20858c1e,44,447556655_10144__n0,59140289_10148__n0,False,False,,,,no_directed_path_within_distance_cap
20161023,a402cb2f1324ed588c0917ae20858c1e,45,59140289_10148__n0,263769956_10146__n0,False,False,,,,no_directed_path_within_distance_cap
20161023,a421edd988a4ec78216d5eac59fc73e4,22,266577945_3892__n6,447556667_3885__n0,False,False,,,,no_directed_path_within_distance_cap
20161023,a421edd988a4ec78216d5eac59fc73e4,23,447556667_3885__n0,266577952_2713__n0,False,False,,,,no_directed_path_within_distance_cap
20161023,aaff6a17b6d35ea4bd120698235e9ee5,7,28320650_2501__n2,381473923_2497__n0,False,False,,,,no_directed_path_within_distance_cap
20161023,aaff6a17b6d35ea4bd120698235e9ee5,10,162540383_2627__n4,162532765_2419__n0,False,False,,,,no_directed_path_within_distance_cap
20161023,aaff6a17b6d35ea4bd120698235e9ee5,13,162532762_2374__n0,293499687_2371__n0,False,False,,,,no_directed_path_within_distance_cap
20161023,aaff6a17b6d35ea4bd120698235e9ee5,15,293499687_2371__n1,152428518_2369__n0,False,False,,,,no_directed_path_within_distance_cap
20161023,aaff6a17b6d35ea4bd120698235e9ee5,17,152428518_2369__n1,162540379_2393__n0,False,False,,,,no_directed_path_within_distance_cap
20161023,aaff6a17b6d35ea4bd120698235e9ee5,18,162540379_2393__n0,28340419_2383__n0,False,False,,,,no_directed_path_within_distance_cap
20161023,b1b2307b7e11ac78efe93f13313d8f67,9,400213936_3981__n1,263770589_4227__n0,False,False,,,,no_directed_path_within_distance_cap
20161023,b1b2307b7e11ac78efe93f13313d8f67,14,263739439_4394__n0,263739441_4463__n0,False,False,,,,no_directed_path_within_distance_cap
20161023,b1b2307b7e11ac78efe93f13313d8f67,29,457984515_4610__n0,28358449_4742__n0,False,False,,,,no_directed_path_within_distance_cap
20161023,b1b2307b7e11ac78efe93f13313d8f67,30,28358449_4742__n0,28358450_4736__n0,False,False,,,,no_directed_path_within_distance_cap
20161023,b7ebcad5292280ce01734ec4c34e25e9,8,334648916_2386__n1,152428519_2370__n0,False,False,,,,no_directed_path_within_distance_cap
20161023,b7ebcad5292280ce01734ec4c34e25e9,11,152428516_2373__n1,152428518_2369__n0,False,False,,,,no_directed_path_within_distance_cap
20161023,b7ebcad5292280ce01734ec4c34e25e9,12,152428518_2369__n0,162532761_2422__n1,False,False,,,,no_directed_path_within_distance_cap
20161023,b7ebcad5292280ce01734ec4c34e25e9,13,162532761_2422__n1,258738965_2521__n0,False,False,,,,no_directed_path_within_distance_cap
20161023,bc003d76091e74828ea30a15ff9600a3,11,258738671_2596__n0,89567417_2568__n0,False,False,,,,no_directed_path_within_distance_cap
20161023,bc003d76091e74828ea30a15ff9600a3,12,89567417_2568__n0,258738678_2548__n0,False,False,,,,no_directed_path_within_distance_cap
20161023,bc003d76091e74828ea30a15ff9600a3,13,258738678_2548__n0,258738681_2552__n0,False,False,,,,no_directed_path_within_distance_cap
20161023,bcf6d0bb4cff5bd6d635863ff06de711,5,334971120_4729__n0,266957513_4662__n0,False,False,,,,no_directed_path_within_distance_cap
20161023,bcf6d0bb4cff5bd6d635863ff06de711,26,28276814_4648__n0,28340518_4649__n0,False,False,,,,no_directed_path_within_distance_cap
20161023,bcf6d0bb4cff5bd6d635863ff06de711,27,28340518_4649__n0,28358459_4601__n0,False,False,,,,no_directed_path_within_distance_cap
20161023,c2e8c96a7e4dbc54062b48c71c66e27e,6,457984517_4466__n2,263739442_4429__n0,False,False,,,,no_directed_path_within_distance_cap
20161023,c2e8c96a7e4dbc54062b48c71c66e27e,7,263739442_4429__n0,263739438_4395__n0,False,False,,,,no_directed_path_within_distance_cap
20161023,c38cfe09f0092680b2cfe5584455b22e,7,28320650_2501__n2,381473923_2497__n0,False,False,,,,no_directed_path_within_distance_cap
20161023,c38cfe09f0092680b2cfe5584455b22e,10,162540383_2627__n4,162532765_2419__n0,False,False,,,,no_directed_path_within_distance_cap
20161023,c38cfe09f0092680b2cfe5584455b22e,13,162532765_2419__n2,162532762_2374__n0,False,False,,,,no_directed_path_within_distance_cap
20161023,c38cfe09f0092680b2cfe5584455b22e,14,162532762_2374__n0,293499687_2371__n0,False,False,,,,no_directed_path_within_distance_cap
20161023,c38cfe09f0092680b2cfe5584455b22e,16,293499687_2371__n1,152428518_2369__n0,False,False,,,,no_directed_path_within_distance_cap
20161023,c38cfe09f0092680b2cfe5584455b22e,18,152428518_2369__n1,162540379_2393__n0,False,False,,,,no_directed_path_within_distance_cap
20161023,c38cfe09f0092680b2cfe5584455b22e,19,162540379_2393__n0,258738963_2365__n0,False,False,,,,no_directed_path_within_distance_cap
20161023,c38cfe09f0092680b2cfe5584455b22e,20,258738963_2365__n0,162540379_2393__n0,False,False,,,,no_directed_path_within_distance_cap
20161023,c38cfe09f0092680b2cfe5584455b22e,21,162540379_2393__n0,28340419_2383__n0,False,False,,,,no_directed_path_within_distance_cap
20161023,ca503fc2d870005b8b174954ca1c8974,7,28320650_2501__n2,381473923_2497__n0,False,False,,,,no_directed_path_within_distance_cap
20161023,ca503fc2d870005b8b174954ca1c8974,10,162540383_2627__n4,162532765_2419__n0,False,False,,,,no_directed_path_within_distance_cap
20161023,ca503fc2d870005b8b174954ca1c8974,13,162532762_2374__n0,293499687_2371__n0,False,False,,,,no_directed_path_within_distance_cap
20161023,ca503fc2d870005b8b174954ca1c8974,15,293499687_2371__n1,152428518_2369__n0,False,False,,,,no_directed_path_within_distance_cap
20161023,cda2e329a51e47cbfe0836d291a27b2d,14,334971108_3842__n1,447556657_3818__n0,False,False,,,,no_directed_path_within_distance_cap
20161023,cda2e329a51e47cbfe0836d291a27b2d,15,447556657_3818__n0,447556635_3812__n0,False,False,,,,no_directed_path_within_distance_cap
20161023,cda2e329a51e47cbfe0836d291a27b2d,28,258738671_2596__n0,89567417_2568__n0,False,False,,,,no_directed_path_within_distance_cap
20161023,cda2e329a51e47cbfe0836d291a27b2d,29,89567417_2568__n0,28258926_2311__n0,False,False,,,,no_directed_path_within_distance_cap
20161023,d2c1473c7d77427e8602a6c769f9936a,16,142321461_4411__n10,266957158_4432__n0,False,False,,,,no_directed_path_within_distance_cap
20161023,d2c1473c7d77427e8602a6c769f9936a,17,266957158_4432__n0,266957157_4431__n0,False,False,,,,no_directed_path_within_distance_cap
20161023,d48df035eeff48b055f9a47819395806,24,263770043_10150__n0,263769953_10151__n0,False,False,,,,no_directed_path_within_distance_cap
20161023,d48df035eeff48b055f9a47819395806,25,263769953_10151__n0,447556640_10154__n0,False,False,,,,no_directed_path_within_distance_cap
20161023,dbcf6cd3882a729ea78d827ff0199e5b,38,59140333_4472__n6,447556636_4619__n0,False,False,,,,no_directed_path_within_distance_cap
20161023,dbcf6cd3882a729ea78d827ff0199e5b,39,447556636_4619__n0,369790065_4624__n0,False,False,,,,no_directed_path_within_distance_cap
20161023,dc8b7ea014a05b048a8dd6844b7300af,3,335513936_2221__n1,381473319_2222__n1,False,False,,,,no_directed_path_within_distance_cap
20161023,dc8b7ea014a05b048a8dd6844b7300af,7,335513936_2221__n2,381473318_2414__n0,False,False,,,,no_directed_path_within_distance_cap
20161023,dc8b7ea014a05b048a8dd6844b7300af,8,381473318_2414__n0,162542043_2415__n2,False,False,,,,no_directed_path_within_distance_cap
20161023,dc8b7ea014a05b048a8dd6844b7300af,9,162542043_2415__n2,162542043_2415__n0,False,False,,,,no_directed_path_within_distance_cap
20161023,dc8b7ea014a05b048a8dd6844b7300af,10,162542043_2415__n0,162532765_2419__n0,False,False,,,,no_directed_path_within_distance_cap
20161023,dc8b7ea014a05b048a8dd6844b7300af,15,162532771_2418__n0,381409557_2425__n0,False,False,,,,no_directed_path_within_distance_cap
20161023,dc8b7ea014a05b048a8dd6844b7300af,16,381409557_2425__n0,381409554_2631__n0,False,False,,,,no_directed_path_within_distance_cap
20161023,dc8b7ea014a05b048a8dd6844b7300af,18,162532790_2500__n0,381473925_2503__n0,False,False,,,,no_directed_path_within_distance_cap
20161023,dc8b7ea014a05b048a8dd6844b7300af,19,381473925_2503__n0,258738965_2521__n0,False,False,,,,no_directed_path_within_distance_cap
20161023,df6bbda6683c56c819ff6e117e1ea2ee,7,447556677_3805__n2,334971111_3817__n0,False,False,,,,no_directed_path_within_distance_cap
20161023,df6bbda6683c56c819ff6e117e1ea2ee,8,334971111_3817__n0,447556637_3821__n0,False,False,,,,no_directed_path_within_distance_cap
20161023,e3228bc278f1e638ae02fa3840d304a7,19,335513936_2221__n2,162542043_2415__n2,False,False,,,,no_directed_path_within_distance_cap
20161023,e3228bc278f1e638ae02fa3840d304a7,20,162542043_2415__n2,162542043_2415__n1,False,False,,,,no_directed_path_within_distance_cap
20161023,e3228bc278f1e638ae02fa3840d304a7,21,162542043_2415__n1,162542042_2628__n0,False,False,,,,no_directed_path_within_distance_cap
20161023,e3228bc278f1e638ae02fa3840d304a7,30,381473317_2629__n0,162542042_2628__n0,False,False,,,,no_directed_path_within_distance_cap
20161023,e3228bc278f1e638ae02fa3840d304a7,69,400213936_3981__n1,263770589_4227__n0,False,False,,,,no_directed_path_within_distance_cap
20161023,e3228bc278f1e638ae02fa3840d304a7,74,263739439_4394__n0,334281569_4399__n0,False,False,,,,no_directed_path_within_distance_cap
20161023,e75b8ea3b6e049f67b51b32b856d96fb,13,335513936_2221__n1,381473319_2222__n1,False,False,,,,no_directed_path_within_distance_cap
20161023,e75b8ea3b6e049f67b51b32b856d96fb,17,335513936_2221__n2,381473318_2414__n0,False,False,,,,no_directed_path_within_distance_cap
20161023,e75b8ea3b6e049f67b51b32b856d96fb,18,381473318_2414__n0,162542043_2415__n2,False,False,,,,no_directed_path_within_distance_cap
20161023,e75b8ea3b6e049f67b51b32b856d96fb,19,162542043_2415__n2,162542043_2415__n0,False,False,,,,no_directed_path_within_distance_cap
20161023,e75b8ea3b6e049f67b51b32b856d96fb,20,162542043_2415__n0,162542042_2628__n0,False,False,,,,no_directed_path_within_distance_cap
20161023,ec13bd5e1a4fcb912f42bc8e49cc4094,25,156592798_10051__n2,156592804_10093__n0,False,False,,,,no_directed_path_within_distance_cap
20161023,ef6e3550905ae87cd711b9e09e957f05,12,162540382_2656__n0,152428519_2370__n0,False,False,,,,no_directed_path_within_distance_cap
20161023,ef6e3550905ae87cd711b9e09e957f05,15,152428516_2373__n1,293499686_2413__n0,False,False,,,,no_directed_path_within_distance_cap
20161023,ef6e3550905ae87cd711b9e09e957f05,17,162532771_2418__n0,381409557_2425__n0,False,False,,,,no_directed_path_within_distance_cap
20161023,ef6e3550905ae87cd711b9e09e957f05,18,381409557_2425__n0,381409554_2631__n0,False,False,,,,no_directed_path_within_distance_cap
20161023,ef6e3550905ae87cd711b9e09e957f05,20,162532790_2500__n0,381473925_2503__n0,False,False,,,,no_directed_path_within_distance_cap
20161023,ef6e3550905ae87cd711b9e09e957f05,21,381473925_2503__n0,28320648_2517__n0,False,False,,,,no_directed_path_within_distance_cap
20161023,ef6e3550905ae87cd711b9e09e957f05,22,28320648_2517__n0,162658756_2525__n0,False,False,,,,no_directed_path_within_distance_cap
20161023,f61162c2c18d03389a1c95a8e00cf037,6,447556683_4709__n1,246438218_4608__n4,False,False,,,,no_directed_path_within_distance_cap
20161023,f61162c2c18d03389a1c95a8e00cf037,11,59140333_4472__n6,369790063_4473__n0,False,False,,,,no_directed_path_within_distance_cap
20161023,f77b1700f9ec6ff0ba7c806544c86dd4,4,456114495_3830__n0,447556674_3825__n0,False,False,,,,no_directed_path_within_distance_cap
20161023,f77b1700f9ec6ff0ba7c806544c86dd4,5,447556674_3825__n0,290629752_3822__n0,False,False,,,,no_directed_path_within_distance_cap
20161023,f77b1700f9ec6ff0ba7c806544c86dd4,40,263486156_2564__n0,152427999_2561__n0,False,False,,,,no_directed_path_within_distance_cap
20161023,f77b1700f9ec6ff0ba7c806544c86dd4,41,152427999_2561__n0,381429051_2533__n0,False,False,,,,no_directed_path_within_distance_cap
20161023,f789017baddfa1f1785f92d400ab7e3a,15,447556677_3805__n2,334971111_3817__n0,False,False,,,,no_directed_path_within_distance_cap
20161023,f789017baddfa1f1785f92d400ab7e3a,16,334971111_3817__n0,447556637_3821__n0,False,False,,,,no_directed_path_within_distance_cap
20161023,f789017baddfa1f1785f92d400ab7e3a,23,334971108_3842__n2,447556635_3812__n0,False,False,,,,no_directed_path_within_distance_cap
20161023,f78f3308ebbe63d12b043d750604adc1,1,337129350_9474__n1,335518752_9287__n0,False,False,,,,no_directed_path_within_distance_cap
20161023,f78f3308ebbe63d12b043d750604adc1,2,335518752_9287__n0,335518753_9286__n1,False,False,,,,no_directed_path_within_distance_cap
20161023,f78f3308ebbe63d12b043d750604adc1,17,334283251_3832__n0,266795179_4103__n1,False,False,,,,no_directed_path_within_distance_cap
20161023,fc8d3c9cc13823acd14f662397786d39,9,335513936_2221__n2,381473318_2414__n0,False,False,,,,no_directed_path_within_distance_cap
20161023,fc8d3c9cc13823acd14f662397786d39,10,381473318_2414__n0,162532761_2422__n1,False,False,,,,no_directed_path_within_distance_cap
20161023,fc8d3c9cc13823acd14f662397786d39,11,162532761_2422__n1,381473318_2414__n2,False,False,,,,no_directed_path_within_distance_cap
20161023,fc8d3c9cc13823acd14f662397786d39,12,381473318_2414__n2,162542042_2628__n0,False,False,,,,no_directed_path_within_distance_cap
20161023,fc8d3c9cc13823acd14f662397786d39,21,381473317_2629__n0,162542042_2628__n0,False,False,,,,no_directed_path_within_distance_cap
20161023,fc8d3c9cc13823acd14f662397786d39,29,335518633_2650__n3,335518633_2650__n2,False,False,,,,no_directed_path_within_distance_cap
20161023,fc8d3c9cc13823acd14f662397786d39,30,335518633_2650__n2,381473316_2649__n2,False,False,,,,no_directed_path_within_distance_cap
20161023,fc8d3c9cc13823acd14f662397786d39,33,335518633_2650__n2,381473316_2649__n2,False,False,,,,no_directed_path_within_distance_cap
20161023,fc8d3c9cc13823acd14f662397786d39,36,335518633_2650__n2,381473316_2649__n2,False,False,,,,no_directed_path_within_distance_cap
20161023,fc8d3c9cc13823acd14f662397786d39,39,335518633_2650__n2,381473316_2649__n2,False,False,,,,no_directed_path_within_distance_cap
20161023,fc8d3c9cc13823acd14f662397786d39,42,335518633_2650__n2,381473316_2649__n2,False,False,,,,no_directed_path_within_distance_cap
20161023,fccef62b028aa6194322950424da05e1,4,216639727_3875__n2,447556689_3835__n0,False,False,,,,no_directed_path_within_distance_cap
20161023,fccef62b028aa6194322950424da05e1,5,447556689_3835__n0,266795172_3791__n0,False,False,,,,no_directed_path_within_distance_cap
20161023,fda71ec9dc509eaefe8559943041b7e6,26,152427993_8794__n3,155248440_8810__n0,False,False,,,,no_directed_path_within_distance_cap
20161023,fda71ec9dc509eaefe8559943041b7e6,27,155248440_8810__n0,152427989_8811__n0,False,False,,,,no_directed_path_within_distance_cap
20161023,fda71ec9dc509eaefe8559943041b7e6,28,152427989_8811__n0,263738592_8824__n0,False,False,,,,no_directed_path_within_distance_cap
20161023,fda71ec9dc509eaefe8559943041b7e6,29,263738592_8824__n0,152428008_8842__n0,False,False,,,,no_directed_path_within_distance_cap
20161023,fda71ec9dc509eaefe8559943041b7e6,30,152428008_8842__n0,263738594_8839__n0,False,False,,,,no_directed_path_within_distance_cap
20161023,fda71ec9dc509eaefe8559943041b7e6,31,263738594_8839__n0,263486164_8865__n1,False,False,,,,no_directed_path_within_distance_cap
20161023,fda71ec9dc509eaefe8559943041b7e6,32,263486164_8865__n1,152427983_8844__n0,False,False,,,,no_directed_path_within_distance_cap
20161023,01d469e6744299e4d64c72ec6cb9271c,8,162540384_2635__n0,162540383_2627__n0,False,False,,,,no_directed_path_within_distance_cap
20161023,01d469e6744299e4d64c72ec6cb9271c,14,162540383_2627__n4,162532765_2419__n0,False,False,,,,no_directed_path_within_distance_cap
20161023,01d469e6744299e4d64c72ec6cb9271c,17,162532765_2419__n2,162532762_2374__n0,False,False,,,,no_directed_path_within_distance_cap
20161023,01d469e6744299e4d64c72ec6cb9271c,18,162532762_2374__n0,293499687_2371__n0,False,False,,,,no_directed_path_within_distance_cap
20161023,01d469e6744299e4d64c72ec6cb9271c,20,293499687_2371__n1,152428518_2369__n0,False,False,,,,no_directed_path_within_distance_cap
20161023,01d469e6744299e4d64c72ec6cb9271c,51,152427993_8794__n3,155248440_8810__n0,False,False,,,,no_directed_path_within_distance_cap
20161023,01d469e6744299e4d64c72ec6cb9271c,52,155248440_8810__n0,263738592_8824__n0,False,False,,,,no_directed_path_within_distance_cap
20161023,01d469e6744299e4d64c72ec6cb9271c,53,263738592_8824__n0,263738594_8839__n0,False,False,,,,no_directed_path_within_distance_cap
20161023,01d469e6744299e4d64c72ec6cb9271c,54,263738594_8839__n0,263486164_8865__n1,False,False,,,,no_directed_path_within_distance_cap
20161023,01d469e6744299e4d64c72ec6cb9271c,55,263486164_8865__n1,152427983_8844__n0,False,False,,,,no_directed_path_within_distance_cap
20161023,028e6c8eb7277de9ac4826e1327faf49,35,447556678_4223__n2,333403959_4222__n0,False,False,,,,no_directed_path_within_distance_cap
20161023,07ef69a60815b47094308de535c040ef,8,335513936_2221__n2,381473319_2222__n0,False,False,,,,no_directed_path_within_distance_cap
20161023,07ef69a60815b47094308de535c040ef,9,381473319_2222__n0,381473318_2414__n0,False,False,,,,no_directed_path_within_distance_cap
20161023,07ef69a60815b47094308de535c040ef,10,381473318_2414__n0,162542043_2415__n0,False,False,,,,no_directed_path_within_distance_cap
20161023,07ef69a60815b47094308de535c040ef,11,162542043_2415__n0,162542042_2628__n0,False,False,,,,no_directed_path_within_distance_cap
20161023,07ef69a60815b47094308de535c040ef,20,381473317_2629__n0,162542042_2628__n0,False,False,,,,no_directed_path_within_distance_cap
20161023,07ef69a60815b47094308de535c040ef,41,290629741_2706__n0,335518637_2707__n0,False,False,,,,no_directed_path_within_distance_cap
20161023,07ef69a60815b47094308de535c040ef,58,447556677_3805__n2,334971111_3817__n0,False,False,,,,no_directed_path_within_distance_cap
20161023,07ef69a60815b47094308de535c040ef,59,334971111_3817__n0,334971109_3844__n0,False,False,,,,no_directed_path_within_distance_cap
20161023,08437aa88f231e8a3374c70a08000f45,21,162540382_2656__n0,152428519_2370__n0,False,False,,,,no_directed_path_within_distance_cap
20161023,08437aa88f231e8a3374c70a08000f45,23,152428516_2373__n0,293499686_2413__n0,False,False,,,,no_directed_path_within_distance_cap
20161023,08437aa88f231e8a3374c70a08000f45,24,293499686_2413__n0,381409557_2425__n0,False,False,,,,no_directed_path_within_distance_cap
20161023,08437aa88f231e8a3374c70a08000f45,25,381409557_2425__n0,162532768_2499__n0,False,False,,,,no_directed_path_within_distance_cap
20161023,08437aa88f231e8a3374c70a08000f45,27,162532768_2499__n1,258738965_2521__n0,False,False,,,,no_directed_path_within_distance_cap
20161023,0aba4ab15c041a9f0396d53f6f829c8b,36,333404261_9947__n0,258081763_9944__n1,False,False,,,,no_directed_path_within_distance_cap
20161023,0bc49dafb8e4882f5851f7b0f3da52a9,6,263486156_2564__n1,334648929_2545__n0,False,False,,,,no_directed_path_within_distance_cap
20161023,0bc49dafb8e4882f5851f7b0f3da52a9,7,334648929_2545__n0,28340417_2566__n0,False,False,,,,no_directed_path_within_distance_cap
20161023,1013d0b595f2dfcc7d1b0553c68e6b82,11,28258924_2310__n4,381429050_2567__n0,False,False,,,,no_directed_path_within_distance_cap
20161023,1013d0b595f2dfcc7d1b0553c68e6b82,12,381429050_2567__n0,89567410_2603__n0,False,False,,,,no_directed_path_within_distance_cap
20161023,1013d0b595f2dfcc7d1b0553c68e6b82,21,28258922_2604__n7,89567410_2603__n1,False,False,,,,no_directed_path_within_distance_cap
20161023,125a97592c04170250bbeb58b9b35bd1,15,266577945_3892__n6,266577955_2715__n0,False,False,,,,no_directed_path_within_distance_cap
20161023,125a97592c04170250bbeb58b9b35bd1,16,266577955_2715__n0,290629743_2711__n0,False,False,,,,no_directed_path_within_distance_cap
20161023,125a97592c04170250bbeb58b9b35bd1,32,381473317_2629__n0,162540383_2627__n4,False,False,,,,no_directed_path_within_distance_cap
20161023,125a97592c04170250bbeb58b9b35bd1,33,162540383_2627__n4,162532933_2408__n0,False,False,,,,no_directed_path_within_distance_cap
20161023,13e3e7a046be7cd5653475e0c45dcb0c,7,267404275_10321__n0,457983477_10205__n0,False,False,,,,no_directed_path_within_distance_cap
20161023,13e3e7a046be7cd5653475e0c45dcb0c,9,268844670_4715__n0,334971122_4737__n1,False,False,,,,no_directed_path_within_distance_cap
20161023,13e3e7a046be7cd5653475e0c45dcb0c,13,263776586_4726__n0,181357558_4730__n0,False,False,,,,no_directed_path_within_distance_cap
20161023,13e3e7a046be7cd5653475e0c45dcb0c,16,447556683_4709__n0,334971121_4704__n0,False,False,,,,no_directed_path_within_distance_cap
20161023,13f80704ada2964999349cbacce6f4b0,19,28258924_2310__n4,381429050_2567__n0,False,False,,,,no_directed_path_within_distance_cap
20161023,13f80704ada2964999349cbacce6f4b0,20,381429050_2567__n0,89567410_2603__n0,False,False,,,,no_directed_path_within_distance_cap
20161023,1837955955102cde8ebee0c0d79e15a4,13,334648916_2386__n0,30525582_2363__n0,False,False,,,,no_directed_path_within_distance_cap
20161023,19a89bf24cb700a650d64fb1d78d2681,12,142320604_2589__n0,334648929_2545__n0,False,False,,,,no_directed_path_within_distance_cap
20161023,19a89bf24cb700a650d64fb1d78d2681,13,334648929_2545__n0,28340417_2566__n0,False,False,,,,no_directed_path_within_distance_cap
20161023,19a89bf24cb700a650d64fb1d78d2681,36,162540382_2656__n0,152428519_2370__n0,False,False,,,,no_directed_path_within_distance_cap
20161023,19a89bf24cb700a650d64fb1d78d2681,39,152428516_2373__n1,162532783_2416__n0,False,False,,,,no_directed_path_within_distance_cap
20161023,19a89bf24cb700a650d64fb1d78d2681,40,162532783_2416__n0,162532761_2422__n1,False,False,,,,no_directed_path_within_distance_cap
20161023,19a89bf24cb700a650d64fb1d78d2681,41,162532761_2422__n1,162532768_2499__n0,False,False,,,,no_directed_path_within_distance_cap
20161023,1d2ee53aae33d23b5611a08efe1ef239,34,263486164_8865__n1,152428008_8842__n0,False,False,,,,no_directed_path_within_distance_cap
20161023,1d2ee53aae33d23b5611a08efe1ef239,35,152428008_8842__n0,263738593_8825__n0,False,False,,,,no_directed_path_within_distance_cap
20161023,1d2ee53aae33d23b5611a08efe1ef239,36,263738593_8825__n0,152427989_8811__n0,False,False,,,,no_directed_path_within_distance_cap
20161023,1d2ee53aae33d23b5611a08efe1ef239,37,152427989_8811__n0,263486158_8846__n2,False,False,,,,no_directed_path_within_distance_cap
20161023,1d2ee53aae33d23b5611a08efe1ef239,40,263485691_8790__n0,26174011_2565__n0,False,False,,,,no_directed_path_within_distance_cap
20161023,1d2ee53aae33d23b5611a08efe1ef239,46,263486156_2564__n1,334648929_2545__n0,False,False,,,,no_directed_path_within_distance_cap
20161023,1d2ee53aae33d23b5611a08efe1ef239,47,334648929_2545__n0,28340417_2566__n0,False,False,,,,no_directed_path_within_distance_cap
20161023,1d2ee53aae33d23b5611a08efe1ef239,52,258738667_2572__n1,28340417_2566__n3,False,False,,,,no_directed_path_within_distance_cap
20161023,1d2ee53aae33d23b5611a08efe1ef239,53,28340417_2566__n3,258738667_2572__n1,False,False,,,,no_directed_path_within_distance_cap
20161023,1d2ee53aae33d23b5611a08efe1ef239,71,162540382_2656__n0,152428519_2370__n0,False,False,,,,no_directed_path_within_distance_cap
20161023,1d2ee53aae33d23b5611a08efe1ef239,74,152428516_2373__n1,293499686_2413__n0,False,False,,,,no_directed_path_within_distance_cap
20161023,1d2ee53aae33d23b5611a08efe1ef239,76,162532771_2418__n0,381409557_2425__n0,False,False,,,,no_directed_path_within_distance_cap
20161023,1d2ee53aae33d23b5611a08efe1ef239,77,381409557_2425__n0,381409554_2631__n0,False,False,,,,no_directed_path_within_distance_cap
20161023,1d2ee53aae33d23b5611a08efe1ef239,79,162532790_2500__n0,381473925_2503__n0,False,False,,,,no_directed_path_within_distance_cap
20161023,1d2ee53aae33d23b5611a08efe1ef239,80,381473925_2503__n0,258738965_2521__n0,False,False,,,,no_directed_path_within_distance_cap
20161023,1f654af744ec98074ce35b04a4f861c5,18,263770587_4228__n0,267598519_4210__n0,False,False,,,,no_directed_path_within_distance_cap
20161023,1f654af744ec98074ce35b04a4f861c5,52,447556677_3805__n1,287208894_3808__n0,False,False,,,,no_directed_path_within_distance_cap
20161023,29c86150046e5659f51fedccaf7b22a9,2,142323479_8488__n1,263572163_8525__n0,False,False,,,,no_directed_path_within_distance_cap
20161023,29c86150046e5659f51fedccaf7b22a9,3,263572163_8525__n0,263572152_8751__n0,False,False,,,,no_directed_path_within_distance_cap
20161023,29c86150046e5659f51fedccaf7b22a9,27,263486160_8829__n0,152427720_8815__n0,False,False,,,,no_directed_path_within_distance_cap
20161023,29c86150046e5659f51fedccaf7b22a9,29,152427988_8828__n0,152427983_8844__n0,False,False,,,,no_directed_path_within_distance_cap
20161023,29e2ac777049b5a18763ba547cb9b0cc,6,447556683_4709__n1,334971121_4704__n0,False,False,,,,no_directed_path_within_distance_cap
20161023,2cd8ed4d49f592a01de9147d5503e422,4,334971108_3842__n2,447556657_3818__n0,False,False,,,,no_directed_path_within_distance_cap
20161023,2cd8ed4d49f592a01de9147d5503e422,5,447556657_3818__n0,447556635_3812__n0,False,False,,,,no_directed_path_within_distance_cap
20161023,2cd8ed4d49f592a01de9147d5503e422,12,447556677_3805__n2,334971111_3817__n0,False,False,,,,no_directed_path_within_distance_cap
20161023,2cd8ed4d49f592a01de9147d5503e422,13,334971111_3817__n0,334971109_3844__n0,False,False,,,,no_directed_path_within_distance_cap
20161023,2cd8ed4d49f592a01de9147d5503e422,18,334971108_3842__n1,447556657_3818__n0,False,False,,,,no_directed_path_within_distance_cap
20161023,2cd8ed4d49f592a01de9147d5503e422,19,447556657_3818__n0,447556635_3812__n0,False,False,,,,no_directed_path_within_distance_cap
20161023,2cd8ed4d49f592a01de9147d5503e422,25,258742307_2667__n15,335518636_2705__n1,False,False,,,,no_directed_path_within_distance_cap
20161023,2cd8ed4d49f592a01de9147d5503e422,33,400213936_3981__n0,28258957_4211__n0,False,False,,,,no_directed_path_within_distance_cap
20161023,2cd8ed4d49f592a01de9147d5503e422,47,334281569_4399__n0,263739441_4463__n0,False,False,,,,no_directed_path_within_distance_cap
20161023,3161e0273e7b955ca39dcc7254ed9a52,35,447556677_3805__n2,334971111_3817__n0,False,False,,,,no_directed_path_within_distance_cap
20161023,3161e0273e7b955ca39dcc7254ed9a52,36,334971111_3817__n0,447556637_3821__n0,False,False,,,,no_directed_path_within_distance_cap
20161023,3161e0273e7b955ca39dcc7254ed9a52,81,447556647_4700__n0,295968700_4712__n2,False,False,,,,no_directed_path_within_distance_cap
20161023,3396d10190cf9ac65b43bd180efd50bc,19,258742307_2667__n15,447556687_2722__n0,False,False,,,,no_directed_path_within_distance_cap
20161023,3396d10190cf9ac65b43bd180efd50bc,20,447556687_2722__n0,277672363_3949__n0,False,False,,,,no_directed_path_within_distance_cap
20161023,38024de44d81f02d237334ca1a66535a,12,333404261_9947__n0,258081763_9944__n0,False,False,,,,no_directed_path_within_distance_cap
20161023,387c0e994d8391b4722d2d7960dfd919,11,295967308_3809__n1,333418727_3807__n0,False,False,,,,no_directed_path_within_distance_cap
20161023,387c0e994d8391b4722d2d7960dfd919,12,333418727_3807__n0,287208894_3808__n0,False,False,,,,no_directed_path_within_distance_cap
20161023,393ea1cdd3a505b347660064582cc8b2,34,334971117_4705__n2,447556681_4708__n0,False,False,,,,no_directed_path_within_distance_cap
20161023,4a8de7ed5ff560c975eefa6c84b2331c,64,400213936_3981__n1,263770589_4227__n0,False,False,,,,no_directed_path_within_distance_cap
20161023,4a8de7ed5ff560c975eefa6c84b2331c,80,254489535_4423__n0,447556699_4425__n0,False,False,,,,no_directed_path_within_distance_cap
20161023,4a8de7ed5ff560c975eefa6c84b2331c,81,447556699_4425__n0,266957160_4410__n0,False,False,,,,no_directed_path_within_distance_cap
20161023,4a8de7ed5ff560c975eefa6c84b2331c,86,142321461_4411__n11,246438217_4465__n2,False,False,,,,no_directed_path_within_distance_cap
20161023,4c8aae539f3b24a1262e64168a3cafcf,5,334971120_4729__n0,266957513_4662__n0,False,False,,,,no_directed_path_within_distance_cap
20161023,4c8aae539f3b24a1262e64168a3cafcf,15,28276814_4648__n0,28340518_4649__n0,False,False,,,,no_directed_path_within_distance_cap
20161023,4c8aae539f3b24a1262e64168a3cafcf,16,28340518_4649__n0,28358459_4601__n0,False,False,,,,no_directed_path_within_distance_cap
20161023,4c8aae539f3b24a1262e64168a3cafcf,50,381473317_2629__n0,162540383_2627__n4,False,False,,,,no_directed_path_within_distance_cap
20161023,4c8aae539f3b24a1262e64168a3cafcf,51,162540383_2627__n4,162532933_2408__n0,False,False,,,,no_directed_path_within_distance_cap
20161023,5074e474ced776446dc5819986b85fb6,3,457983480_10346__n0,258248021_10327__n0,False,False,,,,no_directed_path_within_distance_cap
20161023,5074e474ced776446dc5819986b85fb6,4,258248021_10327__n0,457983488_10326__n0,False,False,,,,no_directed_path_within_distance_cap
20161023,5074e474ced776446dc5819986b85fb6,5,457983488_10326__n0,264110606_10212__n0,False,False,,,,no_directed_path_within_distance_cap
20161023,5074e474ced776446dc5819986b85fb6,6,264110606_10212__n0,267404273_10199__n0,False,False,,,,no_directed_path_within_distance_cap
20161023,5074e474ced776446dc5819986b85fb6,8,264110603_10196__n0,457983474_10193__n0,False,False,,,,no_directed_path_within_distance_cap
20161023,5074e474ced776446dc5819986b85fb6,22,333404261_9947__n0,258081763_9944__n0,False,False,,,,no_directed_path_within_distance_cap
20161023,536954c5ef1f0cf70c7f67726166192c,8,28276814_4648__n0,28340518_4649__n0,False,False,,,,no_directed_path_within_distance_cap
20161023,536954c5ef1f0cf70c7f67726166192c,9,28340518_4649__n0,28358459_4601__n0,False,False,,,,no_directed_path_within_distance_cap
20161023,5637a214b1eaad29775599af3d1b04b7,5,334971120_4729__n0,266957512_4727__n0,False,False,,,,no_directed_path_within_distance_cap
20161023,5637a214b1eaad29775599af3d1b04b7,6,266957512_4727__n0,266957513_4662__n0,False,False,,,,no_directed_path_within_distance_cap
20161023,5637a214b1eaad29775599af3d1b04b7,29,264116891_4643__n0,28358459_4601__n0,False,False,,,,no_directed_path_within_distance_cap
20161023,5637a214b1eaad29775599af3d1b04b7,50,333403958_4190__n2,446811235_4189__n0,False,False,,,,no_directed_path_within_distance_cap
20161023,5c422a5c89ca0a65839e775b6debb7cb,10,263486160_8829__n1,263774845_8826__n0,False,False,,,,no_directed_path_within_distance_cap
20161023,5c422a5c89ca0a65839e775b6debb7cb,11,263774845_8826__n0,263774844_8834__n0,False,False,,,,no_directed_path_within_distance_cap
20161023,5c422a5c89ca0a65839e775b6debb7cb,14,263738599_8838__n0,335697692_8840__n1,False,False,,,,no_directed_path_within_distance_cap
20161023,5c422a5c89ca0a65839e775b6debb7cb,15,335697692_8840__n1,263774838_8835__n0,False,False,,,,no_directed_path_within_distance_cap
20161023,64b53e63e691e3e9370ce43f28e4a7ac,8,263770043_10150__n0,263769954_10152__n0,False,False,,,,no_directed_path_within_distance_cap
20161023,64b53e63e691e3e9370ce43f28e4a7ac,9,263769954_10152__n0,28358447_10155__n0,False,False,,,,no_directed_path_within_distance_cap
20161023,64b53e63e691e3e9370ce43f28e4a7ac,36,447556655_10144__n0,263769955_10147__n0,False,False,,,,no_directed_path_within_distance_cap
20161023,64b53e63e691e3e9370ce43f28e4a7ac,37,263769955_10147__n0,263770042_10141__n0,False,False,,,,no_directed_path_within_distance_cap
20161023,65efd5601d29cde9089f39f98139c666,5,267213557_9010__n0,293499685_9031__n0,False,False,,,,no_directed_path_within_distance_cap
20161023,65efd5601d29cde9089f39f98139c666,6,293499685_9031__n0,334802601_9007__n0,False,False,,,,no_directed_path_within_distance_cap
20161023,6a3034cdfbd4656126a7eddc36b8e888,4,59140336_3840__n3,447556674_3825__n0,False,False,,,,no_directed_path_within_distance_cap
20161023,6a3034cdfbd4656126a7eddc36b8e888,5,447556674_3825__n0,290629752_3822__n0,False,False,,,,no_directed_path_within_distance_cap
20161023,6a3034cdfbd4656126a7eddc36b8e888,10,287208893_3810__n0,335518664_2716__n1,False,False,,,,no_directed_path_within_distance_cap
20161023,6fd31d8814085246689088de24ac78d6,23,263770587_4228__n0,263770588_4205__n0,False,False,,,,no_directed_path_within_distance_cap
20161023,6fd31d8814085246689088de24ac78d6,24,263770588_4205__n0,267598524_4182__n0,False,False,,,,no_directed_path_within_distance_cap
20161023,6fd31d8814085246689088de24ac78d6,45,381473317_2629__n0,162532933_2408__n0,False,False,,,,no_directed_path_within_distance_cap
20161023,7035a980fd067da6dbc62df8e48b96f1,1,263771124_9342__n0,59140299_9931__n0,False,False,,,,no_directed_path_within_distance_cap
20161023,7035a980fd067da6dbc62df8e48b96f1,5,263771123_9937__n0,337335335_9964__n0,False,False,,,,no_directed_path_within_distance_cap
20161023,7035a980fd067da6dbc62df8e48b96f1,9,37587463_10140__n0,263769901_10139__n0,False,False,,,,no_directed_path_within_distance_cap
20161023,7035a980fd067da6dbc62df8e48b96f1,10,263769901_10139__n0,263769902_10174__n0,False,False,,,,no_directed_path_within_distance_cap
20161023,7035a980fd067da6dbc62df8e48b96f1,14,335525201_10190__n2,264110603_10196__n0,False,False,,,,no_directed_path_within_distance_cap
20161023,7035a980fd067da6dbc62df8e48b96f1,20,457983491_10324__n0,457983477_10205__n0,False,False,,,,no_directed_path_within_distance_cap
20161023,7035a980fd067da6dbc62df8e48b96f1,22,268844670_4715__n0,47848570_4718__n0,False,False,,,,no_directed_path_within_distance_cap
20161023,7035a980fd067da6dbc62df8e48b96f1,23,47848570_4718__n0,334971122_4737__n1,False,False,,,,no_directed_path_within_distance_cap
20161023,7035a980fd067da6dbc62df8e48b96f1,32,263776586_4726__n0,266957524_4728__n0,False,False,,,,no_directed_path_within_distance_cap
20161023,7035a980fd067da6dbc62df8e48b96f1,33,266957524_4728__n0,181357558_4730__n0,False,False,,,,no_directed_path_within_distance_cap
20161023,719531394ed9e90ad236df4769331c4d,12,334971117_4705__n2,447556681_4708__n0,False,False,,,,no_directed_path_within_distance_cap
20161023,719531394ed9e90ad236df4769331c4d,15,335523978_4731__n0,334971119_4722__n0,False,False,,,,no_directed_path_within_distance_cap
20161023,7583388676042ad238608f93f5cc9246,7,334971108_3842__n1,447556657_3818__n0,False,False,,,,no_directed_path_within_distance_cap
20161023,7583388676042ad238608f93f5cc9246,8,447556657_3818__n0,295967306_3814__n0,False,False,,,,no_directed_path_within_distance_cap
20161023,7583388676042ad238608f93f5cc9246,13,258742307_2667__n15,457984513_2719__n2,False,False,,,,no_directed_path_within_distance_cap
20161023,77cf32c84caaeb1170a8720ed6e2b376,5,263486160_8829__n0,152427720_8815__n0,False,False,,,,no_directed_path_within_distance_cap
20161023,77cf32c84caaeb1170a8720ed6e2b376,7,152427988_8828__n0,264453195_8820__n0,False,False,,,,no_directed_path_within_distance_cap
20161023,77cf32c84caaeb1170a8720ed6e2b376,10,152427988_8828__n0,152427983_8844__n0,False,False,,,,no_directed_path_within_distance_cap
20161023,77cf32c84caaeb1170a8720ed6e2b376,21,381956608_8924__n2,293499685_9031__n0,False,False,,,,no_directed_path_within_distance_cap
20161023,77cf32c84caaeb1170a8720ed6e2b376,24,293499685_9031__n2,266583966_9450__n0,False,False,,,,no_directed_path_within_distance_cap
20161023,77cf32c84caaeb1170a8720ed6e2b376,26,231866341_9467__n0,266583965_9473__n0,False,False,,,,no_directed_path_within_distance_cap
20161023,77cf32c84caaeb1170a8720ed6e2b376,27,266583965_9473__n0,266583967_9290__n0,False,False,,,,no_directed_path_within_distance_cap
20161023,77cf32c84caaeb1170a8720ed6e2b376,28,266583967_9290__n0,335518756_9485__n0,False,False,,,,no_directed_path_within_distance_cap
20161023,77cf32c84caaeb1170a8720ed6e2b376,31,335518757_9490__n0,266583951_9494__n0,False,False,,,,no_directed_path_within_distance_cap
20161023,77cf32c84caaeb1170a8720ed6e2b376,33,156592791_10021__n0,156592798_10051__n0,False,False,,,,no_directed_path_within_distance_cap
20161023,7b424027ae47c129832269dcc46acab5,2,457983480_10346__n0,457983472_10329__n0,False,False,,,,no_directed_path_within_distance_cap
20161023,7b424027ae47c129832269dcc46acab5,3,457983472_10329__n0,258248021_10327__n0,False,False,,,,no_directed_path_within_distance_cap
20161023,7b424027ae47c129832269dcc46acab5,5,258248021_10327__n1,457983477_10205__n0,False,False,,,,no_directed_path_within_distance_cap
20161023,7bacf61086b934c3956c4893f8eab192,33,152428000_2530__n0,26174011_2565__n0,False,False,,,,no_directed_path_within_distance_cap
20161023,7bacf61086b934c3956c4893f8eab192,46,258081766_3787__n1,266795177_3833__n0,False,False,,,,no_directed_path_within_distance_cap
20161023,7bacf61086b934c3956c4893f8eab192,47,266795177_3833__n0,266795179_4103__n1,False,False,,,,no_directed_path_within_distance_cap
20161023,7bacf61086b934c3956c4893f8eab192,77,59140295_10162__n5,258081771_10202__n0,False,False,,,,no_directed_path_within_distance_cap
20161023,86a2e93ba60f273c359254ff7c9742b6,39,28258924_2310__n4,381429050_2567__n0,False,False,,,,no_directed_path_within_distance_cap
20161023,86a2e93ba60f273c359254ff7c9742b6,40,381429050_2567__n0,258738667_2572__n0,False,False,,,,no_directed_path_within_distance_cap
20161023,86a2e93ba60f273c359254ff7c9742b6,41,258738667_2572__n0,258738664_2574__n0,False,False,,,,no_directed_path_within_distance_cap
20161023,86a2e93ba60f273c359254ff7c9742b6,51,258738671_2596__n0,89567417_2568__n0,False,False,,,,no_directed_path_within_distance_cap
20161023,86a2e93ba60f273c359254ff7c9742b6,52,89567417_2568__n0,28258926_2311__n0,False,False,,,,no_directed_path_within_distance_cap
20161023,89b407525ba79f0b20e9130156edefef,37,263770046_10173__n0,263770045_10170__n0,False,False,,,,no_directed_path_within_distance_cap
20161023,89b407525ba79f0b20e9130156edefef,38,263770045_10170__n0,263769953_10151__n0,False,False,,,,no_directed_path_within_distance_cap
20161023,89b407525ba79f0b20e9130156edefef,39,263769953_10151__n0,447556640_10154__n0,False,False,,,,no_directed_path_within_distance_cap
20161023,90de17155ef711e21481c8c1702f01a2,4,40541061_3902__n0,447556657_3818__n0,False,False,,,,no_directed_path_within_distance_cap
20161023,90de17155ef711e21481c8c1702f01a2,5,447556657_3818__n0,447556635_3812__n0,False,False,,,,no_directed_path_within_distance_cap
20161023,956182cad57e68ceeb1a997cc4d82dec,7,28320650_2501__n2,381473923_2497__n0,False,False,,,,no_directed_path_within_distance_cap
20161023,956182cad57e68ceeb1a997cc4d82dec,10,162540383_2627__n4,162532765_2419__n0,False,False,,,,no_directed_path_within_distance_cap
20161023,956182cad57e68ceeb1a997cc4d82dec,13,162532765_2419__n2,162532762_2374__n0,False,False,,,,no_directed_path_within_distance_cap
20161023,956182cad57e68ceeb1a997cc4d82dec,14,162532762_2374__n0,293499687_2371__n0,False,False,,,,no_directed_path_within_distance_cap
20161023,956182cad57e68ceeb1a997cc4d82dec,16,293499687_2371__n1,152428518_2369__n0,False,False,,,,no_directed_path_within_distance_cap
20161023,956182cad57e68ceeb1a997cc4d82dec,18,152428518_2369__n1,162540379_2393__n0,False,False,,,,no_directed_path_within_distance_cap
20161023,956182cad57e68ceeb1a997cc4d82dec,19,162540379_2393__n0,28340419_2383__n0,False,False,,,,no_directed_path_within_distance_cap
20161023,96b7ed037b3c6db8755697415893c28f,2,83557214_10059__n0,156592802_10050__n0,False,False,,,,no_directed_path_within_distance_cap
20161023,97fe94a6f35e6cf016c3211c9fce6a7a,27,370672200_8961__n2,378402213_9030__n0,False,False,,,,no_directed_path_within_distance_cap
20161023,97fe94a6f35e6cf016c3211c9fce6a7a,29,293499685_9031__n2,266583966_9450__n0,False,False,,,,no_directed_path_within_distance_cap
20161023,996b40a94d5ab3dd82bd1ef21b40aa52,1,264110605_10216__n0,457983490_10215__n0,False,False,,,,no_directed_path_within_distance_cap
20161023,996b40a94d5ab3dd82bd1ef21b40aa52,4,267404275_10321__n0,457983477_10205__n0,False,False,,,,no_directed_path_within_distance_cap
20161023,996b40a94d5ab3dd82bd1ef21b40aa52,6,268844670_4715__n0,457983497_4721__n0,False,False,,,,no_directed_path_within_distance_cap
20161023,996b40a94d5ab3dd82bd1ef21b40aa52,10,263776787_4738__n0,28358449_4742__n0,False,False,,,,no_directed_path_within_distance_cap
20161023,996b40a94d5ab3dd82bd1ef21b40aa52,11,28358449_4742__n0,266957513_4662__n0,False,False,,,,no_directed_path_within_distance_cap
20161023,996b40a94d5ab3dd82bd1ef21b40aa52,21,28276814_4648__n0,28358459_4601__n0,False,False,,,,no_directed_path_within_distance_cap
20161023,9991aeb7a27ae0430b3e2df1756d9772,4,142323476_8748__n3,333378721_8502__n0,False,False,,,,no_directed_path_within_distance_cap
20161023,9991aeb7a27ae0430b3e2df1756d9772,5,333378721_8502__n0,333378722_8463__n0,False,False,,,,no_directed_path_within_distance_cap
20161023,a308f20fb38b111fcfb2fcb96e7b3a70,2,258738671_2596__n0,89567417_2568__n0,False,False,,,,no_directed_path_within_distance_cap
20161023,a308f20fb38b111fcfb2fcb96e7b3a70,3,89567417_2568__n0,28258926_2311__n0,False,False,,,,no_directed_path_within_distance_cap
20161023,a4ddead882fd1ab554887a559e0f506d,25,335527355_3811__n0,40541061_3902__n0,False,False,,,,no_directed_path_within_distance_cap
20161023,a4ddead882fd1ab554887a559e0f506d,26,40541061_3902__n0,287208890_3813__n3,False,False,,,,no_directed_path_within_distance_cap
20161023,b32352a7a2213a9004bfed57eba965a9,19,40541061_3902__n0,295967306_3814__n0,False,False,,,,no_directed_path_within_distance_cap
20161023,b32352a7a2213a9004bfed57eba965a9,23,457984513_2719__n0,28258007_2668__n0,False,False,,,,no_directed_path_within_distance_cap
20161023,b32352a7a2213a9004bfed57eba965a9,28,335518638_2714__n0,447556663_3884__n0,False,False,,,,no_directed_path_within_distance_cap
20161023,b32352a7a2213a9004bfed57eba965a9,29,447556663_3884__n0,266577945_3892__n0,False,False,,,,no_directed_path_within_distance_cap
20161023,b32352a7a2213a9004bfed57eba965a9,38,266577945_3892__n6,266577955_2715__n0,False,False,,,,no_directed_path_within_distance_cap
20161023,b32352a7a2213a9004bfed57eba965a9,39,266577955_2715__n0,266577952_2713__n0,False,False,,,,no_directed_path_within_distance_cap
20161023,ba0018d19c49dc5cdb40317f2154a117,27,447556678_4223__n2,333403959_4222__n0,False,False,,,,no_directed_path_within_distance_cap
20161023,ba0018d19c49dc5cdb40317f2154a117,47,28276810_4441__n0,263739441_4463__n0,False,False,,,,no_directed_path_within_distance_cap
20161023,bab6ba557753904603113d08ec468b76,46,162540382_2656__n0,152428519_2370__n0,False,False,,,,no_directed_path_within_distance_cap
20161023,bab6ba557753904603113d08ec468b76,49,152428516_2373__n1,293499686_2413__n0,False,False,,,,no_directed_path_within_distance_cap
20161023,bab6ba557753904603113d08ec468b76,51,162532771_2418__n0,381409557_2425__n0,False,False,,,,no_directed_path_within_distance_cap
20161023,bab6ba557753904603113d08ec468b76,52,381409557_2425__n0,381409554_2631__n0,False,False,,,,no_directed_path_within_distance_cap
20161023,bab6ba557753904603113d08ec468b76,54,162532790_2500__n0,381473925_2503__n0,False,False,,,,no_directed_path_within_distance_cap
20161023,bab6ba557753904603113d08ec468b76,55,381473925_2503__n0,28320648_2517__n0,False,False,,,,no_directed_path_within_distance_cap
20161023,bab6ba557753904603113d08ec468b76,56,28320648_2517__n0,162658756_2525__n0,False,False,,,,no_directed_path_within_distance_cap
20161023,bbeb70d84ad9dd5671d1be6bf9d4a24d,5,335513936_2221__n2,381473318_2414__n0,False,False,,,,no_directed_path_within_distance_cap
20161023,bbeb70d84ad9dd5671d1be6bf9d4a24d,6,381473318_2414__n0,162542043_2415__n1,False,False,,,,no_directed_path_within_distance_cap
20161023,bbeb70d84ad9dd5671d1be6bf9d4a24d,7,162542043_2415__n1,162532765_2419__n0,False,False,,,,no_directed_path_within_distance_cap
20161023,bbeb70d84ad9dd5671d1be6bf9d4a24d,12,162532771_2418__n0,381409557_2425__n0,False,False,,,,no_directed_path_within_distance_cap
20161023,bbeb70d84ad9dd5671d1be6bf9d4a24d,13,381409557_2425__n0,381409554_2631__n0,False,False,,,,no_directed_path_within_distance_cap
20161023,bbeb70d84ad9dd5671d1be6bf9d4a24d,15,162532790_2500__n0,381473926_2504__n0,False,False,,,,no_directed_path_within_distance_cap
20161023,bbeb70d84ad9dd5671d1be6bf9d4a24d,16,381473926_2504__n0,28320648_2517__n0,False,False,,,,no_directed_path_within_distance_cap
20161023,bbeb70d84ad9dd5671d1be6bf9d4a24d,17,28320648_2517__n0,162658756_2525__n0,False,False,,,,no_directed_path_within_distance_cap
20161023,bcc1ea484834a1a9c118be03493bed53,25,334283251_3832__n0,447556665_3836__n0,False,False,,,,no_directed_path_within_distance_cap
20161023,bcc1ea484834a1a9c118be03493bed53,26,447556665_3836__n0,266795179_4103__n1,False,False,,,,no_directed_path_within_distance_cap
20161023,be04eaf829639644a8bfd93ab4594e2f,1,162540384_2635__n0,152428520_2634__n0,False,False,,,,no_directed_path_within_distance_cap
20161023,be04eaf829639644a8bfd93ab4594e2f,2,152428520_2634__n0,381473925_2503__n0,False,False,,,,no_directed_path_within_distance_cap
20161023,be04eaf829639644a8bfd93ab4594e2f,3,381473925_2503__n0,258738965_2521__n0,False,False,,,,no_directed_path_within_distance_cap
20161023,be04eaf829639644a8bfd93ab4594e2f,39,335518638_2714__n0,447556663_3884__n0,False,False,,,,no_directed_path_within_distance_cap
20161023,be04eaf829639644a8bfd93ab4594e2f,40,447556663_3884__n0,266577945_3892__n0,False,False,,,,no_directed_path_within_distance_cap
20161023,c15a33d9c35f10739088f944210ea602,24,258742307_2667__n15,258742298_2720__n0,False,False,,,,no_directed_path_within_distance_cap
20161023,c15a33d9c35f10739088f944210ea602,25,258742298_2720__n0,277672363_3949__n0,False,False,,,,no_directed_path_within_distance_cap
20161023,c15a33d9c35f10739088f944210ea602,34,277672363_3949__n7,259323729_4236__n0,False,False,,,,no_directed_path_within_distance_cap
20161023,c6a8b41b09c6ed59c509fea9f5475538,10,333403958_4190__n2,446811235_4189__n1,False,False,,,,no_directed_path_within_distance_cap
20161023,c6a8b41b09c6ed59c509fea9f5475538,83,334281912_9927__n1,258081761_9924__n0,False,False,,,,no_directed_path_within_distance_cap
20161023,cb82dc1f7cea2af90fa96ce166ba253a,33,334283251_3832__n0,266795177_3833__n0,False,False,,,,no_directed_path_within_distance_cap
20161023,cb82dc1f7cea2af90fa96ce166ba253a,34,266795177_3833__n0,266795179_4103__n0,False,False,,,,no_directed_path_within_distance_cap
20161023,d2c0209229c7e2a7686d87e588e81316,1,337129350_9474__n1,335518752_9287__n0,False,False,,,,no_directed_path_within_distance_cap
20161023,d2c0209229c7e2a7686d87e588e81316,2,335518752_9287__n0,335518753_9286__n1,False,False,,,,no_directed_path_within_distance_cap
20161023,d2c0209229c7e2a7686d87e588e81316,6,231865403_9452__n0,266583962_9032__n0,False,False,,,,no_directed_path_within_distance_cap
20161023,d2c0209229c7e2a7686d87e588e81316,7,266583962_9032__n0,231865404_8915__n0,False,False,,,,no_directed_path_within_distance_cap
20161023,d2c0209229c7e2a7686d87e588e81316,16,263486164_8865__n1,152428008_8842__n0,False,False,,,,no_directed_path_within_distance_cap
20161023,d2c0209229c7e2a7686d87e588e81316,17,152428008_8842__n0,263738593_8825__n0,False,False,,,,no_directed_path_within_distance_cap
20161023,d2c0209229c7e2a7686d87e588e81316,18,263738593_8825__n0,152427989_8811__n0,False,False,,,,no_directed_path_within_distance_cap
20161023,d2c0209229c7e2a7686d87e588e81316,19,152427989_8811__n0,263486158_8846__n2,False,False,,,,no_directed_path_within_distance_cap
20161023,d2c0209229c7e2a7686d87e588e81316,24,152427991_2563__n0,26174011_2565__n0,False,False,,,,no_directed_path_within_distance_cap
20161023,d2c0209229c7e2a7686d87e588e81316,29,263486156_2564__n1,334648929_2545__n0,False,False,,,,no_directed_path_within_distance_cap
20161023,d2c0209229c7e2a7686d87e588e81316,30,334648929_2545__n0,28340417_2566__n0,False,False,,,,no_directed_path_within_distance_cap
20161023,d2c0209229c7e2a7686d87e588e81316,34,258738668_2570__n0,28340417_2566__n3,False,False,,,,no_directed_path_within_distance_cap
20161023,d2c0209229c7e2a7686d87e588e81316,35,28340417_2566__n3,258738667_2572__n1,False,False,,,,no_directed_path_within_distance_cap
20161023,d2c0209229c7e2a7686d87e588e81316,53,162540382_2656__n0,152428519_2370__n0,False,False,,,,no_directed_path_within_distance_cap
20161023,d2c0209229c7e2a7686d87e588e81316,56,152428516_2373__n1,293499686_2413__n0,False,False,,,,no_directed_path_within_distance_cap
20161023,d2c0209229c7e2a7686d87e588e81316,58,162532771_2418__n0,381409557_2425__n0,False,False,,,,no_directed_path_within_distance_cap
20161023,d2c0209229c7e2a7686d87e588e81316,59,381409557_2425__n0,381409554_2631__n0,False,False,,,,no_directed_path_within_distance_cap
20161023,d2c0209229c7e2a7686d87e588e81316,64,162540383_2627__n4,162532933_2408__n0,False,False,,,,no_directed_path_within_distance_cap
20161023,d72d5367c032bf362cca3881b0c0b4d6,5,295967307_2695__n1,266577941_3882__n0,False,False,,,,no_directed_path_within_distance_cap
20161023,d72d5367c032bf362cca3881b0c0b4d6,6,266577941_3882__n0,266577945_3892__n0,False,False,,,,no_directed_path_within_distance_cap
20161023,d7854a8003151ab34faeef3f73328859,6,447556683_4709__n1,246438218_4608__n4,False,False,,,,no_directed_path_within_distance_cap
20161023,d7854a8003151ab34faeef3f73328859,45,263860579_3914__n0,447556667_3885__n0,False,False,,,,no_directed_path_within_distance_cap
20161023,d7854a8003151ab34faeef3f73328859,46,447556667_3885__n0,266577952_2713__n0,False,False,,,,no_directed_path_within_distance_cap
20161023,d8a81f4e4c4e80a7580deb068d86f89a,8,28276814_4648__n0,28340518_4649__n0,False,False,,,,no_directed_path_within_distance_cap
20161023,d8a81f4e4c4e80a7580deb068d86f89a,9,28340518_4649__n0,28358459_4601__n0,False,False,,,,no_directed_path_within_distance_cap
20161023,d8a81f4e4c4e80a7580deb068d86f89a,13,457984365_4467__n2,263739437_4440__n0,False,False,,,,no_directed_path_within_distance_cap
20161023,d98f5634f92b29a9faca4f5f52f0aa6b,38,381473317_2629__n0,162540383_2627__n0,False,False,,,,no_directed_path_within_distance_cap
20161023,d98f5634f92b29a9faca4f5f52f0aa6b,44,162540383_2627__n4,381473318_2414__n2,False,False,,,,no_directed_path_within_distance_cap
20161023,d98f5634f92b29a9faca4f5f52f0aa6b,45,381473318_2414__n2,162532765_2419__n0,False,False,,,,no_directed_path_within_distance_cap
20161023,d98f5634f92b29a9faca4f5f52f0aa6b,48,162532765_2419__n2,162532781_2407__n0,False,False,,,,no_directed_path_within_distance_cap
20161023,d98f5634f92b29a9faca4f5f52f0aa6b,49,162532781_2407__n0,152428518_2369__n0,False,False,,,,no_directed_path_within_distance_cap
20161023,d98f5634f92b29a9faca4f5f52f0aa6b,51,152428518_2369__n1,162540379_2393__n0,False,False,,,,no_directed_path_within_distance_cap
20161023,d98f5634f92b29a9faca4f5f52f0aa6b,52,162540379_2393__n0,28340419_2383__n0,False,False,,,,no_directed_path_within_distance_cap
20161023,df08b28b374273d85e1b69fd3b30e02c,33,28258924_2310__n4,28340417_2566__n3,False,False,,,,no_directed_path_within_distance_cap
20161023,df08b28b374273d85e1b69fd3b30e02c,34,28340417_2566__n3,89567410_2603__n0,False,False,,,,no_directed_path_within_distance_cap
20161023,df08b28b374273d85e1b69fd3b30e02c,50,447556677_3805__n2,334971111_3817__n0,False,False,,,,no_directed_path_within_distance_cap
20161023,df08b28b374273d85e1b69fd3b30e02c,51,334971111_3817__n0,334971109_3844__n0,False,False,,,,no_directed_path_within_distance_cap
20161023,df08b28b374273d85e1b69fd3b30e02c,76,334971117_4705__n2,447556681_4708__n0,False,False,,,,no_directed_path_within_distance_cap
20161023,e2128e4a688b430f129741d0b93d0127,5,334971120_4729__n0,266957513_4662__n0,False,False,,,,no_directed_path_within_distance_cap
20161023,e2128e4a688b430f129741d0b93d0127,25,28276814_4648__n0,28358459_4601__n0,False,False,,,,no_directed_path_within_distance_cap
20161023,e2128e4a688b430f129741d0b93d0127,47,267598522_4062__n0,267598519_4210__n0,False,False,,,,no_directed_path_within_distance_cap
20161023,e2128e4a688b430f129741d0b93d0127,69,381473317_2629__n0,162540383_2627__n4,False,False,,,,no_directed_path_within_distance_cap
20161023,e2128e4a688b430f129741d0b93d0127,70,162540383_2627__n4,162532933_2408__n0,False,False,,,,no_directed_path_within_distance_cap
20161023,e2790632d0933c70c820900364c91481,36,152427993_8794__n3,155248440_8810__n0,False,False,,,,no_directed_path_within_distance_cap
20161023,e2790632d0933c70c820900364c91481,37,155248440_8810__n0,263738592_8824__n0,False,False,,,,no_directed_path_within_distance_cap
20161023,e2790632d0933c70c820900364c91481,38,263738592_8824__n0,263738594_8839__n0,False,False,,,,no_directed_path_within_distance_cap
20161023,e2790632d0933c70c820900364c91481,39,263738594_8839__n0,152427983_8844__n0,False,False,,,,no_directed_path_within_distance_cap
20161023,e55f1babfd6f1a15a6d65e2b35ca39c5,18,162541225_2379__n1,28340419_2383__n2,False,False,,,,no_directed_path_within_distance_cap
20161023,e55f1babfd6f1a15a6d65e2b35ca39c5,35,152427993_8794__n3,155248440_8810__n0,False,False,,,,no_directed_path_within_distance_cap
20161023,e55f1babfd6f1a15a6d65e2b35ca39c5,36,155248440_8810__n0,152427989_8811__n0,False,False,,,,no_directed_path_within_distance_cap
20161023,e55f1babfd6f1a15a6d65e2b35ca39c5,37,152427989_8811__n0,263738592_8824__n0,False,False,,,,no_directed_path_within_distance_cap
20161023,e55f1babfd6f1a15a6d65e2b35ca39c5,38,263738592_8824__n0,263738594_8839__n0,False,False,,,,no_directed_path_within_distance_cap
20161023,e55f1babfd6f1a15a6d65e2b35ca39c5,39,263738594_8839__n0,152427983_8844__n0,False,False,,,,no_directed_path_within_distance_cap
20161023,ed584064d05e96af22a0aae4184cf31f,13,258738671_2596__n0,89567417_2568__n0,False,False,,,,no_directed_path_within_distance_cap
20161023,ed584064d05e96af22a0aae4184cf31f,14,89567417_2568__n0,28258926_2311__n0,False,False,,,,no_directed_path_within_distance_cap
20161023,ef8f913b0de32f52686a3d7102ed40a9,17,156592798_10051__n2,156592804_10093__n0,False,False,,,,no_directed_path_within_distance_cap
20161023,f58befb20f206ffd2ccde9f3f600700f,21,152427993_8794__n3,155248440_8810__n0,False,False,,,,no_directed_path_within_distance_cap
20161023,f58befb20f206ffd2ccde9f3f600700f,22,155248440_8810__n0,263738592_8824__n0,False,False,,,,no_directed_path_within_distance_cap
20161023,f58befb20f206ffd2ccde9f3f600700f,23,263738592_8824__n0,263738594_8839__n0,False,False,,,,no_directed_path_within_distance_cap
20161023,f58befb20f206ffd2ccde9f3f600700f,24,263738594_8839__n0,263486164_8865__n1,False,False,,,,no_directed_path_within_distance_cap
20161023,f58befb20f206ffd2ccde9f3f600700f,25,263486164_8865__n1,152427983_8844__n0,False,False,,,,no_directed_path_within_distance_cap
20161023,f58befb20f206ffd2ccde9f3f600700f,39,263486164_8865__n0,152427983_8844__n1,False,False,,,,no_directed_path_within_distance_cap
20161023,f58befb20f206ffd2ccde9f3f600700f,49,381956608_8924__n2,293499685_9031__n0,False,False,,,,no_directed_path_within_distance_cap
20161023,f58befb20f206ffd2ccde9f3f600700f,52,293499685_9031__n2,266583966_9450__n0,False,False,,,,no_directed_path_within_distance_cap
20161023,f58befb20f206ffd2ccde9f3f600700f,54,231866341_9467__n0,266583965_9473__n0,False,False,,,,no_directed_path_within_distance_cap
20161023,f58befb20f206ffd2ccde9f3f600700f,55,266583965_9473__n0,266583967_9290__n0,False,False,,,,no_directed_path_within_distance_cap
20161023,f58befb20f206ffd2ccde9f3f600700f,56,266583967_9290__n0,335518756_9485__n0,False,False,,,,no_directed_path_within_distance_cap
20161023,f58befb20f206ffd2ccde9f3f600700f,59,335518757_9490__n0,266583951_9494__n0,False,False,,,,no_directed_path_within_distance_cap
20161023,f58befb20f206ffd2ccde9f3f600700f,61,156592791_10021__n0,156592798_10051__n0,False,False,,,,no_directed_path_within_distance_cap
20161023,f58befb20f206ffd2ccde9f3f600700f,94,156592802_10050__n2,266583975_10026__n2,False,False,,,,no_directed_path_within_distance_cap
20161023,f5b14084f4d22625b4b1e1e285d8f93e,7,263485686_8792__n0,264453197_8806__n2,False,False,,,,no_directed_path_within_distance_cap
20161023,f5b14084f4d22625b4b1e1e285d8f93e,9,264453197_8806__n3,263485688_8788__n1,False,False,,,,no_directed_path_within_distance_cap
20161023,f5b14084f4d22625b4b1e1e285d8f93e,10,263485688_8788__n1,26174011_2565__n0,False,False,,,,no_directed_path_within_distance_cap
20161023,f5b14084f4d22625b4b1e1e285d8f93e,16,263486156_2564__n1,334648929_2545__n0,False,False,,,,no_directed_path_within_distance_cap
20161023,f5b14084f4d22625b4b1e1e285d8f93e,17,334648929_2545__n0,142320604_2589__n1,False,False,,,,no_directed_path_within_distance_cap
20161023,f982b0e66c4b16cf88aa1371124b421c,8,335513936_2221__n1,381473319_2222__n0,False,False,,,,no_directed_path_within_distance_cap
20161023,f982b0e66c4b16cf88aa1371124b421c,13,335513936_2221__n2,381473318_2414__n0,False,False,,,,no_directed_path_within_distance_cap
20161023,f982b0e66c4b16cf88aa1371124b421c,14,381473318_2414__n0,162532761_2422__n1,False,False,,,,no_directed_path_within_distance_cap
20161023,f982b0e66c4b16cf88aa1371124b421c,15,162532761_2422__n1,162532772_2409__n0,False,False,,,,no_directed_path_within_distance_cap
20161023,f982b0e66c4b16cf88aa1371124b421c,16,162532772_2409__n0,293499687_2371__n0,False,False,,,,no_directed_path_within_distance_cap
20161023,f982b0e66c4b16cf88aa1371124b421c,18,293499687_2371__n1,152428518_2369__n0,False,False,,,,no_directed_path_within_distance_cap
20161023,f982b0e66c4b16cf88aa1371124b421c,25,334648916_2386__n0,30525582_2363__n0,False,False,,,,no_directed_path_within_distance_cap
20161023,f982b0e66c4b16cf88aa1371124b421c,26,30525582_2363__n0,334648923_2380__n1,False,False,,,,no_directed_path_within_distance_cap
20161023,f982b0e66c4b16cf88aa1371124b421c,48,152427993_8794__n3,155248440_8810__n0,False,False,,,,no_directed_path_within_distance_cap
20161023,f982b0e66c4b16cf88aa1371124b421c,49,155248440_8810__n0,263738592_8824__n0,False,False,,,,no_directed_path_within_distance_cap
20161023,f982b0e66c4b16cf88aa1371124b421c,50,263738592_8824__n0,152428008_8842__n0,False,False,,,,no_directed_path_within_distance_cap
20161023,f982b0e66c4b16cf88aa1371124b421c,51,152428008_8842__n0,263486164_8865__n1,False,False,,,,no_directed_path_within_distance_cap
20161023,f982b0e66c4b16cf88aa1371124b421c,52,263486164_8865__n1,152427983_8844__n0,False,False,,,,no_directed_path_within_distance_cap
20161023,fcb15733e07c0f26f18e55d03c275043,7,287208893_3810__n0,295967306_3814__n0,False,False,,,,no_directed_path_within_distance_cap
20161023,ff53b33b01a2c01cf8624d6514839569,22,334971117_4705__n2,447556681_4708__n0,False,False,,,,no_directed_path_within_distance_cap
20161023,000b1c51d61d66046857544c1c826427,1,156592805_10097__n0,335518776_10096__n0,False,False,,,,no_directed_path_within_distance_cap
20161023,039e7e57ec3d4f38d6d51e8d025ad079,1,337129350_9474__n1,335518752_9287__n0,False,False,,,,no_directed_path_within_distance_cap
20161023,039e7e57ec3d4f38d6d51e8d025ad079,2,335518752_9287__n0,335518755_9471__n0,False,False,,,,no_directed_path_within_distance_cap
20161023,039e7e57ec3d4f38d6d51e8d025ad079,23,263486164_8865__n1,152428008_8842__n0,False,False,,,,no_directed_path_within_distance_cap
20161023,039e7e57ec3d4f38d6d51e8d025ad079,24,152428008_8842__n0,263738593_8825__n0,False,False,,,,no_directed_path_within_distance_cap
20161023,039e7e57ec3d4f38d6d51e8d025ad079,25,263738593_8825__n0,152427989_8811__n0,False,False,,,,no_directed_path_within_distance_cap
20161023,039e7e57ec3d4f38d6d51e8d025ad079,26,152427989_8811__n0,263486158_8846__n2,False,False,,,,no_directed_path_within_distance_cap
20161023,039e7e57ec3d4f38d6d51e8d025ad079,34,263486156_2564__n1,334648929_2545__n0,False,False,,,,no_directed_path_within_distance_cap
20161023,039e7e57ec3d4f38d6d51e8d025ad079,35,334648929_2545__n0,28340417_2566__n0,False,False,,,,no_directed_path_within_distance_cap
20161023,039e7e57ec3d4f38d6d51e8d025ad079,55,162540382_2656__n0,152428519_2370__n0,False,False,,,,no_directed_path_within_distance_cap
20161023,039e7e57ec3d4f38d6d51e8d025ad079,58,152428516_2373__n1,293499686_2413__n0,False,False,,,,no_directed_path_within_distance_cap
20161023,039e7e57ec3d4f38d6d51e8d025ad079,60,162532771_2418__n0,381409557_2425__n0,False,False,,,,no_directed_path_within_distance_cap
20161023,039e7e57ec3d4f38d6d51e8d025ad079,61,381409557_2425__n0,381409554_2631__n0,False,False,,,,no_directed_path_within_distance_cap
20161023,039e7e57ec3d4f38d6d51e8d025ad079,63,162532790_2500__n0,381473925_2503__n0,False,False,,,,no_directed_path_within_distance_cap
20161023,039e7e57ec3d4f38d6d51e8d025ad079,64,381473925_2503__n0,28320648_2517__n0,False,False,,,,no_directed_path_within_distance_cap
20161023,039e7e57ec3d4f38d6d51e8d025ad079,65,28320648_2517__n0,162658756_2525__n0,False,False,,,,no_directed_path_within_distance_cap
20161023,08ae9602ede91738d8823394e5e35c5a,23,334971117_4705__n2,447556681_4708__n0,False,False,,,,no_directed_path_within_distance_cap
20161023,09edeed57c6133d8232a2068747e3adc,3,335518776_10096__n2,148315970_9209__n4,False,False,,,,no_directed_path_within_distance_cap
20161023,0b00842b750efdedbcdf82509c0d65d8,3,334971117_4705__n2,447556681_4708__n0,False,False,,,,no_directed_path_within_distance_cap
20161023,0df30c774e12bad1147c97a90f44d39d,26,447556677_3805__n2,334971111_3817__n0,False,False,,,,no_directed_path_within_distance_cap
20161023,0df30c774e12bad1147c97a90f44d39d,27,334971111_3817__n0,334971109_3844__n0,False,False,,,,no_directed_path_within_distance_cap
20161023,124f797184787436c2ef42a21c01ae44,7,28320650_2501__n2,381473923_2497__n0,False,False,,,,no_directed_path_within_distance_cap
20161023,124f797184787436c2ef42a21c01ae44,10,162540383_2627__n4,162532765_2419__n0,False,False,,,,no_directed_path_within_distance_cap
20161023,124f797184787436c2ef42a21c01ae44,13,162532762_2374__n0,293499687_2371__n0,False,False,,,,no_directed_path_within_distance_cap
20161023,124f797184787436c2ef42a21c01ae44,15,293499687_2371__n1,152428518_2369__n0,False,False,,,,no_directed_path_within_distance_cap
20161023,124f797184787436c2ef42a21c01ae44,22,334648916_2386__n0,30525582_2363__n0,False,False,,,,no_directed_path_within_distance_cap
20161023,124f797184787436c2ef42a21c01ae44,23,30525582_2363__n0,334648923_2380__n1,False,False,,,,no_directed_path_within_distance_cap
20161023,13909bc2dfb6cbbd658909eba653c9a5,18,333403958_4190__n2,40541062_3937__n3,False,False,,,,no_directed_path_within_distance_cap
20161023,17e936dff32f45b2fd0570415ba80f7a,25,28258924_2310__n4,381429050_2567__n0,False,False,,,,no_directed_path_within_distance_cap
20161023,17e936dff32f45b2fd0570415ba80f7a,26,381429050_2567__n0,89567410_2603__n0,False,False,,,,no_directed_path_within_distance_cap
20161023,18bb711d8300b4ce6908cce84086e126,22,263486164_8865__n1,152428008_8842__n0,False,False,,,,no_directed_path_within_distance_cap
20161023,18bb711d8300b4ce6908cce84086e126,23,152428008_8842__n0,263738593_8825__n0,False,False,,,,no_directed_path_within_distance_cap
20161023,18bb711d8300b4ce6908cce84086e126,24,263738593_8825__n0,263486158_8846__n2,False,False,,,,no_directed_path_within_distance_cap
20161023,18bb711d8300b4ce6908cce84086e126,29,152427991_2563__n0,152427999_2561__n0,False,False,,,,no_directed_path_within_distance_cap
20161023,18bb711d8300b4ce6908cce84086e126,30,152427999_2561__n0,263486156_2564__n0,False,False,,,,no_directed_path_within_distance_cap
20161023,18bb711d8300b4ce6908cce84086e126,32,263486156_2564__n1,334648929_2545__n0,False,False,,,,no_directed_path_within_distance_cap
20161023,18bb711d8300b4ce6908cce84086e126,33,334648929_2545__n0,28340417_2566__n0,False,False,,,,no_directed_path_within_distance_cap
20161023,1c5755d6379264567e1b21c6b74b4f5d,24,287208893_3810__n0,295967306_3814__n0,False,False,,,,no_directed_path_within_distance_cap
20161023,1d5208212a8f191da01dbeb7bf469a9c,21,142321461_4411__n11,447556698_4433__n0,False,False,,,,no_directed_path_within_distance_cap
20161023,1d5208212a8f191da01dbeb7bf469a9c,22,447556698_4433__n0,266957157_4431__n0,False,False,,,,no_directed_path_within_distance_cap
20161023,2613d8f5e72c13b73d75ecab3b1d6d86,12,258742307_2667__n15,447556687_2722__n0,False,False,,,,no_directed_path_within_distance_cap
20161023,2613d8f5e72c13b73d75ecab3b1d6d86,13,447556687_2722__n0,277672363_3949__n1,False,False,,,,no_directed_path_within_distance_cap
20161023,2613d8f5e72c13b73d75ecab3b1d6d86,46,334971117_4705__n2,447556681_4708__n0,False,False,,,,no_directed_path_within_distance_cap
20161023,2dffbecfae6568dabd479cdf36ba521f,8,263770043_10150__n0,263769954_10152__n0,False,False,,,,no_directed_path_within_distance_cap
20161023,2dffbecfae6568dabd479cdf36ba521f,9,263769954_10152__n0,28358447_10155__n0,False,False,,,,no_directed_path_within_distance_cap
20161023,3262980651882c9300f9daff808ed04d,8,28276814_4648__n0,28340518_4649__n0,False,False,,,,no_directed_path_within_distance_cap
20161023,3262980651882c9300f9daff808ed04d,9,28340518_4649__n0,28358459_4601__n0,False,False,,,,no_directed_path_within_distance_cap
20161023,3262980651882c9300f9daff808ed04d,33,447554164_4203__n0,267598524_4182__n0,False,False,,,,no_directed_path_within_distance_cap
20161023,394278ecd5232b17cc76ec8752dee6d7,45,231865403_9452__n0,266583962_9032__n0,False,False,,,,no_directed_path_within_distance_cap
20161023,394278ecd5232b17cc76ec8752dee6d7,46,266583962_9032__n0,231865404_8915__n0,False,False,,,,no_directed_path_within_distance_cap
20161023,3ab318659a9e99039654f5ba24e86ad9,1,335518776_10096__n0,156592804_10093__n0,False,False,,,,no_directed_path_within_distance_cap
20161023,3b1354f3ac4707b12b50ca9e4c1aae28,3,457983480_10346__n0,457983472_10329__n0,False,False,,,,no_directed_path_within_distance_cap
20161023,3b1354f3ac4707b12b50ca9e4c1aae28,4,457983472_10329__n0,258248021_10327__n0,False,False,,,,no_directed_path_within_distance_cap
20161023,3b1354f3ac4707b12b50ca9e4c1aae28,6,258248021_10327__n1,267598222_10320__n0,False,False,,,,no_directed_path_within_distance_cap
20161023,3b1354f3ac4707b12b50ca9e4c1aae28,8,460338573_10207__n0,457983477_10205__n0,False,False,,,,no_directed_path_within_distance_cap
20161023,4264492183073cef7cce043bb0e8e45b,17,290629741_2706__n0,290629739_2710__n0,False,False,,,,no_directed_path_within_distance_cap
20161023,4264492183073cef7cce043bb0e8e45b,18,290629739_2710__n0,335527357_2708__n1,False,False,,,,no_directed_path_within_distance_cap
20161023,4264492183073cef7cce043bb0e8e45b,23,258742307_2667__n15,447556687_2722__n0,False,False,,,,no_directed_path_within_distance_cap
20161023,4264492183073cef7cce043bb0e8e45b,24,447556687_2722__n0,277672363_3949__n0,False,False,,,,no_directed_path_within_distance_cap
20161023,44a34ee48be15ec6dab2497af3a4bafc,47,258248751_9995__n5,447556632_9993__n0,False,False,,,,no_directed_path_within_distance_cap
20161023,44a34ee48be15ec6dab2497af3a4bafc,49,266581123_9997__n0,212736874_9994__n0,False,False,,,,no_directed_path_within_distance_cap
20161023,4726dacf12fe21df59f5072eada0a4a7,7,142320590_2498__n0,381473924_2493__n0,False,False,,,,no_directed_path_within_distance_cap
20161023,4726dacf12fe21df59f5072eada0a4a7,8,381473924_2493__n0,162532933_2408__n0,False,False,,,,no_directed_path_within_distance_cap
20161023,4726dacf12fe21df59f5072eada0a4a7,13,335513936_2221__n2,152428515_2375__n0,False,False,,,,no_directed_path_within_distance_cap
20161023,4726dacf12fe21df59f5072eada0a4a7,14,152428515_2375__n0,162532761_2422__n1,False,False,,,,no_directed_path_within_distance_cap
20161023,4726dacf12fe21df59f5072eada0a4a7,17,162532761_2422__n1,162532768_2499__n0,False,False,,,,no_directed_path_within_distance_cap
20161023,4957d17aea33efe31a87a3d40cdfd221,4,447556690_3890__n0,266577936_3883__n0,False,False,,,,no_directed_path_within_distance_cap
20161023,4957d17aea33efe31a87a3d40cdfd221,5,266577936_3883__n0,59140309_2692__n4,False,False,,,,no_directed_path_within_distance_cap
20161023,4ac54d33bf43739057cda4a3b920c58b,1,181357564_4751__n0,263776585_4710__n0,False,False,,,,no_directed_path_within_distance_cap
20161023,4ac54d33bf43739057cda4a3b920c58b,2,263776585_4710__n0,28358450_4736__n0,False,False,,,,no_directed_path_within_distance_cap
20161023,4ac54d33bf43739057cda4a3b920c58b,10,295968707_4713__n0,47848569_10204__n0,False,False,,,,no_directed_path_within_distance_cap
20161023,4ac54d33bf43739057cda4a3b920c58b,13,267404275_10321__n0,457983489_10211__n0,False,False,,,,no_directed_path_within_distance_cap
20161023,4ac54d33bf43739057cda4a3b920c58b,14,457983489_10211__n0,245286918_10333__n1,False,False,,,,no_directed_path_within_distance_cap
20161023,5ec5366edbba5e32a643d7bd0282385b,8,40541062_3937__n3,446811235_4189__n0,False,False,,,,no_directed_path_within_distance_cap
20161023,5ec5366edbba5e32a643d7bd0282385b,14,447556678_4223__n2,333403959_4222__n0,False,False,,,,no_directed_path_within_distance_cap
20161023,5ec5366edbba5e32a643d7bd0282385b,29,334281569_4399__n0,263739441_4463__n0,False,False,,,,no_directed_path_within_distance_cap
20161023,5ec5366edbba5e32a643d7bd0282385b,41,457984363_4609__n0,28358449_4742__n0,False,False,,,,no_directed_path_within_distance_cap
20161023,5ec5366edbba5e32a643d7bd0282385b,42,28358449_4742__n0,254607360_4735__n0,False,False,,,,no_directed_path_within_distance_cap
20161023,5ec5366edbba5e32a643d7bd0282385b,50,374649711_4719__n0,267404274_10208__n0,False,False,,,,no_directed_path_within_distance_cap
20161023,5ec5366edbba5e32a643d7bd0282385b,51,267404274_10208__n0,267598221_10209__n0,False,False,,,,no_directed_path_within_distance_cap
20161023,5ec5366edbba5e32a643d7bd0282385b,52,267598221_10209__n0,267598223_10322__n0,False,False,,,,no_directed_path_within_distance_cap
20161023,5ec5366edbba5e32a643d7bd0282385b,53,267598223_10322__n0,264110602_10343__n1,False,False,,,,no_directed_path_within_distance_cap
20161023,5ec5366edbba5e32a643d7bd0282385b,55,264110602_10343__n0,457983483_10328__n0,False,False,,,,no_directed_path_within_distance_cap
20161023,657c91f8611a484cac0d27951b5038ac,13,335513936_2221__n1,381473319_2222__n1,False,False,,,,no_directed_path_within_distance_cap
20161023,657c91f8611a484cac0d27951b5038ac,17,335513936_2221__n2,381473318_2414__n0,False,False,,,,no_directed_path_within_distance_cap
20161023,657c91f8611a484cac0d27951b5038ac,18,381473318_2414__n0,162542043_2415__n1,False,False,,,,no_directed_path_within_distance_cap
20161023,657c91f8611a484cac0d27951b5038ac,19,162542043_2415__n1,162542043_2415__n0,False,False,,,,no_directed_path_within_distance_cap
20161023,657c91f8611a484cac0d27951b5038ac,20,162542043_2415__n0,162542042_2628__n0,False,False,,,,no_directed_path_within_distance_cap
20161023,657c91f8611a484cac0d27951b5038ac,29,381473317_2629__n0,162542042_2628__n0,False,False,,,,no_directed_path_within_distance_cap
20161023,6e7080e4f28e67578825f99ae0261fc2,46,381956608_8924__n2,293499685_9031__n0,False,False,,,,no_directed_path_within_distance_cap
20161023,6e7080e4f28e67578825f99ae0261fc2,49,293499685_9031__n2,266583966_9450__n0,False,False,,,,no_directed_path_within_distance_cap
20161023,6ee9ef6a38daddb103acfd34557c6567,7,333403955_4226__n0,263770589_4227__n0,False,False,,,,no_directed_path_within_distance_cap
20161023,6ee9ef6a38daddb103acfd34557c6567,43,28276810_4441__n0,263739442_4429__n0,False,False,,,,no_directed_path_within_distance_cap
20161023,6ee9ef6a38daddb103acfd34557c6567,44,263739442_4429__n0,457984365_4467__n2,False,False,,,,no_directed_path_within_distance_cap
20161023,6ee9ef6a38daddb103acfd34557c6567,45,457984365_4467__n2,263739437_4440__n0,False,False,,,,no_directed_path_within_distance_cap
20161023,6f7ec1871a2afba347b9ce34f32d2f71,7,457970075_8532__n0,333378723_8749__n2,False,False,,,,no_directed_path_within_distance_cap
20161023,6f7ec1871a2afba347b9ce34f32d2f71,22,142323461_8750__n1,247978424_8762__n0,False,False,,,,no_directed_path_within_distance_cap
20161023,71417b4c74e964968b153ac38b49ec25,12,335518638_2714__n0,447556663_3884__n0,False,False,,,,no_directed_path_within_distance_cap
20161023,71417b4c74e964968b153ac38b49ec25,13,447556663_3884__n0,266577945_3892__n0,False,False,,,,no_directed_path_within_distance_cap
20161023,725a624ef56d5d5c022d87e27196b804,24,152427993_8794__n3,155248440_8810__n0,False,False,,,,no_directed_path_within_distance_cap
20161023,725a624ef56d5d5c022d87e27196b804,25,155248440_8810__n0,263738592_8824__n0,False,False,,,,no_directed_path_within_distance_cap
20161023,725a624ef56d5d5c022d87e27196b804,26,263738592_8824__n0,152428008_8842__n0,False,False,,,,no_directed_path_within_distance_cap
20161023,725a624ef56d5d5c022d87e27196b804,27,152428008_8842__n0,263738594_8839__n0,False,False,,,,no_directed_path_within_distance_cap
20161023,725a624ef56d5d5c022d87e27196b804,28,263738594_8839__n0,152428008_8842__n0,False,False,,,,no_directed_path_within_distance_cap
20161023,725a624ef56d5d5c022d87e27196b804,29,152428008_8842__n0,152427983_8844__n0,False,False,,,,no_directed_path_within_distance_cap
20161023,7289433f72c71967fb1090c5020d7def,12,263770108_9943__n0,266581134_9933__n0,False,False,,,,no_directed_path_within_distance_cap
20161023,7289433f72c71967fb1090c5020d7def,36,263485691_8790__n0,26174011_2565__n0,False,False,,,,no_directed_path_within_distance_cap
20161023,7289433f72c71967fb1090c5020d7def,41,263486156_2564__n1,334648929_2545__n0,False,False,,,,no_directed_path_within_distance_cap
20161023,7289433f72c71967fb1090c5020d7def,42,334648929_2545__n0,28340417_2566__n0,False,False,,,,no_directed_path_within_distance_cap
20161023,7289433f72c71967fb1090c5020d7def,48,258738667_2572__n1,28340417_2566__n3,False,False,,,,no_directed_path_within_distance_cap
20161023,7289433f72c71967fb1090c5020d7def,49,28340417_2566__n3,258738667_2572__n1,False,False,,,,no_directed_path_within_distance_cap
20161023,7289433f72c71967fb1090c5020d7def,73,162540382_2656__n0,152428519_2370__n0,False,False,,,,no_directed_path_within_distance_cap
20161023,7289433f72c71967fb1090c5020d7def,76,152428516_2373__n1,293499686_2413__n0,False,False,,,,no_directed_path_within_distance_cap
20161023,7289433f72c71967fb1090c5020d7def,78,162532771_2418__n0,381409557_2425__n0,False,False,,,,no_directed_path_within_distance_cap
20161023,7289433f72c71967fb1090c5020d7def,79,381409557_2425__n0,381409554_2631__n0,False,False,,,,no_directed_path_within_distance_cap
20161023,7289433f72c71967fb1090c5020d7def,84,162540383_2627__n4,162532933_2408__n0,False,False,,,,no_directed_path_within_distance_cap
20161023,75bc67728b9a6c7da3af137b64677374,47,456114495_3830__n0,447556674_3825__n0,False,False,,,,no_directed_path_within_distance_cap
20161023,75bc67728b9a6c7da3af137b64677374,48,447556674_3825__n0,290629752_3822__n0,False,False,,,,no_directed_path_within_distance_cap
20161023,7c34ed0a9e60bdd50c4a7252f6231a5e,2,258738671_2596__n0,89567417_2568__n0,False,False,,,,no_directed_path_within_distance_cap
20161023,7c34ed0a9e60bdd50c4a7252f6231a5e,3,89567417_2568__n0,258738678_2548__n0,False,False,,,,no_directed_path_within_distance_cap
20161023,7c34ed0a9e60bdd50c4a7252f6231a5e,4,258738678_2548__n0,258738681_2552__n0,False,False,,,,no_directed_path_within_distance_cap
20161023,7c34ed0a9e60bdd50c4a7252f6231a5e,20,152427993_8794__n3,155248440_8810__n0,False,False,,,,no_directed_path_within_distance_cap
20161023,7c34ed0a9e60bdd50c4a7252f6231a5e,21,155248440_8810__n0,263738592_8824__n0,False,False,,,,no_directed_path_within_distance_cap
20161023,7c34ed0a9e60bdd50c4a7252f6231a5e,22,263738592_8824__n0,263738594_8839__n0,False,False,,,,no_directed_path_within_distance_cap
20161023,7c34ed0a9e60bdd50c4a7252f6231a5e,23,263738594_8839__n0,152428008_8842__n0,False,False,,,,no_directed_path_within_distance_cap
20161023,7c34ed0a9e60bdd50c4a7252f6231a5e,24,152428008_8842__n0,152427983_8844__n0,False,False,,,,no_directed_path_within_distance_cap
20161023,8006aac763b16234dc7babe26bd1042b,8,287208893_3810__n0,333418727_3807__n0,False,False,,,,no_directed_path_within_distance_cap
20161023,8006aac763b16234dc7babe26bd1042b,9,333418727_3807__n0,295967306_3814__n0,False,False,,,,no_directed_path_within_distance_cap
20161023,840c8f246e94d8272905f980a508fec5,1,142320577_2424__n2,152428516_2373__n0,False,False,,,,no_directed_path_within_distance_cap
20161023,840c8f246e94d8272905f980a508fec5,3,152428516_2373__n1,293499686_2413__n0,False,False,,,,no_directed_path_within_distance_cap
20161023,840c8f246e94d8272905f980a508fec5,5,162532771_2418__n0,381409557_2425__n0,False,False,,,,no_directed_path_within_distance_cap
20161023,840c8f246e94d8272905f980a508fec5,6,381409557_2425__n0,381409554_2631__n0,False,False,,,,no_directed_path_within_distance_cap
20161023,840c8f246e94d8272905f980a508fec5,12,162540383_2627__n4,162532765_2419__n0,False,False,,,,no_directed_path_within_distance_cap
20161023,840c8f246e94d8272905f980a508fec5,15,162532765_2419__n2,162532762_2374__n0,False,False,,,,no_directed_path_within_distance_cap
20161023,840c8f246e94d8272905f980a508fec5,16,162532762_2374__n0,293499687_2371__n0,False,False,,,,no_directed_path_within_distance_cap
20161023,840c8f246e94d8272905f980a508fec5,18,293499687_2371__n1,152428518_2369__n0,False,False,,,,no_directed_path_within_distance_cap
20161023,8aeee93940bbb475cefd1abaa3d997c4,3,254607367_4746__n0,335523978_4731__n0,False,False,,,,no_directed_path_within_distance_cap
20161023,8aeee93940bbb475cefd1abaa3d997c4,6,447556683_4709__n1,334971121_4704__n0,False,False,,,,no_directed_path_within_distance_cap
20161023,8bd2b2536a6710affe64b151b3417ae0,13,266577945_3892__n6,266577955_2715__n0,False,False,,,,no_directed_path_within_distance_cap
20161023,8bd2b2536a6710affe64b151b3417ae0,14,266577955_2715__n0,266577952_2713__n0,False,False,,,,no_directed_path_within_distance_cap
20161023,941c6c23d3273a97b8fd254650b31705,4,266957517_4744__n0,335523978_4731__n0,False,False,,,,no_directed_path_within_distance_cap
20161023,941c6c23d3273a97b8fd254650b31705,6,447556683_4709__n0,181357558_4730__n0,False,False,,,,no_directed_path_within_distance_cap
20161023,941c6c23d3273a97b8fd254650b31705,8,335523979_4743__n0,263776585_4710__n0,False,False,,,,no_directed_path_within_distance_cap
20161023,941c6c23d3273a97b8fd254650b31705,9,263776585_4710__n0,266957521_4723__n0,False,False,,,,no_directed_path_within_distance_cap
20161023,9d22ae401ff0ce2e5120831b2707b8da,5,334971120_4729__n0,266957513_4662__n0,False,False,,,,no_directed_path_within_distance_cap
20161023,9d22ae401ff0ce2e5120831b2707b8da,15,28276814_4648__n0,264116891_4643__n0,False,False,,,,no_directed_path_within_distance_cap
20161023,9d22ae401ff0ce2e5120831b2707b8da,16,264116891_4643__n0,28358459_4601__n0,False,False,,,,no_directed_path_within_distance_cap
20161023,9d22ae401ff0ce2e5120831b2707b8da,20,457984517_4466__n2,263739442_4429__n0,False,False,,,,no_directed_path_within_distance_cap
20161023,9d22ae401ff0ce2e5120831b2707b8da,21,263739442_4429__n0,263739438_4395__n0,False,False,,,,no_directed_path_within_distance_cap
20161023,9d22ae401ff0ce2e5120831b2707b8da,31,447554164_4203__n0,267598524_4182__n0,False,False,,,,no_directed_path_within_distance_cap
20161023,9eda9084e4be841574821f492841202f,4,335513936_2221__n1,28320648_2517__n0,False,False,,,,no_directed_path_within_distance_cap
20161023,9eda9084e4be841574821f492841202f,5,28320648_2517__n0,162658756_2525__n0,False,False,,,,no_directed_path_within_distance_cap
20161023,9ff309bd789b1a756c9e6fb0c591eae8,22,152427993_8794__n3,155248440_8810__n0,False,False,,,,no_directed_path_within_distance_cap
20161023,9ff309bd789b1a756c9e6fb0c591eae8,23,155248440_8810__n0,263738592_8824__n0,False,False,,,,no_directed_path_within_distance_cap
20161023,9ff309bd789b1a756c9e6fb0c591eae8,24,263738592_8824__n0,152428005_8827__n0,False,False,,,,no_directed_path_within_distance_cap
20161023,9ff309bd789b1a756c9e6fb0c591eae8,29,335697692_8840__n1,263738598_8843__n2,False,False,,,,no_directed_path_within_distance_cap
20161023,a0653bee6e6e0d6a3041daea0655457b,1,181357564_4751__n0,28358449_4742__n0,False,False,,,,no_directed_path_within_distance_cap
20161023,a0653bee6e6e0d6a3041daea0655457b,2,28358449_4742__n0,264116887_4748__n0,False,False,,,,no_directed_path_within_distance_cap
20161023,a0653bee6e6e0d6a3041daea0655457b,7,447556683_4709__n1,334971121_4704__n0,False,False,,,,no_directed_path_within_distance_cap
20161023,a0fa47ae55f3df83353cfe348536cd75,1,457983482_10355__n0,457983481_10350__n0,False,False,,,,no_directed_path_within_distance_cap
20161023,a0fa47ae55f3df83353cfe348536cd75,2,457983481_10350__n0,264110602_10343__n0,False,False,,,,no_directed_path_within_distance_cap
20161023,a0fa47ae55f3df83353cfe348536cd75,4,457983488_10326__n0,264110606_10212__n0,False,False,,,,no_directed_path_within_distance_cap
20161023,a0fa47ae55f3df83353cfe348536cd75,5,264110606_10212__n0,267404273_10199__n0,False,False,,,,no_directed_path_within_distance_cap
20161023,a0fa47ae55f3df83353cfe348536cd75,7,264110603_10196__n0,457983474_10193__n0,False,False,,,,no_directed_path_within_distance_cap
20161023,a0fa47ae55f3df83353cfe348536cd75,12,263770043_10150__n0,263769954_10152__n0,False,False,,,,no_directed_path_within_distance_cap
20161023,a0fa47ae55f3df83353cfe348536cd75,13,263769954_10152__n0,28358447_10155__n0,False,False,,,,no_directed_path_within_distance_cap
20161023,a8c79eb35aeea27e41d92167b97fa5c3,2,457983480_10346__n0,457983472_10329__n0,False,False,,,,no_directed_path_within_distance_cap
20161023,a8c79eb35aeea27e41d92167b97fa5c3,3,457983472_10329__n0,264110602_10343__n0,False,False,,,,no_directed_path_within_distance_cap
20161023,a8c79eb35aeea27e41d92167b97fa5c3,5,264110602_10343__n1,264110606_10212__n0,False,False,,,,no_directed_path_within_distance_cap
20161023,a8c79eb35aeea27e41d92167b97fa5c3,6,264110606_10212__n0,457983484_10201__n1,False,False,,,,no_directed_path_within_distance_cap
20161023,a8c79eb35aeea27e41d92167b97fa5c3,7,457983484_10201__n1,457983474_10193__n0,False,False,,,,no_directed_path_within_distance_cap
20161023,a8c79eb35aeea27e41d92167b97fa5c3,35,447556677_3805__n2,334971111_3817__n0,False,False,,,,no_directed_path_within_distance_cap
20161023,a8c79eb35aeea27e41d92167b97fa5c3,36,334971111_3817__n0,447556637_3821__n0,False,False,,,,no_directed_path_within_distance_cap
20161023,afdb0a294909370d280ab4ff52e3c0c2,2,457047970_9470__n1,266583956_9285__n0,False,False,,,,no_directed_path_within_distance_cap
20161023,afdb0a294909370d280ab4ff52e3c0c2,3,266583956_9285__n0,335518753_9286__n1,False,False,,,,no_directed_path_within_distance_cap
20161023,afdb0a294909370d280ab4ff52e3c0c2,18,334283251_3832__n0,266795177_3833__n0,False,False,,,,no_directed_path_within_distance_cap
20161023,afdb0a294909370d280ab4ff52e3c0c2,19,266795177_3833__n0,447556665_3836__n0,False,False,,,,no_directed_path_within_distance_cap
20161023,afdb0a294909370d280ab4ff52e3c0c2,20,447556665_3836__n0,266795179_4103__n0,False,False,,,,no_directed_path_within_distance_cap
20161023,b340a52ef6017e9421e2a05c2ec0aacf,15,457047970_9470__n1,335518752_9287__n0,False,False,,,,no_directed_path_within_distance_cap
20161023,b340a52ef6017e9421e2a05c2ec0aacf,16,335518752_9287__n0,335518756_9485__n0,False,False,,,,no_directed_path_within_distance_cap
20161023,b340a52ef6017e9421e2a05c2ec0aacf,19,335518757_9490__n0,266583951_9494__n0,False,False,,,,no_directed_path_within_distance_cap
20161023,b340a52ef6017e9421e2a05c2ec0aacf,21,156592791_10021__n0,156592798_10051__n0,False,False,,,,no_directed_path_within_distance_cap
20161023,b44a92c130e19bfb524fe89d0dff60c7,24,335525201_10190__n2,264110603_10196__n0,False,False,,,,no_directed_path_within_distance_cap
20161023,b44a92c130e19bfb524fe89d0dff60c7,30,457983491_10324__n0,267598222_10320__n0,False,False,,,,no_directed_path_within_distance_cap
20161023,b44a92c130e19bfb524fe89d0dff60c7,32,460338573_10207__n0,457983477_10205__n0,False,False,,,,no_directed_path_within_distance_cap
20161023,b44a92c130e19bfb524fe89d0dff60c7,34,268844670_4715__n0,334971122_4737__n1,False,False,,,,no_directed_path_within_distance_cap
20161023,b44a92c130e19bfb524fe89d0dff60c7,37,263776787_4738__n0,28358449_4742__n0,False,False,,,,no_directed_path_within_distance_cap
20161023,b44a92c130e19bfb524fe89d0dff60c7,38,28358449_4742__n0,266957513_4662__n0,False,False,,,,no_directed_path_within_distance_cap
20161023,b9b01410a2517df1fc8a00fe99de9236,2,83557214_10059__n0,156592802_10050__n0,False,False,,,,no_directed_path_within_distance_cap
20161023,b9b01410a2517df1fc8a00fe99de9236,5,156592802_10050__n2,266583975_10026__n2,False,False,,,,no_directed_path_within_distance_cap
20161023,bfd377134b42ab6908e33786e6964422,1,231866355_9013__n0,334802601_9007__n0,False,False,,,,no_directed_path_within_distance_cap
20161023,bfd377134b42ab6908e33786e6964422,10,457047970_9470__n1,335518752_9287__n0,False,False,,,,no_directed_path_within_distance_cap
20161023,bfd377134b42ab6908e33786e6964422,11,335518752_9287__n0,335518756_9485__n0,False,False,,,,no_directed_path_within_distance_cap
20161023,bfd377134b42ab6908e33786e6964422,14,335518757_9490__n0,266583951_9494__n0,False,False,,,,no_directed_path_within_distance_cap
20161023,bfd377134b42ab6908e33786e6964422,16,156592791_10021__n0,156592798_10051__n0,False,False,,,,no_directed_path_within_distance_cap
20161023,bfd377134b42ab6908e33786e6964422,19,156592798_10051__n2,156592804_10093__n0,False,False,,,,no_directed_path_within_distance_cap
20161023,c0c3b7c9fe147a7c03bc5d94d5d4ebd3,5,263486156_2564__n1,334648929_2545__n0,False,False,,,,no_directed_path_within_distance_cap
20161023,c0c3b7c9fe147a7c03bc5d94d5d4ebd3,6,334648929_2545__n0,28340417_2566__n0,False,False,,,,no_directed_path_within_distance_cap
20161023,c24f6cae37177fbc4364397621449c37,7,28320650_2501__n2,381473923_2497__n0,False,False,,,,no_directed_path_within_distance_cap
20161023,c24f6cae37177fbc4364397621449c37,10,162540383_2627__n4,162542043_2415__n0,False,False,,,,no_directed_path_within_distance_cap
20161023,c24f6cae37177fbc4364397621449c37,11,162542043_2415__n0,162532765_2419__n0,False,False,,,,no_directed_path_within_distance_cap
20161023,c24f6cae37177fbc4364397621449c37,16,162532765_2419__n4,162542042_2628__n0,False,False,,,,no_directed_path_within_distance_cap
20161023,c24f6cae37177fbc4364397621449c37,25,381473317_2629__n0,162542042_2628__n0,False,False,,,,no_directed_path_within_distance_cap
20161023,c35490bb7bab4e4b22ee3e4389bd9c86,25,267598522_4062__n0,267598519_4210__n0,False,False,,,,no_directed_path_within_distance_cap
20161023,c35490bb7bab4e4b22ee3e4389bd9c86,59,295967308_3809__n2,335527350_3806__n0,False,False,,,,no_directed_path_within_distance_cap
20161023,c69ddb346e6d806fd65b5453e7277499,1,267213557_9010__n0,293499685_9031__n0,False,False,,,,no_directed_path_within_distance_cap
20161023,c69ddb346e6d806fd65b5453e7277499,2,293499685_9031__n0,334802601_9007__n0,False,False,,,,no_directed_path_within_distance_cap
20161023,c69ddb346e6d806fd65b5453e7277499,11,457047970_9470__n1,335518752_9287__n0,False,False,,,,no_directed_path_within_distance_cap
20161023,c69ddb346e6d806fd65b5453e7277499,12,335518752_9287__n0,335518756_9485__n0,False,False,,,,no_directed_path_within_distance_cap
20161023,c69ddb346e6d806fd65b5453e7277499,15,335518757_9490__n0,266583951_9494__n0,False,False,,,,no_directed_path_within_distance_cap
20161023,c69ddb346e6d806fd65b5453e7277499,17,156592791_10021__n0,156592798_10051__n0,False,False,,,,no_directed_path_within_distance_cap
20161023,c69ddb346e6d806fd65b5453e7277499,20,156592798_10051__n2,156592804_10093__n0,False,False,,,,no_directed_path_within_distance_cap
20161023,cc1941db0db1b39e2a8dd316a7c1d135,8,28276814_4648__n0,28340518_4649__n0,False,False,,,,no_directed_path_within_distance_cap
20161023,cc1941db0db1b39e2a8dd316a7c1d135,9,28340518_4649__n0,28358459_4601__n0,False,False,,,,no_directed_path_within_distance_cap
20161023,cc1941db0db1b39e2a8dd316a7c1d135,13,457984365_4467__n2,263739437_4440__n0,False,False,,,,no_directed_path_within_distance_cap
20161023,cc1941db0db1b39e2a8dd316a7c1d135,31,263770587_4228__n0,263770588_4205__n0,False,False,,,,no_directed_path_within_distance_cap
20161023,cc1941db0db1b39e2a8dd316a7c1d135,32,263770588_4205__n0,267598524_4182__n0,False,False,,,,no_directed_path_within_distance_cap
20161023,d1306130b7e76a1c785dc65c4b496ad0,17,335527368_2389__n0,162540379_2393__n0,False,False,,,,no_directed_path_within_distance_cap
20161023,d1306130b7e76a1c785dc65c4b496ad0,18,162540379_2393__n0,162540382_2656__n0,False,False,,,,no_directed_path_within_distance_cap
20161023,d1306130b7e76a1c785dc65c4b496ad0,19,162540382_2656__n0,152428519_2370__n0,False,False,,,,no_directed_path_within_distance_cap
20161023,d35638c7784297d1c80a8b4a36ef06ff,3,264110605_10216__n0,457983490_10215__n0,False,False,,,,no_directed_path_within_distance_cap
20161023,d35638c7784297d1c80a8b4a36ef06ff,5,267404272_10210__n0,267404275_10321__n0,False,False,,,,no_directed_path_within_distance_cap
20161023,d35638c7784297d1c80a8b4a36ef06ff,6,267404275_10321__n0,457983477_10205__n0,False,False,,,,no_directed_path_within_distance_cap
20161023,d408f00b8ffae825a9968a03ff5172dc,6,457308487_4599__n0,447556636_4619__n0,False,False,,,,no_directed_path_within_distance_cap
20161023,d408f00b8ffae825a9968a03ff5172dc,7,447556636_4619__n0,369790064_4622__n0,False,False,,,,no_directed_path_within_distance_cap
20161023,d408f00b8ffae825a9968a03ff5172dc,8,369790064_4622__n0,263773394_4625__n0,False,False,,,,no_directed_path_within_distance_cap
20161023,d408f00b8ffae825a9968a03ff5172dc,14,457984515_4610__n0,28358449_4742__n0,False,False,,,,no_directed_path_within_distance_cap
20161023,d408f00b8ffae825a9968a03ff5172dc,15,28358449_4742__n0,28358450_4736__n0,False,False,,,,no_directed_path_within_distance_cap
20161023,d768cc972461d618e1c7dff8ed447ff4,2,334971108_3842__n1,447556657_3818__n0,False,False,,,,no_directed_path_within_distance_cap
20161023,d768cc972461d618e1c7dff8ed447ff4,3,447556657_3818__n0,447556635_3812__n0,False,False,,,,no_directed_path_within_distance_cap
20161023,d768cc972461d618e1c7dff8ed447ff4,9,258742307_2667__n15,335518636_2705__n1,False,False,,,,no_directed_path_within_distance_cap
20161023,dd382eec0669a0eff94988f05fa58919,3,264110605_10216__n0,457983486_10219__n0,False,False,,,,no_directed_path_within_distance_cap
20161023,dd382eec0669a0eff94988f05fa58919,6,457983479_10344__n1,457983481_10350__n0,False,False,,,,no_directed_path_within_distance_cap
20161023,e14b24ed7c410b59128e6cb0978cfbca,21,59140333_4472__n5,447556636_4619__n0,False,False,,,,no_directed_path_within_distance_cap
20161023,e14b24ed7c410b59128e6cb0978cfbca,22,447556636_4619__n0,369790064_4622__n0,False,False,,,,no_directed_path_within_distance_cap
20161023,e14b24ed7c410b59128e6cb0978cfbca,23,369790064_4622__n0,263773394_4625__n0,False,False,,,,no_directed_path_within_distance_cap
20161023,e6cba07b2f0fea5928287ce9c57c234c,10,295967308_3809__n1,333418727_3807__n0,False,False,,,,no_directed_path_within_distance_cap
20161023,e6cba07b2f0fea5928287ce9c57c234c,11,333418727_3807__n0,287208894_3808__n0,False,False,,,,no_directed_path_within_distance_cap
20161023,e6cba07b2f0fea5928287ce9c57c234c,20,456114496_2625__n0,456114494_3826__n0,False,False,,,,no_directed_path_within_distance_cap
20161023,e6cba07b2f0fea5928287ce9c57c234c,21,456114494_3826__n0,28461934_4086__n3,False,False,,,,no_directed_path_within_distance_cap
20161023,ea0a8f4b56ce45aefe4961b5efe42796,20,263486164_8865__n1,152428008_8842__n0,False,False,,,,no_directed_path_within_distance_cap
20161023,ea0a8f4b56ce45aefe4961b5efe42796,21,152428008_8842__n0,263738593_8825__n0,False,False,,,,no_directed_path_within_distance_cap
20161023,ea0a8f4b56ce45aefe4961b5efe42796,22,263738593_8825__n0,152427989_8811__n0,False,False,,,,no_directed_path_within_distance_cap
20161023,ea0a8f4b56ce45aefe4961b5efe42796,23,152427989_8811__n0,263486158_8846__n2,False,False,,,,no_directed_path_within_distance_cap
20161023,ea0a8f4b56ce45aefe4961b5efe42796,30,263486156_2564__n1,334648929_2545__n0,False,False,,,,no_directed_path_within_distance_cap
20161023,ea0a8f4b56ce45aefe4961b5efe42796,31,334648929_2545__n0,28340417_2566__n0,False,False,,,,no_directed_path_within_distance_cap
20161023,ea0a8f4b56ce45aefe4961b5efe42796,46,447556677_3805__n1,334971111_3817__n0,False,False,,,,no_directed_path_within_distance_cap
20161023,ea0a8f4b56ce45aefe4961b5efe42796,47,334971111_3817__n0,447556637_3821__n0,False,False,,,,no_directed_path_within_distance_cap
20161023,ed7959ecd88e0d73279475ee637238c7,18,40541061_3902__n0,447556657_3818__n0,False,False,,,,no_directed_path_within_distance_cap
20161023,ed7959ecd88e0d73279475ee637238c7,19,447556657_3818__n0,447556635_3812__n0,False,False,,,,no_directed_path_within_distance_cap
20161023,f313eeecb9a29cb684183ad9058bdb90,5,231866972_8489__n5,333378724_8528__n0,False,False,,,,no_directed_path_within_distance_cap
20161023,f313eeecb9a29cb684183ad9058bdb90,6,333378724_8528__n0,333378723_8749__n0,False,False,,,,no_directed_path_within_distance_cap
20161023,f65ec69124e1483918a44dec73f02807,11,447556678_4223__n2,333403959_4222__n0,False,False,,,,no_directed_path_within_distance_cap
20161023,f763ca3457cc12a14a268281b6a0a6b1,1,156593889_8906__n0,335697686_8879__n0,False,False,,,,no_directed_path_within_distance_cap
20161023,f8584fa535806e72c0a5418811ee8406,17,28258924_2310__n4,381429050_2567__n0,False,False,,,,no_directed_path_within_distance_cap
20161023,f8584fa535806e72c0a5418811ee8406,18,381429050_2567__n0,89567410_2603__n0,False,False,,,,no_directed_path_within_distance_cap
20161023,f8584fa535806e72c0a5418811ee8406,33,447556677_3805__n2,334971111_3817__n0,False,False,,,,no_directed_path_within_distance_cap
20161023,f8584fa535806e72c0a5418811ee8406,34,334971111_3817__n0,334971109_3844__n0,False,False,,,,no_directed_path_within_distance_cap
20161023,fc4edb42b6c3f924a68f6e324568078e,54,258738671_2596__n0,28258926_2311__n0,False,False,,,,no_directed_path_within_distance_cap
20161023,09a48ede97e670b5990b1cab56e3a67f,3,264110605_10216__n0,457983490_10215__n0,False,False,,,,no_directed_path_within_distance_cap
20161023,09a48ede97e670b5990b1cab56e3a67f,6,267404275_10321__n0,457983477_10205__n0,False,False,,,,no_directed_path_within_distance_cap
20161023,0a645dac2720a1450166e5efc350accf,2,162540384_2635__n0,162532761_2422__n1,False,False,,,,no_directed_path_within_distance_cap
20161023,0a645dac2720a1450166e5efc350accf,5,162532781_2407__n0,293499687_2371__n0,False,False,,,,no_directed_path_within_distance_cap
20161023,0a645dac2720a1450166e5efc350accf,7,293499687_2371__n1,152428518_2369__n0,False,False,,,,no_directed_path_within_distance_cap
20161023,11ce12c157371e623fc30d8c15b36b5a,6,447556683_4709__n1,246438218_4608__n4,False,False,,,,no_directed_path_within_distance_cap
20161023,142e1e1dc92f36852b0e9b991f06aff9,18,447554164_4203__n0,446811233_4187__n0,False,False,,,,no_directed_path_within_distance_cap
20161023,142e1e1dc92f36852b0e9b991f06aff9,19,446811233_4187__n0,267598522_4062__n0,False,False,,,,no_directed_path_within_distance_cap
20161023,1990d8eacdbca2d275e7b27930cb8dc0,1,162658744_2757__n2,335527376_2524__n0,False,False,,,,no_directed_path_within_distance_cap
20161023,1990d8eacdbca2d275e7b27930cb8dc0,8,28320650_2501__n2,381473923_2497__n0,False,False,,,,no_directed_path_within_distance_cap
20161023,1990d8eacdbca2d275e7b27930cb8dc0,11,162540383_2627__n4,162532765_2419__n0,False,False,,,,no_directed_path_within_distance_cap
20161023,1990d8eacdbca2d275e7b27930cb8dc0,14,162532762_2374__n0,293499687_2371__n0,False,False,,,,no_directed_path_within_distance_cap
20161023,1990d8eacdbca2d275e7b27930cb8dc0,16,293499687_2371__n1,152428518_2369__n0,False,False,,,,no_directed_path_within_distance_cap
20161023,1990d8eacdbca2d275e7b27930cb8dc0,18,152428518_2369__n1,162540379_2393__n0,False,False,,,,no_directed_path_within_distance_cap
20161023,1990d8eacdbca2d275e7b27930cb8dc0,19,162540379_2393__n0,28340419_2383__n0,False,False,,,,no_directed_path_within_distance_cap
20161023,1f13f51ef60690de81468bb295de6b8f,40,142321461_4411__n11,447556698_4433__n0,False,False,,,,no_directed_path_within_distance_cap
20161023,1f13f51ef60690de81468bb295de6b8f,41,447556698_4433__n0,266957157_4431__n0,False,False,,,,no_directed_path_within_distance_cap
20161023,1f13f51ef60690de81468bb295de6b8f,61,333403958_4190__n2,40541062_3937__n3,False,False,,,,no_directed_path_within_distance_cap
20161023,2a98fbf53293ef28a241620d3a3c9e13,2,255201450_10351__n0,457983481_10350__n0,False,False,,,,no_directed_path_within_distance_cap
20161023,2a98fbf53293ef28a241620d3a3c9e13,3,457983481_10350__n0,258248021_10327__n0,False,False,,,,no_directed_path_within_distance_cap
20161023,2a98fbf53293ef28a241620d3a3c9e13,6,457983484_10201__n1,457983474_10193__n0,False,False,,,,no_directed_path_within_distance_cap
20161023,2a98fbf53293ef28a241620d3a3c9e13,18,263770108_9943__n0,258081758_9343__n1,False,False,,,,no_directed_path_within_distance_cap
20161023,2a98fbf53293ef28a241620d3a3c9e13,37,263486158_8846__n1,170357393_8845__n0,False,False,,,,no_directed_path_within_distance_cap
20161023,2a98fbf53293ef28a241620d3a3c9e13,41,264453195_8820__n1,266995293_8807__n7,False,False,,,,no_directed_path_within_distance_cap
20161023,2bfbd87074de198c6a76534c98fcf50a,3,231866972_8489__n4,333378724_8528__n0,False,False,,,,no_directed_path_within_distance_cap
20161023,2bfbd87074de198c6a76534c98fcf50a,4,333378724_8528__n0,333378723_8749__n0,False,False,,,,no_directed_path_within_distance_cap
20161023,2d8227240c840449897876827a66cbe1,1,162540379_2393__n0,152428518_2369__n1,False,False,,,,no_directed_path_within_distance_cap
20161023,2d8227240c840449897876827a66cbe1,2,152428518_2369__n1,162533708_2368__n0,False,False,,,,no_directed_path_within_distance_cap
20161023,2d8227240c840449897876827a66cbe1,38,152427993_8794__n1,263485688_8788__n1,False,False,,,,no_directed_path_within_distance_cap
20161023,2d8227240c840449897876827a66cbe1,39,263485688_8788__n1,381429052_2558__n0,False,False,,,,no_directed_path_within_distance_cap
20161023,2d8227240c840449897876827a66cbe1,40,381429052_2558__n0,26174011_2565__n1,False,False,,,,no_directed_path_within_distance_cap
20161023,2f58605948f5c618c465fd8a9142be2a,40,152427987_2576__n0,152427999_2561__n0,False,False,,,,no_directed_path_within_distance_cap
20161023,2f58605948f5c618c465fd8a9142be2a,41,152427999_2561__n0,263485687_2529__n0,False,False,,,,no_directed_path_within_distance_cap
20161023,30ce76d09ebc128294d5247793e07e9d,28,156592802_10050__n2,266583975_10026__n2,False,False,,,,no_directed_path_within_distance_cap
20161023,31914b1d6ee0246cc5c49e7b8ce7c5d7,18,152428000_2530__n0,381429052_2558__n0,False,False,,,,no_directed_path_within_distance_cap
20161023,31914b1d6ee0246cc5c49e7b8ce7c5d7,19,381429052_2558__n0,26174011_2565__n1,False,False,,,,no_directed_path_within_distance_cap
20161023,31914b1d6ee0246cc5c49e7b8ce7c5d7,35,334283251_3832__n0,266795177_3833__n0,False,False,,,,no_directed_path_within_distance_cap
20161023,31914b1d6ee0246cc5c49e7b8ce7c5d7,36,266795177_3833__n0,266795179_4103__n0,False,False,,,,no_directed_path_within_distance_cap
20161023,31914b1d6ee0246cc5c49e7b8ce7c5d7,98,334971117_4705__n2,447556681_4708__n0,False,False,,,,no_directed_path_within_distance_cap
20161023,32432ff884aad17b21b5d9270c1f2cf1,21,28258924_2310__n4,381429050_2567__n0,False,False,,,,no_directed_path_within_distance_cap
20161023,32432ff884aad17b21b5d9270c1f2cf1,22,381429050_2567__n0,258738667_2572__n0,False,False,,,,no_directed_path_within_distance_cap
20161023,32432ff884aad17b21b5d9270c1f2cf1,42,162540382_2656__n0,152428519_2370__n0,False,False,,,,no_directed_path_within_distance_cap
20161023,32432ff884aad17b21b5d9270c1f2cf1,45,152428516_2373__n1,293499686_2413__n0,False,False,,,,no_directed_path_within_distance_cap
20161023,32432ff884aad17b21b5d9270c1f2cf1,46,293499686_2413__n0,381409557_2425__n0,False,False,,,,no_directed_path_within_distance_cap
20161023,32432ff884aad17b21b5d9270c1f2cf1,47,381409557_2425__n0,381409554_2631__n0,False,False,,,,no_directed_path_within_distance_cap
20161023,32432ff884aad17b21b5d9270c1f2cf1,49,162532790_2500__n0,381473925_2503__n0,False,False,,,,no_directed_path_within_distance_cap
20161023,32432ff884aad17b21b5d9270c1f2cf1,50,381473925_2503__n0,28320648_2517__n0,False,False,,,,no_directed_path_within_distance_cap
20161023,32432ff884aad17b21b5d9270c1f2cf1,51,28320648_2517__n0,162658756_2525__n0,False,False,,,,no_directed_path_within_distance_cap
20161023,366b9e9a906b43eadc1060073f5cbe08,16,28258924_2310__n4,89567410_2603__n0,False,False,,,,no_directed_path_within_distance_cap
20161023,3a58880b49b4c56e01532b5655cef8bd,4,335518638_2714__n0,447556663_3884__n0,False,False,,,,no_directed_path_within_distance_cap
20161023,3a58880b49b4c56e01532b5655cef8bd,5,447556663_3884__n0,266577945_3892__n0,False,False,,,,no_directed_path_within_distance_cap
20161023,3a58880b49b4c56e01532b5655cef8bd,13,266577945_3892__n6,266577955_2715__n0,False,False,,,,no_directed_path_within_distance_cap
20161023,3a58880b49b4c56e01532b5655cef8bd,14,266577955_2715__n0,290629743_2711__n0,False,False,,,,no_directed_path_within_distance_cap
20161023,3a58880b49b4c56e01532b5655cef8bd,22,400213936_3981__n0,28258957_4211__n0,False,False,,,,no_directed_path_within_distance_cap
20161023,3a58880b49b4c56e01532b5655cef8bd,28,263739439_4394__n0,263739444_4430__n0,False,False,,,,no_directed_path_within_distance_cap
20161023,3a58880b49b4c56e01532b5655cef8bd,29,263739444_4430__n0,263739441_4463__n0,False,False,,,,no_directed_path_within_distance_cap
20161023,3ee2e283554cae5efc470864730b196b,31,295967308_3809__n1,333418727_3807__n0,False,False,,,,no_directed_path_within_distance_cap
20161023,3ee2e283554cae5efc470864730b196b,32,333418727_3807__n0,287208894_3808__n0,False,False,,,,no_directed_path_within_distance_cap
20161023,3ee2e283554cae5efc470864730b196b,41,456114496_2625__n0,456114494_3826__n0,False,False,,,,no_directed_path_within_distance_cap
20161023,3ee2e283554cae5efc470864730b196b,42,456114494_3826__n0,456114499_3829__n0,False,False,,,,no_directed_path_within_distance_cap
20161023,3ef7067fd6b0dde0d065a08faca362b2,10,334281912_9927__n0,258081761_9924__n0,False,False,,,,no_directed_path_within_distance_cap
20161023,4063d833da73fc58113301a95d707eaa,35,258081755_9328__n2,258081761_9924__n0,False,False,,,,no_directed_path_within_distance_cap
20161023,4063d833da73fc58113301a95d707eaa,50,335525201_10190__n2,264110603_10196__n0,False,False,,,,no_directed_path_within_distance_cap
20161023,4063d833da73fc58113301a95d707eaa,55,264110602_10343__n0,457983481_10350__n0,False,False,,,,no_directed_path_within_distance_cap
20161023,43417f9831dd3d425ea0f3b577676988,44,263486164_8865__n1,152428008_8842__n0,False,False,,,,no_directed_path_within_distance_cap
20161023,43417f9831dd3d425ea0f3b577676988,45,152428008_8842__n0,263738593_8825__n0,False,False,,,,no_directed_path_within_distance_cap
20161023,43417f9831dd3d425ea0f3b577676988,46,263738593_8825__n0,170357393_8845__n0,False,False,,,,no_directed_path_within_distance_cap
20161023,43417f9831dd3d425ea0f3b577676988,49,264453195_8820__n1,266995293_8807__n7,False,False,,,,no_directed_path_within_distance_cap
20161023,49675d424bc98024570f6e3ffc920385,11,267161908_4623__n0,447556669_4620__n0,False,False,,,,no_directed_path_within_distance_cap
20161023,49675d424bc98024570f6e3ffc920385,12,447556669_4620__n0,369790063_4473__n1,False,False,,,,no_directed_path_within_distance_cap
20161023,49675d424bc98024570f6e3ffc920385,41,334971108_3842__n1,447556657_3818__n0,False,False,,,,no_directed_path_within_distance_cap
20161023,49675d424bc98024570f6e3ffc920385,42,447556657_3818__n0,447556635_3812__n0,False,False,,,,no_directed_path_within_distance_cap
20161023,4da9e9cc75511b1dad109515e05b4ad4,14,263486156_2564__n1,334648929_2545__n0,False,False,,,,no_directed_path_within_distance_cap
20161023,4da9e9cc75511b1dad109515e05b4ad4,15,334648929_2545__n0,28340417_2566__n2,False,False,,,,no_directed_path_within_distance_cap
20161023,50549b15a3534782773411f00b4768b8,16,152427992_2534__n0,381429052_2558__n0,False,False,,,,no_directed_path_within_distance_cap
20161023,50549b15a3534782773411f00b4768b8,17,381429052_2558__n0,26174011_2565__n0,False,False,,,,no_directed_path_within_distance_cap
20161023,50549b15a3534782773411f00b4768b8,39,287208893_3810__n0,333418727_3807__n0,False,False,,,,no_directed_path_within_distance_cap
20161023,50549b15a3534782773411f00b4768b8,40,333418727_3807__n0,295967306_3814__n0,False,False,,,,no_directed_path_within_distance_cap
20161023,50549b15a3534782773411f00b4768b8,44,457984513_2719__n0,28258007_2668__n0,False,False,,,,no_directed_path_within_distance_cap
20161023,50549b15a3534782773411f00b4768b8,69,400213936_3981__n1,267598519_4210__n0,False,False,,,,no_directed_path_within_distance_cap
20161023,524c5e166533db59c9b69df795dcde84,5,447556655_10144__n0,59140289_10148__n0,False,False,,,,no_directed_path_within_distance_cap
20161023,524c5e166533db59c9b69df795dcde84,6,59140289_10148__n0,263769956_10146__n0,False,False,,,,no_directed_path_within_distance_cap
20161023,524c5e166533db59c9b69df795dcde84,14,335525201_10190__n2,264110603_10196__n0,False,False,,,,no_directed_path_within_distance_cap
20161023,524c5e166533db59c9b69df795dcde84,16,267404277_10198__n0,457983485_10197__n0,False,False,,,,no_directed_path_within_distance_cap
20161023,524c5e166533db59c9b69df795dcde84,19,457983487_10217__n0,264110605_10216__n0,False,False,,,,no_directed_path_within_distance_cap
20161023,5250ff94dd94cf18cdfff20766a1cc68,35,263486164_8865__n1,152428008_8842__n0,False,False,,,,no_directed_path_within_distance_cap
20161023,5250ff94dd94cf18cdfff20766a1cc68,36,152428008_8842__n0,263738593_8825__n0,False,False,,,,no_directed_path_within_distance_cap
20161023,5250ff94dd94cf18cdfff20766a1cc68,37,263738593_8825__n0,170357393_8845__n0,False,False,,,,no_directed_path_within_distance_cap
20161023,5250ff94dd94cf18cdfff20766a1cc68,38,170357393_8845__n0,263486158_8846__n2,False,False,,,,no_directed_path_within_distance_cap
20161023,54866befeb5111147b14da34b1a01228,18,254489535_4423__n0,447556699_4425__n0,False,False,,,,no_directed_path_within_distance_cap
20161023,54866befeb5111147b14da34b1a01228,19,447556699_4425__n0,266957160_4410__n0,False,False,,,,no_directed_path_within_distance_cap
20161023,54866befeb5111147b14da34b1a01228,44,142321459_10143__n4,59140289_10148__n0,False,False,,,,no_directed_path_within_distance_cap
20161023,54866befeb5111147b14da34b1a01228,45,59140289_10148__n0,263769956_10146__n0,False,False,,,,no_directed_path_within_distance_cap
20161023,54b216b2b53383bd8010cadd91386df6,8,142323476_8748__n3,333378721_8502__n0,False,False,,,,no_directed_path_within_distance_cap
20161023,54b216b2b53383bd8010cadd91386df6,9,333378721_8502__n0,333378722_8463__n0,False,False,,,,no_directed_path_within_distance_cap
20161023,5720c8771ec28747c8c6ddbc5cca5992,10,400213936_3981__n1,263770589_4227__n0,False,False,,,,no_directed_path_within_distance_cap
20161023,5720c8771ec28747c8c6ddbc5cca5992,15,263739440_4396__n0,263739444_4430__n0,False,False,,,,no_directed_path_within_distance_cap
20161023,5720c8771ec28747c8c6ddbc5cca5992,16,263739444_4430__n0,263739441_4463__n0,False,False,,,,no_directed_path_within_distance_cap
20161023,59f2db269d0f4dcd47c4f5c5713bfd7e,24,333404261_9947__n0,258081763_9944__n0,False,False,,,,no_directed_path_within_distance_cap
20161023,59f2db269d0f4dcd47c4f5c5713bfd7e,67,48795850_3950__n7,277672360_2721__n0,False,False,,,,no_directed_path_within_distance_cap
20161023,59f2db269d0f4dcd47c4f5c5713bfd7e,68,277672360_2721__n0,28258007_2668__n0,False,False,,,,no_directed_path_within_distance_cap
20161023,5d7b608b11d98165494e35da74870f4a,29,333403957_4191__n0,263770589_4227__n0,False,False,,,,no_directed_path_within_distance_cap
20161023,5d7b608b11d98165494e35da74870f4a,34,263739439_4394__n0,263739444_4430__n0,False,False,,,,no_directed_path_within_distance_cap
20161023,5d7b608b11d98165494e35da74870f4a,35,263739444_4430__n0,263739441_4463__n0,False,False,,,,no_directed_path_within_distance_cap
20161023,5d7b608b11d98165494e35da74870f4a,47,457984363_4609__n0,28358449_4742__n0,False,False,,,,no_directed_path_within_distance_cap
20161023,5d7b608b11d98165494e35da74870f4a,48,28358449_4742__n0,254607360_4735__n0,False,False,,,,no_directed_path_within_distance_cap
20161023,5d7b608b11d98165494e35da74870f4a,56,295968700_4712__n2,447556647_4700__n0,False,False,,,,no_directed_path_within_distance_cap
20161023,5f659650196c9c43a6f3b8161ea96d55,4,28258924_2310__n4,28340417_2566__n3,False,False,,,,no_directed_path_within_distance_cap
20161023,5f659650196c9c43a6f3b8161ea96d55,5,28340417_2566__n3,89567410_2603__n0,False,False,,,,no_directed_path_within_distance_cap
20161023,5f659650196c9c43a6f3b8161ea96d55,29,334283251_3832__n0,447556665_3836__n0,False,False,,,,no_directed_path_within_distance_cap
20161023,5f659650196c9c43a6f3b8161ea96d55,30,447556665_3836__n0,266795179_4103__n0,False,False,,,,no_directed_path_within_distance_cap
20161023,5f659650196c9c43a6f3b8161ea96d55,54,258248751_9995__n5,447556632_9993__n0,False,False,,,,no_directed_path_within_distance_cap
20161023,5f659650196c9c43a6f3b8161ea96d55,56,447556632_9993__n1,258248751_9995__n0,False,False,,,,no_directed_path_within_distance_cap
20161023,60aff1d9dffa5e844393a7e89e21456e,26,333404261_9947__n0,258081763_9944__n0,False,False,,,,no_directed_path_within_distance_cap
20161023,632b0a65ae52ef59f27426aefff484fa,4,266577945_3892__n6,447556667_3885__n0,False,False,,,,no_directed_path_within_distance_cap
20161023,632b0a65ae52ef59f27426aefff484fa,5,447556667_3885__n0,266577952_2713__n0,False,False,,,,no_directed_path_within_distance_cap
20161023,632b0a65ae52ef59f27426aefff484fa,28,447556677_3805__n2,334971111_3817__n0,False,False,,,,no_directed_path_within_distance_cap
20161023,632b0a65ae52ef59f27426aefff484fa,29,334971111_3817__n0,334971109_3844__n0,False,False,,,,no_directed_path_within_distance_cap
20161023,6757a092e62cd9608b661f41c08115c8,15,263486164_8865__n1,152428008_8842__n0,False,False,,,,no_directed_path_within_distance_cap
20161023,6757a092e62cd9608b661f41c08115c8,16,152428008_8842__n0,263738593_8825__n0,False,False,,,,no_directed_path_within_distance_cap
20161023,6757a092e62cd9608b661f41c08115c8,17,263738593_8825__n0,152427989_8811__n0,False,False,,,,no_directed_path_within_distance_cap
20161023,6757a092e62cd9608b661f41c08115c8,18,152427989_8811__n0,263486158_8846__n2,False,False,,,,no_directed_path_within_distance_cap
20161023,6e56c6dd3c706e5e750241b16fe28cc6,9,334648934_2579__n3,152427999_2561__n0,False,False,,,,no_directed_path_within_distance_cap
20161023,6e56c6dd3c706e5e750241b16fe28cc6,10,152427999_2561__n0,381429051_2533__n0,False,False,,,,no_directed_path_within_distance_cap
20161023,6f895005fe5ff5224cf289fbb8aaaebb,17,263486164_8865__n1,152428008_8842__n0,False,False,,,,no_directed_path_within_distance_cap
20161023,6f895005fe5ff5224cf289fbb8aaaebb,18,152428008_8842__n0,263738593_8825__n0,False,False,,,,no_directed_path_within_distance_cap
20161023,6f895005fe5ff5224cf289fbb8aaaebb,19,263738593_8825__n0,152427989_8811__n0,False,False,,,,no_directed_path_within_distance_cap
20161023,6f895005fe5ff5224cf289fbb8aaaebb,20,152427989_8811__n0,263486158_8846__n2,False,False,,,,no_directed_path_within_distance_cap
20161023,6f895005fe5ff5224cf289fbb8aaaebb,25,152427991_2563__n0,26174011_2565__n0,False,False,,,,no_directed_path_within_distance_cap
20161023,6f895005fe5ff5224cf289fbb8aaaebb,30,263486156_2564__n1,334648929_2545__n0,False,False,,,,no_directed_path_within_distance_cap
20161023,6f895005fe5ff5224cf289fbb8aaaebb,31,334648929_2545__n0,28340417_2566__n0,False,False,,,,no_directed_path_within_distance_cap
20161023,6fe24e70a2c0a6022f4f6e6e9d710412,25,333404261_9947__n0,258081763_9944__n1,False,False,,,,no_directed_path_within_distance_cap
20161023,732e5ac0a3eb05cc20e282b71e60e631,9,334802599_8864__n1,156593905_8875__n0,False,False,,,,no_directed_path_within_distance_cap
20161023,732e5ac0a3eb05cc20e282b71e60e631,14,263486164_8865__n1,152428008_8842__n0,False,False,,,,no_directed_path_within_distance_cap
20161023,732e5ac0a3eb05cc20e282b71e60e631,15,152428008_8842__n0,263738593_8825__n0,False,False,,,,no_directed_path_within_distance_cap
20161023,732e5ac0a3eb05cc20e282b71e60e631,16,263738593_8825__n0,170357393_8845__n0,False,False,,,,no_directed_path_within_distance_cap
20161023,732e5ac0a3eb05cc20e282b71e60e631,17,170357393_8845__n0,263486158_8846__n2,False,False,,,,no_directed_path_within_distance_cap
20161023,732e5ac0a3eb05cc20e282b71e60e631,29,263486156_2564__n1,334648929_2545__n0,False,False,,,,no_directed_path_within_distance_cap
20161023,732e5ac0a3eb05cc20e282b71e60e631,30,334648929_2545__n0,28340417_2566__n0,False,False,,,,no_directed_path_within_distance_cap
20161023,732e5ac0a3eb05cc20e282b71e60e631,34,28340417_2566__n3,258738667_2572__n1,False,False,,,,no_directed_path_within_distance_cap
20161023,732e5ac0a3eb05cc20e282b71e60e631,52,162540382_2656__n0,152428519_2370__n0,False,False,,,,no_directed_path_within_distance_cap
20161023,732e5ac0a3eb05cc20e282b71e60e631,55,152428516_2373__n1,293499686_2413__n0,False,False,,,,no_directed_path_within_distance_cap
20161023,732e5ac0a3eb05cc20e282b71e60e631,57,162532771_2418__n0,381409557_2425__n0,False,False,,,,no_directed_path_within_distance_cap
20161023,732e5ac0a3eb05cc20e282b71e60e631,58,381409557_2425__n0,381409554_2631__n0,False,False,,,,no_directed_path_within_distance_cap
20161023,732e5ac0a3eb05cc20e282b71e60e631,63,162540383_2627__n4,162532933_2408__n0,False,False,,,,no_directed_path_within_distance_cap
20161023,74af3291b68263389b8524af98765929,44,216639727_3875__n2,447556689_3835__n0,False,False,,,,no_directed_path_within_distance_cap
20161023,74af3291b68263389b8524af98765929,45,447556689_3835__n0,266795172_3791__n0,False,False,,,,no_directed_path_within_distance_cap
20161023,74af3291b68263389b8524af98765929,54,447556677_3805__n2,334971111_3817__n0,False,False,,,,no_directed_path_within_distance_cap
20161023,74af3291b68263389b8524af98765929,55,334971111_3817__n0,334971109_3844__n0,False,False,,,,no_directed_path_within_distance_cap
20161023,74af3291b68263389b8524af98765929,61,334971108_3842__n2,447556657_3818__n0,False,False,,,,no_directed_path_within_distance_cap
20161023,74af3291b68263389b8524af98765929,62,447556657_3818__n0,447556635_3812__n0,False,False,,,,no_directed_path_within_distance_cap
20161023,7dfe3e68a6f6857d71b48ead417f9b3b,6,370672200_8961__n2,378402213_9030__n0,False,False,,,,no_directed_path_within_distance_cap
20161023,7dfe3e68a6f6857d71b48ead417f9b3b,8,293499685_9031__n2,266583966_9450__n0,False,False,,,,no_directed_path_within_distance_cap
20161023,7dfe3e68a6f6857d71b48ead417f9b3b,12,457047970_9470__n1,266583956_9285__n0,False,False,,,,no_directed_path_within_distance_cap
20161023,7dfe3e68a6f6857d71b48ead417f9b3b,13,266583956_9285__n0,335518753_9286__n1,False,False,,,,no_directed_path_within_distance_cap
20161023,7dfe3e68a6f6857d71b48ead417f9b3b,35,287208893_3810__n0,333418727_3807__n0,False,False,,,,no_directed_path_within_distance_cap
20161023,7dfe3e68a6f6857d71b48ead417f9b3b,36,333418727_3807__n0,295967306_3814__n0,False,False,,,,no_directed_path_within_distance_cap
20161023,7dfe3e68a6f6857d71b48ead417f9b3b,42,457984513_2719__n2,290629743_2711__n0,False,False,,,,no_directed_path_within_distance_cap
20161023,7dfe3e68a6f6857d71b48ead417f9b3b,51,400213936_3981__n1,28258957_4211__n0,False,False,,,,no_directed_path_within_distance_cap
20161023,7fd8375eb900e52f4d98d92512d94eca,33,335525201_10190__n2,457983485_10197__n0,False,False,,,,no_directed_path_within_distance_cap
20161023,7fd8375eb900e52f4d98d92512d94eca,36,457983487_10217__n0,264110605_10216__n0,False,False,,,,no_directed_path_within_distance_cap
20161023,8229175023ec12f53dad1670ebc42174,19,447556678_4223__n2,333403959_4222__n0,False,False,,,,no_directed_path_within_distance_cap
20161023,8229175023ec12f53dad1670ebc42174,26,263739439_4394__n0,263739444_4430__n0,False,False,,,,no_directed_path_within_distance_cap
20161023,8229175023ec12f53dad1670ebc42174,27,263739444_4430__n0,263739441_4463__n0,False,False,,,,no_directed_path_within_distance_cap
20161023,8365d77d4d061e8b67bf6bc057f1e223,17,381473319_2222__n2,381473319_2222__n1,False,False,,,,no_directed_path_within_distance_cap
20161023,8365d77d4d061e8b67bf6bc057f1e223,18,381473319_2222__n1,381473924_2493__n0,False,False,,,,no_directed_path_within_distance_cap
20161023,8365d77d4d061e8b67bf6bc057f1e223,19,381473924_2493__n0,381473316_2649__n1,False,False,,,,no_directed_path_within_distance_cap
20161023,8365d77d4d061e8b67bf6bc057f1e223,28,335518635_3920__n0,28258957_4211__n0,False,False,,,,no_directed_path_within_distance_cap
20161023,899b0c30307610470b242d46c09fa8b4,2,263486156_2564__n1,334648929_2545__n0,False,False,,,,no_directed_path_within_distance_cap
20161023,899b0c30307610470b242d46c09fa8b4,3,334648929_2545__n0,28340417_2566__n0,False,False,,,,no_directed_path_within_distance_cap
20161023,899b0c30307610470b242d46c09fa8b4,7,258738668_2570__n0,258738667_2572__n0,False,False,,,,no_directed_path_within_distance_cap
20161023,899b0c30307610470b242d46c09fa8b4,9,258738667_2572__n1,258738668_2570__n0,False,False,,,,no_directed_path_within_distance_cap
20161023,899b0c30307610470b242d46c09fa8b4,12,258738667_2572__n2,258738666_2575__n0,False,False,,,,no_directed_path_within_distance_cap
20161023,899b0c30307610470b242d46c09fa8b4,13,258738666_2575__n0,89567417_2568__n0,False,False,,,,no_directed_path_within_distance_cap
20161023,899b0c30307610470b242d46c09fa8b4,14,89567417_2568__n0,28258926_2311__n0,False,False,,,,no_directed_path_within_distance_cap
20161023,8b03c2d270cb16ee22c347e1f4294396,7,447556677_3805__n2,334971111_3817__n0,False,False,,,,no_directed_path_within_distance_cap
20161023,8b03c2d270cb16ee22c347e1f4294396,8,334971111_3817__n0,447556637_3821__n0,False,False,,,,no_directed_path_within_distance_cap
20161023,8b03c2d270cb16ee22c347e1f4294396,14,334971108_3842__n1,447556657_3818__n0,False,False,,,,no_directed_path_within_distance_cap
20161023,8b03c2d270cb16ee22c347e1f4294396,15,447556657_3818__n0,447556635_3812__n0,False,False,,,,no_directed_path_within_distance_cap
20161023,8c1425eee13180af959ef68cf093f265,14,258248751_9995__n5,447556632_9993__n0,False,False,,,,no_directed_path_within_distance_cap
20161023,8c1425eee13180af959ef68cf093f265,16,266581123_9997__n0,212736874_9994__n0,False,False,,,,no_directed_path_within_distance_cap
20161023,8c1425eee13180af959ef68cf093f265,22,263770108_9943__n1,272525419_9936__n0,False,False,,,,no_directed_path_within_distance_cap
20161023,8c1425eee13180af959ef68cf093f265,24,263770108_9943__n0,266581134_9933__n1,False,False,,,,no_directed_path_within_distance_cap
20161023,8fdf366fdc377cf5f577ce7cad573f68,29,381473317_2629__n0,162540383_2627__n4,False,False,,,,no_directed_path_within_distance_cap
20161023,8fdf366fdc377cf5f577ce7cad573f68,30,162540383_2627__n4,162532933_2408__n0,False,False,,,,no_directed_path_within_distance_cap
20161023,94a282d9ecb1e2a086a864f678685e2d,1,255201450_10351__n0,457983472_10329__n0,False,False,,,,no_directed_path_within_distance_cap
20161023,94a282d9ecb1e2a086a864f678685e2d,2,457983472_10329__n0,258248021_10327__n0,False,False,,,,no_directed_path_within_distance_cap
20161023,94a282d9ecb1e2a086a864f678685e2d,4,258248021_10327__n1,267598222_10320__n0,False,False,,,,no_directed_path_within_distance_cap
20161023,94a282d9ecb1e2a086a864f678685e2d,5,267598222_10320__n0,457983477_10205__n0,False,False,,,,no_directed_path_within_distance_cap
20161023,94a282d9ecb1e2a086a864f678685e2d,8,460338576_10200__n0,447556692_10186__n0,False,False,,,,no_directed_path_within_distance_cap
20161023,9585bbffb364477c22a2e2288236dbfb,15,400213936_3981__n1,267598519_4210__n0,False,False,,,,no_directed_path_within_distance_cap
20161023,96d51adae6b2995fc9d897bc250bba07,13,381956608_8924__n2,293499685_9031__n0,False,False,,,,no_directed_path_within_distance_cap
20161023,98624561bc1a2fd87ea48e380192e1af,9,263770043_10150__n0,263769954_10152__n0,False,False,,,,no_directed_path_within_distance_cap
20161023,98624561bc1a2fd87ea48e380192e1af,10,263769954_10152__n0,447556640_10154__n0,False,False,,,,no_directed_path_within_distance_cap
20161023,9923beaaf6bf6ee3e5bc4a963d015335,21,162540382_2656__n0,152428519_2370__n0,False,False,,,,no_directed_path_within_distance_cap
20161023,9923beaaf6bf6ee3e5bc4a963d015335,24,152428516_2373__n1,293499686_2413__n0,False,False,,,,no_directed_path_within_distance_cap
20161023,9923beaaf6bf6ee3e5bc4a963d015335,26,162532771_2418__n0,381409557_2425__n0,False,False,,,,no_directed_path_within_distance_cap
20161023,9923beaaf6bf6ee3e5bc4a963d015335,27,381409557_2425__n0,162532768_2499__n0,False,False,,,,no_directed_path_within_distance_cap
20161023,9923beaaf6bf6ee3e5bc4a963d015335,29,162532768_2499__n1,28320648_2517__n0,False,False,,,,no_directed_path_within_distance_cap
20161023,9923beaaf6bf6ee3e5bc4a963d015335,30,28320648_2517__n0,162658756_2525__n0,False,False,,,,no_directed_path_within_distance_cap
20161023,a104a283a1da1bf7a38a8917576cb00e,2,457983480_10346__n0,457983472_10329__n0,False,False,,,,no_directed_path_within_distance_cap
20161023,a104a283a1da1bf7a38a8917576cb00e,3,457983472_10329__n0,264110602_10343__n0,False,False,,,,no_directed_path_within_distance_cap
20161023,a104a283a1da1bf7a38a8917576cb00e,5,457983488_10326__n0,264110606_10212__n0,False,False,,,,no_directed_path_within_distance_cap
20161023,a104a283a1da1bf7a38a8917576cb00e,6,264110606_10212__n0,267404273_10199__n0,False,False,,,,no_directed_path_within_distance_cap
20161023,a104a283a1da1bf7a38a8917576cb00e,8,264110603_10196__n0,457983474_10193__n0,False,False,,,,no_directed_path_within_distance_cap
20161023,a1ec74f70bcf9ec46d700c4909bcd184,8,28276814_4648__n0,28340518_4649__n0,False,False,,,,no_directed_path_within_distance_cap
20161023,a1ec74f70bcf9ec46d700c4909bcd184,9,28340518_4649__n0,28358459_4601__n0,False,False,,,,no_directed_path_within_distance_cap
20161023,a1ec74f70bcf9ec46d700c4909bcd184,13,457984365_4467__n2,263739442_4429__n0,False,False,,,,no_directed_path_within_distance_cap
20161023,a1ec74f70bcf9ec46d700c4909bcd184,14,263739442_4429__n0,263739438_4395__n0,False,False,,,,no_directed_path_within_distance_cap
20161023,a36ced687fed814d2bc23260a0194733,22,40541061_3902__n0,447556657_3818__n0,False,False,,,,no_directed_path_within_distance_cap
20161023,a36ced687fed814d2bc23260a0194733,23,447556657_3818__n0,447556635_3812__n0,False,False,,,,no_directed_path_within_distance_cap
20161023,a76fe9f133335cca6b7bb77d5df73cf4,8,267161908_4623__n0,447556669_4620__n0,False,False,,,,no_directed_path_within_distance_cap
20161023,a76fe9f133335cca6b7bb77d5df73cf4,9,447556669_4620__n0,369790063_4473__n0,False,False,,,,no_directed_path_within_distance_cap
20161023,b51382eae5d73913b81d028e3a012616,7,28320650_2501__n2,381473923_2497__n0,False,False,,,,no_directed_path_within_distance_cap
20161023,b51382eae5d73913b81d028e3a012616,10,162540383_2627__n4,162542043_2415__n0,False,False,,,,no_directed_path_within_distance_cap
20161023,b51382eae5d73913b81d028e3a012616,11,162542043_2415__n0,162532765_2419__n0,False,False,,,,no_directed_path_within_distance_cap
20161023,b51382eae5d73913b81d028e3a012616,14,162532765_2419__n2,162532762_2374__n0,False,False,,,,no_directed_path_within_distance_cap
20161023,b51382eae5d73913b81d028e3a012616,15,162532762_2374__n0,293499687_2371__n0,False,False,,,,no_directed_path_within_distance_cap
20161023,b51382eae5d73913b81d028e3a012616,17,293499687_2371__n1,152428518_2369__n0,False,False,,,,no_directed_path_within_distance_cap
20161023,b51382eae5d73913b81d028e3a012616,19,152428518_2369__n1,162540379_2393__n0,False,False,,,,no_directed_path_within_distance_cap
20161023,b51382eae5d73913b81d028e3a012616,20,162540379_2393__n0,28340419_2383__n0,False,False,,,,no_directed_path_within_distance_cap
20161023,c4f79751a00b6feb6b02450b505fe523,2,83557214_10059__n0,156592802_10050__n1,False,False,,,,no_directed_path_within_distance_cap
20161023,c4f79751a00b6feb6b02450b505fe523,36,231865403_9452__n0,266583962_9032__n0,False,False,,,,no_directed_path_within_distance_cap
20161023,c4f79751a00b6feb6b02450b505fe523,37,266583962_9032__n0,231865404_8915__n0,False,False,,,,no_directed_path_within_distance_cap
20161023,c4f79751a00b6feb6b02450b505fe523,42,334802599_8864__n1,156593905_8875__n0,False,False,,,,no_directed_path_within_distance_cap
20161023,c4f79751a00b6feb6b02450b505fe523,45,156593905_8875__n2,263738593_8825__n0,False,False,,,,no_directed_path_within_distance_cap
20161023,c4f79751a00b6feb6b02450b505fe523,46,263738593_8825__n0,170357393_8845__n0,False,False,,,,no_directed_path_within_distance_cap
20161023,c4f79751a00b6feb6b02450b505fe523,49,264453195_8820__n1,266995293_8807__n7,False,False,,,,no_directed_path_within_distance_cap
20161023,c7edf1f1fb92f7b639976b0e98510837,1,259323729_4236__n0,28296475_4216__n7,False,False,,,,no_directed_path_within_distance_cap
20161023,c7edf1f1fb92f7b639976b0e98510837,12,447556678_4223__n2,333403959_4222__n0,False,False,,,,no_directed_path_within_distance_cap
20161023,cc98f99334f0753a114279de96aa5087,8,28320650_2501__n2,381473923_2497__n0,False,False,,,,no_directed_path_within_distance_cap
20161023,cc98f99334f0753a114279de96aa5087,11,162540383_2627__n4,162542043_2415__n0,False,False,,,,no_directed_path_within_distance_cap
20161023,cc98f99334f0753a114279de96aa5087,12,162542043_2415__n0,162532765_2419__n0,False,False,,,,no_directed_path_within_distance_cap
20161023,cc98f99334f0753a114279de96aa5087,15,162532765_2419__n2,162532762_2374__n0,False,False,,,,no_directed_path_within_distance_cap
20161023,cc98f99334f0753a114279de96aa5087,16,162532762_2374__n0,293499687_2371__n0,False,False,,,,no_directed_path_within_distance_cap
20161023,cc98f99334f0753a114279de96aa5087,18,293499687_2371__n1,152428518_2369__n0,False,False,,,,no_directed_path_within_distance_cap
20161023,cc98f99334f0753a114279de96aa5087,25,334648916_2386__n0,30525582_2363__n0,False,False,,,,no_directed_path_within_distance_cap
20161023,cc98f99334f0753a114279de96aa5087,26,30525582_2363__n0,334648923_2380__n1,False,False,,,,no_directed_path_within_distance_cap
20161023,d0a489de41374650bc0c77c972b890a2,31,333404261_9947__n0,258081763_9944__n1,False,False,,,,no_directed_path_within_distance_cap
20161023,d0eb09d52b2ae581e69bbfa59d14698f,5,447556678_4223__n2,333403959_4222__n0,False,False,,,,no_directed_path_within_distance_cap
20161023,d0eb09d52b2ae581e69bbfa59d14698f,10,333403958_4190__n2,446811235_4189__n0,False,False,,,,no_directed_path_within_distance_cap
20161023,d0eb09d52b2ae581e69bbfa59d14698f,18,266577945_3892__n6,266577955_2715__n0,False,False,,,,no_directed_path_within_distance_cap
20161023,d0eb09d52b2ae581e69bbfa59d14698f,19,266577955_2715__n0,266577952_2713__n0,False,False,,,,no_directed_path_within_distance_cap
20161023,d8debb754dcad90be4926f857e94cd79,9,335513936_2221__n1,381473319_2222__n1,False,False,,,,no_directed_path_within_distance_cap
20161023,d8debb754dcad90be4926f857e94cd79,13,335513936_2221__n2,381473318_2414__n0,False,False,,,,no_directed_path_within_distance_cap
20161023,d8debb754dcad90be4926f857e94cd79,14,381473318_2414__n0,162542043_2415__n2,False,False,,,,no_directed_path_within_distance_cap
20161023,d8debb754dcad90be4926f857e94cd79,15,162542043_2415__n2,162540383_2627__n4,False,False,,,,no_directed_path_within_distance_cap
20161023,d8debb754dcad90be4926f857e94cd79,17,162542043_2415__n1,162532765_2419__n0,False,False,,,,no_directed_path_within_distance_cap
20161023,d8debb754dcad90be4926f857e94cd79,20,162532765_2419__n2,162532762_2374__n0,False,False,,,,no_directed_path_within_distance_cap
20161023,d8debb754dcad90be4926f857e94cd79,21,162532762_2374__n0,293499687_2371__n0,False,False,,,,no_directed_path_within_distance_cap
20161023,d8debb754dcad90be4926f857e94cd79,23,293499687_2371__n1,152428518_2369__n0,False,False,,,,no_directed_path_within_distance_cap
20161023,d8debb754dcad90be4926f857e94cd79,91,152427993_8794__n3,264453197_8806__n0,False,False,,,,no_directed_path_within_distance_cap
20161023,d8debb754dcad90be4926f857e94cd79,92,264453197_8806__n0,155248440_8810__n0,False,False,,,,no_directed_path_within_distance_cap
20161023,d8debb754dcad90be4926f857e94cd79,93,155248440_8810__n0,263738592_8824__n0,False,False,,,,no_directed_path_within_distance_cap
20161023,d8debb754dcad90be4926f857e94cd79,94,263738592_8824__n0,263738594_8839__n0,False,False,,,,no_directed_path_within_distance_cap
20161023,d8debb754dcad90be4926f857e94cd79,95,263738594_8839__n0,263486164_8865__n1,False,False,,,,no_directed_path_within_distance_cap
20161023,d8debb754dcad90be4926f857e94cd79,96,263486164_8865__n1,152427983_8844__n0,False,False,,,,no_directed_path_within_distance_cap
20161023,d8debb754dcad90be4926f857e94cd79,110,263486164_8865__n0,152427983_8844__n1,False,False,,,,no_directed_path_within_distance_cap
20161023,d8debb754dcad90be4926f857e94cd79,121,381956608_8924__n2,293499685_9031__n0,False,False,,,,no_directed_path_within_distance_cap
20161023,d8debb754dcad90be4926f857e94cd79,124,293499685_9031__n2,266583966_9450__n0,False,False,,,,no_directed_path_within_distance_cap
20161023,d8debb754dcad90be4926f857e94cd79,126,231866341_9467__n0,266583965_9473__n0,False,False,,,,no_directed_path_within_distance_cap
20161023,d8debb754dcad90be4926f857e94cd79,127,266583965_9473__n0,266583967_9290__n0,False,False,,,,no_directed_path_within_distance_cap
20161023,d8debb754dcad90be4926f857e94cd79,128,266583967_9290__n0,335518756_9485__n0,False,False,,,,no_directed_path_within_distance_cap
20161023,d8debb754dcad90be4926f857e94cd79,131,335518757_9490__n0,266583951_9494__n0,False,False,,,,no_directed_path_within_distance_cap
20161023,d8debb754dcad90be4926f857e94cd79,133,156592791_10021__n0,156592798_10051__n0,False,False,,,,no_directed_path_within_distance_cap
20161023,dea836f61b55397673c6cc9b89c0b7bc,3,231866972_8489__n5,333378724_8528__n0,False,False,,,,no_directed_path_within_distance_cap
20161023,dea836f61b55397673c6cc9b89c0b7bc,4,333378724_8528__n0,333378723_8749__n0,False,False,,,,no_directed_path_within_distance_cap
20161023,dea836f61b55397673c6cc9b89c0b7bc,30,263486160_8829__n1,264453195_8820__n0,False,False,,,,no_directed_path_within_distance_cap
20161023,dea836f61b55397673c6cc9b89c0b7bc,31,264453195_8820__n0,263774845_8826__n0,False,False,,,,no_directed_path_within_distance_cap
20161023,e3e0f574d5c32481f2691320963eef5c,16,334971108_3842__n2,447556657_3818__n0,False,False,,,,no_directed_path_within_distance_cap
20161023,e3e0f574d5c32481f2691320963eef5c,17,447556657_3818__n0,447556635_3812__n0,False,False,,,,no_directed_path_within_distance_cap
20161023,e8c663db6b29a62e7cb302af4b7039c5,4,263486160_8829__n0,152427720_8815__n0,False,False,,,,no_directed_path_within_distance_cap
20161023,e8c663db6b29a62e7cb302af4b7039c5,8,335697693_8836__n0,263738593_8825__n0,False,False,,,,no_directed_path_within_distance_cap
20161023,e8c663db6b29a62e7cb302af4b7039c5,9,263738593_8825__n0,263486158_8846__n2,False,False,,,,no_directed_path_within_distance_cap
20161023,e8c663db6b29a62e7cb302af4b7039c5,12,263485691_8790__n0,26174011_2565__n0,False,False,,,,no_directed_path_within_distance_cap
20161023,e8c663db6b29a62e7cb302af4b7039c5,18,263486156_2564__n1,334648929_2545__n0,False,False,,,,no_directed_path_within_distance_cap
20161023,e8c663db6b29a62e7cb302af4b7039c5,19,334648929_2545__n0,28340417_2566__n0,False,False,,,,no_directed_path_within_distance_cap
20161023,e8c663db6b29a62e7cb302af4b7039c5,41,162540382_2656__n0,152428519_2370__n0,False,False,,,,no_directed_path_within_distance_cap
20161023,e8c663db6b29a62e7cb302af4b7039c5,44,152428516_2373__n1,293499686_2413__n0,False,False,,,,no_directed_path_within_distance_cap
20161023,e8c663db6b29a62e7cb302af4b7039c5,46,162532771_2418__n0,381409557_2425__n0,False,False,,,,no_directed_path_within_distance_cap
20161023,e8c663db6b29a62e7cb302af4b7039c5,47,381409557_2425__n0,152428520_2634__n0,False,False,,,,no_directed_path_within_distance_cap
20161023,e8c663db6b29a62e7cb302af4b7039c5,48,152428520_2634__n0,381473925_2503__n0,False,False,,,,no_directed_path_within_distance_cap
20161023,e8c663db6b29a62e7cb302af4b7039c5,49,381473925_2503__n0,28320648_2517__n0,False,False,,,,no_directed_path_within_distance_cap
20161023,e8c663db6b29a62e7cb302af4b7039c5,50,28320648_2517__n0,162658756_2525__n0,False,False,,,,no_directed_path_within_distance_cap
20161023,ed3ef48e831537bb0fc941a4c93a8df9,1,255201450_10351__n0,457983472_10329__n0,False,False,,,,no_directed_path_within_distance_cap
20161023,ed3ef48e831537bb0fc941a4c93a8df9,2,457983472_10329__n0,258248021_10327__n0,False,False,,,,no_directed_path_within_distance_cap
20161023,ed3ef48e831537bb0fc941a4c93a8df9,5,457983484_10201__n1,457983489_10211__n0,False,False,,,,no_directed_path_within_distance_cap
20161023,ed3ef48e831537bb0fc941a4c93a8df9,6,457983489_10211__n0,264110605_10216__n0,False,False,,,,no_directed_path_within_distance_cap
20161023,f2014e8d942270a51851b88a829660d1,21,212736874_9994__n0,266581123_9997__n0,False,False,,,,no_directed_path_within_distance_cap
20161023,f2014e8d942270a51851b88a829660d1,23,447556632_9993__n1,258248751_9995__n0,False,False,,,,no_directed_path_within_distance_cap
20161023,f2014e8d942270a51851b88a829660d1,54,216639727_3875__n2,447556689_3835__n0,False,False,,,,no_directed_path_within_distance_cap
20161023,f2014e8d942270a51851b88a829660d1,55,447556689_3835__n0,266795172_3791__n0,False,False,,,,no_directed_path_within_distance_cap
20161023,f279ca8e82421a1471a7d26724982bbe,13,152428000_2530__n0,381429052_2558__n0,False,False,,,,no_directed_path_within_distance_cap
20161023,f279ca8e82421a1471a7d26724982bbe,14,381429052_2558__n0,263485692_8789__n0,False,False,,,,no_directed_path_within_distance_cap
20161023,f279ca8e82421a1471a7d26724982bbe,17,152427991_2563__n0,26174011_2565__n0,False,False,,,,no_directed_path_within_distance_cap
20161023,f279ca8e82421a1471a7d26724982bbe,22,263486156_2564__n1,334648929_2545__n0,False,False,,,,no_directed_path_within_distance_cap
20161023,f279ca8e82421a1471a7d26724982bbe,23,334648929_2545__n0,28340417_2566__n0,False,False,,,,no_directed_path_within_distance_cap
20161023,f279ca8e82421a1471a7d26724982bbe,27,28340417_2566__n3,258738667_2572__n1,False,False,,,,no_directed_path_within_distance_cap
20161023,f279ca8e82421a1471a7d26724982bbe,45,162540382_2656__n0,152428519_2370__n0,False,False,,,,no_directed_path_within_distance_cap
20161023,f279ca8e82421a1471a7d26724982bbe,48,152428516_2373__n1,293499686_2413__n0,False,False,,,,no_directed_path_within_distance_cap
20161023,f279ca8e82421a1471a7d26724982bbe,50,162532771_2418__n0,381409557_2425__n0,False,False,,,,no_directed_path_within_distance_cap
20161023,f279ca8e82421a1471a7d26724982bbe,51,381409557_2425__n0,381409554_2631__n0,False,False,,,,no_directed_path_within_distance_cap
20161023,f279ca8e82421a1471a7d26724982bbe,53,162532790_2500__n0,381473925_2503__n0,False,False,,,,no_directed_path_within_distance_cap
20161023,f279ca8e82421a1471a7d26724982bbe,54,381473925_2503__n0,258738965_2521__n0,False,False,,,,no_directed_path_within_distance_cap
20161023,f9aa9fd49a6289e966a20537c804509e,23,335518638_2714__n0,447556663_3884__n0,False,False,,,,no_directed_path_within_distance_cap
20161023,f9aa9fd49a6289e966a20537c804509e,24,447556663_3884__n0,266577945_3892__n0,False,False,,,,no_directed_path_within_distance_cap
20161023,f9aa9fd49a6289e966a20537c804509e,58,59140333_4472__n6,369790063_4473__n0,False,False,,,,no_directed_path_within_distance_cap
20161023,f9aa9fd49a6289e966a20537c804509e,60,457308487_4599__n0,447556636_4619__n0,False,False,,,,no_directed_path_within_distance_cap
20161023,f9aa9fd49a6289e966a20537c804509e,61,447556636_4619__n0,369790064_4622__n0,False,False,,,,no_directed_path_within_distance_cap
20161023,f9aa9fd49a6289e966a20537c804509e,62,369790064_4622__n0,263773394_4625__n0,False,False,,,,no_directed_path_within_distance_cap
20161023,fc0c6391e6354661ea18ed6d6fec43b3,15,142323461_8750__n3,263572157_8504__n0,False,False,,,,no_directed_path_within_distance_cap
20161023,fc0c6391e6354661ea18ed6d6fec43b3,16,263572157_8504__n0,263572159_8464__n0,False,False,,,,no_directed_path_within_distance_cap
20161023,fc37132935f5a382cb481663b0eaa16e,18,162540382_2656__n0,152428519_2370__n0,False,False,,,,no_directed_path_within_distance_cap
20161023,fc37132935f5a382cb481663b0eaa16e,21,152428516_2373__n1,381473315_2421__n0,False,False,,,,no_directed_path_within_distance_cap
20161023,fc37132935f5a382cb481663b0eaa16e,22,381473315_2421__n0,152428520_2634__n0,False,False,,,,no_directed_path_within_distance_cap
20161023,fc37132935f5a382cb481663b0eaa16e,23,152428520_2634__n0,381473925_2503__n0,False,False,,,,no_directed_path_within_distance_cap
20161023,fc37132935f5a382cb481663b0eaa16e,24,381473925_2503__n0,28320648_2517__n0,False,False,,,,no_directed_path_within_distance_cap
20161023,fc37132935f5a382cb481663b0eaa16e,25,28320648_2517__n0,162658756_2525__n0,False,False,,,,no_directed_path_within_distance_cap
20161023,fc4d7d72ba0a89af1fb40239ae30360c,41,142321461_4411__n11,266957158_4432__n0,False,False,,,,no_directed_path_within_distance_cap
20161023,fc4d7d72ba0a89af1fb40239ae30360c,42,266957158_4432__n0,266957157_4431__n0,False,False,,,,no_directed_path_within_distance_cap
20161023,fc4d7d72ba0a89af1fb40239ae30360c,90,258742307_2667__n15,447556687_2722__n0,False,False,,,,no_directed_path_within_distance_cap
20161023,fc4d7d72ba0a89af1fb40239ae30360c,91,447556687_2722__n0,277672363_3949__n0,False,False,,,,no_directed_path_within_distance_cap
20161023,fead128790e4544ee6d80b9763dc357d,7,28320650_2501__n2,162532775_2495__n0,False,False,,,,no_directed_path_within_distance_cap
20161023,fead128790e4544ee6d80b9763dc357d,9,162532779_2626__n0,162532765_2419__n0,False,False,,,,no_directed_path_within_distance_cap
20161023,fead128790e4544ee6d80b9763dc357d,12,162532762_2374__n0,293499687_2371__n1,False,False,,,,no_directed_path_within_distance_cap
20161023,fead128790e4544ee6d80b9763dc357d,13,293499687_2371__n1,152428518_2369__n0,False,False,,,,no_directed_path_within_distance_cap
20161023,fead128790e4544ee6d80b9763dc357d,53,152427993_8794__n3,152427989_8811__n0,False,False,,,,no_directed_path_within_distance_cap
20161023,fead128790e4544ee6d80b9763dc357d,54,152427989_8811__n0,263738592_8824__n0,False,False,,,,no_directed_path_within_distance_cap
20161023,fead128790e4544ee6d80b9763dc357d,55,263738592_8824__n0,152428008_8842__n0,False,False,,,,no_directed_path_within_distance_cap
20161023,fead128790e4544ee6d80b9763dc357d,56,152428008_8842__n0,152427983_8844__n0,False,False,,,,no_directed_path_within_distance_cap
20161023,04343c8dd1d386da2fe65628a952ab21,14,290629741_2706__n0,290629743_2711__n0,False,False,,,,no_directed_path_within_distance_cap
20161023,0e93b811d384933c1317d548206840f7,11,48795850_3950__n7,277672360_2721__n0,False,False,,,,no_directed_path_within_distance_cap
20161023,0e93b811d384933c1317d548206840f7,12,277672360_2721__n0,28258007_2668__n0,False,False,,,,no_directed_path_within_distance_cap
20161023,0e93b811d384933c1317d548206840f7,49,334648934_2579__n3,26174009_2303__n2,False,False,,,,no_directed_path_within_distance_cap
20161023,12b9581f305aa940397943035d018838,11,48795850_3950__n7,277672360_2721__n0,False,False,,,,no_directed_path_within_distance_cap
20161023,12b9581f305aa940397943035d018838,12,277672360_2721__n0,28258007_2668__n0,False,False,,,,no_directed_path_within_distance_cap
20161023,12b9581f305aa940397943035d018838,33,258738671_2596__n0,89567417_2568__n0,False,False,,,,no_directed_path_within_distance_cap
20161023,12b9581f305aa940397943035d018838,34,89567417_2568__n0,28258926_2311__n0,False,False,,,,no_directed_path_within_distance_cap
20161023,1630de61aae59db54f9596e764f8f22d,11,267161908_4623__n0,447556669_4620__n0,False,False,,,,no_directed_path_within_distance_cap
20161023,1630de61aae59db54f9596e764f8f22d,12,447556669_4620__n0,369790063_4473__n0,False,False,,,,no_directed_path_within_distance_cap
20161023,19252a7a40d40019f92c2c076b5f1d1b,17,231865403_9452__n0,335525204_9033__n1,False,False,,,,no_directed_path_within_distance_cap
20161023,19252a7a40d40019f92c2c076b5f1d1b,32,263486164_8865__n1,152428008_8842__n0,False,False,,,,no_directed_path_within_distance_cap
20161023,19252a7a40d40019f92c2c076b5f1d1b,33,152428008_8842__n0,263738593_8825__n0,False,False,,,,no_directed_path_within_distance_cap
20161023,19252a7a40d40019f92c2c076b5f1d1b,34,263738593_8825__n0,152427989_8811__n0,False,False,,,,no_directed_path_within_distance_cap
20161023,19252a7a40d40019f92c2c076b5f1d1b,35,152427989_8811__n0,263486158_8846__n2,False,False,,,,no_directed_path_within_distance_cap
20161023,19252a7a40d40019f92c2c076b5f1d1b,40,152427991_2563__n0,26174011_2565__n0,False,False,,,,no_directed_path_within_distance_cap
20161023,19252a7a40d40019f92c2c076b5f1d1b,46,263486156_2564__n1,334648929_2545__n0,False,False,,,,no_directed_path_within_distance_cap
20161023,19252a7a40d40019f92c2c076b5f1d1b,47,334648929_2545__n0,28340417_2566__n0,False,False,,,,no_directed_path_within_distance_cap
20161023,21beb4aaf17fd64a530c6e92c856712b,89,334971117_4705__n2,447556681_4708__n0,False,False,,,,no_directed_path_within_distance_cap
20161023,21beb4aaf17fd64a530c6e92c856712b,91,263776585_4710__n0,266957521_4723__n0,False,False,,,,no_directed_path_within_distance_cap
20161023,21beb4aaf17fd64a530c6e92c856712b,102,374649711_4719__n0,460338573_10207__n0,False,False,,,,no_directed_path_within_distance_cap
20161023,21beb4aaf17fd64a530c6e92c856712b,104,267404274_10208__n0,267598222_10320__n0,False,False,,,,no_directed_path_within_distance_cap
20161023,21beb4aaf17fd64a530c6e92c856712b,106,267404274_10208__n0,267598221_10209__n0,False,False,,,,no_directed_path_within_distance_cap
20161023,21beb4aaf17fd64a530c6e92c856712b,107,267598221_10209__n0,267598223_10322__n0,False,False,,,,no_directed_path_within_distance_cap
20161023,21beb4aaf17fd64a530c6e92c856712b,108,267598223_10322__n0,264110602_10343__n1,False,False,,,,no_directed_path_within_distance_cap
20161023,21beb4aaf17fd64a530c6e92c856712b,110,264110602_10343__n0,457983473_10345__n0,False,False,,,,no_directed_path_within_distance_cap
20161023,2ab4159035edff0db830f61e45ba1fff,25,152428000_2530__n0,381429052_2558__n0,False,False,,,,no_directed_path_within_distance_cap
20161023,2ab4159035edff0db830f61e45ba1fff,26,381429052_2558__n0,26174011_2565__n0,False,False,,,,no_directed_path_within_distance_cap
20161023,2ab4159035edff0db830f61e45ba1fff,40,334283251_3832__n0,266795177_3833__n0,False,False,,,,no_directed_path_within_distance_cap
20161023,2ab4159035edff0db830f61e45ba1fff,41,266795177_3833__n0,266795179_4103__n0,False,False,,,,no_directed_path_within_distance_cap
20161023,31cdfe8abfa915b3c2f6ff34950d21c2,8,28258942_4118__n6,28258941_4119__n0,False,False,,,,no_directed_path_within_distance_cap
20161023,31cdfe8abfa915b3c2f6ff34950d21c2,34,334281912_9927__n1,258081761_9924__n0,False,False,,,,no_directed_path_within_distance_cap
20161023,31cdfe8abfa915b3c2f6ff34950d21c2,70,335518753_9286__n1,335518752_9287__n0,False,False,,,,no_directed_path_within_distance_cap
20161023,31cdfe8abfa915b3c2f6ff34950d21c2,71,335518752_9287__n0,335518756_9485__n0,False,False,,,,no_directed_path_within_distance_cap
20161023,33baddf43ede8ffc0c5fb5282734833a,17,287208893_3810__n0,333418727_3807__n0,False,False,,,,no_directed_path_within_distance_cap
20161023,33baddf43ede8ffc0c5fb5282734833a,18,333418727_3807__n0,295967306_3814__n0,False,False,,,,no_directed_path_within_distance_cap
20161023,33baddf43ede8ffc0c5fb5282734833a,22,457984513_2719__n0,258742298_2720__n0,False,False,,,,no_directed_path_within_distance_cap
20161023,33baddf43ede8ffc0c5fb5282734833a,23,258742298_2720__n0,277672363_3949__n0,False,False,,,,no_directed_path_within_distance_cap
20161023,36fb0fe27498ed45510eeb1127ab6153,11,263485691_8790__n0,26174011_2565__n0,False,False,,,,no_directed_path_within_distance_cap
20161023,36fb0fe27498ed45510eeb1127ab6153,16,263486156_2564__n1,334648929_2545__n0,False,False,,,,no_directed_path_within_distance_cap
20161023,36fb0fe27498ed45510eeb1127ab6153,17,334648929_2545__n0,28340417_2566__n0,False,False,,,,no_directed_path_within_distance_cap
20161023,36fb0fe27498ed45510eeb1127ab6153,21,28340417_2566__n3,258738667_2572__n1,False,False,,,,no_directed_path_within_distance_cap
20161023,36fb0fe27498ed45510eeb1127ab6153,38,162540382_2656__n0,152428519_2370__n0,False,False,,,,no_directed_path_within_distance_cap
20161023,36fb0fe27498ed45510eeb1127ab6153,41,152428516_2373__n1,162532783_2416__n0,False,False,,,,no_directed_path_within_distance_cap
20161023,36fb0fe27498ed45510eeb1127ab6153,42,162532783_2416__n0,162532761_2422__n1,False,False,,,,no_directed_path_within_distance_cap
20161023,36fb0fe27498ed45510eeb1127ab6153,43,162532761_2422__n1,162532933_2408__n0,False,False,,,,no_directed_path_within_distance_cap
20161023,3950be6698a5f7b00c47733b590b04c1,10,156592802_10050__n2,156592797_10020__n0,False,False,,,,no_directed_path_within_distance_cap
20161023,3950be6698a5f7b00c47733b590b04c1,12,156592801_9493__n0,266583954_9486__n0,False,False,,,,no_directed_path_within_distance_cap
20161023,44a5eabe16b251132d9a22adb7f00314,22,258738671_2596__n0,89567417_2568__n0,False,False,,,,no_directed_path_within_distance_cap
20161023,44a5eabe16b251132d9a22adb7f00314,23,89567417_2568__n0,28258926_2311__n0,False,False,,,,no_directed_path_within_distance_cap
20161023,459b322995c539a460982377e0855cf3,19,309154012_9472__n0,335518752_9287__n0,False,False,,,,no_directed_path_within_distance_cap
20161023,459b322995c539a460982377e0855cf3,20,335518752_9287__n0,335518756_9485__n0,False,False,,,,no_directed_path_within_distance_cap
20161023,459b322995c539a460982377e0855cf3,23,335518757_9490__n0,266583951_9494__n0,False,False,,,,no_directed_path_within_distance_cap
20161023,459b322995c539a460982377e0855cf3,25,156592791_10021__n0,156592798_10051__n0,False,False,,,,no_directed_path_within_distance_cap
20161023,459b322995c539a460982377e0855cf3,28,156592798_10051__n2,156592804_10093__n0,False,False,,,,no_directed_path_within_distance_cap
20161023,51018be93acf5ca708bbfe75d6b43b01,24,263486164_8865__n1,152428008_8842__n0,False,False,,,,no_directed_path_within_distance_cap
20161023,51018be93acf5ca708bbfe75d6b43b01,25,152428008_8842__n0,263738593_8825__n0,False,False,,,,no_directed_path_within_distance_cap
20161023,51018be93acf5ca708bbfe75d6b43b01,26,263738593_8825__n0,152427989_8811__n0,False,False,,,,no_directed_path_within_distance_cap
20161023,51018be93acf5ca708bbfe75d6b43b01,27,152427989_8811__n0,263486158_8846__n2,False,False,,,,no_directed_path_within_distance_cap
20161023,51018be93acf5ca708bbfe75d6b43b01,34,263486156_2564__n1,334648929_2545__n0,False,False,,,,no_directed_path_within_distance_cap
20161023,51018be93acf5ca708bbfe75d6b43b01,35,334648929_2545__n0,28340417_2566__n0,False,False,,,,no_directed_path_within_distance_cap
20161023,516b344a00842da2557d9b1acc503d81,14,334971108_3842__n1,447556657_3818__n0,False,False,,,,no_directed_path_within_distance_cap
20161023,516b344a00842da2557d9b1acc503d81,15,447556657_3818__n0,447556635_3812__n0,False,False,,,,no_directed_path_within_distance_cap
20161023,51a4f2390841a8384be3973b295c0dfc,12,457984515_4610__n0,266957515_4711__n0,False,False,,,,no_directed_path_within_distance_cap
20161023,51a4f2390841a8384be3973b295c0dfc,14,447556683_4709__n1,334971121_4704__n0,False,False,,,,no_directed_path_within_distance_cap
20161023,59a24fa9ac1ddd775ea94e0cb09d434d,6,263776586_4726__n0,266957524_4728__n0,False,False,,,,no_directed_path_within_distance_cap
20161023,59a24fa9ac1ddd775ea94e0cb09d434d,7,266957524_4728__n0,181357558_4730__n0,False,False,,,,no_directed_path_within_distance_cap
20161023,5eac59a6e2ad1397ca5feaeae8c1e72a,8,335513936_2221__n1,381473319_2222__n1,False,False,,,,no_directed_path_within_distance_cap
20161023,5eac59a6e2ad1397ca5feaeae8c1e72a,12,335513936_2221__n2,381473318_2414__n0,False,False,,,,no_directed_path_within_distance_cap
20161023,5eac59a6e2ad1397ca5feaeae8c1e72a,13,381473318_2414__n0,162542043_2415__n1,False,False,,,,no_directed_path_within_distance_cap
20161023,5eac59a6e2ad1397ca5feaeae8c1e72a,14,162542043_2415__n1,162532765_2419__n0,False,False,,,,no_directed_path_within_distance_cap
20161023,5eac59a6e2ad1397ca5feaeae8c1e72a,19,162532771_2418__n0,381409557_2425__n0,False,False,,,,no_directed_path_within_distance_cap
20161023,5eac59a6e2ad1397ca5feaeae8c1e72a,20,381409557_2425__n0,381409554_2631__n0,False,False,,,,no_directed_path_within_distance_cap
20161023,5eac59a6e2ad1397ca5feaeae8c1e72a,22,162532790_2500__n0,381473925_2503__n0,False,False,,,,no_directed_path_within_distance_cap
20161023,5eac59a6e2ad1397ca5feaeae8c1e72a,23,381473925_2503__n0,28320648_2517__n0,False,False,,,,no_directed_path_within_distance_cap
20161023,5eac59a6e2ad1397ca5feaeae8c1e72a,24,28320648_2517__n0,162658756_2525__n0,False,False,,,,no_directed_path_within_distance_cap
20161023,5ee8324ce2001f564049afedd9b76f85,5,447554164_4203__n0,263770588_4205__n0,False,False,,,,no_directed_path_within_distance_cap
20161023,5ee8324ce2001f564049afedd9b76f85,6,263770588_4205__n0,263770589_4227__n0,False,False,,,,no_directed_path_within_distance_cap
20161023,5ee8324ce2001f564049afedd9b76f85,11,263739440_4396__n0,263739441_4463__n0,False,False,,,,no_directed_path_within_distance_cap
20161023,5f121806896530bb28bbc54d91474499,11,156592802_10050__n2,266583975_10026__n2,False,False,,,,no_directed_path_within_distance_cap
20161023,63c6ecf0e480b67445c59b336cbf84b3,17,28258924_2310__n4,381429050_2567__n0,False,False,,,,no_directed_path_within_distance_cap
20161023,63c6ecf0e480b67445c59b336cbf84b3,18,381429050_2567__n0,89567410_2603__n0,False,False,,,,no_directed_path_within_distance_cap
20161023,664325198079ff34c7c67fecfd080725,16,447556678_4223__n2,333403959_4222__n0,False,False,,,,no_directed_path_within_distance_cap
20161023,664325198079ff34c7c67fecfd080725,40,381473317_2629__n0,162542043_2415__n0,False,False,,,,no_directed_path_within_distance_cap
20161023,664325198079ff34c7c67fecfd080725,41,162542043_2415__n0,162532933_2408__n0,False,False,,,,no_directed_path_within_distance_cap
20161023,69e82ad7e10ae51f1aa6981b1262844d,23,400213936_3981__n1,263770589_4227__n0,False,False,,,,no_directed_path_within_distance_cap
20161023,6a2dec6511fd7cad5b9be4982e01ad0f,53,334971108_3842__n2,447556657_3818__n0,False,False,,,,no_directed_path_within_distance_cap
20161023,6a2dec6511fd7cad5b9be4982e01ad0f,54,447556657_3818__n0,447556635_3812__n0,False,False,,,,no_directed_path_within_distance_cap
20161023,6eb3d9f18844629b8dcc44e302afa22c,18,334971108_3842__n1,447556657_3818__n0,False,False,,,,no_directed_path_within_distance_cap
20161023,6eb3d9f18844629b8dcc44e302afa22c,19,447556657_3818__n0,447556635_3812__n0,False,False,,,,no_directed_path_within_distance_cap
20161023,6eb3d9f18844629b8dcc44e302afa22c,32,258738671_2596__n0,89567417_2568__n0,False,False,,,,no_directed_path_within_distance_cap
20161023,6eb3d9f18844629b8dcc44e302afa22c,33,89567417_2568__n0,258738678_2548__n0,False,False,,,,no_directed_path_within_distance_cap
20161023,6eb3d9f18844629b8dcc44e302afa22c,34,258738678_2548__n0,258738681_2552__n0,False,False,,,,no_directed_path_within_distance_cap
20161023,6eb3d9f18844629b8dcc44e302afa22c,49,152427993_8794__n3,152428003_8809__n0,False,False,,,,no_directed_path_within_distance_cap
20161023,6eb3d9f18844629b8dcc44e302afa22c,51,264453194_8816__n0,266995293_8807__n7,False,False,,,,no_directed_path_within_distance_cap
20161023,6f384486b418753a0e1ddf43e471cce2,5,267404275_10321__n0,267598222_10320__n0,False,False,,,,no_directed_path_within_distance_cap
20161023,6f384486b418753a0e1ddf43e471cce2,8,460338573_10207__n0,457983477_10205__n0,False,False,,,,no_directed_path_within_distance_cap
20161023,6f384486b418753a0e1ddf43e471cce2,9,457983477_10205__n0,457983497_4721__n0,False,False,,,,no_directed_path_within_distance_cap
20161023,6f384486b418753a0e1ddf43e471cce2,13,263776787_4738__n0,28358449_4742__n0,False,False,,,,no_directed_path_within_distance_cap
20161023,6f384486b418753a0e1ddf43e471cce2,14,28358449_4742__n0,266957513_4662__n0,False,False,,,,no_directed_path_within_distance_cap
20161023,6f384486b418753a0e1ddf43e471cce2,24,28276814_4648__n0,28358459_4601__n0,False,False,,,,no_directed_path_within_distance_cap
20161023,74068305ed4537e089017fc68011dd9c,19,333403958_4190__n2,446811235_4189__n0,False,False,,,,no_directed_path_within_distance_cap
20161023,7b994b4738b5e205ac7d274fc586e5c3,12,287208893_3810__n0,295967306_3814__n0,False,False,,,,no_directed_path_within_distance_cap
20161023,7b994b4738b5e205ac7d274fc586e5c3,21,335518638_2714__n0,447556663_3884__n0,False,False,,,,no_directed_path_within_distance_cap
20161023,7b994b4738b5e205ac7d274fc586e5c3,22,447556663_3884__n0,266577945_3892__n0,False,False,,,,no_directed_path_within_distance_cap
20161023,7c7dde2c65a0d3374f882141b040f15c,6,334971108_3842__n1,447556657_3818__n0,False,False,,,,no_directed_path_within_distance_cap
20161023,7c7dde2c65a0d3374f882141b040f15c,7,447556657_3818__n0,335527350_3806__n0,False,False,,,,no_directed_path_within_distance_cap
20161023,7d6ad485372a087f0607ec2f380a1f2a,5,142321461_4411__n11,447556698_4433__n0,False,False,,,,no_directed_path_within_distance_cap
20161023,7d6ad485372a087f0607ec2f380a1f2a,6,447556698_4433__n0,266957157_4431__n0,False,False,,,,no_directed_path_within_distance_cap
20161023,81ca1e34ceff7e51d3b82ed890135d17,11,447554164_4203__n0,267598524_4182__n0,False,False,,,,no_directed_path_within_distance_cap
20161023,81ca1e34ceff7e51d3b82ed890135d17,28,381473317_2629__n0,162540383_2627__n4,False,False,,,,no_directed_path_within_distance_cap
20161023,81ca1e34ceff7e51d3b82ed890135d17,29,162540383_2627__n4,162532933_2408__n0,False,False,,,,no_directed_path_within_distance_cap
20161023,8636c99e86c602a2acbc619f9cadc8d3,20,162540382_2656__n0,152428519_2370__n0,False,False,,,,no_directed_path_within_distance_cap
20161023,8636c99e86c602a2acbc619f9cadc8d3,23,152428516_2373__n1,381473315_2421__n0,False,False,,,,no_directed_path_within_distance_cap
20161023,8636c99e86c602a2acbc619f9cadc8d3,24,381473315_2421__n0,152428520_2634__n0,False,False,,,,no_directed_path_within_distance_cap
20161023,8636c99e86c602a2acbc619f9cadc8d3,25,152428520_2634__n0,381473925_2503__n0,False,False,,,,no_directed_path_within_distance_cap
20161023,8636c99e86c602a2acbc619f9cadc8d3,26,381473925_2503__n0,258738965_2521__n0,False,False,,,,no_directed_path_within_distance_cap
20161023,8636c99e86c602a2acbc619f9cadc8d3,28,258738965_2521__n1,162658756_2525__n0,False,False,,,,no_directed_path_within_distance_cap
20161023,89a95352a8bfae966c1f5634cccaaec2,17,456114495_3830__n0,447556674_3825__n0,False,False,,,,no_directed_path_within_distance_cap
20161023,89a95352a8bfae966c1f5634cccaaec2,18,447556674_3825__n0,290629752_3822__n0,False,False,,,,no_directed_path_within_distance_cap
20161023,89a95352a8bfae966c1f5634cccaaec2,23,287208893_3810__n0,333418727_3807__n0,False,False,,,,no_directed_path_within_distance_cap
20161023,89a95352a8bfae966c1f5634cccaaec2,24,333418727_3807__n0,295967306_3814__n0,False,False,,,,no_directed_path_within_distance_cap
20161023,89a95352a8bfae966c1f5634cccaaec2,59,381473317_2629__n0,162542043_2415__n0,False,False,,,,no_directed_path_within_distance_cap
20161023,89a95352a8bfae966c1f5634cccaaec2,60,162542043_2415__n0,162532933_2408__n0,False,False,,,,no_directed_path_within_distance_cap
20161023,90d38642ee600bfa31a875845afec0cd,35,447556677_3805__n2,334971111_3817__n0,False,False,,,,no_directed_path_within_distance_cap
20161023,90d38642ee600bfa31a875845afec0cd,36,334971111_3817__n0,447556637_3821__n0,False,False,,,,no_directed_path_within_distance_cap
20161023,9c133ad648ac108d44008203a06bf4b8,21,28258924_2310__n4,381429050_2567__n0,False,False,,,,no_directed_path_within_distance_cap
20161023,9c133ad648ac108d44008203a06bf4b8,22,381429050_2567__n0,258738667_2572__n0,False,False,,,,no_directed_path_within_distance_cap
20161023,9c133ad648ac108d44008203a06bf4b8,41,162540382_2656__n0,152428519_2370__n0,False,False,,,,no_directed_path_within_distance_cap
20161023,9c133ad648ac108d44008203a06bf4b8,44,152428516_2373__n1,293499686_2413__n0,False,False,,,,no_directed_path_within_distance_cap
20161023,9c133ad648ac108d44008203a06bf4b8,46,162532771_2418__n0,381409557_2425__n0,False,False,,,,no_directed_path_within_distance_cap
20161023,9c133ad648ac108d44008203a06bf4b8,47,381409557_2425__n0,381409554_2631__n0,False,False,,,,no_directed_path_within_distance_cap
20161023,9c133ad648ac108d44008203a06bf4b8,49,162532790_2500__n0,381473925_2503__n0,False,False,,,,no_directed_path_within_distance_cap
20161023,9c133ad648ac108d44008203a06bf4b8,50,381473925_2503__n0,258738965_2521__n0,False,False,,,,no_directed_path_within_distance_cap
20161023,9fa7f479c00dd0032814122ac4fd3ba7,37,258742307_2667__n15,258742298_2720__n0,False,False,,,,no_directed_path_within_distance_cap
20161023,9fa7f479c00dd0032814122ac4fd3ba7,38,258742298_2720__n0,447556684_2724__n0,False,False,,,,no_directed_path_within_distance_cap
20161023,9fa7f479c00dd0032814122ac4fd3ba7,39,447556684_2724__n0,277672363_3949__n1,False,False,,,,no_directed_path_within_distance_cap
20161023,9fa7f479c00dd0032814122ac4fd3ba7,79,334971117_4705__n2,447556681_4708__n0,False,False,,,,no_directed_path_within_distance_cap
20161023,a0f10e61f192ebe877bbf5c6ec2cc8cc,4,266957517_4744__n0,181357558_4730__n0,False,False,,,,no_directed_path_within_distance_cap
20161023,a0f10e61f192ebe877bbf5c6ec2cc8cc,6,335523979_4743__n0,263776585_4710__n0,False,False,,,,no_directed_path_within_distance_cap
20161023,a0f10e61f192ebe877bbf5c6ec2cc8cc,7,263776585_4710__n0,266957521_4723__n0,False,False,,,,no_directed_path_within_distance_cap
20161023,a0f10e61f192ebe877bbf5c6ec2cc8cc,16,295968707_4713__n0,47848570_4718__n0,False,False,,,,no_directed_path_within_distance_cap
20161023,a0f10e61f192ebe877bbf5c6ec2cc8cc,17,47848570_4718__n0,258081771_10202__n0,False,False,,,,no_directed_path_within_distance_cap
20161023,a0f10e61f192ebe877bbf5c6ec2cc8cc,19,457983476_10203__n0,457983484_10201__n0,False,False,,,,no_directed_path_within_distance_cap
20161023,a0f10e61f192ebe877bbf5c6ec2cc8cc,21,457983484_10201__n1,457983474_10193__n0,False,False,,,,no_directed_path_within_distance_cap
20161023,a0f10e61f192ebe877bbf5c6ec2cc8cc,34,263770108_9943__n1,266581134_9933__n1,False,False,,,,no_directed_path_within_distance_cap
20161023,a107b0eb2a11d6e0363cf182c343a62d,2,162540384_2635__n0,162540383_2627__n0,False,False,,,,no_directed_path_within_distance_cap
20161023,a107b0eb2a11d6e0363cf182c343a62d,8,162540383_2627__n4,162532765_2419__n0,False,False,,,,no_directed_path_within_distance_cap
20161023,a107b0eb2a11d6e0363cf182c343a62d,11,162532765_2419__n2,162532762_2374__n0,False,False,,,,no_directed_path_within_distance_cap
20161023,a107b0eb2a11d6e0363cf182c343a62d,12,162532762_2374__n0,293499687_2371__n0,False,False,,,,no_directed_path_within_distance_cap
20161023,a107b0eb2a11d6e0363cf182c343a62d,14,293499687_2371__n1,152428518_2369__n0,False,False,,,,no_directed_path_within_distance_cap
20161023,a107b0eb2a11d6e0363cf182c343a62d,16,152428518_2369__n1,162540379_2393__n0,False,False,,,,no_directed_path_within_distance_cap
20161023,a107b0eb2a11d6e0363cf182c343a62d,17,162540379_2393__n0,28340419_2383__n0,False,False,,,,no_directed_path_within_distance_cap
20161023,a31b9a0503dccce177da1a0fc71b094d,3,242760070_4644__n0,263774619_4645__n0,False,False,,,,no_directed_path_within_distance_cap
20161023,a31b9a0503dccce177da1a0fc71b094d,4,263774619_4645__n0,263774620_4646__n0,False,False,,,,no_directed_path_within_distance_cap
20161023,a31b9a0503dccce177da1a0fc71b094d,14,457984515_4610__n0,28358449_4742__n0,False,False,,,,no_directed_path_within_distance_cap
20161023,a31b9a0503dccce177da1a0fc71b094d,15,28358449_4742__n0,28358450_4736__n0,False,False,,,,no_directed_path_within_distance_cap
20161023,a54512bf8bf7a868e4efd4b07dda6193,2,457983480_10346__n0,457983472_10329__n0,False,False,,,,no_directed_path_within_distance_cap
20161023,a54512bf8bf7a868e4efd4b07dda6193,3,457983472_10329__n0,264110602_10343__n0,False,False,,,,no_directed_path_within_distance_cap
20161023,a54512bf8bf7a868e4efd4b07dda6193,8,264110603_10196__n0,457983474_10193__n0,False,False,,,,no_directed_path_within_distance_cap
20161023,a54512bf8bf7a868e4efd4b07dda6193,16,212736874_9994__n0,266581123_9997__n0,False,False,,,,no_directed_path_within_distance_cap
20161023,a54512bf8bf7a868e4efd4b07dda6193,18,447556632_9993__n1,258248751_9995__n0,False,False,,,,no_directed_path_within_distance_cap
20161023,a54a36dc35d00cb24ab6e59716fea2ad,7,333403958_4190__n2,446811235_4189__n0,False,False,,,,no_directed_path_within_distance_cap
20161023,a82db91ba6eb705ff666852c40badb23,2,447556678_4223__n2,333403959_4222__n0,False,False,,,,no_directed_path_within_distance_cap
20161023,a82db91ba6eb705ff666852c40badb23,7,333403958_4190__n2,446811235_4189__n0,False,False,,,,no_directed_path_within_distance_cap
20161023,aab31715b4a48d7585b379e7c7351063,10,254489535_4423__n0,447556699_4425__n0,False,False,,,,no_directed_path_within_distance_cap
20161023,aab31715b4a48d7585b379e7c7351063,11,447556699_4425__n0,266957160_4410__n0,False,False,,,,no_directed_path_within_distance_cap
20161023,aab31715b4a48d7585b379e7c7351063,43,142321459_10143__n4,59140289_10148__n0,False,False,,,,no_directed_path_within_distance_cap
20161023,aab31715b4a48d7585b379e7c7351063,44,59140289_10148__n0,263769956_10146__n0,False,False,,,,no_directed_path_within_distance_cap
20161023,b1a3bf07a1fcf5d9cf8c6023f390e040,26,142323482_8778__n4,152427720_8815__n0,False,False,,,,no_directed_path_within_distance_cap
20161023,b1a3bf07a1fcf5d9cf8c6023f390e040,31,335697692_8840__n1,152427722_8872__n0,False,False,,,,no_directed_path_within_distance_cap
20161023,b1a3bf07a1fcf5d9cf8c6023f390e040,64,335525201_10190__n2,264110603_10196__n0,False,False,,,,no_directed_path_within_distance_cap
20161023,b1a3bf07a1fcf5d9cf8c6023f390e040,70,457983491_10324__n0,267598222_10320__n0,False,False,,,,no_directed_path_within_distance_cap
20161023,b1a3bf07a1fcf5d9cf8c6023f390e040,73,47848569_10204__n0,47848570_4718__n0,False,False,,,,no_directed_path_within_distance_cap
20161023,b1a3bf07a1fcf5d9cf8c6023f390e040,74,47848570_4718__n0,457983497_4721__n0,False,False,,,,no_directed_path_within_distance_cap
20161023,b1a3bf07a1fcf5d9cf8c6023f390e040,78,263776787_4738__n0,28358449_4742__n0,False,False,,,,no_directed_path_within_distance_cap
20161023,b1a3bf07a1fcf5d9cf8c6023f390e040,79,28358449_4742__n0,263774000_4611__n2,False,False,,,,no_directed_path_within_distance_cap
20161023,bcb36a22b813646397599658ba06da3e,25,263770043_10150__n0,263769953_10151__n0,False,False,,,,no_directed_path_within_distance_cap
20161023,bcb36a22b813646397599658ba06da3e,26,263769953_10151__n0,447556640_10154__n0,False,False,,,,no_directed_path_within_distance_cap
20161023,bddd725b758fb681d72ae4ad33347958,9,264110605_10216__n0,457983486_10219__n0,False,False,,,,no_directed_path_within_distance_cap
20161023,bddd725b758fb681d72ae4ad33347958,12,457983479_10344__n1,264110607_10341__n0,False,False,,,,no_directed_path_within_distance_cap
20161023,bddd725b758fb681d72ae4ad33347958,13,264110607_10341__n0,264110606_10212__n0,False,False,,,,no_directed_path_within_distance_cap
20161023,bddd725b758fb681d72ae4ad33347958,14,264110606_10212__n0,267404273_10199__n0,False,False,,,,no_directed_path_within_distance_cap
20161023,bddd725b758fb681d72ae4ad33347958,16,264110603_10196__n0,457983474_10193__n0,False,False,,,,no_directed_path_within_distance_cap
20161023,bddd725b758fb681d72ae4ad33347958,25,212736874_9994__n0,266581123_9997__n0,False,False,,,,no_directed_path_within_distance_cap
20161023,bddd725b758fb681d72ae4ad33347958,27,447556632_9993__n1,258248751_9995__n0,False,False,,,,no_directed_path_within_distance_cap
20161023,c684a5fd46d84fe9a967c92038dbc5b0,22,287208893_3810__n0,295967306_3814__n0,False,False,,,,no_directed_path_within_distance_cap
20161023,c69b0f16666ef29244c46cce6ae5f1c9,2,162540384_2635__n0,162532761_2422__n1,False,False,,,,no_directed_path_within_distance_cap
20161023,c69b0f16666ef29244c46cce6ae5f1c9,5,162532781_2407__n0,293499687_2371__n0,False,False,,,,no_directed_path_within_distance_cap
20161023,c69b0f16666ef29244c46cce6ae5f1c9,7,293499687_2371__n1,152428518_2369__n0,False,False,,,,no_directed_path_within_distance_cap
20161023,c69b0f16666ef29244c46cce6ae5f1c9,19,162540382_2656__n0,152428519_2370__n0,False,False,,,,no_directed_path_within_distance_cap
20161023,c69b0f16666ef29244c46cce6ae5f1c9,22,152428516_2373__n1,162532783_2416__n0,False,False,,,,no_directed_path_within_distance_cap
20161023,c69b0f16666ef29244c46cce6ae5f1c9,23,162532783_2416__n0,162540374_2633__n0,False,False,,,,no_directed_path_within_distance_cap
20161023,c69b0f16666ef29244c46cce6ae5f1c9,42,400213936_3981__n1,263770589_4227__n0,False,False,,,,no_directed_path_within_distance_cap
20161023,c69b0f16666ef29244c46cce6ae5f1c9,59,334281568_4436__n1,263739441_4463__n0,False,False,,,,no_directed_path_within_distance_cap
20161023,c816af8d825e310fba59a7d8adb96e5e,12,335513936_2221__n1,381473319_2222__n1,False,False,,,,no_directed_path_within_distance_cap
20161023,c816af8d825e310fba59a7d8adb96e5e,16,335513936_2221__n2,381473318_2414__n0,False,False,,,,no_directed_path_within_distance_cap
20161023,c816af8d825e310fba59a7d8adb96e5e,17,381473318_2414__n0,162542043_2415__n1,False,False,,,,no_directed_path_within_distance_cap
20161023,c816af8d825e310fba59a7d8adb96e5e,18,162542043_2415__n1,162542043_2415__n0,False,False,,,,no_directed_path_within_distance_cap
20161023,c816af8d825e310fba59a7d8adb96e5e,19,162542043_2415__n0,162542042_2628__n0,False,False,,,,no_directed_path_within_distance_cap
20161023,c816af8d825e310fba59a7d8adb96e5e,28,381473317_2629__n0,162542042_2628__n0,False,False,,,,no_directed_path_within_distance_cap
20161023,c816af8d825e310fba59a7d8adb96e5e,34,335518633_2650__n2,381473316_2649__n2,False,False,,,,no_directed_path_within_distance_cap
20161023,ccc4b34b510a8535ce5825b3229970a7,25,456114496_2625__n0,456114494_3826__n0,False,False,,,,no_directed_path_within_distance_cap
20161023,ccc4b34b510a8535ce5825b3229970a7,26,456114494_3826__n0,456114499_3829__n0,False,False,,,,no_directed_path_within_distance_cap
20161023,cd0996865bc6740ed4f3d2617f36536c,6,447556683_4709__n1,334971121_4704__n1,False,False,,,,no_directed_path_within_distance_cap
20161023,ce524351b3e11a61f4f201ce07283a02,7,28320650_2501__n2,381473923_2497__n0,False,False,,,,no_directed_path_within_distance_cap
20161023,ce524351b3e11a61f4f201ce07283a02,10,162540383_2627__n4,162532765_2419__n0,False,False,,,,no_directed_path_within_distance_cap
20161023,ce524351b3e11a61f4f201ce07283a02,13,162532765_2419__n2,162532762_2374__n0,False,False,,,,no_directed_path_within_distance_cap
20161023,ce524351b3e11a61f4f201ce07283a02,14,162532762_2374__n0,293499687_2371__n0,False,False,,,,no_directed_path_within_distance_cap
20161023,ce524351b3e11a61f4f201ce07283a02,16,293499687_2371__n1,152428518_2369__n0,False,False,,,,no_directed_path_within_distance_cap
20161023,ce524351b3e11a61f4f201ce07283a02,18,152428518_2369__n1,162540379_2393__n0,False,False,,,,no_directed_path_within_distance_cap
20161023,ce524351b3e11a61f4f201ce07283a02,19,162540379_2393__n0,28340419_2383__n0,False,False,,,,no_directed_path_within_distance_cap
20161023,d2ad47920136fb844cff96712db68663,8,258248751_9995__n5,447556632_9993__n0,False,False,,,,no_directed_path_within_distance_cap
20161023,d2ad47920136fb844cff96712db68663,10,266581123_9997__n0,212736874_9994__n0,False,False,,,,no_directed_path_within_distance_cap
20161023,d46ac9a2a83b7b0a81c7938a83596424,9,152428000_2530__n0,381429052_2558__n0,False,False,,,,no_directed_path_within_distance_cap
20161023,d46ac9a2a83b7b0a81c7938a83596424,10,381429052_2558__n0,26174011_2565__n1,False,False,,,,no_directed_path_within_distance_cap
20161023,d46ac9a2a83b7b0a81c7938a83596424,31,447556677_3805__n2,334971111_3817__n0,False,False,,,,no_directed_path_within_distance_cap
20161023,d46ac9a2a83b7b0a81c7938a83596424,32,334971111_3817__n0,447556637_3821__n0,False,False,,,,no_directed_path_within_distance_cap
20161023,d5859468b3afb439e26d0a36d102d8d4,1,335518753_9286__n1,335518752_9287__n0,False,False,,,,no_directed_path_within_distance_cap
20161023,d5859468b3afb439e26d0a36d102d8d4,2,335518752_9287__n0,335518756_9485__n0,False,False,,,,no_directed_path_within_distance_cap
20161023,d5859468b3afb439e26d0a36d102d8d4,5,335518757_9490__n0,266583951_9494__n0,False,False,,,,no_directed_path_within_distance_cap
20161023,d5859468b3afb439e26d0a36d102d8d4,7,156592791_10021__n0,156592798_10051__n0,False,False,,,,no_directed_path_within_distance_cap
20161023,d60315cbfb6422ccf2f38f013e84a0d7,9,254489535_4423__n0,447556699_4425__n0,False,False,,,,no_directed_path_within_distance_cap
20161023,d60315cbfb6422ccf2f38f013e84a0d7,10,447556699_4425__n0,266957160_4410__n1,False,False,,,,no_directed_path_within_distance_cap
20161023,d6659535a3d9476ad8d11669f3b6ec7c,1,255201450_10351__n0,457983477_10205__n0,False,False,,,,no_directed_path_within_distance_cap
20161023,da71162ed87be01ba7cb77cbe48e64fe,3,264110605_10216__n0,235000070_10218__n0,False,False,,,,no_directed_path_within_distance_cap
20161023,da71162ed87be01ba7cb77cbe48e64fe,6,264110602_10343__n0,457983481_10350__n0,False,False,,,,no_directed_path_within_distance_cap
20161023,dccaccddc52e0d306ccdd5d6d8c42f79,7,28320650_2501__n2,162532776_2496__n0,False,False,,,,no_directed_path_within_distance_cap
20161023,dccaccddc52e0d306ccdd5d6d8c42f79,8,162532776_2496__n0,162532761_2422__n1,False,False,,,,no_directed_path_within_distance_cap
20161023,dccaccddc52e0d306ccdd5d6d8c42f79,11,162532781_2407__n0,293499687_2371__n0,False,False,,,,no_directed_path_within_distance_cap
20161023,dccaccddc52e0d306ccdd5d6d8c42f79,13,293499687_2371__n1,152428518_2369__n0,False,False,,,,no_directed_path_within_distance_cap
20161023,de86a597011dfe5df9ffae6aef1d1e9b,9,264110605_10216__n0,457983486_10219__n0,False,False,,,,no_directed_path_within_distance_cap
20161023,de86a597011dfe5df9ffae6aef1d1e9b,12,457983479_10344__n1,457983490_10215__n0,False,False,,,,no_directed_path_within_distance_cap
20161023,de86a597011dfe5df9ffae6aef1d1e9b,14,264110606_10212__n0,267404273_10199__n0,False,False,,,,no_directed_path_within_distance_cap
20161023,de86a597011dfe5df9ffae6aef1d1e9b,16,264110603_10196__n0,457983474_10193__n0,False,False,,,,no_directed_path_within_distance_cap
20161023,de86a597011dfe5df9ffae6aef1d1e9b,22,263770043_10150__n0,263769954_10152__n0,False,False,,,,no_directed_path_within_distance_cap
20161023,de86a597011dfe5df9ffae6aef1d1e9b,23,263769954_10152__n0,28358447_10155__n0,False,False,,,,no_directed_path_within_distance_cap
20161023,e0740df04f8109fd176ae5f17e244acf,18,447556647_4700__n0,295968700_4712__n2,False,False,,,,no_directed_path_within_distance_cap
20161023,e0740df04f8109fd176ae5f17e244acf,27,263776787_4738__n0,266957524_4728__n0,False,False,,,,no_directed_path_within_distance_cap
20161023,e0740df04f8109fd176ae5f17e244acf,28,266957524_4728__n0,181357558_4730__n0,False,False,,,,no_directed_path_within_distance_cap
20161023,e07d8dd4cc468151bfcaaecfd2c8b7c3,2,231866972_8489__n4,333378724_8528__n0,False,False,,,,no_directed_path_within_distance_cap
20161023,e07d8dd4cc468151bfcaaecfd2c8b7c3,3,333378724_8528__n0,333378723_8749__n0,False,False,,,,no_directed_path_within_distance_cap
20161023,e07d8dd4cc468151bfcaaecfd2c8b7c3,23,142323461_8750__n1,272804279_8766__n4,False,False,,,,no_directed_path_within_distance_cap
20161023,e740a08de2ad3f44a99d6109c47b452b,29,263486156_2564__n0,152427999_2561__n0,False,False,,,,no_directed_path_within_distance_cap
20161023,e740a08de2ad3f44a99d6109c47b452b,30,152427999_2561__n0,263485687_2529__n0,False,False,,,,no_directed_path_within_distance_cap
20161023,e9988604bfc23bb8f8c1bc35ce660834,22,333404261_9947__n0,263309131_9942__n0,False,False,,,,no_directed_path_within_distance_cap
20161023,f8aa076980ea91029e7af8e3976910bd,7,231866972_8489__n5,333378724_8528__n0,False,False,,,,no_directed_path_within_distance_cap
20161023,f8aa076980ea91029e7af8e3976910bd,8,333378724_8528__n0,333378723_8749__n0,False,False,,,,no_directed_path_within_distance_cap
20161023,f8aa076980ea91029e7af8e3976910bd,34,142323482_8778__n4,152427720_8815__n0,False,False,,,,no_directed_path_within_distance_cap
20161023,f8aa076980ea91029e7af8e3976910bd,38,335697693_8836__n0,152428001_8841__n0,False,False,,,,no_directed_path_within_distance_cap
20161023,f8aa076980ea91029e7af8e3976910bd,41,335697693_8836__n0,263738593_8825__n0,False,False,,,,no_directed_path_within_distance_cap
20161023,f8aa076980ea91029e7af8e3976910bd,42,263738593_8825__n0,263486158_8846__n2,False,False,,,,no_directed_path_within_distance_cap
20161023,f8aa076980ea91029e7af8e3976910bd,50,263486156_2564__n1,334648929_2545__n0,False,False,,,,no_directed_path_within_distance_cap
20161023,f8aa076980ea91029e7af8e3976910bd,51,334648929_2545__n0,28340417_2566__n0,False,False,,,,no_directed_path_within_distance_cap
20161023,f8aa076980ea91029e7af8e3976910bd,79,162540382_2656__n0,152428519_2370__n0,False,False,,,,no_directed_path_within_distance_cap
20161023,f8aa076980ea91029e7af8e3976910bd,82,152428516_2373__n1,381473315_2421__n0,False,False,,,,no_directed_path_within_distance_cap
20161023,f8aa076980ea91029e7af8e3976910bd,83,381473315_2421__n0,162542042_2628__n0,False,False,,,,no_directed_path_within_distance_cap
20161023,f8aa076980ea91029e7af8e3976910bd,90,335518633_2650__n2,381473316_2649__n2,False,False,,,,no_directed_path_within_distance_cap
20161023,f9671b6c0b19d1689de9e0d94dad078e,8,28258924_2310__n4,381429050_2567__n0,False,False,,,,no_directed_path_within_distance_cap
20161023,f9671b6c0b19d1689de9e0d94dad078e,9,381429050_2567__n0,258738667_2572__n0,False,False,,,,no_directed_path_within_distance_cap
20161023,ffc7de6cf9dce97a2612da945219c9cd,30,142321461_4411__n11,447556698_4433__n0,False,False,,,,no_directed_path_within_distance_cap
20161023,ffc7de6cf9dce97a2612da945219c9cd,31,447556698_4433__n0,266957157_4431__n0,False,False,,,,no_directed_path_within_distance_cap
20161023,016058c99359b1c240733a178fadee16,16,456114495_3830__n0,447556674_3825__n0,False,False,,,,no_directed_path_within_distance_cap
20161023,016058c99359b1c240733a178fadee16,17,447556674_3825__n0,290629752_3822__n0,False,False,,,,no_directed_path_within_distance_cap
20161023,0572cea2c07b979200cadeddf11b754c,1,162658744_2757__n2,335527376_2524__n0,False,False,,,,no_directed_path_within_distance_cap
20161023,0572cea2c07b979200cadeddf11b754c,8,28320650_2501__n2,381473923_2497__n0,False,False,,,,no_directed_path_within_distance_cap
20161023,0572cea2c07b979200cadeddf11b754c,11,162540383_2627__n4,381473318_2414__n2,False,False,,,,no_directed_path_within_distance_cap
20161023,0572cea2c07b979200cadeddf11b754c,12,381473318_2414__n2,162532765_2419__n0,False,False,,,,no_directed_path_within_distance_cap
20161023,0572cea2c07b979200cadeddf11b754c,15,162532765_2419__n2,152428518_2369__n0,False,False,,,,no_directed_path_within_distance_cap
20161023,0977dc22308b16ce47af7de18a6cafb2,16,28258924_2310__n4,28340417_2566__n3,False,False,,,,no_directed_path_within_distance_cap
20161023,0977dc22308b16ce47af7de18a6cafb2,17,28340417_2566__n3,89567410_2603__n0,False,False,,,,no_directed_path_within_distance_cap
20161023,0977dc22308b16ce47af7de18a6cafb2,32,447556677_3805__n2,334971111_3817__n0,False,False,,,,no_directed_path_within_distance_cap
20161023,0977dc22308b16ce47af7de18a6cafb2,33,334971111_3817__n0,447556637_3821__n0,False,False,,,,no_directed_path_within_distance_cap
20161023,12e61e3baed61c34dfe652da64c4851c,14,258738671_2596__n0,89567417_2568__n0,False,False,,,,no_directed_path_within_distance_cap
20161023,12e61e3baed61c34dfe652da64c4851c,15,89567417_2568__n0,258738678_2548__n0,False,False,,,,no_directed_path_within_distance_cap
20161023,12e61e3baed61c34dfe652da64c4851c,16,258738678_2548__n0,258738681_2552__n0,False,False,,,,no_directed_path_within_distance_cap
20161023,1435dc1e09495c6a2b1476af6d2f285b,40,447556677_3805__n2,334971111_3817__n0,False,False,,,,no_directed_path_within_distance_cap
20161023,1435dc1e09495c6a2b1476af6d2f285b,41,334971111_3817__n0,334971109_3844__n0,False,False,,,,no_directed_path_within_distance_cap
20161023,153588e90cc57bbfaedcdc19eef056a7,15,457308487_4599__n0,447556636_4619__n0,False,False,,,,no_directed_path_within_distance_cap
20161023,153588e90cc57bbfaedcdc19eef056a7,16,447556636_4619__n0,369790064_4622__n0,False,False,,,,no_directed_path_within_distance_cap
20161023,153588e90cc57bbfaedcdc19eef056a7,17,369790064_4622__n0,263773394_4625__n0,False,False,,,,no_directed_path_within_distance_cap
20161023,18eca517878705d164b54676ff279dd6,12,295967308_3809__n2,333418727_3807__n0,False,False,,,,no_directed_path_within_distance_cap
20161023,18eca517878705d164b54676ff279dd6,13,333418727_3807__n0,287208894_3808__n0,False,False,,,,no_directed_path_within_distance_cap
20161023,1a202877a43ea278221b5bc07350b1de,8,48795850_3950__n7,277672360_2721__n0,False,False,,,,no_directed_path_within_distance_cap
20161023,1a202877a43ea278221b5bc07350b1de,9,277672360_2721__n0,28258007_2668__n0,False,False,,,,no_directed_path_within_distance_cap
20161023,1a202877a43ea278221b5bc07350b1de,41,152427987_2576__n0,152427999_2561__n0,False,False,,,,no_directed_path_within_distance_cap
20161023,1a202877a43ea278221b5bc07350b1de,42,152427999_2561__n0,381429051_2533__n0,False,False,,,,no_directed_path_within_distance_cap
20161023,1c0a23f1cfea3c2073670696f1cc9563,15,381473317_2629__n0,162540383_2627__n4,False,False,,,,no_directed_path_within_distance_cap
20161023,1c0a23f1cfea3c2073670696f1cc9563,16,162540383_2627__n4,162532933_2408__n0,False,False,,,,no_directed_path_within_distance_cap
20161023,1d08a47052fa99842de4d3c1242920c6,16,231865403_9452__n0,335525204_9033__n1,False,False,,,,no_directed_path_within_distance_cap
20161023,1d08a47052fa99842de4d3c1242920c6,29,263486164_8865__n1,152428008_8842__n0,False,False,,,,no_directed_path_within_distance_cap
20161023,1d08a47052fa99842de4d3c1242920c6,30,152428008_8842__n0,263738593_8825__n0,False,False,,,,no_directed_path_within_distance_cap
20161023,1d08a47052fa99842de4d3c1242920c6,31,263738593_8825__n0,152427989_8811__n0,False,False,,,,no_directed_path_within_distance_cap
20161023,1d08a47052fa99842de4d3c1242920c6,32,152427989_8811__n0,263486158_8846__n2,False,False,,,,no_directed_path_within_distance_cap
20161023,231213af777fdfe885835f8e014f55a6,9,264110605_10216__n0,457983490_10215__n0,False,False,,,,no_directed_path_within_distance_cap
20161023,231213af777fdfe885835f8e014f55a6,11,264110606_10212__n0,457983491_10324__n0,False,False,,,,no_directed_path_within_distance_cap
20161023,231213af777fdfe885835f8e014f55a6,12,457983491_10324__n0,457983477_10205__n0,False,False,,,,no_directed_path_within_distance_cap
20161023,231213af777fdfe885835f8e014f55a6,15,460338576_10200__n0,447556692_10186__n0,False,False,,,,no_directed_path_within_distance_cap
20161023,2b8f07d4702e66d2fd776f2bb2886d3b,11,335525201_10190__n2,264110603_10196__n0,False,False,,,,no_directed_path_within_distance_cap
20161023,2b8f07d4702e66d2fd776f2bb2886d3b,16,264110602_10343__n0,457983481_10350__n0,False,False,,,,no_directed_path_within_distance_cap
20161023,36c68c633835ccb01e77e25a72cc9e23,28,28258924_2310__n4,334648925_2555__n1,False,False,,,,no_directed_path_within_distance_cap
20161023,36c68c633835ccb01e77e25a72cc9e23,29,334648925_2555__n1,89567410_2603__n0,False,False,,,,no_directed_path_within_distance_cap
20161023,39df831944721f5a0ea930d4b97ba19e,7,28320650_2501__n2,381473923_2497__n0,False,False,,,,no_directed_path_within_distance_cap
20161023,39df831944721f5a0ea930d4b97ba19e,10,162540383_2627__n4,162532765_2419__n0,False,False,,,,no_directed_path_within_distance_cap
20161023,39df831944721f5a0ea930d4b97ba19e,13,162532762_2374__n0,293499687_2371__n0,False,False,,,,no_directed_path_within_distance_cap
20161023,39df831944721f5a0ea930d4b97ba19e,15,293499687_2371__n1,152428518_2369__n0,False,False,,,,no_directed_path_within_distance_cap
20161023,39df831944721f5a0ea930d4b97ba19e,65,152427993_8794__n3,152427989_8811__n0,False,False,,,,no_directed_path_within_distance_cap
20161023,39df831944721f5a0ea930d4b97ba19e,66,152427989_8811__n0,263738592_8824__n0,False,False,,,,no_directed_path_within_distance_cap
20161023,39df831944721f5a0ea930d4b97ba19e,67,263738592_8824__n0,152428008_8842__n0,False,False,,,,no_directed_path_within_distance_cap
20161023,39df831944721f5a0ea930d4b97ba19e,68,152428008_8842__n0,263486164_8865__n1,False,False,,,,no_directed_path_within_distance_cap
20161023,39df831944721f5a0ea930d4b97ba19e,69,263486164_8865__n1,152427983_8844__n1,False,False,,,,no_directed_path_within_distance_cap
20161023,39df831944721f5a0ea930d4b97ba19e,80,381956608_8924__n2,293499685_9031__n0,False,False,,,,no_directed_path_within_distance_cap
20161023,3bf14a75502907bdfa331103778c7ee6,5,334971120_4729__n0,266957512_4727__n0,False,False,,,,no_directed_path_within_distance_cap
20161023,3bf14a75502907bdfa331103778c7ee6,6,266957512_4727__n0,266957513_4662__n0,False,False,,,,no_directed_path_within_distance_cap
20161023,3bf14a75502907bdfa331103778c7ee6,19,264116891_4643__n0,28358459_4601__n0,False,False,,,,no_directed_path_within_distance_cap
20161023,3cb646893b1950f1e7dfa159c80a126a,7,142320590_2498__n0,381473924_2493__n0,False,False,,,,no_directed_path_within_distance_cap
20161023,3cb646893b1950f1e7dfa159c80a126a,8,381473924_2493__n0,162532933_2408__n0,False,False,,,,no_directed_path_within_distance_cap
20161023,3d5f5dc14d4f8c5d52929c3f3f106535,4,456114496_2625__n0,456114494_3826__n0,False,False,,,,no_directed_path_within_distance_cap
20161023,3d5f5dc14d4f8c5d52929c3f3f106535,5,456114494_3826__n0,456114499_3829__n0,False,False,,,,no_directed_path_within_distance_cap
20161023,3e933d0115f810d5c24dcded7909924b,18,152427993_8794__n3,152427989_8811__n0,False,False,,,,no_directed_path_within_distance_cap
20161023,3e933d0115f810d5c24dcded7909924b,19,152427989_8811__n0,263738592_8824__n0,False,False,,,,no_directed_path_within_distance_cap
20161023,3e933d0115f810d5c24dcded7909924b,20,263738592_8824__n0,152427983_8844__n0,False,False,,,,no_directed_path_within_distance_cap
20161023,3e933d0115f810d5c24dcded7909924b,32,381956608_8924__n2,293499685_9031__n0,False,False,,,,no_directed_path_within_distance_cap
20161023,3e933d0115f810d5c24dcded7909924b,35,293499685_9031__n2,266583966_9450__n0,False,False,,,,no_directed_path_within_distance_cap
20161023,3e933d0115f810d5c24dcded7909924b,38,231866341_9467__n1,266583965_9473__n0,False,False,,,,no_directed_path_within_distance_cap
20161023,3e933d0115f810d5c24dcded7909924b,39,266583965_9473__n0,266583967_9290__n0,False,False,,,,no_directed_path_within_distance_cap
20161023,3e933d0115f810d5c24dcded7909924b,40,266583967_9290__n0,335518756_9485__n0,False,False,,,,no_directed_path_within_distance_cap
20161023,3f746d855f2c1f57b74f7d78e18d2225,7,28320650_2501__n2,381473923_2497__n0,False,False,,,,no_directed_path_within_distance_cap
20161023,3f746d855f2c1f57b74f7d78e18d2225,10,162540383_2627__n4,381473318_2414__n2,False,False,,,,no_directed_path_within_distance_cap
20161023,3f746d855f2c1f57b74f7d78e18d2225,11,381473318_2414__n2,162532765_2419__n0,False,False,,,,no_directed_path_within_distance_cap
20161023,3f746d855f2c1f57b74f7d78e18d2225,13,162532765_2419__n1,162532762_2374__n0,False,False,,,,no_directed_path_within_distance_cap
20161023,3f746d855f2c1f57b74f7d78e18d2225,14,162532762_2374__n0,293499687_2371__n0,False,False,,,,no_directed_path_within_distance_cap
20161023,3f746d855f2c1f57b74f7d78e18d2225,16,293499687_2371__n1,152428518_2369__n0,False,False,,,,no_directed_path_within_distance_cap
20161023,3f746d855f2c1f57b74f7d78e18d2225,18,152428518_2369__n1,162540379_2393__n0,False,False,,,,no_directed_path_within_distance_cap
20161023,3f746d855f2c1f57b74f7d78e18d2225,19,162540379_2393__n0,28340419_2383__n0,False,False,,,,no_directed_path_within_distance_cap
20161023,3f746d855f2c1f57b74f7d78e18d2225,25,258738676_2551__n0,258738677_2549__n0,False,False,,,,no_directed_path_within_distance_cap
20161023,3f746d855f2c1f57b74f7d78e18d2225,26,258738677_2549__n0,381429050_2567__n0,False,False,,,,no_directed_path_within_distance_cap
20161023,3f746d855f2c1f57b74f7d78e18d2225,27,381429050_2567__n0,89567410_2603__n0,False,False,,,,no_directed_path_within_distance_cap
20161023,3f746d855f2c1f57b74f7d78e18d2225,79,335525201_10190__n2,457983485_10197__n0,False,False,,,,no_directed_path_within_distance_cap
20161023,3f746d855f2c1f57b74f7d78e18d2225,82,457983487_10217__n0,264110605_10216__n0,False,False,,,,no_directed_path_within_distance_cap
20161023,520c8ef5aa3b7d88b0279fa4c1814e7f,6,457984517_4466__n2,263739442_4429__n0,False,False,,,,no_directed_path_within_distance_cap
20161023,520c8ef5aa3b7d88b0279fa4c1814e7f,7,263739442_4429__n0,263739438_4395__n0,False,False,,,,no_directed_path_within_distance_cap
20161023,520c8ef5aa3b7d88b0279fa4c1814e7f,14,263770587_4228__n0,263770588_4205__n0,False,False,,,,no_directed_path_within_distance_cap
20161023,520c8ef5aa3b7d88b0279fa4c1814e7f,15,263770588_4205__n0,267598524_4182__n0,False,False,,,,no_directed_path_within_distance_cap
20161023,520c8ef5aa3b7d88b0279fa4c1814e7f,33,290629741_2706__n0,335518637_2707__n0,False,False,,,,no_directed_path_within_distance_cap
20161023,56b18caf7f5e272533df5e7ee4908489,39,28258924_2310__n4,381429050_2567__n0,False,False,,,,no_directed_path_within_distance_cap
20161023,56b18caf7f5e272533df5e7ee4908489,40,381429050_2567__n0,89567410_2603__n0,False,False,,,,no_directed_path_within_distance_cap
20161023,56b18caf7f5e272533df5e7ee4908489,48,28258922_2604__n7,89567410_2603__n1,False,False,,,,no_directed_path_within_distance_cap
20161023,56b18caf7f5e272533df5e7ee4908489,62,447556677_3805__n2,334971111_3817__n0,False,False,,,,no_directed_path_within_distance_cap
20161023,56b18caf7f5e272533df5e7ee4908489,63,334971111_3817__n0,334971109_3844__n0,False,False,,,,no_directed_path_within_distance_cap
20161023,56b18caf7f5e272533df5e7ee4908489,88,334281912_9927__n1,258081761_9924__n0,False,False,,,,no_directed_path_within_distance_cap
20161023,6025c537cb08ab828a163dbdb42cdb96,6,457984517_4466__n2,263739442_4429__n0,False,False,,,,no_directed_path_within_distance_cap
20161023,6025c537cb08ab828a163dbdb42cdb96,7,263739442_4429__n0,263739438_4395__n0,False,False,,,,no_directed_path_within_distance_cap
20161023,6025c537cb08ab828a163dbdb42cdb96,44,295967308_3809__n1,333418727_3807__n0,False,False,,,,no_directed_path_within_distance_cap
20161023,6025c537cb08ab828a163dbdb42cdb96,45,333418727_3807__n0,287208894_3808__n0,False,False,,,,no_directed_path_within_distance_cap
20161023,6025c537cb08ab828a163dbdb42cdb96,73,263486158_8846__n1,170357393_8845__n0,False,False,,,,no_directed_path_within_distance_cap
20161023,6025c537cb08ab828a163dbdb42cdb96,77,152427720_8815__n0,142323482_8778__n4,False,False,,,,no_directed_path_within_distance_cap
20161023,6206ebad0a41092fc78744514b879856,6,447556683_4709__n1,334971121_4704__n0,False,False,,,,no_directed_path_within_distance_cap
20161023,6206ebad0a41092fc78744514b879856,33,334971108_3842__n2,447556657_3818__n0,False,False,,,,no_directed_path_within_distance_cap
20161023,6206ebad0a41092fc78744514b879856,34,447556657_3818__n0,447556635_3812__n0,False,False,,,,no_directed_path_within_distance_cap
20161023,6459e4f9cdb20fd6773e95b05831acb5,11,142320604_2589__n0,334648929_2545__n0,False,False,,,,no_directed_path_within_distance_cap
20161023,6459e4f9cdb20fd6773e95b05831acb5,12,334648929_2545__n0,28340417_2566__n0,False,False,,,,no_directed_path_within_distance_cap
20161023,645fd288b8bf93fa01e08d5cec53d9d2,24,333404261_9947__n0,258081763_9944__n1,False,False,,,,no_directed_path_within_distance_cap
20161023,6698bfc4f0bce8bf6c8c0f11e1a5d6c5,54,309154012_9472__n0,335518752_9287__n0,False,False,,,,no_directed_path_within_distance_cap
20161023,6698bfc4f0bce8bf6c8c0f11e1a5d6c5,55,335518752_9287__n0,335518756_9485__n0,False,False,,,,no_directed_path_within_distance_cap
20161023,674c11d95669854083105401867b9623,11,156592802_10050__n2,266583975_10026__n2,False,False,,,,no_directed_path_within_distance_cap
20161023,674c11d95669854083105401867b9623,50,263486164_8865__n1,152428008_8842__n0,False,False,,,,no_directed_path_within_distance_cap
20161023,674c11d95669854083105401867b9623,51,152428008_8842__n0,263738593_8825__n0,False,False,,,,no_directed_path_within_distance_cap
20161023,674c11d95669854083105401867b9623,52,263738593_8825__n0,170357393_8845__n0,False,False,,,,no_directed_path_within_distance_cap
20161023,674c11d95669854083105401867b9623,56,152427720_8815__n0,266995293_8807__n7,False,False,,,,no_directed_path_within_distance_cap
20161023,70ea97f5be548bbfb1ce33e1f38012ad,7,263486164_8865__n1,152428008_8842__n0,False,False,,,,no_directed_path_within_distance_cap
20161023,70ea97f5be548bbfb1ce33e1f38012ad,8,152428008_8842__n0,263738593_8825__n0,False,False,,,,no_directed_path_within_distance_cap
20161023,70ea97f5be548bbfb1ce33e1f38012ad,9,263738593_8825__n0,263486158_8846__n2,False,False,,,,no_directed_path_within_distance_cap
20161023,70ea97f5be548bbfb1ce33e1f38012ad,15,152427987_2576__n0,152427999_2561__n0,False,False,,,,no_directed_path_within_distance_cap
20161023,70ea97f5be548bbfb1ce33e1f38012ad,16,152427999_2561__n0,381429051_2533__n0,False,False,,,,no_directed_path_within_distance_cap
20161023,724ad41519daced8b87452e07a44e918,9,333403966_4156__n0,447556657_3818__n0,False,False,,,,no_directed_path_within_distance_cap
20161023,724ad41519daced8b87452e07a44e918,10,447556657_3818__n0,447556635_3812__n0,False,False,,,,no_directed_path_within_distance_cap
20161023,724ad41519daced8b87452e07a44e918,17,258742307_2667__n15,28258007_2668__n0,False,False,,,,no_directed_path_within_distance_cap
20161023,73815821ffac9893df95759400dcdd00,3,290629742_2712__n0,266577941_3882__n0,False,False,,,,no_directed_path_within_distance_cap
20161023,73815821ffac9893df95759400dcdd00,4,266577941_3882__n0,266577945_3892__n0,False,False,,,,no_directed_path_within_distance_cap
20161023,73a24a4116c9306f10590ebae27c4bee,3,242760070_4644__n0,263774619_4645__n0,False,False,,,,no_directed_path_within_distance_cap
20161023,73a24a4116c9306f10590ebae27c4bee,4,263774619_4645__n0,263774620_4646__n0,False,False,,,,no_directed_path_within_distance_cap
20161023,73a24a4116c9306f10590ebae27c4bee,10,267161908_4623__n0,447556669_4620__n0,False,False,,,,no_directed_path_within_distance_cap
20161023,73a24a4116c9306f10590ebae27c4bee,11,447556669_4620__n0,369790063_4473__n1,False,False,,,,no_directed_path_within_distance_cap
20161023,7b701bf1122a104a70f138c965b50b1f,22,212736874_9994__n0,266581123_9997__n0,False,False,,,,no_directed_path_within_distance_cap
20161023,7b701bf1122a104a70f138c965b50b1f,24,447556632_9993__n1,258248751_9995__n0,False,False,,,,no_directed_path_within_distance_cap
20161023,7c143b82429880108a8566c1432cf071,8,28276814_4648__n0,28358459_4601__n0,False,False,,,,no_directed_path_within_distance_cap
20161023,7f7834e2529560419c2eeee4db97c017,17,263770587_4228__n0,267598519_4210__n0,False,False,,,,no_directed_path_within_distance_cap
20161023,81a8f44864aabe056b4bea8de81db5a3,8,28320650_2501__n2,381473923_2497__n0,False,False,,,,no_directed_path_within_distance_cap
20161023,81a8f44864aabe056b4bea8de81db5a3,11,162540383_2627__n4,162532765_2419__n0,False,False,,,,no_directed_path_within_distance_cap
20161023,81a8f44864aabe056b4bea8de81db5a3,14,162532765_2419__n2,162532762_2374__n0,False,False,,,,no_directed_path_within_distance_cap
20161023,81a8f44864aabe056b4bea8de81db5a3,15,162532762_2374__n0,293499687_2371__n0,False,False,,,,no_directed_path_within_distance_cap
20161023,81a8f44864aabe056b4bea8de81db5a3,17,293499687_2371__n1,152428518_2369__n0,False,False,,,,no_directed_path_within_distance_cap
20161023,81a8f44864aabe056b4bea8de81db5a3,72,258738676_2551__n0,258738677_2549__n0,False,False,,,,no_directed_path_within_distance_cap
20161023,81a8f44864aabe056b4bea8de81db5a3,73,258738677_2549__n0,381429050_2567__n0,False,False,,,,no_directed_path_within_distance_cap
20161023,81a8f44864aabe056b4bea8de81db5a3,74,381429050_2567__n0,89567410_2603__n0,False,False,,,,no_directed_path_within_distance_cap
20161023,81a8f44864aabe056b4bea8de81db5a3,88,447556677_3805__n2,334971111_3817__n0,False,False,,,,no_directed_path_within_distance_cap
20161023,81a8f44864aabe056b4bea8de81db5a3,89,334971111_3817__n0,447556637_3821__n0,False,False,,,,no_directed_path_within_distance_cap
20161023,820fa5222c6d87324c5bd725d577a02f,27,152427992_2534__n0,381429052_2558__n0,False,False,,,,no_directed_path_within_distance_cap
20161023,820fa5222c6d87324c5bd725d577a02f,28,381429052_2558__n0,26174011_2565__n0,False,False,,,,no_directed_path_within_distance_cap
20161023,897dcb47cd7ad10375d70243644fa4ce,7,290629741_2706__n2,259866067_4110__n8,False,False,,,,no_directed_path_within_distance_cap
20161023,8c3259ec99a4c6d3f1883a09318610d7,7,162540384_2635__n0,162532768_2499__n0,False,False,,,,no_directed_path_within_distance_cap
20161023,8c3259ec99a4c6d3f1883a09318610d7,9,162532768_2499__n1,28320648_2517__n0,False,False,,,,no_directed_path_within_distance_cap
20161023,8c3259ec99a4c6d3f1883a09318610d7,10,28320648_2517__n0,335527370_2523__n0,False,False,,,,no_directed_path_within_distance_cap
20161023,9bda62c213355989207935a31d3c6d8e,11,337335334_9999__n0,258248751_9995__n0,False,False,,,,no_directed_path_within_distance_cap
20161023,9cb84c79527df07a81add7a954111d9a,10,28258924_2310__n4,381429050_2567__n0,False,False,,,,no_directed_path_within_distance_cap
20161023,9cb84c79527df07a81add7a954111d9a,11,381429050_2567__n0,258738667_2572__n0,False,False,,,,no_directed_path_within_distance_cap
20161023,9cb84c79527df07a81add7a954111d9a,30,162540382_2656__n0,152428519_2370__n0,False,False,,,,no_directed_path_within_distance_cap
20161023,9cb84c79527df07a81add7a954111d9a,33,152428516_2373__n1,293499686_2413__n0,False,False,,,,no_directed_path_within_distance_cap
20161023,9cb84c79527df07a81add7a954111d9a,35,162532771_2418__n0,381409557_2425__n0,False,False,,,,no_directed_path_within_distance_cap
20161023,9cb84c79527df07a81add7a954111d9a,36,381409557_2425__n0,381409554_2631__n0,False,False,,,,no_directed_path_within_distance_cap
20161023,9cb84c79527df07a81add7a954111d9a,38,162532790_2500__n0,381473925_2503__n0,False,False,,,,no_directed_path_within_distance_cap
20161023,9cb84c79527df07a81add7a954111d9a,39,381473925_2503__n0,28320648_2517__n0,False,False,,,,no_directed_path_within_distance_cap
20161023,9cb84c79527df07a81add7a954111d9a,40,28320648_2517__n0,162658756_2525__n0,False,False,,,,no_directed_path_within_distance_cap
20161023,a242848d93040248ce2d87654f845708,24,370672200_8961__n2,378402213_9030__n0,False,False,,,,no_directed_path_within_distance_cap
20161023,a242848d93040248ce2d87654f845708,26,293499685_9031__n2,266583966_9450__n0,False,False,,,,no_directed_path_within_distance_cap
20161023,a242848d93040248ce2d87654f845708,28,231866341_9467__n0,266583965_9473__n0,False,False,,,,no_directed_path_within_distance_cap
20161023,a242848d93040248ce2d87654f845708,29,266583965_9473__n0,266583967_9290__n0,False,False,,,,no_directed_path_within_distance_cap
20161023,a242848d93040248ce2d87654f845708,30,266583967_9290__n0,335518756_9485__n0,False,False,,,,no_directed_path_within_distance_cap
20161023,a242848d93040248ce2d87654f845708,33,335518757_9490__n0,266583951_9494__n0,False,False,,,,no_directed_path_within_distance_cap
20161023,a242848d93040248ce2d87654f845708,35,156592791_10021__n0,156592798_10051__n0,False,False,,,,no_directed_path_within_distance_cap
20161023,a242848d93040248ce2d87654f845708,38,156592798_10051__n2,156592804_10093__n0,False,False,,,,no_directed_path_within_distance_cap
20161023,a35bc8bb51cfdb70ff3cebdb9c98f497,9,28258924_2310__n4,381429050_2567__n0,False,False,,,,no_directed_path_within_distance_cap
20161023,a37fcfdac589151544d308b3bf18333e,17,28258924_2310__n4,381429050_2567__n0,False,False,,,,no_directed_path_within_distance_cap
20161023,a37fcfdac589151544d308b3bf18333e,18,381429050_2567__n0,89567410_2603__n0,False,False,,,,no_directed_path_within_distance_cap
20161023,a37fcfdac589151544d308b3bf18333e,33,447556677_3805__n2,334971111_3817__n0,False,False,,,,no_directed_path_within_distance_cap
20161023,a37fcfdac589151544d308b3bf18333e,34,334971111_3817__n0,334971109_3844__n0,False,False,,,,no_directed_path_within_distance_cap
20161023,a72edf0c8cf01f7d7369b423560bf1a6,13,231865403_9452__n0,335525204_9033__n1,False,False,,,,no_directed_path_within_distance_cap
20161023,a7c828f5eddca821e274b59bcffe1ae9,20,59140347_10137__n0,263770045_10170__n0,False,False,,,,no_directed_path_within_distance_cap
20161023,a7c828f5eddca821e274b59bcffe1ae9,21,263770045_10170__n0,263769954_10152__n0,False,False,,,,no_directed_path_within_distance_cap
20161023,a7c828f5eddca821e274b59bcffe1ae9,22,263769954_10152__n0,447556640_10154__n0,False,False,,,,no_directed_path_within_distance_cap
20161023,a8464f08d8fb67dadab7708f2d0f4a3b,29,162540382_2656__n0,152428519_2370__n0,False,False,,,,no_directed_path_within_distance_cap
20161023,a8464f08d8fb67dadab7708f2d0f4a3b,32,152428516_2373__n1,293499686_2413__n0,False,False,,,,no_directed_path_within_distance_cap
20161023,a8464f08d8fb67dadab7708f2d0f4a3b,35,162532765_2419__n4,162542042_2628__n0,False,False,,,,no_directed_path_within_distance_cap
20161023,aa31aa1acc5ea1ae25cf18271183f4f8,11,287208893_3810__n0,295967306_3814__n0,False,False,,,,no_directed_path_within_distance_cap
20161023,aa31aa1acc5ea1ae25cf18271183f4f8,16,258742307_2667__n15,447556687_2722__n0,False,False,,,,no_directed_path_within_distance_cap
20161023,aa31aa1acc5ea1ae25cf18271183f4f8,17,447556687_2722__n0,277672363_3949__n1,False,False,,,,no_directed_path_within_distance_cap
20161023,abc89fc9cf19f33b1b3828d3de59b5a3,9,59140333_4472__n6,447556636_4619__n0,False,False,,,,no_directed_path_within_distance_cap
20161023,abc89fc9cf19f33b1b3828d3de59b5a3,10,447556636_4619__n0,369790064_4622__n0,False,False,,,,no_directed_path_within_distance_cap
20161023,abc89fc9cf19f33b1b3828d3de59b5a3,11,369790064_4622__n0,263773394_4625__n0,False,False,,,,no_directed_path_within_distance_cap
20161023,abc89fc9cf19f33b1b3828d3de59b5a3,16,457984515_4610__n0,28358449_4742__n0,False,False,,,,no_directed_path_within_distance_cap
20161023,abc89fc9cf19f33b1b3828d3de59b5a3,17,28358449_4742__n0,28358450_4736__n0,False,False,,,,no_directed_path_within_distance_cap
20161023,abc89fc9cf19f33b1b3828d3de59b5a3,26,374649711_4719__n0,460338573_10207__n0,False,False,,,,no_directed_path_within_distance_cap
20161023,abc89fc9cf19f33b1b3828d3de59b5a3,28,267404274_10208__n0,267404275_10321__n0,False,False,,,,no_directed_path_within_distance_cap
20161023,abc89fc9cf19f33b1b3828d3de59b5a3,31,264110605_10216__n0,457983485_10197__n1,False,False,,,,no_directed_path_within_distance_cap
20161023,af99a56a00e7302061fca26104f62b1f,23,263770044_10149__n0,263769953_10151__n0,False,False,,,,no_directed_path_within_distance_cap
20161023,af99a56a00e7302061fca26104f62b1f,24,263769953_10151__n0,28358447_10155__n0,False,False,,,,no_directed_path_within_distance_cap
20161023,b28e0267b3b5d3c610971e94d5f55726,4,28258924_2310__n4,381429050_2567__n0,False,False,,,,no_directed_path_within_distance_cap
20161023,b28e0267b3b5d3c610971e94d5f55726,5,381429050_2567__n0,258738667_2572__n0,False,False,,,,no_directed_path_within_distance_cap
20161023,b28e0267b3b5d3c610971e94d5f55726,7,258738667_2572__n1,28340417_2566__n3,False,False,,,,no_directed_path_within_distance_cap
20161023,b28e0267b3b5d3c610971e94d5f55726,8,28340417_2566__n3,258738669_2569__n0,False,False,,,,no_directed_path_within_distance_cap
20161023,b28e0267b3b5d3c610971e94d5f55726,25,162540382_2656__n0,152428519_2370__n0,False,False,,,,no_directed_path_within_distance_cap
20161023,b28e0267b3b5d3c610971e94d5f55726,28,152428516_2373__n1,381473315_2421__n0,False,False,,,,no_directed_path_within_distance_cap
20161023,b28e0267b3b5d3c610971e94d5f55726,29,381473315_2421__n0,381473317_2629__n0,False,False,,,,no_directed_path_within_distance_cap
20161023,b28e0267b3b5d3c610971e94d5f55726,30,381473317_2629__n0,162542042_2628__n0,False,False,,,,no_directed_path_within_distance_cap
20161023,b28e0267b3b5d3c610971e94d5f55726,62,400213936_3981__n0,263770589_4227__n0,False,False,,,,no_directed_path_within_distance_cap
20161023,b30bdb73fdeb834106f78acb9d66b86c,14,263485688_8788__n1,381429052_2558__n0,False,False,,,,no_directed_path_within_distance_cap
20161023,b30bdb73fdeb834106f78acb9d66b86c,15,381429052_2558__n0,26174011_2565__n1,False,False,,,,no_directed_path_within_distance_cap
20161023,b576b445c745e1c4a0428b2885077d09,2,266583979_10095__n1,156592804_10093__n0,False,False,,,,no_directed_path_within_distance_cap
20161023,b576b445c745e1c4a0428b2885077d09,3,156592804_10093__n0,266583979_10095__n2,False,False,,,,no_directed_path_within_distance_cap
20161023,b59f846ef033b4a73f81699836fb2cbd,36,381956608_8924__n2,293499685_9031__n0,False,False,,,,no_directed_path_within_distance_cap
20161023,b59f846ef033b4a73f81699836fb2cbd,39,293499685_9031__n2,266583966_9450__n0,False,False,,,,no_directed_path_within_distance_cap
20161023,b59f846ef033b4a73f81699836fb2cbd,42,231866341_9467__n1,266583965_9473__n0,False,False,,,,no_directed_path_within_distance_cap
20161023,b59f846ef033b4a73f81699836fb2cbd,43,266583965_9473__n0,266583967_9290__n0,False,False,,,,no_directed_path_within_distance_cap
20161023,b59f846ef033b4a73f81699836fb2cbd,44,266583967_9290__n0,335518756_9485__n0,False,False,,,,no_directed_path_within_distance_cap
20161023,b59f846ef033b4a73f81699836fb2cbd,59,245402091_9950__n0,266583954_9486__n0,False,False,,,,no_directed_path_within_distance_cap
20161023,b59f846ef033b4a73f81699836fb2cbd,69,231865403_9452__n0,266583962_9032__n0,False,False,,,,no_directed_path_within_distance_cap
20161023,b59f846ef033b4a73f81699836fb2cbd,70,266583962_9032__n0,231865404_8915__n0,False,False,,,,no_directed_path_within_distance_cap
20161023,b59f846ef033b4a73f81699836fb2cbd,80,263486164_8865__n1,152428008_8842__n0,False,False,,,,no_directed_path_within_distance_cap
20161023,b59f846ef033b4a73f81699836fb2cbd,81,152428008_8842__n0,263738593_8825__n0,False,False,,,,no_directed_path_within_distance_cap
20161023,b59f846ef033b4a73f81699836fb2cbd,82,263738593_8825__n0,263486158_8846__n2,False,False,,,,no_directed_path_within_distance_cap
20161023,b59f846ef033b4a73f81699836fb2cbd,89,263486156_2564__n1,334648929_2545__n0,False,False,,,,no_directed_path_within_distance_cap
20161023,b59f846ef033b4a73f81699836fb2cbd,90,334648929_2545__n0,28340417_2566__n0,False,False,,,,no_directed_path_within_distance_cap
20161023,b59f846ef033b4a73f81699836fb2cbd,95,258738667_2572__n1,28340417_2566__n3,False,False,,,,no_directed_path_within_distance_cap
20161023,b59f846ef033b4a73f81699836fb2cbd,96,28340417_2566__n3,258738667_2572__n1,False,False,,,,no_directed_path_within_distance_cap
20161023,b59f846ef033b4a73f81699836fb2cbd,129,162540382_2656__n0,152428519_2370__n0,False,False,,,,no_directed_path_within_distance_cap
20161023,b59f846ef033b4a73f81699836fb2cbd,132,152428516_2373__n1,162532783_2416__n0,False,False,,,,no_directed_path_within_distance_cap
20161023,b59f846ef033b4a73f81699836fb2cbd,133,162532783_2416__n0,162532761_2422__n1,False,False,,,,no_directed_path_within_distance_cap
20161023,b59f846ef033b4a73f81699836fb2cbd,134,162532761_2422__n1,162532768_2499__n0,False,False,,,,no_directed_path_within_distance_cap
20161023,b59f846ef033b4a73f81699836fb2cbd,136,162532768_2499__n1,28320648_2517__n0,False,False,,,,no_directed_path_within_distance_cap
20161023,b59f846ef033b4a73f81699836fb2cbd,137,28320648_2517__n0,162658756_2525__n0,False,False,,,,no_directed_path_within_distance_cap
20161023,b763c19a29cbd970b9dbea6f325f7b1d,6,335527368_2389__n0,162540379_2393__n0,False,False,,,,no_directed_path_within_distance_cap
20161023,b763c19a29cbd970b9dbea6f325f7b1d,7,162540379_2393__n0,335527368_2389__n0,False,False,,,,no_directed_path_within_distance_cap
20161023,b763c19a29cbd970b9dbea6f325f7b1d,48,152427993_8794__n3,155248440_8810__n0,False,False,,,,no_directed_path_within_distance_cap
20161023,b763c19a29cbd970b9dbea6f325f7b1d,49,155248440_8810__n0,263738592_8824__n0,False,False,,,,no_directed_path_within_distance_cap
20161023,b763c19a29cbd970b9dbea6f325f7b1d,50,263738592_8824__n0,152428005_8827__n0,False,False,,,,no_directed_path_within_distance_cap
20161023,b763c19a29cbd970b9dbea6f325f7b1d,55,335697692_8840__n1,152427722_8872__n0,False,False,,,,no_directed_path_within_distance_cap
20161023,b7b92ad9665ba89367c596d0346960f4,11,267161908_4623__n0,447556669_4620__n0,False,False,,,,no_directed_path_within_distance_cap
20161023,b7b92ad9665ba89367c596d0346960f4,12,447556669_4620__n0,369790063_4473__n0,False,False,,,,no_directed_path_within_distance_cap
20161023,b7b92ad9665ba89367c596d0346960f4,43,334971108_3842__n2,447556657_3818__n0,False,False,,,,no_directed_path_within_distance_cap
20161023,b7b92ad9665ba89367c596d0346960f4,44,447556657_3818__n0,447556635_3812__n0,False,False,,,,no_directed_path_within_distance_cap
20161023,b8b5368bff0c2dff2d44ff76b23acd64,9,162540382_2656__n0,152428519_2370__n0,False,False,,,,no_directed_path_within_distance_cap
20161023,b8b5368bff0c2dff2d44ff76b23acd64,12,152428516_2373__n1,293499686_2413__n0,False,False,,,,no_directed_path_within_distance_cap
20161023,b8b5368bff0c2dff2d44ff76b23acd64,14,162532771_2418__n0,381409557_2425__n0,False,False,,,,no_directed_path_within_distance_cap
20161023,b8b5368bff0c2dff2d44ff76b23acd64,15,381409557_2425__n0,381409554_2631__n0,False,False,,,,no_directed_path_within_distance_cap
20161023,b8b5368bff0c2dff2d44ff76b23acd64,21,162542043_2415__n1,162532933_2408__n0,False,False,,,,no_directed_path_within_distance_cap
20161023,bb8e9ef2bf696726f1d7e2c27d0a0e63,11,260087891_2263__n8,89567410_2603__n1,False,False,,,,no_directed_path_within_distance_cap
20161023,bb8e9ef2bf696726f1d7e2c27d0a0e63,33,456114496_2625__n0,456114494_3826__n0,False,False,,,,no_directed_path_within_distance_cap
20161023,bb8e9ef2bf696726f1d7e2c27d0a0e63,34,456114494_3826__n0,59140336_3840__n3,False,False,,,,no_directed_path_within_distance_cap
20161023,bd95eb7af92b5deaf2e9306d7947932e,5,267404275_10321__n0,457983477_10205__n0,False,False,,,,no_directed_path_within_distance_cap
20161023,bd95eb7af92b5deaf2e9306d7947932e,8,460338576_10200__n0,59140341_10181__n0,False,False,,,,no_directed_path_within_distance_cap
20161023,c5d1d3fd8072256d43b59f1a0037fa61,1,28258924_2310__n2,28258926_2311__n2,False,False,,,,no_directed_path_within_distance_cap
20161023,c5d1d3fd8072256d43b59f1a0037fa61,8,28258924_2310__n2,258738673_2278__n0,False,False,,,,no_directed_path_within_distance_cap
20161023,c8050fd452865f7cd9bf0ce5194482cd,4,334971108_3842__n1,447556657_3818__n0,False,False,,,,no_directed_path_within_distance_cap
20161023,c8050fd452865f7cd9bf0ce5194482cd,5,447556657_3818__n0,447556635_3812__n0,False,False,,,,no_directed_path_within_distance_cap
20161023,c8050fd452865f7cd9bf0ce5194482cd,39,381473317_2629__n0,162540383_2627__n4,False,False,,,,no_directed_path_within_distance_cap
20161023,c8050fd452865f7cd9bf0ce5194482cd,40,162540383_2627__n4,162532933_2408__n0,False,False,,,,no_directed_path_within_distance_cap
20161023,cb71e98c2d2186de12a8294597c97695,18,266577945_3892__n6,266577955_2715__n0,False,False,,,,no_directed_path_within_distance_cap
20161023,cb71e98c2d2186de12a8294597c97695,19,266577955_2715__n0,266577952_2713__n0,False,False,,,,no_directed_path_within_distance_cap
20161023,cf187287b31c5f19ccabe3b6c51c3fcc,2,83557214_10059__n0,156592802_10050__n0,False,False,,,,no_directed_path_within_distance_cap
20161023,cf187287b31c5f19ccabe3b6c51c3fcc,5,156592802_10050__n2,156592797_10020__n0,False,False,,,,no_directed_path_within_distance_cap
20161023,cf187287b31c5f19ccabe3b6c51c3fcc,7,156592801_9493__n0,457044275_9499__n1,False,False,,,,no_directed_path_within_distance_cap
20161023,d346682fc7f3112bc76c71a4c98a2d5b,6,335513936_2221__n2,381473318_2414__n0,False,False,,,,no_directed_path_within_distance_cap
20161023,d346682fc7f3112bc76c71a4c98a2d5b,9,381473318_2414__n2,162542042_2628__n0,False,False,,,,no_directed_path_within_distance_cap
20161023,d346682fc7f3112bc76c71a4c98a2d5b,18,381473317_2629__n0,162542042_2628__n0,False,False,,,,no_directed_path_within_distance_cap
20161023,d346682fc7f3112bc76c71a4c98a2d5b,25,335518633_2650__n2,381473316_2649__n2,False,False,,,,no_directed_path_within_distance_cap
20161023,d346682fc7f3112bc76c71a4c98a2d5b,28,335518633_2650__n2,381473316_2649__n2,False,False,,,,no_directed_path_within_distance_cap
20161023,d346682fc7f3112bc76c71a4c98a2d5b,59,400213936_3981__n0,28258957_4211__n0,False,False,,,,no_directed_path_within_distance_cap
20161023,d346682fc7f3112bc76c71a4c98a2d5b,65,263739439_4394__n0,263739441_4463__n0,False,False,,,,no_directed_path_within_distance_cap
20161023,d50c3e436ce6c7486f8372826d1c50a3,13,142320604_2589__n0,334648929_2545__n0,False,False,,,,no_directed_path_within_distance_cap
20161023,d50c3e436ce6c7486f8372826d1c50a3,14,334648929_2545__n0,28340417_2566__n0,False,False,,,,no_directed_path_within_distance_cap
20161023,dc7aa294069f2eca8fa593c907825d25,25,334797273_4695__n0,295968700_4712__n2,False,False,,,,no_directed_path_within_distance_cap
20161023,dc7aa294069f2eca8fa593c907825d25,35,263776787_4738__n0,266957522_4724__n0,False,False,,,,no_directed_path_within_distance_cap
20161023,dc7aa294069f2eca8fa593c907825d25,36,266957522_4724__n0,181357558_4730__n0,False,False,,,,no_directed_path_within_distance_cap
20161023,de9a84b9ba85ca71cdc44a606d6373d4,12,263776586_4726__n0,266957524_4728__n0,False,False,,,,no_directed_path_within_distance_cap
20161023,de9a84b9ba85ca71cdc44a606d6373d4,13,266957524_4728__n0,181357558_4730__n0,False,False,,,,no_directed_path_within_distance_cap
20161023,e1cf9a00b3067f5308a71979b465f819,4,263486160_8829__n0,152427720_8815__n0,False,False,,,,no_directed_path_within_distance_cap
20161023,e1cf9a00b3067f5308a71979b465f819,6,152427988_8828__n0,152427720_8815__n1,False,False,,,,no_directed_path_within_distance_cap
20161023,e1cf9a00b3067f5308a71979b465f819,10,335697692_8840__n1,152427722_8872__n0,False,False,,,,no_directed_path_within_distance_cap
20161023,e2ff44ae09dd5991b81c52a8e1296b56,6,457984517_4466__n2,334281568_4436__n1,False,False,,,,no_directed_path_within_distance_cap
20161023,e2ff44ae09dd5991b81c52a8e1296b56,23,333403958_4190__n2,446811235_4189__n0,False,False,,,,no_directed_path_within_distance_cap
20161023,e3f3973776861a3ac20a8aca0f10f28e,16,48795850_3950__n7,277672360_2721__n0,False,False,,,,no_directed_path_within_distance_cap
20161023,e3f3973776861a3ac20a8aca0f10f28e,17,277672360_2721__n0,457984513_2719__n2,False,False,,,,no_directed_path_within_distance_cap
20161023,e3f3973776861a3ac20a8aca0f10f28e,61,152427987_2576__n0,152427999_2561__n0,False,False,,,,no_directed_path_within_distance_cap
20161023,e3f3973776861a3ac20a8aca0f10f28e,62,152427999_2561__n0,381429051_2533__n0,False,False,,,,no_directed_path_within_distance_cap
20161023,e3f3973776861a3ac20a8aca0f10f28e,76,142323476_8748__n3,333378721_8502__n0,False,False,,,,no_directed_path_within_distance_cap
20161023,e3f3973776861a3ac20a8aca0f10f28e,77,333378721_8502__n0,333378722_8463__n0,False,False,,,,no_directed_path_within_distance_cap
20161023,ee384c5dcd1e3f927a1fd16698875635,12,28258924_2310__n0,83491480_10027__n4,False,False,,,,no_directed_path_within_distance_cap
20161023,f283fe4a83a56738d119c95c958ca3fb,9,264110605_10216__n0,235000070_10218__n0,False,False,,,,no_directed_path_within_distance_cap
20161023,f283fe4a83a56738d119c95c958ca3fb,14,457983491_10324__n0,267598222_10320__n0,False,False,,,,no_directed_path_within_distance_cap
20161023,f283fe4a83a56738d119c95c958ca3fb,16,267404274_10208__n0,457983477_10205__n0,False,False,,,,no_directed_path_within_distance_cap
20161023,f854adc3b50f8dab780431b42e821fc3,32,335525201_10190__n2,264110603_10196__n0,False,False,,,,no_directed_path_within_distance_cap
20161023,f854adc3b50f8dab780431b42e821fc3,37,264110602_10343__n0,457983481_10350__n0,False,False,,,,no_directed_path_within_distance_cap
20161023,fc9e7962f5e794a8f65536a7ca747130,25,334971108_3842__n2,447556657_3818__n0,False,False,,,,no_directed_path_within_distance_cap
20161023,fc9e7962f5e794a8f65536a7ca747130,26,447556657_3818__n0,447556635_3812__n0,False,False,,,,no_directed_path_within_distance_cap
20161023,fc9e7962f5e794a8f65536a7ca747130,33,457984361_2718__n2,257224675_3891__n0,False,False,,,,no_directed_path_within_distance_cap
20161023,fc9e7962f5e794a8f65536a7ca747130,34,257224675_3891__n0,290629743_2711__n0,False,False,,,,no_directed_path_within_distance_cap
20161023,fcfcf833ddbaeeb31b9a21acb8a66735,15,334971108_3842__n1,447556657_3818__n0,False,False,,,,no_directed_path_within_distance_cap
20161023,fcfcf833ddbaeeb31b9a21acb8a66735,16,447556657_3818__n0,447556635_3812__n0,False,False,,,,no_directed_path_within_distance_cap
20161023,fd269d7411891b12bfcc6f84e5d43508,18,162540382_2656__n0,152428519_2370__n0,False,False,,,,no_directed_path_within_distance_cap
20161023,fd269d7411891b12bfcc6f84e5d43508,21,152428516_2373__n1,293499686_2413__n0,False,False,,,,no_directed_path_within_distance_cap
20161023,fd269d7411891b12bfcc6f84e5d43508,23,162532771_2418__n0,381409557_2425__n0,False,False,,,,no_directed_path_within_distance_cap
20161023,fd269d7411891b12bfcc6f84e5d43508,24,381409557_2425__n0,381409554_2631__n0,False,False,,,,no_directed_path_within_distance_cap
20161023,fd269d7411891b12bfcc6f84e5d43508,26,162532790_2500__n0,381473926_2504__n0,False,False,,,,no_directed_path_within_distance_cap
20161023,fd269d7411891b12bfcc6f84e5d43508,27,381473926_2504__n0,258738965_2521__n0,False,False,,,,no_directed_path_within_distance_cap
20161023,fd269d7411891b12bfcc6f84e5d43508,29,258738965_2521__n1,162658756_2525__n0,False,False,,,,no_directed_path_within_distance_cap
20161023,fd7656b37e97032ce7c81f3d6e696f50,2,28275321_1874__n6,266773682_2220__n5,False,False,,,,no_directed_path_within_distance_cap
20161023,fe853b83fb1c7741acf239ac51e898aa,7,447556678_4223__n2,333403959_4222__n0,False,False,,,,no_directed_path_within_distance_cap
20161023,03e910da5ff8f7bb0417f926e361311e,4,263486164_8865__n1,152428008_8842__n0,False,False,,,,no_directed_path_within_distance_cap
20161023,03e910da5ff8f7bb0417f926e361311e,5,152428008_8842__n0,263738593_8825__n0,False,False,,,,no_directed_path_within_distance_cap
20161023,03e910da5ff8f7bb0417f926e361311e,6,263738593_8825__n0,263486158_8846__n2,False,False,,,,no_directed_path_within_distance_cap
20161023,03e910da5ff8f7bb0417f926e361311e,13,263486156_2564__n1,334648929_2545__n0,False,False,,,,no_directed_path_within_distance_cap
20161023,03e910da5ff8f7bb0417f926e361311e,14,334648929_2545__n0,28340417_2566__n0,False,False,,,,no_directed_path_within_distance_cap
20161023,054263d7fa69f04803109c1fd2228323,9,333404261_9947__n0,258081763_9944__n1,False,False,,,,no_directed_path_within_distance_cap
20161023,054263d7fa69f04803109c1fd2228323,37,456114495_3830__n0,447556674_3825__n0,False,False,,,,no_directed_path_within_distance_cap
20161023,054263d7fa69f04803109c1fd2228323,38,447556674_3825__n0,290629752_3822__n0,False,False,,,,no_directed_path_within_distance_cap
20161023,0cb36d1a4d5f258f98a0d3240401ba13,60,447556678_4223__n2,333403959_4222__n0,False,False,,,,no_directed_path_within_distance_cap
20161023,0f32649b482446a055663e0229fb4173,10,447556678_4223__n2,333403959_4222__n0,False,False,,,,no_directed_path_within_distance_cap
20161023,1350e97d5ed4f915ad8960aceb274a90,25,334971108_3842__n2,447556657_3818__n0,False,False,,,,no_directed_path_within_distance_cap
20161023,1350e97d5ed4f915ad8960aceb274a90,26,447556657_3818__n0,447556635_3812__n0,False,False,,,,no_directed_path_within_distance_cap
20161023,17b8ef9db60f3320265f6d295988a610,2,255201450_10351__n0,258248021_10327__n0,False,False,,,,no_directed_path_within_distance_cap
20161023,17b8ef9db60f3320265f6d295988a610,4,258248021_10327__n1,457983477_10205__n0,False,False,,,,no_directed_path_within_distance_cap
20161023,19d1456fc3346230c9b345f8e08d39ed,29,335518638_2714__n0,266577945_3892__n0,False,False,,,,no_directed_path_within_distance_cap
20161023,1b30e77a9108ca911b31374273a8cb71,9,335513936_2221__n1,381473319_2222__n1,False,False,,,,no_directed_path_within_distance_cap
20161023,1b30e77a9108ca911b31374273a8cb71,10,381473319_2222__n1,381473318_2414__n0,False,False,,,,no_directed_path_within_distance_cap
20161023,1b30e77a9108ca911b31374273a8cb71,11,381473318_2414__n0,162532761_2422__n1,False,False,,,,no_directed_path_within_distance_cap
20161023,1b30e77a9108ca911b31374273a8cb71,12,162532761_2422__n1,162542043_2415__n0,False,False,,,,no_directed_path_within_distance_cap
20161023,1b30e77a9108ca911b31374273a8cb71,14,162542043_2415__n1,162532765_2419__n0,False,False,,,,no_directed_path_within_distance_cap
20161023,1b30e77a9108ca911b31374273a8cb71,19,162532771_2418__n0,381409557_2425__n0,False,False,,,,no_directed_path_within_distance_cap
20161023,1b30e77a9108ca911b31374273a8cb71,20,381409557_2425__n0,381409554_2631__n0,False,False,,,,no_directed_path_within_distance_cap
20161023,1b30e77a9108ca911b31374273a8cb71,22,162532790_2500__n0,381473925_2503__n0,False,False,,,,no_directed_path_within_distance_cap
20161023,1b30e77a9108ca911b31374273a8cb71,23,381473925_2503__n0,258738965_2521__n0,False,False,,,,no_directed_path_within_distance_cap
20161023,1db1eefccbbdaaa138cb842887a8a8a9,7,334648934_2579__n3,263485687_2529__n0,False,False,,,,no_directed_path_within_distance_cap
20161023,1e882ffe7817bb83fda75d2961b80209,5,142320577_2424__n2,152428516_2373__n0,False,False,,,,no_directed_path_within_distance_cap
20161023,1e882ffe7817bb83fda75d2961b80209,7,152428516_2373__n1,293499686_2413__n0,False,False,,,,no_directed_path_within_distance_cap
20161023,1e882ffe7817bb83fda75d2961b80209,9,162532771_2418__n0,381409557_2425__n0,False,False,,,,no_directed_path_within_distance_cap
20161023,1e882ffe7817bb83fda75d2961b80209,10,381409557_2425__n0,381409554_2631__n0,False,False,,,,no_directed_path_within_distance_cap
20161023,1e882ffe7817bb83fda75d2961b80209,12,162532790_2500__n0,381473926_2504__n0,False,False,,,,no_directed_path_within_distance_cap
20161023,1e882ffe7817bb83fda75d2961b80209,13,381473926_2504__n0,28320648_2517__n0,False,False,,,,no_directed_path_within_distance_cap
20161023,1e882ffe7817bb83fda75d2961b80209,14,28320648_2517__n0,258738965_2521__n1,False,False,,,,no_directed_path_within_distance_cap
20161023,1ef419da60e4a1ac95dd541a2f5992d0,4,258738671_2596__n0,89567417_2568__n0,False,False,,,,no_directed_path_within_distance_cap
20161023,1ef419da60e4a1ac95dd541a2f5992d0,5,89567417_2568__n0,258738678_2548__n0,False,False,,,,no_directed_path_within_distance_cap
20161023,1ef419da60e4a1ac95dd541a2f5992d0,6,258738678_2548__n0,334648925_2555__n1,False,False,,,,no_directed_path_within_distance_cap
20161023,1ef419da60e4a1ac95dd541a2f5992d0,20,152427993_8794__n3,152427989_8811__n0,False,False,,,,no_directed_path_within_distance_cap
20161023,1ef419da60e4a1ac95dd541a2f5992d0,21,152427989_8811__n0,263738592_8824__n0,False,False,,,,no_directed_path_within_distance_cap
20161023,1ef419da60e4a1ac95dd541a2f5992d0,22,263738592_8824__n0,263738594_8839__n0,False,False,,,,no_directed_path_within_distance_cap
20161023,1ef419da60e4a1ac95dd541a2f5992d0,23,263738594_8839__n0,152427983_8844__n0,False,False,,,,no_directed_path_within_distance_cap
20161023,1ef419da60e4a1ac95dd541a2f5992d0,34,381956608_8924__n1,293499685_9031__n0,False,False,,,,no_directed_path_within_distance_cap
20161023,1ef419da60e4a1ac95dd541a2f5992d0,37,293499685_9031__n2,266583966_9450__n0,False,False,,,,no_directed_path_within_distance_cap
20161023,1ef419da60e4a1ac95dd541a2f5992d0,39,231866341_9467__n0,266583965_9473__n0,False,False,,,,no_directed_path_within_distance_cap
20161023,1ef419da60e4a1ac95dd541a2f5992d0,40,266583965_9473__n0,266583967_9290__n0,False,False,,,,no_directed_path_within_distance_cap
20161023,1ef419da60e4a1ac95dd541a2f5992d0,41,266583967_9290__n0,335518756_9485__n0,False,False,,,,no_directed_path_within_distance_cap
20161023,1ef419da60e4a1ac95dd541a2f5992d0,44,335518757_9490__n0,266583951_9494__n0,False,False,,,,no_directed_path_within_distance_cap
20161023,1ef419da60e4a1ac95dd541a2f5992d0,46,156592791_10021__n0,156592798_10051__n0,False,False,,,,no_directed_path_within_distance_cap
20161023,2337158f52fd8f29def24da017a79794,2,142323479_8488__n1,263572163_8525__n0,False,False,,,,no_directed_path_within_distance_cap
20161023,2337158f52fd8f29def24da017a79794,3,263572163_8525__n0,263572152_8751__n0,False,False,,,,no_directed_path_within_distance_cap
20161023,2337158f52fd8f29def24da017a79794,13,142323482_8778__n4,152427720_8815__n0,False,False,,,,no_directed_path_within_distance_cap
20161023,2337158f52fd8f29def24da017a79794,15,152427988_8828__n0,264453195_8820__n0,False,False,,,,no_directed_path_within_distance_cap
20161023,2337158f52fd8f29def24da017a79794,18,152427988_8828__n0,152427983_8844__n0,False,False,,,,no_directed_path_within_distance_cap
20161023,29ecdccbe6910b7f418df78e49e892b8,15,335513936_2221__n1,162532933_2408__n0,False,False,,,,no_directed_path_within_distance_cap
20161023,29ecdccbe6910b7f418df78e49e892b8,20,335513936_2221__n2,381473318_2414__n0,False,False,,,,no_directed_path_within_distance_cap
20161023,29ecdccbe6910b7f418df78e49e892b8,21,381473318_2414__n0,162532761_2422__n1,False,False,,,,no_directed_path_within_distance_cap
20161023,29ecdccbe6910b7f418df78e49e892b8,22,162532761_2422__n1,162542043_2415__n0,False,False,,,,no_directed_path_within_distance_cap
20161023,29ecdccbe6910b7f418df78e49e892b8,23,162542043_2415__n0,381473318_2414__n2,False,False,,,,no_directed_path_within_distance_cap
20161023,29ecdccbe6910b7f418df78e49e892b8,24,381473318_2414__n2,162542042_2628__n0,False,False,,,,no_directed_path_within_distance_cap
20161023,29ecdccbe6910b7f418df78e49e892b8,33,381473317_2629__n0,162532761_2422__n1,False,False,,,,no_directed_path_within_distance_cap
20161023,29ecdccbe6910b7f418df78e49e892b8,34,162532761_2422__n1,162542042_2628__n0,False,False,,,,no_directed_path_within_distance_cap
20161023,29ecdccbe6910b7f418df78e49e892b8,52,290629741_2706__n0,335518637_2707__n0,False,False,,,,no_directed_path_within_distance_cap
20161023,3271b82dbde57bef9e80296f3660c2f2,18,152427987_2576__n0,152427999_2561__n0,False,False,,,,no_directed_path_within_distance_cap
20161023,3271b82dbde57bef9e80296f3660c2f2,19,152427999_2561__n0,263485693_2557__n0,False,False,,,,no_directed_path_within_distance_cap
20161023,3271b82dbde57bef9e80296f3660c2f2,26,152427993_8794__n3,152428003_8809__n0,False,False,,,,no_directed_path_within_distance_cap
20161023,3271b82dbde57bef9e80296f3660c2f2,28,264453194_8816__n0,266995293_8807__n7,False,False,,,,no_directed_path_within_distance_cap
20161023,33cefb09bf02d1ce8e5404c9ed2ee5da,4,335513936_2221__n2,381473318_2414__n0,False,False,,,,no_directed_path_within_distance_cap
20161023,33cefb09bf02d1ce8e5404c9ed2ee5da,5,381473318_2414__n0,162542043_2415__n0,False,False,,,,no_directed_path_within_distance_cap
20161023,33cefb09bf02d1ce8e5404c9ed2ee5da,6,162542043_2415__n0,162532765_2419__n0,False,False,,,,no_directed_path_within_distance_cap
20161023,33cefb09bf02d1ce8e5404c9ed2ee5da,9,162532765_2419__n2,162532762_2374__n0,False,False,,,,no_directed_path_within_distance_cap
20161023,33cefb09bf02d1ce8e5404c9ed2ee5da,10,162532762_2374__n0,293499687_2371__n0,False,False,,,,no_directed_path_within_distance_cap
20161023,33cefb09bf02d1ce8e5404c9ed2ee5da,12,293499687_2371__n1,152428518_2369__n0,False,False,,,,no_directed_path_within_distance_cap
20161023,33cefb09bf02d1ce8e5404c9ed2ee5da,14,152428518_2369__n1,162540379_2393__n0,False,False,,,,no_directed_path_within_distance_cap
20161023,33cefb09bf02d1ce8e5404c9ed2ee5da,15,162540379_2393__n0,28340419_2383__n0,False,False,,,,no_directed_path_within_distance_cap
20161023,399c282fdf818f72476443620120498d,6,152427987_2576__n0,152427999_2561__n0,False,False,,,,no_directed_path_within_distance_cap
20161023,399c282fdf818f72476443620120498d,7,152427999_2561__n0,381429051_2533__n0,False,False,,,,no_directed_path_within_distance_cap
20161023,39d1aa3f238b95870f2a61e6c7c4c4c0,25,334971117_4705__n2,447556681_4708__n0,False,False,,,,no_directed_path_within_distance_cap
20161023,39d1aa3f238b95870f2a61e6c7c4c4c0,27,263776585_4710__n0,334971117_4705__n2,False,False,,,,no_directed_path_within_distance_cap
20161023,39d1aa3f238b95870f2a61e6c7c4c4c0,28,334971117_4705__n2,447556681_4708__n0,False,False,,,,no_directed_path_within_distance_cap
20161023,39dc64dff82084b38fd01fcb062ddba1,14,333404261_9947__n0,59140296_9979__n0,False,False,,,,no_directed_path_within_distance_cap
20161023,3aa6f44332b9032626a5c727f24caaa3,17,48795850_3950__n7,277672360_2721__n0,False,False,,,,no_directed_path_within_distance_cap
20161023,3aa6f44332b9032626a5c727f24caaa3,18,277672360_2721__n0,335527357_2708__n2,False,False,,,,no_directed_path_within_distance_cap
20161023,3d8bb624b34cdaee477d37dccc982a00,12,334281912_9927__n0,258081761_9924__n0,False,False,,,,no_directed_path_within_distance_cap
20161023,45a950519e1959f3a555b7e4c71e24e3,23,162540384_2635__n0,162532761_2422__n1,False,False,,,,no_directed_path_within_distance_cap
20161023,45a950519e1959f3a555b7e4c71e24e3,24,162532761_2422__n1,162540374_2633__n0,False,False,,,,no_directed_path_within_distance_cap
20161023,488d8880bc98548a2b9014696cefba18,9,333403958_4190__n2,40541062_3937__n3,False,False,,,,no_directed_path_within_distance_cap
20161023,488d8880bc98548a2b9014696cefba18,16,266577945_3892__n6,266577955_2715__n0,False,False,,,,no_directed_path_within_distance_cap
20161023,488d8880bc98548a2b9014696cefba18,17,266577955_2715__n0,266577952_2713__n0,False,False,,,,no_directed_path_within_distance_cap
20161023,4b5e6397befa28e676cca0a9dd8bbe90,4,152428000_2530__n0,381429052_2558__n0,False,False,,,,no_directed_path_within_distance_cap
20161023,4b5e6397befa28e676cca0a9dd8bbe90,5,381429052_2558__n0,263485692_8789__n0,False,False,,,,no_directed_path_within_distance_cap
20161023,4b5e6397befa28e676cca0a9dd8bbe90,11,263486156_2564__n1,334648929_2545__n0,False,False,,,,no_directed_path_within_distance_cap
20161023,4b5e6397befa28e676cca0a9dd8bbe90,12,334648929_2545__n0,28340417_2566__n0,False,False,,,,no_directed_path_within_distance_cap
20161023,4b5e6397befa28e676cca0a9dd8bbe90,28,447556677_3805__n2,334971111_3817__n0,False,False,,,,no_directed_path_within_distance_cap
20161023,4b5e6397befa28e676cca0a9dd8bbe90,29,334971111_3817__n0,447556637_3821__n0,False,False,,,,no_directed_path_within_distance_cap
20161023,4b5e6397befa28e676cca0a9dd8bbe90,60,142321461_4411__n11,447556698_4433__n0,False,False,,,,no_directed_path_within_distance_cap
20161023,4b5e6397befa28e676cca0a9dd8bbe90,61,447556698_4433__n0,266957157_4431__n0,False,False,,,,no_directed_path_within_distance_cap
20161023,4dfb93e5ec63574b494f01bdd8860677,17,263486158_8846__n1,170357393_8845__n0,False,False,,,,no_directed_path_within_distance_cap
20161023,4dfb93e5ec63574b494f01bdd8860677,20,264453195_8820__n1,266995293_8807__n7,False,False,,,,no_directed_path_within_distance_cap
20161023,546df93d80a68b45308ac26290ced7b3,32,334971108_3842__n1,447556657_3818__n0,False,False,,,,no_directed_path_within_distance_cap
20161023,546df93d80a68b45308ac26290ced7b3,33,447556657_3818__n0,447556635_3812__n0,False,False,,,,no_directed_path_within_distance_cap
20161023,546df93d80a68b45308ac26290ced7b3,65,381473317_2629__n0,162540383_2627__n4,False,False,,,,no_directed_path_within_distance_cap
20161023,546df93d80a68b45308ac26290ced7b3,66,162540383_2627__n4,162532933_2408__n0,False,False,,,,no_directed_path_within_distance_cap
20161023,5497d92ca2b18f961258d3a8d2555247,39,152427993_8794__n3,155248440_8810__n0,False,False,,,,no_directed_path_within_distance_cap
20161023,5497d92ca2b18f961258d3a8d2555247,40,155248440_8810__n0,263738592_8824__n0,False,False,,,,no_directed_path_within_distance_cap
20161023,5497d92ca2b18f961258d3a8d2555247,41,263738592_8824__n0,152428005_8827__n0,False,False,,,,no_directed_path_within_distance_cap
20161023,5497d92ca2b18f961258d3a8d2555247,46,335697692_8840__n1,152427722_8872__n0,False,False,,,,no_directed_path_within_distance_cap
20161023,5651e622c9be1cf4cb3053491191d991,7,335513936_2221__n1,381473319_2222__n1,False,False,,,,no_directed_path_within_distance_cap
20161023,5651e622c9be1cf4cb3053491191d991,11,335513936_2221__n2,381473318_2414__n0,False,False,,,,no_directed_path_within_distance_cap
20161023,5651e622c9be1cf4cb3053491191d991,12,381473318_2414__n0,162532761_2422__n1,False,False,,,,no_directed_path_within_distance_cap
20161023,5651e622c9be1cf4cb3053491191d991,13,162532761_2422__n1,381473318_2414__n2,False,False,,,,no_directed_path_within_distance_cap
20161023,5651e622c9be1cf4cb3053491191d991,14,381473318_2414__n2,162542042_2628__n0,False,False,,,,no_directed_path_within_distance_cap
20161023,5651e622c9be1cf4cb3053491191d991,23,381473317_2629__n0,162542042_2628__n0,False,False,,,,no_directed_path_within_distance_cap
20161023,5651e622c9be1cf4cb3053491191d991,41,335518638_2714__n0,447556663_3884__n0,False,False,,,,no_directed_path_within_distance_cap
20161023,5651e622c9be1cf4cb3053491191d991,42,447556663_3884__n0,266577945_3892__n0,False,False,,,,no_directed_path_within_distance_cap
20161023,576834dbbdf34915d29c590042717488,4,263486160_8829__n0,264453194_8816__n0,False,False,,,,no_directed_path_within_distance_cap
20161023,576834dbbdf34915d29c590042717488,8,335697693_8836__n0,263738593_8825__n0,False,False,,,,no_directed_path_within_distance_cap
20161023,576834dbbdf34915d29c590042717488,9,263738593_8825__n0,152427989_8811__n0,False,False,,,,no_directed_path_within_distance_cap
20161023,576834dbbdf34915d29c590042717488,10,152427989_8811__n0,263486158_8846__n2,False,False,,,,no_directed_path_within_distance_cap
20161023,576834dbbdf34915d29c590042717488,22,263486156_2564__n1,334648929_2545__n0,False,False,,,,no_directed_path_within_distance_cap
20161023,576834dbbdf34915d29c590042717488,23,334648929_2545__n0,28340417_2566__n0,False,False,,,,no_directed_path_within_distance_cap
20161023,5bc81f7919f61838e702782b7493f90b,36,152427993_8794__n2,137828494_2580__n4,False,False,,,,no_directed_path_within_distance_cap
20161023,5bc81f7919f61838e702782b7493f90b,41,263486158_8846__n1,170357393_8845__n0,False,False,,,,no_directed_path_within_distance_cap
20161023,5bc81f7919f61838e702782b7493f90b,45,264453193_8781__n0,263738592_8824__n0,False,False,,,,no_directed_path_within_distance_cap
20161023,5bc81f7919f61838e702782b7493f90b,46,263738592_8824__n0,263738594_8839__n0,False,False,,,,no_directed_path_within_distance_cap
20161023,5bc81f7919f61838e702782b7493f90b,47,263738594_8839__n0,152427983_8844__n0,False,False,,,,no_directed_path_within_distance_cap
20161023,5bc81f7919f61838e702782b7493f90b,61,263486164_8865__n0,152427983_8844__n1,False,False,,,,no_directed_path_within_distance_cap
20161023,5bc81f7919f61838e702782b7493f90b,71,381956608_8924__n2,293499685_9031__n0,False,False,,,,no_directed_path_within_distance_cap
20161023,5bc81f7919f61838e702782b7493f90b,74,293499685_9031__n2,266583966_9450__n0,False,False,,,,no_directed_path_within_distance_cap
20161023,5bc81f7919f61838e702782b7493f90b,76,231866341_9467__n0,266583965_9473__n0,False,False,,,,no_directed_path_within_distance_cap
20161023,5bc81f7919f61838e702782b7493f90b,77,266583965_9473__n0,266583967_9290__n0,False,False,,,,no_directed_path_within_distance_cap
20161023,5bc81f7919f61838e702782b7493f90b,78,266583967_9290__n0,335518756_9485__n0,False,False,,,,no_directed_path_within_distance_cap
20161023,65a48f4e20f4e58a3d7230b4c5f5abcd,2,83557214_10059__n0,266583982_10055__n0,False,False,,,,no_directed_path_within_distance_cap
20161023,65a48f4e20f4e58a3d7230b4c5f5abcd,7,156592802_10050__n2,266583975_10026__n2,False,False,,,,no_directed_path_within_distance_cap
20161023,65ab133cee01a1b09edd0dc12f38f508,5,142320604_2589__n0,334648929_2545__n0,False,False,,,,no_directed_path_within_distance_cap
20161023,65ab133cee01a1b09edd0dc12f38f508,6,334648929_2545__n0,28340417_2566__n0,False,False,,,,no_directed_path_within_distance_cap
20161023,65ab133cee01a1b09edd0dc12f38f508,13,258738667_2572__n2,258738666_2575__n0,False,False,,,,no_directed_path_within_distance_cap
20161023,65ab133cee01a1b09edd0dc12f38f508,14,258738666_2575__n0,89567417_2568__n0,False,False,,,,no_directed_path_within_distance_cap
20161023,65ab133cee01a1b09edd0dc12f38f508,15,89567417_2568__n0,28258926_2311__n0,False,False,,,,no_directed_path_within_distance_cap
20161023,6fc8886cde7056683f6f953c8e0e58eb,1,181357564_4751__n0,264116885_4762__n0,False,False,,,,no_directed_path_within_distance_cap
20161023,6fc8886cde7056683f6f953c8e0e58eb,9,447556683_4709__n1,334971121_4704__n0,False,False,,,,no_directed_path_within_distance_cap
20161023,6fc8886cde7056683f6f953c8e0e58eb,46,216639727_3875__n2,447556689_3835__n0,False,False,,,,no_directed_path_within_distance_cap
20161023,6fc8886cde7056683f6f953c8e0e58eb,47,447556689_3835__n0,266795172_3791__n0,False,False,,,,no_directed_path_within_distance_cap
20161023,749d7f1523126e73484451f02ad37992,6,162532776_2496__n0,162532761_2422__n1,False,False,,,,no_directed_path_within_distance_cap
20161023,749d7f1523126e73484451f02ad37992,9,162532781_2407__n0,293499687_2371__n0,False,False,,,,no_directed_path_within_distance_cap
20161023,749d7f1523126e73484451f02ad37992,11,293499687_2371__n1,152428518_2369__n0,False,False,,,,no_directed_path_within_distance_cap
20161023,749d7f1523126e73484451f02ad37992,14,335527368_2389__n0,162540379_2393__n0,False,False,,,,no_directed_path_within_distance_cap
20161023,749d7f1523126e73484451f02ad37992,15,162540379_2393__n0,335527368_2389__n0,False,False,,,,no_directed_path_within_distance_cap
20161023,77043ab87038ece547332dcdc10d9131,7,28320650_2501__n2,381473923_2497__n0,False,False,,,,no_directed_path_within_distance_cap
20161023,77043ab87038ece547332dcdc10d9131,10,162540383_2627__n4,162542043_2415__n0,False,False,,,,no_directed_path_within_distance_cap
20161023,77043ab87038ece547332dcdc10d9131,11,162542043_2415__n0,162532765_2419__n0,False,False,,,,no_directed_path_within_distance_cap
20161023,77043ab87038ece547332dcdc10d9131,14,162532765_2419__n2,162532762_2374__n0,False,False,,,,no_directed_path_within_distance_cap
20161023,77043ab87038ece547332dcdc10d9131,15,162532762_2374__n0,293499687_2371__n0,False,False,,,,no_directed_path_within_distance_cap
20161023,77043ab87038ece547332dcdc10d9131,17,293499687_2371__n1,152428518_2369__n0,False,False,,,,no_directed_path_within_distance_cap
20161023,7a3748ae2230b72fbdc0ef078d9950c0,22,335525201_10190__n2,264110603_10196__n0,False,False,,,,no_directed_path_within_distance_cap
20161023,7a3748ae2230b72fbdc0ef078d9950c0,28,457983491_10324__n0,457983477_10205__n0,False,False,,,,no_directed_path_within_distance_cap
20161023,7a3748ae2230b72fbdc0ef078d9950c0,30,268844670_4715__n0,47848570_4718__n0,False,False,,,,no_directed_path_within_distance_cap
20161023,7a3748ae2230b72fbdc0ef078d9950c0,31,47848570_4718__n0,457983497_4721__n0,False,False,,,,no_directed_path_within_distance_cap
20161023,7a3748ae2230b72fbdc0ef078d9950c0,36,263776586_4726__n0,266957522_4724__n0,False,False,,,,no_directed_path_within_distance_cap
20161023,7a3748ae2230b72fbdc0ef078d9950c0,37,266957522_4724__n0,181357558_4730__n0,False,False,,,,no_directed_path_within_distance_cap
20161023,7abaa09612f097ed71a6c42ae513878c,7,28320650_2501__n2,381473923_2497__n0,False,False,,,,no_directed_path_within_distance_cap
20161023,7abaa09612f097ed71a6c42ae513878c,9,162532779_2626__n0,381409555_2420__n0,False,False,,,,no_directed_path_within_distance_cap
20161023,7abaa09612f097ed71a6c42ae513878c,10,381409555_2420__n0,162532765_2419__n0,False,False,,,,no_directed_path_within_distance_cap
20161023,7abaa09612f097ed71a6c42ae513878c,13,162532762_2374__n0,293499687_2371__n0,False,False,,,,no_directed_path_within_distance_cap
20161023,7abaa09612f097ed71a6c42ae513878c,15,293499687_2371__n1,152428518_2369__n0,False,False,,,,no_directed_path_within_distance_cap
20161023,7abaa09612f097ed71a6c42ae513878c,17,152428518_2369__n1,162540379_2393__n0,False,False,,,,no_directed_path_within_distance_cap
20161023,7abaa09612f097ed71a6c42ae513878c,18,162540379_2393__n0,28340419_2383__n0,False,False,,,,no_directed_path_within_distance_cap
20161023,7b34d96df85c28eb48d30cb23bd14fc7,11,142323482_8778__n4,152427720_8815__n0,False,False,,,,no_directed_path_within_distance_cap
20161023,7b34d96df85c28eb48d30cb23bd14fc7,16,335697692_8840__n1,152427722_8872__n0,False,False,,,,no_directed_path_within_distance_cap
20161023,8963926460f1807bd089e8594b48803f,6,263486158_8846__n0,335697692_8840__n0,False,False,,,,no_directed_path_within_distance_cap
20161023,8963926460f1807bd089e8594b48803f,9,264453195_8820__n1,266995293_8807__n7,False,False,,,,no_directed_path_within_distance_cap
20161023,8d7e15e2570fc2799484ab43d5726106,2,142323479_8488__n1,263572163_8525__n0,False,False,,,,no_directed_path_within_distance_cap
20161023,8d7e15e2570fc2799484ab43d5726106,3,263572163_8525__n0,263572152_8751__n0,False,False,,,,no_directed_path_within_distance_cap
20161023,8d7e15e2570fc2799484ab43d5726106,13,142323482_8778__n3,152427720_8815__n0,False,False,,,,no_directed_path_within_distance_cap
20161023,8d7e15e2570fc2799484ab43d5726106,18,335697692_8840__n1,152427722_8872__n0,False,False,,,,no_directed_path_within_distance_cap
20161023,90e4bd22ffa192241728b55292cc02b4,16,334281912_9927__n1,258081761_9924__n0,False,False,,,,no_directed_path_within_distance_cap
20161023,912bfd27bf768c2b2f432cc7924ffbee,9,337129350_9474__n1,335518752_9287__n0,False,False,,,,no_directed_path_within_distance_cap
20161023,912bfd27bf768c2b2f432cc7924ffbee,10,335518752_9287__n0,335518756_9485__n0,False,False,,,,no_directed_path_within_distance_cap
20161023,912bfd27bf768c2b2f432cc7924ffbee,13,335518757_9490__n0,266583951_9494__n0,False,False,,,,no_directed_path_within_distance_cap
20161023,912bfd27bf768c2b2f432cc7924ffbee,15,156592791_10021__n0,156592798_10051__n0,False,False,,,,no_directed_path_within_distance_cap
20161023,9250986eeb715d58172ef221e80ed556,19,162540382_2656__n0,152428519_2370__n0,False,False,,,,no_directed_path_within_distance_cap
20161023,9250986eeb715d58172ef221e80ed556,22,152428516_2373__n1,293499686_2413__n0,False,False,,,,no_directed_path_within_distance_cap
20161023,9250986eeb715d58172ef221e80ed556,24,162532771_2418__n0,381409557_2425__n0,False,False,,,,no_directed_path_within_distance_cap
20161023,9250986eeb715d58172ef221e80ed556,25,381409557_2425__n0,381409554_2631__n0,False,False,,,,no_directed_path_within_distance_cap
20161023,9250986eeb715d58172ef221e80ed556,27,162532790_2500__n0,381473926_2504__n0,False,False,,,,no_directed_path_within_distance_cap
20161023,9250986eeb715d58172ef221e80ed556,28,381473926_2504__n0,258738965_2521__n0,False,False,,,,no_directed_path_within_distance_cap
20161023,94671c526160de75b151ea71c0b63840,7,28320650_2501__n2,381473923_2497__n0,False,False,,,,no_directed_path_within_distance_cap
20161023,94671c526160de75b151ea71c0b63840,10,162540383_2627__n4,162532765_2419__n0,False,False,,,,no_directed_path_within_distance_cap
20161023,94671c526160de75b151ea71c0b63840,13,162532767_2411__n1,162532762_2374__n0,False,False,,,,no_directed_path_within_distance_cap
20161023,94671c526160de75b151ea71c0b63840,14,162532762_2374__n0,293499687_2371__n0,False,False,,,,no_directed_path_within_distance_cap
20161023,94671c526160de75b151ea71c0b63840,16,293499687_2371__n1,152428518_2369__n0,False,False,,,,no_directed_path_within_distance_cap
20161023,94671c526160de75b151ea71c0b63840,83,152427993_8794__n3,264453197_8806__n0,False,False,,,,no_directed_path_within_distance_cap
20161023,94671c526160de75b151ea71c0b63840,84,264453197_8806__n0,155248440_8810__n0,False,False,,,,no_directed_path_within_distance_cap
20161023,94671c526160de75b151ea71c0b63840,85,155248440_8810__n0,263738592_8824__n0,False,False,,,,no_directed_path_within_distance_cap
20161023,94671c526160de75b151ea71c0b63840,86,263738592_8824__n0,263738594_8839__n0,False,False,,,,no_directed_path_within_distance_cap
20161023,94671c526160de75b151ea71c0b63840,87,263738594_8839__n0,152427983_8844__n0,False,False,,,,no_directed_path_within_distance_cap
20161023,9539f52f3b00edee99bf4ebc6b7c9025,4,28461934_4086__n2,290629752_3822__n0,False,False,,,,no_directed_path_within_distance_cap
20161023,9a330417b6a747ed64c881634bf5228a,16,152427993_8794__n3,264453197_8806__n0,False,False,,,,no_directed_path_within_distance_cap
20161023,9a330417b6a747ed64c881634bf5228a,17,264453197_8806__n0,155248440_8810__n0,False,False,,,,no_directed_path_within_distance_cap
20161023,9a330417b6a747ed64c881634bf5228a,18,155248440_8810__n0,263738592_8824__n0,False,False,,,,no_directed_path_within_distance_cap
20161023,9a330417b6a747ed64c881634bf5228a,19,263738592_8824__n0,263738594_8839__n0,False,False,,,,no_directed_path_within_distance_cap
20161023,9a330417b6a747ed64c881634bf5228a,20,263738594_8839__n0,263486164_8865__n1,False,False,,,,no_directed_path_within_distance_cap
20161023,9a330417b6a747ed64c881634bf5228a,21,263486164_8865__n1,152427983_8844__n0,False,False,,,,no_directed_path_within_distance_cap
20161023,9a330417b6a747ed64c881634bf5228a,35,263486164_8865__n0,152427983_8844__n1,False,False,,,,no_directed_path_within_distance_cap
20161023,9a330417b6a747ed64c881634bf5228a,45,381956608_8924__n2,293499685_9031__n0,False,False,,,,no_directed_path_within_distance_cap
20161023,9a330417b6a747ed64c881634bf5228a,48,293499685_9031__n2,266583966_9450__n0,False,False,,,,no_directed_path_within_distance_cap
20161023,9a330417b6a747ed64c881634bf5228a,50,231866341_9467__n0,266583965_9473__n0,False,False,,,,no_directed_path_within_distance_cap
20161023,9a330417b6a747ed64c881634bf5228a,51,266583965_9473__n0,266583967_9290__n0,False,False,,,,no_directed_path_within_distance_cap
20161023,9a330417b6a747ed64c881634bf5228a,52,266583967_9290__n0,335518756_9485__n0,False,False,,,,no_directed_path_within_distance_cap
20161023,9a330417b6a747ed64c881634bf5228a,55,335518757_9490__n0,266583951_9494__n0,False,False,,,,no_directed_path_within_distance_cap
20161023,9a330417b6a747ed64c881634bf5228a,57,156592791_10021__n0,156592798_10051__n0,False,False,,,,no_directed_path_within_distance_cap
20161023,9a330417b6a747ed64c881634bf5228a,60,156592798_10051__n2,156592804_10093__n0,False,False,,,,no_directed_path_within_distance_cap
20161023,9da02b16faf4eab3e18f5eec4cb6c0ed,32,447556677_3805__n2,447556637_3821__n0,False,False,,,,no_directed_path_within_distance_cap
20161023,9e1a56281632340a87f4ba240c36addb,4,48795850_3950__n7,277672360_2721__n0,False,False,,,,no_directed_path_within_distance_cap
20161023,9e1a56281632340a87f4ba240c36addb,5,277672360_2721__n0,28258007_2668__n1,False,False,,,,no_directed_path_within_distance_cap
20161023,9e1a56281632340a87f4ba240c36addb,25,456114496_2625__n0,456114494_3826__n0,False,False,,,,no_directed_path_within_distance_cap
20161023,9e1a56281632340a87f4ba240c36addb,26,456114494_3826__n0,456114499_3829__n0,False,False,,,,no_directed_path_within_distance_cap
20161023,9fc6d7b3eaab88c343fb5a0a9642cdbd,2,263486158_8846__n1,170357393_8845__n0,False,False,,,,no_directed_path_within_distance_cap
20161023,9fc6d7b3eaab88c343fb5a0a9642cdbd,5,264453195_8820__n1,266995293_8807__n7,False,False,,,,no_directed_path_within_distance_cap
20161023,9ffafddc0106aa130d2e4caef3dff868,11,267161908_4623__n0,447556669_4620__n0,False,False,,,,no_directed_path_within_distance_cap
20161023,9ffafddc0106aa130d2e4caef3dff868,12,447556669_4620__n0,369790063_4473__n0,False,False,,,,no_directed_path_within_distance_cap
20161023,a001c2455a91d12ea462f737cf848552,7,28320650_2501__n2,381473923_2497__n0,False,False,,,,no_directed_path_within_distance_cap
20161023,a001c2455a91d12ea462f737cf848552,10,162540383_2627__n4,162542043_2415__n0,False,False,,,,no_directed_path_within_distance_cap
20161023,a001c2455a91d12ea462f737cf848552,11,162542043_2415__n0,162532765_2419__n0,False,False,,,,no_directed_path_within_distance_cap
20161023,a001c2455a91d12ea462f737cf848552,14,162532762_2374__n0,293499687_2371__n0,False,False,,,,no_directed_path_within_distance_cap
20161023,a001c2455a91d12ea462f737cf848552,16,293499687_2371__n1,152428518_2369__n0,False,False,,,,no_directed_path_within_distance_cap
20161023,a001c2455a91d12ea462f737cf848552,83,152427992_2534__n0,26174011_2565__n0,False,False,,,,no_directed_path_within_distance_cap
20161023,a2e946e86da27008daa51f8387efb5bd,9,254489535_4423__n0,447556699_4425__n0,False,False,,,,no_directed_path_within_distance_cap
20161023,a2e946e86da27008daa51f8387efb5bd,10,447556699_4425__n0,266957160_4410__n0,False,False,,,,no_directed_path_within_distance_cap
20161023,a7d76dc2309d54ffebffef8cb935adbf,7,447556678_4223__n2,333403959_4222__n0,False,False,,,,no_directed_path_within_distance_cap
20161023,aa21d9a33199bf4f2113344f4a4182bf,1,28258922_2604__n6,89567410_2603__n1,False,False,,,,no_directed_path_within_distance_cap
20161023,aa21d9a33199bf4f2113344f4a4182bf,14,447556677_3805__n2,334971111_3817__n0,False,False,,,,no_directed_path_within_distance_cap
20161023,aa21d9a33199bf4f2113344f4a4182bf,15,334971111_3817__n0,447556637_3821__n0,False,False,,,,no_directed_path_within_distance_cap
20161023,ab27ab642ee5bc4a7a77d2d8819cdd90,9,334971117_4705__n2,447556681_4708__n0,False,False,,,,no_directed_path_within_distance_cap
20161023,ab27ab642ee5bc4a7a77d2d8819cdd90,18,181357564_4751__n0,264116885_4762__n0,False,False,,,,no_directed_path_within_distance_cap
20161023,b5633d4d79d298e8c3f53e6314b4f2a7,8,263486160_8829__n0,152427720_8815__n0,False,False,,,,no_directed_path_within_distance_cap
20161023,b5633d4d79d298e8c3f53e6314b4f2a7,10,152427988_8828__n0,152427720_8815__n1,False,False,,,,no_directed_path_within_distance_cap
20161023,b5633d4d79d298e8c3f53e6314b4f2a7,13,335697693_8836__n0,152428001_8841__n0,False,False,,,,no_directed_path_within_distance_cap
20161023,b5633d4d79d298e8c3f53e6314b4f2a7,16,335697693_8836__n0,263738593_8825__n0,False,False,,,,no_directed_path_within_distance_cap
20161023,b5633d4d79d298e8c3f53e6314b4f2a7,17,263738593_8825__n0,152427989_8811__n0,False,False,,,,no_directed_path_within_distance_cap
20161023,b5633d4d79d298e8c3f53e6314b4f2a7,18,152427989_8811__n0,264453197_8806__n1,False,False,,,,no_directed_path_within_distance_cap
20161023,b5633d4d79d298e8c3f53e6314b4f2a7,22,152427991_2563__n0,26174011_2565__n0,False,False,,,,no_directed_path_within_distance_cap
20161023,b5633d4d79d298e8c3f53e6314b4f2a7,28,263486156_2564__n1,334648929_2545__n0,False,False,,,,no_directed_path_within_distance_cap
20161023,b5633d4d79d298e8c3f53e6314b4f2a7,29,334648929_2545__n0,28340417_2566__n0,False,False,,,,no_directed_path_within_distance_cap
20161023,b8c0a1ba7eaf2f5bf12941c087b5d69b,1,162540384_2635__n0,162532761_2422__n1,False,False,,,,no_directed_path_within_distance_cap
20161023,b8c0a1ba7eaf2f5bf12941c087b5d69b,4,162532781_2407__n0,293499687_2371__n0,False,False,,,,no_directed_path_within_distance_cap
20161023,b8c0a1ba7eaf2f5bf12941c087b5d69b,6,293499687_2371__n1,152428518_2369__n0,False,False,,,,no_directed_path_within_distance_cap
20161023,bbd5b9b789b2c370f9a2cb22ba2c2f49,9,334971108_3842__n1,447556657_3818__n0,False,False,,,,no_directed_path_within_distance_cap
20161023,bbd5b9b789b2c370f9a2cb22ba2c2f49,10,447556657_3818__n0,447556635_3812__n0,False,False,,,,no_directed_path_within_distance_cap
20161023,bf3a8d0eee592df8c243be27795d489d,6,457984517_4466__n2,263739437_4440__n0,False,False,,,,no_directed_path_within_distance_cap
20161023,bf3a8d0eee592df8c243be27795d489d,30,333403958_4190__n2,446811235_4189__n0,False,False,,,,no_directed_path_within_distance_cap
20161023,bfc929bea5e04657847c1dec89cb2987,19,152428000_2530__n0,381429052_2558__n0,False,False,,,,no_directed_path_within_distance_cap
20161023,bfc929bea5e04657847c1dec89cb2987,20,381429052_2558__n0,26174011_2565__n1,False,False,,,,no_directed_path_within_distance_cap
20161023,bfc929bea5e04657847c1dec89cb2987,25,263486156_2564__n1,334648929_2545__n0,False,False,,,,no_directed_path_within_distance_cap
20161023,c79ffa2cad8fb2f8fdd7ad8d7ac965f4,5,263738597_8782__n0,263486160_8829__n1,False,False,,,,no_directed_path_within_distance_cap
20161023,c79ffa2cad8fb2f8fdd7ad8d7ac965f4,6,263486160_8829__n1,264453195_8820__n0,False,False,,,,no_directed_path_within_distance_cap
20161023,c79ffa2cad8fb2f8fdd7ad8d7ac965f4,7,264453195_8820__n0,263774845_8826__n0,False,False,,,,no_directed_path_within_distance_cap
20161023,c79ffa2cad8fb2f8fdd7ad8d7ac965f4,8,263774845_8826__n0,263774844_8834__n0,False,False,,,,no_directed_path_within_distance_cap
20161023,cb0c91ab753c292d7e29d76349844b69,30,59140333_4472__n6,447556636_4619__n0,False,False,,,,no_directed_path_within_distance_cap
20161023,cb0c91ab753c292d7e29d76349844b69,31,447556636_4619__n0,369790065_4624__n0,False,False,,,,no_directed_path_within_distance_cap
20161023,cb0c91ab753c292d7e29d76349844b69,36,457984515_4610__n0,28358449_4742__n0,False,False,,,,no_directed_path_within_distance_cap
20161023,cb0c91ab753c292d7e29d76349844b69,37,28358449_4742__n0,28358450_4736__n0,False,False,,,,no_directed_path_within_distance_cap
20161023,cb0c91ab753c292d7e29d76349844b69,45,457983496_4716__n1,460338573_10207__n0,False,False,,,,no_directed_path_within_distance_cap
20161023,cb0c91ab753c292d7e29d76349844b69,47,267404274_10208__n0,267598221_10209__n0,False,False,,,,no_directed_path_within_distance_cap
20161023,cb0c91ab753c292d7e29d76349844b69,49,264110604_10206__n0,267598223_10322__n0,False,False,,,,no_directed_path_within_distance_cap
20161023,cb0c91ab753c292d7e29d76349844b69,51,264110606_10212__n0,264110602_10343__n1,False,False,,,,no_directed_path_within_distance_cap
20161023,cb0c91ab753c292d7e29d76349844b69,52,264110602_10343__n1,457983480_10346__n0,False,False,,,,no_directed_path_within_distance_cap
20161023,cdacf7c5ccdb37aa3580c099648a89ba,6,28258924_2310__n4,381429050_2567__n0,False,False,,,,no_directed_path_within_distance_cap
20161023,cdacf7c5ccdb37aa3580c099648a89ba,7,381429050_2567__n0,258738665_2573__n0,False,False,,,,no_directed_path_within_distance_cap
20161023,cdacf7c5ccdb37aa3580c099648a89ba,8,258738665_2573__n0,258738667_2572__n0,False,False,,,,no_directed_path_within_distance_cap
20161023,cdacf7c5ccdb37aa3580c099648a89ba,10,258738667_2572__n1,28340417_2566__n3,False,False,,,,no_directed_path_within_distance_cap
20161023,cdacf7c5ccdb37aa3580c099648a89ba,11,28340417_2566__n3,258738667_2572__n1,False,False,,,,no_directed_path_within_distance_cap
20161023,cdacf7c5ccdb37aa3580c099648a89ba,29,162540382_2656__n0,152428519_2370__n0,False,False,,,,no_directed_path_within_distance_cap
20161023,cdacf7c5ccdb37aa3580c099648a89ba,32,152428516_2373__n1,293499686_2413__n0,False,False,,,,no_directed_path_within_distance_cap
20161023,cdacf7c5ccdb37aa3580c099648a89ba,34,162532771_2418__n0,381409557_2425__n0,False,False,,,,no_directed_path_within_distance_cap
20161023,cdacf7c5ccdb37aa3580c099648a89ba,35,381409557_2425__n0,381409554_2631__n0,False,False,,,,no_directed_path_within_distance_cap
20161023,cdacf7c5ccdb37aa3580c099648a89ba,37,162532790_2500__n0,381473925_2503__n0,False,False,,,,no_directed_path_within_distance_cap
20161023,cdacf7c5ccdb37aa3580c099648a89ba,38,381473925_2503__n0,28320648_2517__n0,False,False,,,,no_directed_path_within_distance_cap
20161023,cdacf7c5ccdb37aa3580c099648a89ba,39,28320648_2517__n0,162658756_2525__n0,False,False,,,,no_directed_path_within_distance_cap
20161023,cea3070800b82ce0a7443f33b0d39b99,25,152428000_2530__n0,381429052_2558__n0,False,False,,,,no_directed_path_within_distance_cap
20161023,cea3070800b82ce0a7443f33b0d39b99,26,381429052_2558__n0,26174011_2565__n1,False,False,,,,no_directed_path_within_distance_cap
20161023,d1a04cc09ce78e9b527906e1df5161f9,29,231866341_9467__n0,266583965_9473__n0,False,False,,,,no_directed_path_within_distance_cap
20161023,d1a04cc09ce78e9b527906e1df5161f9,30,266583965_9473__n0,266583967_9290__n0,False,False,,,,no_directed_path_within_distance_cap
20161023,d1a04cc09ce78e9b527906e1df5161f9,31,266583967_9290__n0,335518756_9485__n0,False,False,,,,no_directed_path_within_distance_cap
20161023,d1a04cc09ce78e9b527906e1df5161f9,34,335518757_9490__n0,266583951_9494__n0,False,False,,,,no_directed_path_within_distance_cap
20161023,d1a04cc09ce78e9b527906e1df5161f9,36,156592791_10021__n0,156592798_10051__n0,False,False,,,,no_directed_path_within_distance_cap
20161023,d6c4358f6f00d063b9fd5a234ff3469b,15,162540382_2656__n0,152428519_2370__n0,False,False,,,,no_directed_path_within_distance_cap
20161023,d6c4358f6f00d063b9fd5a234ff3469b,18,152428516_2373__n1,293499686_2413__n0,False,False,,,,no_directed_path_within_distance_cap
20161023,d6c4358f6f00d063b9fd5a234ff3469b,20,162532771_2418__n0,381409557_2425__n0,False,False,,,,no_directed_path_within_distance_cap
20161023,d6c4358f6f00d063b9fd5a234ff3469b,21,381409557_2425__n0,381409554_2631__n0,False,False,,,,no_directed_path_within_distance_cap
20161023,d6c4358f6f00d063b9fd5a234ff3469b,23,162532790_2500__n0,381473925_2503__n0,False,False,,,,no_directed_path_within_distance_cap
20161023,d6c4358f6f00d063b9fd5a234ff3469b,24,381473925_2503__n0,258738965_2521__n0,False,False,,,,no_directed_path_within_distance_cap
20161023,dd28f223e7aa78a107987a857f3108c3,1,162658744_2757__n2,335527376_2524__n0,False,False,,,,no_directed_path_within_distance_cap
20161023,dd28f223e7aa78a107987a857f3108c3,8,28320650_2501__n2,381473923_2497__n0,False,False,,,,no_directed_path_within_distance_cap
20161023,dd28f223e7aa78a107987a857f3108c3,11,162540383_2627__n4,381409555_2420__n0,False,False,,,,no_directed_path_within_distance_cap
20161023,dd28f223e7aa78a107987a857f3108c3,12,381409555_2420__n0,162532765_2419__n0,False,False,,,,no_directed_path_within_distance_cap
20161023,dd28f223e7aa78a107987a857f3108c3,15,162532765_2419__n2,162532762_2374__n0,False,False,,,,no_directed_path_within_distance_cap
20161023,dd28f223e7aa78a107987a857f3108c3,16,162532762_2374__n0,293499687_2371__n0,False,False,,,,no_directed_path_within_distance_cap
20161023,dd28f223e7aa78a107987a857f3108c3,18,293499687_2371__n1,152428518_2369__n0,False,False,,,,no_directed_path_within_distance_cap
20161023,dd28f223e7aa78a107987a857f3108c3,20,152428518_2369__n1,162540379_2393__n0,False,False,,,,no_directed_path_within_distance_cap
20161023,dd28f223e7aa78a107987a857f3108c3,21,162540379_2393__n0,28340419_2383__n0,False,False,,,,no_directed_path_within_distance_cap
20161023,dd28f223e7aa78a107987a857f3108c3,27,258738676_2551__n0,258738677_2549__n0,False,False,,,,no_directed_path_within_distance_cap
20161023,dd28f223e7aa78a107987a857f3108c3,28,258738677_2549__n0,28340417_2566__n3,False,False,,,,no_directed_path_within_distance_cap
20161023,dd28f223e7aa78a107987a857f3108c3,29,28340417_2566__n3,89567410_2603__n0,False,False,,,,no_directed_path_within_distance_cap
20161023,dd28f223e7aa78a107987a857f3108c3,44,447556677_3805__n2,334971111_3817__n0,False,False,,,,no_directed_path_within_distance_cap
20161023,dd28f223e7aa78a107987a857f3108c3,45,334971111_3817__n0,447556637_3821__n0,False,False,,,,no_directed_path_within_distance_cap
20161023,e66aad4db42c276842e00162da6f3dad,8,447556677_3805__n2,334971111_3817__n0,False,False,,,,no_directed_path_within_distance_cap
20161023,e66aad4db42c276842e00162da6f3dad,9,334971111_3817__n0,447556637_3821__n0,False,False,,,,no_directed_path_within_distance_cap
20161023,e66aad4db42c276842e00162da6f3dad,34,334971117_4705__n2,447556681_4708__n0,False,False,,,,no_directed_path_within_distance_cap
20161023,e863d523f2af47a13ab65b88c790634b,21,216639727_3875__n2,447556689_3835__n0,False,False,,,,no_directed_path_within_distance_cap
20161023,e863d523f2af47a13ab65b88c790634b,22,447556689_3835__n0,266795172_3791__n0,False,False,,,,no_directed_path_within_distance_cap
20161023,e88bc9fa769934a18dd9aa7b4552bf5a,16,28258924_2310__n4,89567410_2603__n0,False,False,,,,no_directed_path_within_distance_cap
20161023,eaa0c46d9f84f936d4c1b778a0859454,17,335525201_10190__n2,264110603_10196__n0,False,False,,,,no_directed_path_within_distance_cap
20161023,eaa0c46d9f84f936d4c1b778a0859454,19,267404277_10198__n0,457983485_10197__n0,False,False,,,,no_directed_path_within_distance_cap
20161023,eaa0c46d9f84f936d4c1b778a0859454,22,457983487_10217__n0,264110605_10216__n0,False,False,,,,no_directed_path_within_distance_cap
20161023,eda64142d86dc8f632a59d0c3cc8d75f,1,255201450_10351__n0,457983472_10329__n0,False,False,,,,no_directed_path_within_distance_cap
20161023,eda64142d86dc8f632a59d0c3cc8d75f,2,457983472_10329__n0,258248021_10327__n0,False,False,,,,no_directed_path_within_distance_cap
20161023,eda64142d86dc8f632a59d0c3cc8d75f,4,258248021_10327__n1,457983477_10205__n0,False,False,,,,no_directed_path_within_distance_cap
20161023,f027fd99c6c31c289dc67ed33a568114,15,142323482_8778__n4,152427720_8815__n0,False,False,,,,no_directed_path_within_distance_cap
20161023,f027fd99c6c31c289dc67ed33a568114,20,335697692_8840__n1,152427722_8872__n0,False,False,,,,no_directed_path_within_distance_cap
20161023,f027fd99c6c31c289dc67ed33a568114,47,335525201_10190__n2,264110603_10196__n0,False,False,,,,no_directed_path_within_distance_cap
20161023,f027fd99c6c31c289dc67ed33a568114,50,457983489_10211__n0,235000070_10218__n0,False,False,,,,no_directed_path_within_distance_cap
20161023,f027fd99c6c31c289dc67ed33a568114,53,264110602_10343__n0,457983473_10345__n0,False,False,,,,no_directed_path_within_distance_cap
20161023,f4f2349fe54edcebfbe373e2dd8fd8f2,42,335518638_2714__n0,447556663_3884__n0,False,False,,,,no_directed_path_within_distance_cap
20161023,f4f2349fe54edcebfbe373e2dd8fd8f2,43,447556663_3884__n0,266577945_3892__n0,False,False,,,,no_directed_path_within_distance_cap
20161023,f682fa5da9b54f481aa75abc326e09e0,10,264110605_10216__n0,457983490_10215__n0,False,False,,,,no_directed_path_within_distance_cap
20161023,f682fa5da9b54f481aa75abc326e09e0,13,267404275_10321__n0,457983477_10205__n0,False,False,,,,no_directed_path_within_distance_cap
20161023,f682fa5da9b54f481aa75abc326e09e0,16,460338576_10200__n0,447556692_10186__n0,False,False,,,,no_directed_path_within_distance_cap
20161023,f72a48dd9df5135233cbe569247ce238,12,335513936_2221__n1,381473319_2222__n1,False,False,,,,no_directed_path_within_distance_cap
20161023,f72a48dd9df5135233cbe569247ce238,16,335513936_2221__n2,381473318_2414__n0,False,False,,,,no_directed_path_within_distance_cap
20161023,f72a48dd9df5135233cbe569247ce238,17,381473318_2414__n0,162542043_2415__n1,False,False,,,,no_directed_path_within_distance_cap
20161023,f72a48dd9df5135233cbe569247ce238,18,162542043_2415__n1,162542043_2415__n0,False,False,,,,no_directed_path_within_distance_cap
20161023,f72a48dd9df5135233cbe569247ce238,19,162542043_2415__n0,162532765_2419__n0,False,False,,,,no_directed_path_within_distance_cap
20161023,f72a48dd9df5135233cbe569247ce238,24,162532771_2418__n0,381409557_2425__n0,False,False,,,,no_directed_path_within_distance_cap
20161023,f72a48dd9df5135233cbe569247ce238,25,381409557_2425__n0,381409554_2631__n0,False,False,,,,no_directed_path_within_distance_cap
20161023,f72a48dd9df5135233cbe569247ce238,27,162532790_2500__n0,381473925_2503__n0,False,False,,,,no_directed_path_within_distance_cap
20161023,f72a48dd9df5135233cbe569247ce238,28,381473925_2503__n0,258738965_2521__n0,False,False,,,,no_directed_path_within_distance_cap
20161023,f77b2cefeb89d4d709114ba7b416cb9f,7,28320650_2501__n2,381473923_2497__n0,False,False,,,,no_directed_path_within_distance_cap
20161023,f77b2cefeb89d4d709114ba7b416cb9f,10,162540383_2627__n4,162532765_2419__n0,False,False,,,,no_directed_path_within_distance_cap
20161023,f77b2cefeb89d4d709114ba7b416cb9f,13,162532765_2419__n2,162532762_2374__n0,False,False,,,,no_directed_path_within_distance_cap
20161023,f77b2cefeb89d4d709114ba7b416cb9f,14,162532762_2374__n0,293499687_2371__n0,False,False,,,,no_directed_path_within_distance_cap
20161023,f77b2cefeb89d4d709114ba7b416cb9f,16,293499687_2371__n1,152428518_2369__n0,False,False,,,,no_directed_path_within_distance_cap
20161023,f7a230edbd0b731406be94ac414c0563,9,231866972_8489__n5,333378724_8528__n0,False,False,,,,no_directed_path_within_distance_cap
20161023,f7a230edbd0b731406be94ac414c0563,10,333378724_8528__n0,333378723_8749__n0,False,False,,,,no_directed_path_within_distance_cap
20161023,fcef37f130b2e963157039d832d0b04c,6,231866972_8489__n5,333378724_8528__n0,False,False,,,,no_directed_path_within_distance_cap
20161023,fcef37f130b2e963157039d832d0b04c,7,333378724_8528__n0,333378723_8749__n0,False,False,,,,no_directed_path_within_distance_cap
20161023,fd8550e0a03c4efc201b855360145543,40,231865403_9452__n0,335525204_9033__n1,False,False,,,,no_directed_path_within_distance_cap
20161023,fd8550e0a03c4efc201b855360145543,53,263486164_8865__n1,152428008_8842__n0,False,False,,,,no_directed_path_within_distance_cap
20161023,fd8550e0a03c4efc201b855360145543,54,152428008_8842__n0,263738593_8825__n0,False,False,,,,no_directed_path_within_distance_cap
20161023,fd8550e0a03c4efc201b855360145543,55,263738593_8825__n0,152427989_8811__n0,False,False,,,,no_directed_path_within_distance_cap
20161023,fd8550e0a03c4efc201b855360145543,56,152427989_8811__n0,263486158_8846__n2,False,False,,,,no_directed_path_within_distance_cap
20161023,fd8550e0a03c4efc201b855360145543,62,152427987_2576__n0,152427999_2561__n0,False,False,,,,no_directed_path_within_distance_cap
20161023,fd8550e0a03c4efc201b855360145543,63,152427999_2561__n0,381429051_2533__n0,False,False,,,,no_directed_path_within_distance_cap
20161023,fd9c448a264206fdbb7604b6bf7983f0,22,152427993_8794__n1,263485688_8788__n1,False,False,,,,no_directed_path_within_distance_cap
20161023,fd9c448a264206fdbb7604b6bf7983f0,23,263485688_8788__n1,26174011_2565__n0,False,False,,,,no_directed_path_within_distance_cap
20161023,fdeb11b4005ac00d247e457aea1f7e7a,9,335513936_2221__n2,381473318_2414__n0,False,False,,,,no_directed_path_within_distance_cap
20161023,fdeb11b4005ac00d247e457aea1f7e7a,10,381473318_2414__n0,162542043_2415__n1,False,False,,,,no_directed_path_within_distance_cap
20161023,fdeb11b4005ac00d247e457aea1f7e7a,11,162542043_2415__n1,381473318_2414__n2,False,False,,,,no_directed_path_within_distance_cap
20161023,fdeb11b4005ac00d247e457aea1f7e7a,12,381473318_2414__n2,162542042_2628__n0,False,False,,,,no_directed_path_within_distance_cap
20161023,fdeb11b4005ac00d247e457aea1f7e7a,21,381473317_2629__n0,162542042_2628__n0,False,False,,,,no_directed_path_within_distance_cap
20161023,ff774a4832cbf6ae94914b5b3f93d962,7,28320650_2501__n2,381473924_2493__n0,False,False,,,,no_directed_path_within_distance_cap
20161023,ff774a4832cbf6ae94914b5b3f93d962,8,381473924_2493__n0,162532933_2408__n0,False,False,,,,no_directed_path_within_distance_cap
