scenario_id,time_bin_start,new_requests,matched_request_cohort,cohort_patience_expired,patience_expirations,first_window_matches,AV_assignments,HV_assignments,accepted_requests,accepted_request_share,available_vehicles_mean,waiting_queue_mean,waiting_queue_max,matches_executed,epoch_count,time_bin_service_rate,cohort_expiration_rate,first_window_match_rate,available_vehicles_per_request,queue_pressure,AV_assignment_share,nominal_AV_count,scenario_service_rate,scenario_accepted_order_share,availability_split_observed
BENCH_HV,2016-10-31 00:00:00+08:00,68,44,24,13,34,0,38,68,1.0,8.2,7.433333333333334,15,38,30,0.6470588235294118,0.35294117647058826,0.5,0.12058823529411763,0.9065040650406505,0.0,0,0.7889,1.0,False
BENCH_HV,2016-10-31 00:15:00+08:00,103,79,24,29,61,0,84,103,1.0,35.2,13.666666666666666,21,84,30,0.7669902912621359,0.23300970873786409,0.5922330097087378,0.34174757281553403,0.3882575757575757,0.0,0,0.7889,1.0,False
BENCH_HV,2016-10-31 00:30:00+08:00,91,77,14,18,74,0,75,91,1.0,54.43333333333333,8.266666666666667,15,75,30,0.8461538461538461,0.15384615384615385,0.8131868131868132,0.5981684981684982,0.15186772810777713,0.0,0,0.7889,1.0,False
BENCH_HV,2016-10-31 00:45:00+08:00,94,80,14,11,68,0,78,94,1.0,57.233333333333334,7.5,11,78,30,0.851063829787234,0.14893617021276595,0.723404255319149,0.6088652482269503,0.1310425160163075,0.0,0,0.7889,1.0,False
BENCH_HV,2016-10-31 01:00:00+08:00,68,50,18,18,44,0,50,68,1.0,69.96666666666667,8.466666666666667,13,50,30,0.7352941176470589,0.2647058823529412,0.6470588235294118,1.028921568627451,0.12101000476417341,0.0,0,0.7889,1.0,False
BENCH_HV,2016-10-31 01:15:00+08:00,69,46,23,18,41,0,47,69,1.0,65.53333333333333,8.6,17,47,30,0.6666666666666666,0.3333333333333333,0.5942028985507246,0.9497584541062801,0.13123092573753814,0.0,0,0.7889,1.0,False
BENCH_HV,2016-10-31 01:30:00+08:00,52,37,15,23,35,0,40,52,1.0,66.26666666666667,7.4,16,40,30,0.7115384615384616,0.28846153846153844,0.6730769230769231,1.2743589743589743,0.11167002012072436,0.0,0,0.7889,1.0,False
BENCH_HV,2016-10-31 01:45:00+08:00,47,33,14,10,31,0,32,47,1.0,63.7,5.266666666666667,8,32,30,0.7021276595744681,0.2978723404255319,0.6595744680851063,1.3553191489361702,0.08267922553636839,0.0,0,0.7889,1.0,False
BENCH_HV,2016-10-31 02:00:00+08:00,52,35,17,23,31,0,35,52,1.0,50.7,8.233333333333333,16,35,30,0.6730769230769231,0.3269230769230769,0.5961538461538461,0.9750000000000001,0.16239316239316237,0.0,0,0.7889,1.0,False
BENCH_HV,2016-10-31 02:15:00+08:00,45,28,17,14,27,0,30,45,1.0,48.8,6.033333333333333,11,30,30,0.6222222222222222,0.37777777777777777,0.6,1.0844444444444443,0.12363387978142076,0.0,0,0.7889,1.0,False
BENCH_HV,2016-10-31 02:30:00+08:00,39,27,12,8,25,0,27,39,1.0,49.86666666666667,4.4,11,27,30,0.6923076923076923,0.3076923076923077,0.6410256410256411,1.2786324786324788,0.08823529411764706,0.0,0,0.7889,1.0,False
BENCH_HV,2016-10-31 02:45:00+08:00,34,25,9,14,24,0,25,34,1.0,45.3,5.066666666666666,8,25,30,0.7352941176470589,0.2647058823529412,0.7058823529411765,1.3323529411764705,0.11184694628403238,0.0,0,0.7889,1.0,False
BENCH_HV,2016-10-31 03:00:00+08:00,44,27,17,12,21,0,26,44,1.0,34.0,5.833333333333333,12,26,30,0.6136363636363636,0.38636363636363635,0.4772727272727273,0.7727272727272727,0.1715686274509804,0.0,0,0.7889,1.0,False
BENCH_HV,2016-10-31 03:15:00+08:00,29,20,9,9,18,0,20,29,1.0,36.0,3.6333333333333333,8,20,30,0.6896551724137931,0.3103448275862069,0.6206896551724138,1.2413793103448276,0.10092592592592592,0.0,0,0.7889,1.0,False
BENCH_HV,2016-10-31 03:30:00+08:00,20,10,10,14,9,0,11,20,1.0,40.733333333333334,4.633333333333334,8,11,30,0.5,0.5,0.45,2.0366666666666666,0.1137479541734861,0.0,0,0.7889,1.0,False
BENCH_HV,2016-10-31 03:45:00+08:00,31,21,10,11,16,0,21,31,1.0,32.13333333333333,4.633333333333334,9,21,30,0.6774193548387096,0.3225806451612903,0.5161290322580645,1.0365591397849463,0.14419087136929462,0.0,0,0.7889,1.0,False
BENCH_HV,2016-10-31 04:00:00+08:00,17,12,5,7,8,0,12,17,1.0,29.166666666666668,2.6,5,12,30,0.7058823529411765,0.29411764705882354,0.47058823529411764,1.715686274509804,0.08914285714285715,0.0,0,0.7889,1.0,False
BENCH_HV,2016-10-31 04:15:00+08:00,21,16,5,2,15,0,15,21,1.0,23.766666666666666,1.6,4,15,30,0.7619047619047619,0.23809523809523808,0.7142857142857143,1.1317460317460317,0.06732117812061712,0.0,0,0.7889,1.0,False
BENCH_HV,2016-10-31 04:30:00+08:00,18,11,7,8,9,0,12,18,1.0,24.966666666666665,3.2333333333333334,6,12,30,0.6111111111111112,0.3888888888888889,0.5,1.3870370370370368,0.1295060080106809,0.0,0,0.7889,1.0,False
BENCH_HV,2016-10-31 04:45:00+08:00,26,13,13,8,11,0,12,26,1.0,20.166666666666668,4.033333333333333,9,12,30,0.5,0.5,0.4230769230769231,0.7756410256410257,0.19999999999999998,0.0,0,0.7889,1.0,False
BENCH_HV,2016-10-31 05:00:00+08:00,24,16,8,12,16,0,15,24,1.0,18.766666666666666,3.7333333333333334,8,15,30,0.6666666666666666,0.3333333333333333,0.6666666666666666,0.7819444444444444,0.19893428063943164,0.0,0,0.7889,1.0,False
BENCH_HV,2016-10-31 05:15:00+08:00,21,14,7,7,12,0,15,21,1.0,17.266666666666666,2.8666666666666667,6,15,30,0.6666666666666666,0.3333333333333333,0.5714285714285714,0.8222222222222222,0.16602316602316602,0.0,0,0.7889,1.0,False
BENCH_HV,2016-10-31 05:30:00+08:00,27,19,8,7,17,0,19,27,1.0,20.5,3.1666666666666665,5,19,30,0.7037037037037037,0.2962962962962963,0.6296296296296297,0.7592592592592593,0.15447154471544713,0.0,0,0.7889,1.0,False
BENCH_HV,2016-10-31 05:45:00+08:00,38,18,20,20,16,0,19,38,1.0,20.866666666666667,7.466666666666667,11,19,30,0.47368421052631576,0.5263157894736842,0.42105263157894735,0.5491228070175439,0.35782747603833864,0.0,0,0.7889,1.0,False
BENCH_HV,2016-10-31 06:00:00+08:00,45,33,12,11,28,0,32,45,1.0,26.066666666666666,5.0,10,32,30,0.7333333333333333,0.26666666666666666,0.6222222222222222,0.5792592592592593,0.1918158567774936,0.0,0,0.7889,1.0,False
BENCH_HV,2016-10-31 06:15:00+08:00,56,45,11,14,45,0,45,56,1.0,35.56666666666667,5.633333333333334,10,45,30,0.8035714285714286,0.19642857142857142,0.8035714285714286,0.6351190476190477,0.1583880037488285,0.0,0,0.7889,1.0,False
BENCH_HV,2016-10-31 06:30:00+08:00,100,81,19,16,78,0,76,100,1.0,43.7,8.966666666666667,17,76,30,0.81,0.19,0.78,0.43700000000000006,0.20518688024408846,0.0,0,0.7889,1.0,False
BENCH_HV,2016-10-31 06:45:00+08:00,150,113,37,30,101,0,116,150,1.0,72.66666666666667,16.1,23,116,30,0.7533333333333333,0.24666666666666667,0.6733333333333333,0.48444444444444446,0.22155963302752293,0.0,0,0.7889,1.0,False
BENCH_HV,2016-10-31 07:00:00+08:00,180,136,44,37,123,0,131,180,1.0,112.33333333333333,18.233333333333334,29,131,30,0.7555555555555555,0.24444444444444444,0.6833333333333333,0.624074074074074,0.1623145400593472,0.0,0,0.7889,1.0,False
BENCH_HV,2016-10-31 07:15:00+08:00,233,158,75,65,136,0,155,233,1.0,152.76666666666668,30.6,37,155,30,0.6781115879828327,0.3218884120171674,0.5836909871244635,0.655650929899857,0.20030547676194632,0.0,0,0.7889,1.0,False
BENCH_HV,2016-10-31 07:30:00+08:00,229,164,65,77,154,0,167,229,1.0,195.86666666666667,30.6,41,167,30,0.7161572052401747,0.2838427947598253,0.6724890829694323,0.8553129548762737,0.1562287270251872,0.0,0,0.7889,1.0,False
BENCH_HV,2016-10-31 07:45:00+08:00,247,183,64,63,162,0,177,247,1.0,221.13333333333333,28.6,35,177,30,0.7408906882591093,0.2591093117408907,0.6558704453441295,0.8952766531713899,0.12933373530298464,0.0,0,0.7889,1.0,False
BENCH_HV,2016-10-31 08:00:00+08:00,297,223,74,72,210,0,219,297,1.0,273.1,33.2,41,219,30,0.7508417508417509,0.24915824915824916,0.7070707070707071,0.9195286195286196,0.12156719150494324,0.0,0,0.7889,1.0,False
BENCH_HV,2016-10-31 08:15:00+08:00,356,277,79,76,243,0,279,356,1.0,272.6,39.0,51,279,30,0.7780898876404494,0.22191011235955055,0.6825842696629213,0.7657303370786518,0.14306676449009537,0.0,0,0.7889,1.0,False
BENCH_HV,2016-10-31 08:30:00+08:00,381,328,53,62,304,0,337,381,1.0,289.3333333333333,33.03333333333333,44,337,30,0.8608923884514436,0.13910761154855644,0.7979002624671916,0.7594050743657043,0.11417050691244239,0.0,0,0.7889,1.0,False
BENCH_HV,2016-10-31 08:45:00+08:00,424,361,63,57,333,0,349,424,1.0,324.9,34.3,45,349,30,0.8514150943396226,0.14858490566037735,0.785377358490566,0.7662735849056603,0.10557094490612497,0.0,0,0.7889,1.0,False
BENCH_HV,2016-10-31 09:00:00+08:00,503,427,76,59,386,0,433,503,1.0,345.53333333333336,41.1,58,433,30,0.8489065606361829,0.15109343936381708,0.7673956262425448,0.6869449966865474,0.11894655604862049,0.0,0,0.7889,1.0,False
BENCH_HV,2016-10-31 09:15:00+08:00,438,379,59,77,349,0,379,438,1.0,357.43333333333334,38.43333333333333,55,379,30,0.865296803652968,0.13470319634703196,0.7968036529680366,0.8160578386605783,0.10752587895178586,0.0,0,0.7889,1.0,False
BENCH_HV,2016-10-31 09:30:00+08:00,416,365,51,54,347,0,372,416,1.0,394.93333333333334,31.5,38,372,30,0.8774038461538461,0.12259615384615384,0.8341346153846154,0.9493589743589743,0.07976029709655638,0.0,0,0.7889,1.0,False
BENCH_HV,2016-10-31 09:45:00+08:00,422,372,50,45,353,0,365,422,1.0,396.8333333333333,29.7,39,365,30,0.8815165876777251,0.11848341232227488,0.8364928909952607,0.9403633491311216,0.074842503149937,0.0,0,0.7889,1.0,False
BENCH_HV,2016-10-31 10:00:00+08:00,410,341,69,67,321,0,340,410,1.0,398.23333333333335,36.733333333333334,44,340,30,0.8317073170731707,0.16829268292682928,0.7829268292682927,0.9713008130081301,0.09224072989034904,0.0,0,0.7889,1.0,False
BENCH_HV,2016-10-31 10:15:00+08:00,398,348,50,53,327,0,351,398,1.0,398.53333333333336,30.2,41,351,30,0.8743718592964824,0.12562814070351758,0.821608040201005,1.0013400335008376,0.07577785212445633,0.0,0,0.7889,1.0,False
BENCH_HV,2016-10-31 10:30:00+08:00,379,333,46,56,312,0,337,379,1.0,414.8333333333333,30.933333333333334,41,337,30,0.8786279683377308,0.12137203166226913,0.8232189973614775,1.094547053649956,0.074568099638409,0.0,0,0.7889,1.0,False
BENCH_HV,2016-10-31 10:45:00+08:00,412,352,60,43,329,0,348,412,1.0,387.6,31.733333333333334,49,348,30,0.8543689320388349,0.14563106796116504,0.7985436893203883,0.9407766990291263,0.08187134502923976,0.0,0,0.7889,1.0,False
BENCH_HV,2016-10-31 11:00:00+08:00,390,336,54,71,319,0,335,390,1.0,382.46666666666664,33.833333333333336,44,335,30,0.8615384615384616,0.13846153846153847,0.8179487179487179,0.9806837606837606,0.08846086804950323,0.0,0,0.7889,1.0,False
BENCH_HV,2016-10-31 11:15:00+08:00,400,358,42,31,334,0,357,400,1.0,370.8333333333333,26.866666666666667,38,357,30,0.895,0.105,0.835,0.9270833333333333,0.0724494382022472,0.0,0,0.7889,1.0,False
BENCH_HV,2016-10-31 11:30:00+08:00,433,378,55,56,335,0,372,433,1.0,342.6666666666667,34.3,42,372,30,0.8729792147806005,0.12702078521939955,0.7736720554272517,0.7913779830638954,0.10009727626459143,0.0,0,0.7889,1.0,False
BENCH_HV,2016-10-31 11:45:00+08:00,444,381,63,61,343,0,377,444,1.0,335.8333333333333,37.56666666666667,44,377,30,0.8581081081081081,0.14189189189189189,0.7725225225225225,0.7563813813813813,0.11186104218362285,0.0,0,0.7889,1.0,False
BENCH_HV,2016-10-31 12:00:00+08:00,417,351,66,58,321,0,360,417,1.0,347.26666666666665,34.833333333333336,52,360,30,0.841726618705036,0.15827338129496402,0.7697841726618705,0.8327737809752198,0.10030716068343253,0.0,0,0.7889,1.0,False
BENCH_HV,2016-10-31 12:15:00+08:00,443,379,64,72,350,0,375,443,1.0,365.1,38.5,53,375,30,0.8555304740406321,0.14446952595936793,0.7900677200902935,0.8241534988713318,0.10545056149000273,0.0,0,0.7889,1.0,False
BENCH_HV,2016-10-31 12:30:00+08:00,389,350,39,50,327,0,356,389,1.0,371.8333333333333,30.1,43,356,30,0.8997429305912596,0.10025706940874037,0.8406169665809768,0.9558697514995715,0.08095024652622143,0.0,0,0.7889,1.0,False
BENCH_HV,2016-10-31 12:45:00+08:00,360,317,43,35,299,0,314,360,1.0,414.26666666666665,25.7,34,314,30,0.8805555555555555,0.11944444444444445,0.8305555555555556,1.1507407407407406,0.06203733504988735,0.0,0,0.7889,1.0,False
BENCH_HV,2016-10-31 13:00:00+08:00,410,366,44,46,349,0,370,410,1.0,397.06666666666666,29.0,37,370,30,0.8926829268292683,0.1073170731707317,0.8512195121951219,0.9684552845528456,0.07303559435862995,0.0,0,0.7889,1.0,False
BENCH_HV,2016-10-31 13:15:00+08:00,438,364,74,62,319,0,357,438,1.0,403.3333333333333,37.6,48,357,30,0.8310502283105022,0.1689497716894977,0.728310502283105,0.9208523592085236,0.09322314049586777,0.0,0,0.7889,1.0,False
BENCH_HV,2016-10-31 13:30:00+08:00,451,377,74,69,331,0,385,451,1.0,390.76666666666665,41.9,52,385,30,0.835920177383592,0.164079822616408,0.7339246119733924,0.8664449371766445,0.10722511302567603,0.0,0,0.7889,1.0,False
BENCH_HV,2016-10-31 13:45:00+08:00,455,375,80,85,329,0,370,455,1.0,408.0,44.2,58,370,30,0.8241758241758241,0.17582417582417584,0.7230769230769231,0.8967032967032967,0.10833333333333334,0.0,0,0.7889,1.0,False
BENCH_HV,2016-10-31 14:00:00+08:00,451,364,87,86,314,0,354,451,1.0,426.1666666666667,47.0,62,354,30,0.8070953436807096,0.19290465631929046,0.6962305986696231,0.9449371766444937,0.11028549080954243,0.0,0,0.7889,1.0,False
BENCH_HV,2016-10-31 14:15:00+08:00,502,409,93,87,347,0,411,502,1.0,428.3333333333333,49.56666666666667,56,411,30,0.8147410358565738,0.1852589641434263,0.6912350597609562,0.8532536520584328,0.11571984435797666,0.0,0,0.7889,1.0,False
BENCH_HV,2016-10-31 14:30:00+08:00,451,353,98,99,303,0,366,451,1.0,441.93333333333334,51.03333333333333,67,366,30,0.7827050997782705,0.21729490022172948,0.6718403547671841,0.9798965262379896,0.11547744757882034,0.0,0,0.7889,1.0,False
BENCH_HV,2016-10-31 14:45:00+08:00,467,377,90,96,321,0,370,467,1.0,457.46666666666664,48.56666666666667,64,370,30,0.8072805139186295,0.19271948608137046,0.6873661670235546,0.9795860099928622,0.10616438356164384,0.0,0,0.7889,1.0,False
BENCH_HV,2016-10-31 15:00:00+08:00,489,382,107,99,325,0,374,489,1.0,464.1666666666667,50.56666666666667,61,374,30,0.7811860940695297,0.21881390593047034,0.6646216768916156,0.9492160872528971,0.10894075403949731,0.0,0,0.7889,1.0,False
BENCH_HV,2016-10-31 15:15:00+08:00,509,404,105,107,358,0,407,509,1.0,492.5,52.6,62,407,30,0.793713163064833,0.206286836935167,0.7033398821218074,0.9675834970530451,0.1068020304568528,0.0,0,0.7889,1.0,False
BENCH_HV,2016-10-31 15:30:00+08:00,500,391,109,115,337,0,388,500,1.0,490.43333333333334,57.5,69,388,30,0.782,0.218,0.674,0.9808666666666667,0.11724325426493577,0.0,0,0.7889,1.0,False
BENCH_HV,2016-10-31 15:45:00+08:00,557,440,117,100,370,0,438,557,1.0,501.6,56.03333333333333,75,438,30,0.7899461400359067,0.21005385996409337,0.6642728904847397,0.9005385996409336,0.11170919723551302,0.0,0,0.7889,1.0,False
BENCH_HV,2016-10-31 16:00:00+08:00,533,406,127,123,341,0,416,533,1.0,501.6666666666667,63.5,89,416,30,0.7617260787992496,0.23827392120075047,0.6397748592870544,0.9412132582864291,0.12657807308970098,0.0,0,0.7889,1.0,False
BENCH_HV,2016-10-31 16:15:00+08:00,502,337,165,158,274,0,337,502,1.0,509.1333333333333,69.26666666666667,85,337,30,0.6713147410358565,0.3286852589641434,0.545816733067729,1.0142098273572377,0.1360481864606521,0.0,0,0.7889,1.0,False
BENCH_HV,2016-10-31 16:30:00+08:00,464,326,138,141,272,0,326,464,1.0,516.2,62.86666666666667,75,326,30,0.7025862068965517,0.2974137931034483,0.5862068965517241,1.1125,0.12178742089629342,0.0,0,0.7889,1.0,False
BENCH_HV,2016-10-31 16:45:00+08:00,462,329,133,147,277,0,329,462,1.0,500.26666666666665,63.9,80,329,30,0.7121212121212122,0.2878787878787879,0.5995670995670995,1.0828282828282827,0.1277318763326226,0.0,0,0.7889,1.0,False
BENCH_HV,2016-10-31 17:00:00+08:00,492,336,156,155,272,0,334,492,1.0,487.23333333333335,69.8,104,334,30,0.6829268292682927,0.3170731707317073,0.5528455284552846,0.9903116531165312,0.14325785044810835,0.0,0,0.7889,1.0,False
BENCH_HV,2016-10-31 17:15:00+08:00,457,314,143,140,262,0,315,457,1.0,480.8,63.5,76,315,30,0.687089715536105,0.31291028446389496,0.5733041575492341,1.052078774617068,0.13207154742096505,0.0,0,0.7889,1.0,False
BENCH_HV,2016-10-31 17:30:00+08:00,419,297,122,113,252,0,293,419,1.0,491.4,52.06666666666667,65,293,30,0.7088305489260143,0.2911694510739857,0.6014319809069213,1.1727923627684964,0.1059557726224393,0.0,0,0.7889,1.0,False
BENCH_HV,2016-10-31 17:45:00+08:00,465,298,167,166,251,0,304,465,1.0,505.3666666666667,72.7,84,304,30,0.6408602150537634,0.35913978494623655,0.5397849462365591,1.0868100358422939,0.14385594617769276,0.0,0,0.7889,1.0,False
BENCH_HV,2016-10-31 18:00:00+08:00,426,276,150,161,228,0,276,426,1.0,503.1333333333333,68.36666666666666,85,276,30,0.647887323943662,0.352112676056338,0.5352112676056338,1.1810641627543035,0.13588180734066516,0.0,0,0.7889,1.0,False
BENCH_HV,2016-10-31 18:15:00+08:00,394,290,104,109,250,0,291,394,1.0,494.46666666666664,48.53333333333333,59,291,30,0.7360406091370558,0.2639593908629442,0.6345177664974619,1.2549915397631133,0.09815289200485372,0.0,0,0.7889,1.0,False
BENCH_HV,2016-10-31 18:30:00+08:00,434,312,122,120,271,0,311,434,1.0,480.1,55.6,71,311,30,0.7188940092165899,0.28110599078341014,0.6244239631336406,1.106221198156682,0.11580920641533014,0.0,0,0.7889,1.0,False
BENCH_HV,2016-10-31 18:45:00+08:00,502,376,126,130,324,0,369,502,1.0,490.0,62.2,78,369,30,0.749003984063745,0.250996015936255,0.6454183266932271,0.9760956175298805,0.12693877551020408,0.0,0,0.7889,1.0,False
BENCH_HV,2016-10-31 19:00:00+08:00,551,426,125,121,353,0,433,551,1.0,458.46666666666664,61.6,80,433,30,0.7731397459165155,0.22686025408348456,0.6406533575317604,0.8320629159104658,0.1343609131888905,0.0,0,0.7889,1.0,False
BENCH_HV,2016-10-31 19:15:00+08:00,545,427,118,124,353,0,417,545,1.0,465.26666666666665,60.8,77,417,30,0.7834862385321101,0.21651376146788992,0.6477064220183486,0.8537003058103976,0.1306777475282992,0.0,0,0.7889,1.0,False
BENCH_HV,2016-10-31 19:30:00+08:00,574,473,101,101,397,0,478,574,1.0,445.53333333333336,57.7,69,478,30,0.8240418118466899,0.1759581881533101,0.6916376306620209,0.7761904761904762,0.12950770612000598,0.0,0,0.7889,1.0,False
BENCH_HV,2016-10-31 19:45:00+08:00,490,411,79,91,344,0,414,490,1.0,445.56666666666666,49.06666666666667,70,414,30,0.8387755102040816,0.16122448979591836,0.7020408163265306,0.9093197278911564,0.11012194209620708,0.0,0,0.7889,1.0,False
BENCH_HV,2016-10-31 20:00:00+08:00,449,373,76,76,331,0,374,449,1.0,452.93333333333334,43.0,50,374,30,0.8307349665924276,0.16926503340757237,0.7371937639198218,1.0087602078693392,0.09493670886075949,0.0,0,0.7889,1.0,False
BENCH_HV,2016-10-31 20:15:00+08:00,459,388,71,76,346,0,383,459,1.0,467.2,40.733333333333334,54,383,30,0.8453159041394336,0.15468409586056645,0.7538126361655774,1.0178649237472768,0.08718607305936074,0.0,0,0.7889,1.0,False
BENCH_HV,2016-10-31 20:30:00+08:00,429,355,74,67,301,0,362,429,1.0,470.6,42.2,54,362,30,0.8275058275058275,0.17249417249417248,0.7016317016317016,1.096969696969697,0.08967275818104548,0.0,0,0.7889,1.0,False
BENCH_HV,2016-10-31 20:45:00+08:00,502,394,108,97,315,0,386,502,1.0,465.03333333333336,53.53333333333333,70,386,30,0.7848605577689243,0.2151394422310757,0.6274900398406374,0.9263612217795485,0.11511719589993548,0.0,0,0.7889,1.0,False
BENCH_HV,2016-10-31 21:00:00+08:00,469,376,93,107,308,0,380,469,1.0,444.03333333333336,54.333333333333336,67,380,30,0.8017057569296375,0.19829424307036247,0.6567164179104478,0.946766169154229,0.12236318594700098,0.0,0,0.7889,1.0,False
BENCH_HV,2016-10-31 21:15:00+08:00,511,366,145,119,314,0,370,511,1.0,457.6333333333333,61.43333333333333,82,370,30,0.7162426614481409,0.2837573385518591,0.6144814090019569,0.8955642530984996,0.13424138684536382,0.0,0,0.7889,1.0,False
BENCH_HV,2016-10-31 21:30:00+08:00,453,375,78,103,312,0,377,453,1.0,450.03333333333336,48.766666666666666,65,377,30,0.8278145695364238,0.17218543046357615,0.6887417218543046,0.9934510669610008,0.10836234353010887,0.0,0,0.7889,1.0,False
BENCH_HV,2016-10-31 21:45:00+08:00,505,402,103,85,328,0,397,505,1.0,425.6333333333333,50.96666666666667,63,397,30,0.7960396039603961,0.20396039603960395,0.6495049504950495,0.8428382838283828,0.1197431278878534,0.0,0,0.7889,1.0,False
BENCH_HV,2016-10-31 22:00:00+08:00,444,325,119,130,256,0,327,444,1.0,402.1333333333333,59.03333333333333,83,327,30,0.7319819819819819,0.268018018018018,0.5765765765765766,0.9057057057057057,0.14680039787798407,0.0,0,0.7889,1.0,False
BENCH_HV,2016-10-31 22:15:00+08:00,376,307,69,74,270,0,303,376,1.0,365.56666666666666,38.2,55,303,30,0.8164893617021277,0.18351063829787234,0.7180851063829787,0.9722517730496454,0.10449530409410049,0.0,0,0.7889,1.0,False
BENCH_HV,2016-10-31 22:30:00+08:00,349,296,53,49,252,0,305,349,1.0,338.56666666666666,30.933333333333334,48,305,30,0.8481375358166189,0.1518624641833811,0.7220630372492837,0.9701050620821394,0.09136556069705622,0.0,0,0.7889,1.0,False
BENCH_HV,2016-10-31 22:45:00+08:00,320,257,63,74,210,0,261,320,1.0,313.56666666666666,33.733333333333334,46,261,30,0.803125,0.196875,0.65625,0.9798958333333333,0.1075794621026895,0.0,0,0.7889,1.0,False
BENCH_HV,2016-10-31 23:00:00+08:00,256,207,49,54,175,0,203,256,1.0,275.6666666666667,26.666666666666668,37,203,30,0.80859375,0.19140625,0.68359375,1.0768229166666667,0.09673518742442563,0.0,0,0.7889,1.0,False
BENCH_HV,2016-10-31 23:15:00+08:00,241,192,49,47,163,0,193,241,1.0,218.63333333333333,25.666666666666668,36,193,30,0.7966804979253111,0.2033195020746888,0.6763485477178424,0.9071922544951591,0.11739594450373533,0.0,0,0.7889,1.0,False
BENCH_HV,2016-10-31 23:30:00+08:00,213,139,74,55,119,0,142,213,1.0,168.96666666666667,27.233333333333334,41,142,30,0.6525821596244131,0.3474178403755869,0.5586854460093896,0.7932707355242566,0.16117577431446045,0.0,0,0.7889,1.0,False
BENCH_HV,2016-10-31 23:45:00+08:00,202,52,150,128,46,0,59,202,1.0,112.3,49.6,71,59,30,0.25742574257425743,0.7425742574257426,0.22772277227722773,0.5559405940594059,0.4416740872662511,0.0,0,0.7889,1.0,False
BENCH_HV,2016-11-01 00:00:00+08:00,2,0,2,57,0,0,0,2,1.0,4.6923076923076925,21.692307692307693,55,0,13,0.0,1.0,0.0,2.3461538461538463,4.622950819672131,,0,0.7889,1.0,False
MAIN_Q25_M_P70,2016-10-31 00:00:00+08:00,68,51,17,9,47,18,27,54,0.7941176470588235,130.4,5.733333333333333,13,45,30,0.75,0.25,0.6911764705882353,1.9176470588235295,0.04396728016359918,0.4,128,0.7297,0.7010333333333333,False
MAIN_Q25_M_P70,2016-10-31 00:15:00+08:00,103,79,24,24,68,22,62,69,0.6699029126213593,145.3,12.166666666666666,19,84,30,0.7669902912621359,0.23300970873786409,0.6601941747572816,1.4106796116504856,0.08373480155999082,0.2619047619047619,128,0.7297,0.7010333333333333,False
MAIN_Q25_M_P70,2016-10-31 00:30:00+08:00,91,74,17,20,68,15,56,63,0.6923076923076923,161.83333333333334,9.6,16,71,30,0.8131868131868132,0.18681318681318682,0.7472527472527473,1.7783882783882785,0.059320288362512866,0.2112676056338028,128,0.7297,0.7010333333333333,False
MAIN_Q25_M_P70,2016-10-31 00:45:00+08:00,94,71,23,19,58,9,59,68,0.723404255319149,163.9,10.366666666666667,15,68,30,0.7553191489361702,0.24468085106382978,0.6170212765957447,1.7436170212765958,0.06324994915598943,0.1323529411764706,128,0.7297,0.7010333333333333,False
MAIN_Q25_M_P70,2016-10-31 01:00:00+08:00,68,46,22,25,42,12,38,53,0.7794117647058824,168.7,9.766666666666667,16,50,30,0.6764705882352942,0.3235294117647059,0.6176470588235294,2.480882352941176,0.057893696897846285,0.24,128,0.7297,0.7010333333333333,False
MAIN_Q25_M_P70,2016-10-31 01:15:00+08:00,69,44,25,21,43,10,34,54,0.782608695652174,169.03333333333333,9.366666666666667,17,44,30,0.6376811594202898,0.36231884057971014,0.6231884057971014,2.4497584541062802,0.0554131335042398,0.22727272727272727,128,0.7297,0.7010333333333333,False
MAIN_Q25_M_P70,2016-10-31 01:30:00+08:00,52,36,16,24,35,5,32,38,0.7307692307692307,172.2,7.733333333333333,16,37,30,0.6923076923076923,0.3076923076923077,0.6730769230769231,3.3115384615384613,0.04490902051877662,0.13513513513513514,128,0.7297,0.7010333333333333,False
MAIN_Q25_M_P70,2016-10-31 01:45:00+08:00,47,35,12,6,34,9,27,35,0.7446808510638298,166.96666666666667,3.966666666666667,8,36,30,0.7446808510638298,0.2553191489361702,0.723404255319149,3.552482269503546,0.023757236973447796,0.25,128,0.7297,0.7010333333333333,False
MAIN_Q25_M_P70,2016-10-31 02:00:00+08:00,52,38,14,21,38,11,26,35,0.6730769230769231,156.96666666666667,7.4,14,37,30,0.7307692307692307,0.2692307692307692,0.7307692307692307,3.0185897435897435,0.0471437672541941,0.2972972972972973,128,0.7297,0.7010333333333333,False
MAIN_Q25_M_P70,2016-10-31 02:15:00+08:00,45,33,12,11,32,12,23,39,0.8666666666666667,154.26666666666668,5.166666666666667,9,35,30,0.7333333333333333,0.26666666666666666,0.7111111111111111,3.4281481481481486,0.033491789109766634,0.34285714285714286,128,0.7297,0.7010333333333333,False
MAIN_Q25_M_P70,2016-10-31 02:30:00+08:00,39,28,11,10,28,5,22,24,0.6153846153846154,156.96666666666667,4.5,10,27,30,0.717948717948718,0.28205128205128205,0.717948717948718,4.024786324786325,0.02866850711403695,0.18518518518518517,128,0.7297,0.7010333333333333,False
MAIN_Q25_M_P70,2016-10-31 02:45:00+08:00,34,15,19,13,15,4,12,24,0.7058823529411765,153.3,5.6,11,16,30,0.4411764705882353,0.5588235294117647,0.4411764705882353,4.508823529411765,0.0365296803652968,0.25,128,0.7297,0.7010333333333333,False
MAIN_Q25_M_P70,2016-10-31 03:00:00+08:00,44,29,15,16,25,6,22,32,0.7272727272727273,148.16666666666666,6.7,12,28,30,0.6590909090909091,0.3409090909090909,0.5681818181818182,3.367424242424242,0.04521934758155231,0.21428571428571427,128,0.7297,0.7010333333333333,False
MAIN_Q25_M_P70,2016-10-31 03:15:00+08:00,29,20,9,12,16,4,16,26,0.896551724137931,149.46666666666667,4.3,9,20,30,0.6896551724137931,0.3103448275862069,0.5517241379310345,5.154022988505747,0.02876895628902765,0.2,128,0.7297,0.7010333333333333,False
MAIN_Q25_M_P70,2016-10-31 03:30:00+08:00,20,11,9,10,10,3,9,15,0.75,151.9,3.6666666666666665,6,12,30,0.55,0.45,0.5,7.595000000000001,0.024138687733157776,0.25,128,0.7297,0.7010333333333333,False
MAIN_Q25_M_P70,2016-10-31 03:45:00+08:00,31,17,14,14,14,5,12,21,0.6774193548387096,148.06666666666666,5.7,10,17,30,0.5483870967741935,0.45161290322580644,0.45161290322580644,4.776344086021505,0.0384961728950923,0.29411764705882354,128,0.7297,0.7010333333333333,False
MAIN_Q25_M_P70,2016-10-31 04:00:00+08:00,17,12,5,9,11,1,11,10,0.5882352941176471,147.96666666666667,2.6,4,12,30,0.7058823529411765,0.29411764705882354,0.6470588235294118,8.70392156862745,0.01757152511826988,0.08333333333333333,128,0.7297,0.7010333333333333,False
MAIN_Q25_M_P70,2016-10-31 04:15:00+08:00,21,16,5,3,16,5,11,15,0.7142857142857143,143.9,1.6333333333333333,5,16,30,0.7619047619047619,0.23809523809523808,0.7619047619047619,6.852380952380953,0.01135047486680565,0.3125,128,0.7297,0.7010333333333333,False
MAIN_Q25_M_P70,2016-10-31 04:30:00+08:00,18,13,5,6,13,2,11,14,0.7777777777777778,143.33333333333334,2.533333333333333,5,13,30,0.7222222222222222,0.2777777777777778,0.7222222222222222,7.962962962962964,0.01767441860465116,0.15384615384615385,128,0.7297,0.7010333333333333,False
MAIN_Q25_M_P70,2016-10-31 04:45:00+08:00,26,13,13,7,10,3,9,18,0.6923076923076923,141.93333333333334,4.133333333333334,9,12,30,0.5,0.5,0.38461538461538464,5.458974358974359,0.02912165335838422,0.25,128,0.7297,0.7010333333333333,False
MAIN_Q25_M_P70,2016-10-31 05:00:00+08:00,24,17,7,12,17,5,11,21,0.875,139.5,3.566666666666667,8,16,30,0.7083333333333334,0.2916666666666667,0.7083333333333334,5.8125,0.025567502986857827,0.3125,128,0.7297,0.7010333333333333,False
MAIN_Q25_M_P70,2016-10-31 05:15:00+08:00,21,12,9,8,11,3,9,12,0.5714285714285714,138.96666666666667,3.2,6,12,30,0.5714285714285714,0.42857142857142855,0.5238095238095238,6.617460317460318,0.023027104821300073,0.25,128,0.7297,0.7010333333333333,False
MAIN_Q25_M_P70,2016-10-31 05:30:00+08:00,27,16,11,11,14,4,11,18,0.6666666666666666,144.56666666666666,4.366666666666666,7,15,30,0.5925925925925926,0.4074074074074074,0.5185185185185185,5.3543209876543205,0.030205210975328568,0.26666666666666666,128,0.7297,0.7010333333333333,False
MAIN_Q25_M_P70,2016-10-31 05:45:00+08:00,38,15,23,20,13,5,13,27,0.7105263157894737,143.03333333333333,7.966666666666667,12,18,30,0.39473684210526316,0.6052631578947368,0.34210526315789475,3.7640350877192983,0.055697972500582615,0.2777777777777778,128,0.7297,0.7010333333333333,False
MAIN_Q25_M_P70,2016-10-31 06:00:00+08:00,45,36,9,11,36,8,27,32,0.7111111111111111,145.46666666666667,4.4,8,35,30,0.8,0.2,0.8,3.2325925925925927,0.03024747937671861,0.22857142857142856,128,0.7297,0.7010333333333333,False
MAIN_Q25_M_P70,2016-10-31 06:15:00+08:00,56,45,11,11,42,6,38,40,0.7142857142857143,149.36666666666667,5.5,8,44,30,0.8035714285714286,0.19642857142857142,0.75,2.667261904761905,0.03682213791564383,0.13636363636363635,128,0.7297,0.7010333333333333,False
MAIN_Q25_M_P70,2016-10-31 06:30:00+08:00,100,78,22,22,72,11,63,81,0.81,154.26666666666668,10.5,18,74,30,0.78,0.22,0.72,1.5426666666666669,0.06806395851339671,0.14864864864864866,128,0.7297,0.7010333333333333,False
MAIN_Q25_M_P70,2016-10-31 06:45:00+08:00,150,101,49,42,87,9,94,99,0.66,171.73333333333332,20.066666666666666,32,103,30,0.6733333333333333,0.32666666666666666,0.58,1.1448888888888888,0.11684782608695653,0.08737864077669903,128,0.7297,0.7010333333333333,False
MAIN_Q25_M_P70,2016-10-31 07:00:00+08:00,180,123,57,46,108,9,110,123,0.6833333333333333,200.66666666666666,22.266666666666666,30,119,30,0.6833333333333333,0.31666666666666665,0.6,1.1148148148148147,0.11096345514950166,0.07563025210084033,128,0.7297,0.7010333333333333,False
MAIN_Q25_M_P70,2016-10-31 07:15:00+08:00,233,132,101,83,113,8,122,165,0.7081545064377682,229.46666666666667,37.266666666666666,47,130,30,0.5665236051502146,0.4334763948497854,0.48497854077253216,0.9848354792560802,0.16240557815223708,0.06153846153846154,128,0.7297,0.7010333333333333,False
MAIN_Q25_M_P70,2016-10-31 07:30:00+08:00,229,150,79,98,133,17,136,160,0.6986899563318777,256.9,35.833333333333336,51,153,30,0.6550218340611353,0.34497816593886466,0.5807860262008734,1.121834061135371,0.13948358635007138,0.1111111111111111,128,0.7297,0.7010333333333333,False
MAIN_Q25_M_P70,2016-10-31 07:45:00+08:00,247,162,85,85,141,8,149,159,0.6437246963562753,272.1,36.233333333333334,46,157,30,0.6558704453441295,0.3441295546558704,0.5708502024291497,1.1016194331983806,0.13316182775940216,0.050955414012738856,128,0.7297,0.7010333333333333,False
MAIN_Q25_M_P70,2016-10-31 08:00:00+08:00,297,203,94,79,185,21,180,208,0.7003367003367004,300.0,37.166666666666664,47,201,30,0.6835016835016835,0.3164983164983165,0.622895622895623,1.0101010101010102,0.12388888888888888,0.1044776119402985,128,0.7297,0.7010333333333333,False
MAIN_Q25_M_P70,2016-10-31 08:15:00+08:00,356,261,95,104,219,17,242,243,0.6825842696629213,296.06666666666666,47.4,55,259,30,0.7331460674157303,0.26685393258426965,0.6151685393258427,0.8316479400749064,0.160099076784508,0.06563706563706563,128,0.7297,0.7010333333333333,False
MAIN_Q25_M_P70,2016-10-31 08:30:00+08:00,381,293,88,94,264,14,288,263,0.6902887139107612,300.56666666666666,43.7,56,302,30,0.7690288713910761,0.23097112860892388,0.6929133858267716,0.7888888888888889,0.14539203726294778,0.046357615894039736,128,0.7297,0.7010333333333333,False
MAIN_Q25_M_P70,2016-10-31 08:45:00+08:00,424,327,97,87,273,21,289,291,0.6863207547169812,317.1666666666667,46.63333333333333,57,310,30,0.7712264150943396,0.22877358490566038,0.6438679245283019,0.7480345911949686,0.14703100367840252,0.06774193548387097,128,0.7297,0.7010333333333333,False
MAIN_Q25_M_P70,2016-10-31 09:00:00+08:00,503,381,122,104,330,27,364,361,0.7176938369781312,327.3333333333333,56.13333333333333,74,391,30,0.757455268389662,0.24254473161033796,0.6560636182902585,0.6507620941020543,0.1714867617107943,0.06905370843989769,128,0.7297,0.7010333333333333,False
MAIN_Q25_M_P70,2016-10-31 09:15:00+08:00,438,358,80,104,325,23,336,301,0.6872146118721462,334.5,47.2,70,359,30,0.817351598173516,0.182648401826484,0.7420091324200914,0.7636986301369864,0.14110612855007473,0.06406685236768803,128,0.7297,0.7010333333333333,False
MAIN_Q25_M_P70,2016-10-31 09:30:00+08:00,416,348,68,71,326,21,331,302,0.7259615384615384,353.3666666666667,37.63333333333333,47,352,30,0.8365384615384616,0.16346153846153846,0.7836538461538461,0.8494391025641026,0.10649938685029714,0.05965909090909091,128,0.7297,0.7010333333333333,False
MAIN_Q25_M_P70,2016-10-31 09:45:00+08:00,422,353,69,68,328,29,320,299,0.7085308056872038,357.1333333333333,36.7,48,349,30,0.8364928909952607,0.16350710900473933,0.7772511848341233,0.8462875197472354,0.1027627403397424,0.0830945558739255,128,0.7297,0.7010333333333333,False
MAIN_Q25_M_P70,2016-10-31 10:00:00+08:00,410,320,90,83,284,20,296,287,0.7,358.6,42.43333333333333,48,316,30,0.7804878048780488,0.21951219512195122,0.6926829268292682,0.8746341463414635,0.1183305447109128,0.06329113924050633,128,0.7297,0.7010333333333333,False
MAIN_Q25_M_P70,2016-10-31 10:15:00+08:00,398,322,76,76,289,20,309,281,0.7060301507537688,367.1,39.03333333333333,50,329,30,0.8090452261306532,0.19095477386934673,0.7261306532663316,0.9223618090452261,0.1063288840461273,0.060790273556231005,128,0.7297,0.7010333333333333,False
MAIN_Q25_M_P70,2016-10-31 10:30:00+08:00,379,309,70,83,271,9,304,270,0.712401055408971,382.73333333333335,40.46666666666667,52,313,30,0.8153034300791556,0.18469656992084432,0.7150395778364116,1.0098504837291118,0.10573070893572549,0.02875399361022364,128,0.7297,0.7010333333333333,False
MAIN_Q25_M_P70,2016-10-31 10:45:00+08:00,412,323,89,72,296,18,300,278,0.6747572815533981,357.3333333333333,41.06666666666667,52,318,30,0.7839805825242718,0.21601941747572814,0.7184466019417476,0.8673139158576051,0.11492537313432838,0.05660377358490566,128,0.7297,0.7010333333333333,False
MAIN_Q25_M_P70,2016-10-31 11:00:00+08:00,390,313,77,96,281,22,290,271,0.6948717948717948,347.56666666666666,42.333333333333336,51,312,30,0.8025641025641026,0.19743589743589743,0.7205128205128205,0.8911965811965812,0.12179917521818356,0.07051282051282051,128,0.7297,0.7010333333333333,False
MAIN_Q25_M_P70,2016-10-31 11:15:00+08:00,400,326,74,55,290,16,309,274,0.685,339.7,35.53333333333333,48,325,30,0.815,0.185,0.725,0.84925,0.10460209989206162,0.04923076923076923,128,0.7297,0.7010333333333333,False
MAIN_Q25_M_P70,2016-10-31 11:30:00+08:00,433,339,94,98,292,18,319,290,0.6697459584295612,317.76666666666665,47.666666666666664,55,337,30,0.7829099307159353,0.21709006928406466,0.674364896073903,0.7338722093918398,0.1500052449386342,0.05341246290801187,128,0.7297,0.7010333333333333,False
MAIN_Q25_M_P70,2016-10-31 11:45:00+08:00,444,343,101,104,292,18,315,301,0.6779279279279279,325.1666666666667,51.333333333333336,60,333,30,0.7725225225225225,0.22747747747747749,0.6576576576576577,0.7323573573573574,0.15786776012301384,0.05405405405405406,128,0.7297,0.7010333333333333,False
MAIN_Q25_M_P70,2016-10-31 12:00:00+08:00,417,331,86,83,289,25,316,298,0.7146282973621103,340.4,43.166666666666664,55,341,30,0.7937649880095923,0.20623501199040767,0.6930455635491607,0.8163069544364507,0.12681159420289856,0.07331378299120235,128,0.7297,0.7010333333333333,False
MAIN_Q25_M_P70,2016-10-31 12:15:00+08:00,443,358,85,86,306,20,333,299,0.6749435665914221,336.0,44.56666666666667,56,353,30,0.8081264108352144,0.19187358916478556,0.690744920993228,0.7584650112866818,0.1326388888888889,0.056657223796033995,128,0.7297,0.7010333333333333,False
MAIN_Q25_M_P70,2016-10-31 12:30:00+08:00,389,341,48,63,295,23,327,263,0.6760925449871465,343.5,36.0,52,350,30,0.8766066838046273,0.12339331619537275,0.7583547557840618,0.8830334190231363,0.10480349344978165,0.06571428571428571,128,0.7297,0.7010333333333333,False
MAIN_Q25_M_P70,2016-10-31 12:45:00+08:00,360,307,53,44,280,22,282,248,0.6888888888888889,374.6333333333333,29.133333333333333,40,304,30,0.8527777777777777,0.14722222222222223,0.7777777777777778,1.0406481481481482,0.07776492570513391,0.07236842105263158,128,0.7297,0.7010333333333333,False
MAIN_Q25_M_P70,2016-10-31 13:00:00+08:00,410,348,62,60,319,20,331,270,0.6585365853658537,367.73333333333335,34.233333333333334,46,351,30,0.848780487804878,0.15121951219512195,0.7780487804878049,0.8969105691056911,0.09309282088469906,0.05698005698005698,128,0.7297,0.7010333333333333,False
MAIN_Q25_M_P70,2016-10-31 13:15:00+08:00,438,349,89,75,298,20,322,302,0.6894977168949772,377.3333333333333,42.766666666666666,62,342,30,0.7968036529680366,0.20319634703196346,0.680365296803653,0.8614916286149162,0.11333922261484099,0.05847953216374269,128,0.7297,0.7010333333333333,False
MAIN_Q25_M_P70,2016-10-31 13:30:00+08:00,451,345,106,102,274,16,331,315,0.6984478935698448,356.7,54.03333333333333,63,347,30,0.7649667405764967,0.23503325942350334,0.6075388026607539,0.7909090909090909,0.15148116998411362,0.04610951008645533,128,0.7297,0.7010333333333333,False
MAIN_Q25_M_P70,2016-10-31 13:45:00+08:00,455,343,112,115,281,16,329,330,0.7252747252747253,381.76666666666665,54.86666666666667,63,345,30,0.7538461538461538,0.24615384615384617,0.6175824175824176,0.839047619047619,0.14371780319566926,0.0463768115942029,128,0.7297,0.7010333333333333,False
MAIN_Q25_M_P70,2016-10-31 14:00:00+08:00,451,323,128,133,265,9,300,319,0.7073170731707317,400.7,61.333333333333336,77,309,30,0.7161862527716186,0.2838137472283814,0.5875831485587583,0.888470066518847,0.1530654687629981,0.02912621359223301,128,0.7297,0.7010333333333333,False
MAIN_Q25_M_P70,2016-10-31 14:15:00+08:00,502,363,139,128,293,16,350,370,0.7370517928286853,395.9,63.333333333333336,74,366,30,0.7231075697211156,0.27689243027888444,0.5836653386454184,0.7886454183266932,0.15997305716931887,0.04371584699453552,128,0.7297,0.7010333333333333,False
MAIN_Q25_M_P70,2016-10-31 14:30:00+08:00,451,323,128,127,259,10,326,295,0.6541019955654102,405.3666666666667,61.266666666666666,74,336,30,0.7161862527716186,0.2838137472283814,0.5742793791574279,0.8988174427198817,0.15113888660472,0.02976190476190476,128,0.7297,0.7010333333333333,False
MAIN_Q25_M_P70,2016-10-31 14:45:00+08:00,467,345,122,133,278,15,324,325,0.69593147751606,421.3333333333333,60.13333333333333,74,339,30,0.7387580299785867,0.26124197002141325,0.5952890792291221,0.9022127052105638,0.14272151898734178,0.04424778761061947,128,0.7297,0.7010333333333333,False
MAIN_Q25_M_P70,2016-10-31 15:00:00+08:00,489,347,142,133,285,14,327,361,0.7382413087934561,419.3333333333333,62.06666666666667,73,341,30,0.7096114519427403,0.2903885480572597,0.5828220858895705,0.8575323790047716,0.1480127186009539,0.04105571847507331,128,0.7297,0.7010333333333333,False
MAIN_Q25_M_P70,2016-10-31 15:15:00+08:00,509,362,147,138,302,14,351,366,0.7190569744597249,437.26666666666665,64.86666666666666,77,365,30,0.7111984282907662,0.2888015717092338,0.593320235756385,0.8590700720366732,0.14834578441835644,0.038356164383561646,128,0.7297,0.7010333333333333,False
MAIN_Q25_M_P70,2016-10-31 15:30:00+08:00,500,366,134,146,294,11,352,361,0.722,449.8333333333333,67.16666666666667,80,363,30,0.732,0.268,0.588,0.8996666666666666,0.14931456094849946,0.030303030303030304,128,0.7297,0.7010333333333333,False
MAIN_Q25_M_P70,2016-10-31 15:45:00+08:00,557,397,160,141,303,12,386,376,0.6750448833034112,449.06666666666666,71.43333333333334,83,398,30,0.7127468581687613,0.2872531418312388,0.5439856373429084,0.8062238180730101,0.15907066508313542,0.03015075376884422,128,0.7297,0.7010333333333333,False
MAIN_Q25_M_P70,2016-10-31 16:00:00+08:00,533,376,157,153,296,10,372,358,0.6716697936210131,444.3,73.36666666666666,107,382,30,0.7054409005628518,0.2945590994371482,0.5553470919324578,0.8335834896810507,0.16512866681671542,0.02617801047120419,128,0.7297,0.7010333333333333,False
MAIN_Q25_M_P70,2016-10-31 16:15:00+08:00,502,325,177,180,248,9,315,356,0.7091633466135459,448.96666666666664,75.76666666666667,84,324,30,0.647410358565737,0.35258964143426297,0.4940239043824701,0.894355909694555,0.1687578884846685,0.027777777777777776,128,0.7297,0.7010333333333333,False
MAIN_Q25_M_P70,2016-10-31 16:30:00+08:00,464,298,166,164,246,8,292,344,0.7413793103448276,468.3666666666667,70.06666666666666,82,300,30,0.6422413793103449,0.3577586206896552,0.5301724137931034,1.0094109195402299,0.14959789338837093,0.02666666666666667,128,0.7297,0.7010333333333333,False
MAIN_Q25_M_P70,2016-10-31 16:45:00+08:00,462,304,158,169,242,13,287,343,0.7424242424242424,466.5,72.33333333333333,86,300,30,0.658008658008658,0.341991341991342,0.5238095238095238,1.0097402597402598,0.15505537692032867,0.043333333333333335,128,0.7297,0.7010333333333333,False
MAIN_Q25_M_P70,2016-10-31 17:00:00+08:00,492,305,187,188,244,17,287,331,0.6727642276422764,458.0,78.56666666666666,112,304,30,0.6199186991869918,0.3800813008130081,0.4959349593495935,0.9308943089430894,0.1715429403202329,0.05592105263157895,128,0.7297,0.7010333333333333,False
MAIN_Q25_M_P70,2016-10-31 17:15:00+08:00,457,280,177,172,231,10,276,316,0.6914660831509847,457.26666666666665,72.66666666666667,86,286,30,0.612691466083151,0.387308533916849,0.5054704595185996,1.000583515681984,0.15891529377460273,0.03496503496503497,128,0.7297,0.7010333333333333,False
MAIN_Q25_M_P70,2016-10-31 17:30:00+08:00,419,273,146,142,220,10,258,301,0.7183770883054893,463.43333333333334,60.666666666666664,78,268,30,0.6515513126491647,0.34844868735083534,0.5250596658711217,1.1060461416070009,0.13090699848953463,0.03731343283582089,128,0.7297,0.7010333333333333,False
MAIN_Q25_M_P70,2016-10-31 17:45:00+08:00,465,261,204,202,206,7,260,323,0.6946236559139785,476.03333333333336,84.16666666666667,99,267,30,0.5612903225806452,0.43870967741935485,0.443010752688172,1.0237275985663083,0.17680834675442897,0.026217228464419477,128,0.7297,0.7010333333333333,False
MAIN_Q25_M_P70,2016-10-31 18:00:00+08:00,426,230,196,199,190,11,223,279,0.6549295774647887,468.76666666666665,79.5,94,234,30,0.539906103286385,0.460093896713615,0.4460093896713615,1.1003912363067292,0.16959396999217807,0.04700854700854701,128,0.7297,0.7010333333333333,False
MAIN_Q25_M_P70,2016-10-31 18:15:00+08:00,394,245,149,156,207,2,241,274,0.6954314720812182,470.23333333333335,62.333333333333336,70,243,30,0.6218274111675127,0.37817258883248733,0.5253807106598984,1.1934856175972928,0.13255830438789254,0.00823045267489712,128,0.7297,0.7010333333333333,False
MAIN_Q25_M_P70,2016-10-31 18:30:00+08:00,434,290,144,154,249,8,279,309,0.7119815668202765,450.46666666666664,64.5,78,287,30,0.6682027649769585,0.3317972350230415,0.5737327188940092,1.0379416282642089,0.14318484534556758,0.027874564459930314,128,0.7297,0.7010333333333333,False
MAIN_Q25_M_P70,2016-10-31 18:45:00+08:00,502,338,164,155,278,10,323,352,0.701195219123506,444.1333333333333,71.6,85,333,30,0.6733067729083665,0.32669322709163345,0.5537848605577689,0.8847277556440903,0.161212848994296,0.03003003003003003,128,0.7297,0.7010333333333333,False
MAIN_Q25_M_P70,2016-10-31 19:00:00+08:00,551,367,184,173,290,11,362,394,0.7150635208711433,425.9,78.8,96,373,30,0.6660617059891107,0.3339382940108893,0.5263157894736842,0.7729582577132486,0.18501995773655788,0.029490616621983913,128,0.7297,0.7010333333333333,False
MAIN_Q25_M_P70,2016-10-31 19:15:00+08:00,545,393,152,170,324,9,374,376,0.689908256880734,430.9,72.93333333333334,84,383,30,0.7211009174311926,0.27889908256880735,0.5944954128440367,0.7906422018348623,0.16925814187359792,0.02349869451697128,128,0.7297,0.7010333333333333,False
MAIN_Q25_M_P70,2016-10-31 19:30:00+08:00,574,428,146,139,319,11,422,400,0.6968641114982579,401.73333333333335,72.4,87,433,30,0.7456445993031359,0.25435540069686413,0.5557491289198606,0.699883855981417,0.18021905077995354,0.025404157043879907,128,0.7297,0.7010333333333333,False
MAIN_Q25_M_P70,2016-10-31 19:45:00+08:00,490,371,119,140,299,9,362,337,0.6877551020408164,401.6666666666667,62.46666666666667,94,371,30,0.7571428571428571,0.24285714285714285,0.610204081632653,0.8197278911564626,0.15551867219917012,0.02425876010781671,128,0.7297,0.7010333333333333,False
MAIN_Q25_M_P70,2016-10-31 20:00:00+08:00,449,340,109,111,288,15,329,320,0.7126948775055679,421.06666666666666,54.53333333333333,62,344,30,0.7572383073496659,0.24276169265033407,0.6414253897550112,0.9377876763177432,0.12951234958834706,0.0436046511627907,128,0.7297,0.7010333333333333,False
MAIN_Q25_M_P70,2016-10-31 20:15:00+08:00,459,367,92,94,317,18,344,316,0.6884531590413944,419.1333333333333,46.86666666666667,63,362,30,0.7995642701525054,0.20043572984749455,0.690631808278867,0.9131445170660857,0.11181803721965962,0.049723756906077346,128,0.7297,0.7010333333333333,False
MAIN_Q25_M_P70,2016-10-31 20:30:00+08:00,429,350,79,84,285,9,344,304,0.7086247086247086,415.96666666666664,46.86666666666667,59,353,30,0.8158508158508159,0.18414918414918416,0.6643356643356644,0.9696192696192696,0.1126692843977883,0.025495750708215296,128,0.7297,0.7010333333333333,False
MAIN_Q25_M_P70,2016-10-31 20:45:00+08:00,502,368,134,112,290,19,349,354,0.7051792828685259,420.1333333333333,60.1,81,368,30,0.7330677290836654,0.26693227091633465,0.5776892430278885,0.8369189907038512,0.14304982545223738,0.051630434782608696,128,0.7297,0.7010333333333333,False
MAIN_Q25_M_P70,2016-10-31 21:00:00+08:00,469,351,118,132,265,12,336,332,0.7078891257995735,395.1,62.93333333333333,80,348,30,0.7484008528784648,0.2515991471215352,0.5650319829424307,0.8424307036247335,0.15928456930734833,0.034482758620689655,128,0.7297,0.7010333333333333,False
MAIN_Q25_M_P70,2016-10-31 21:15:00+08:00,511,360,151,138,312,4,361,354,0.6927592954990215,404.6666666666667,64.3,82,365,30,0.7045009784735812,0.29549902152641877,0.6105675146771037,0.7919112850619701,0.15889621087314662,0.010958904109589041,128,0.7297,0.7010333333333333,False
MAIN_Q25_M_P70,2016-10-31 21:30:00+08:00,453,364,89,105,298,14,350,317,0.6997792494481236,391.4,50.96666666666667,62,364,30,0.8035320088300221,0.19646799116997793,0.6578366445916115,0.86401766004415,0.13021631749276105,0.038461538461538464,128,0.7297,0.7010333333333333,False
MAIN_Q25_M_P70,2016-10-31 21:45:00+08:00,505,380,125,97,310,12,366,366,0.7247524752475247,378.2,55.86666666666667,76,378,30,0.7524752475247525,0.24752475247524752,0.6138613861386139,0.7489108910891089,0.14771725718314827,0.031746031746031744,128,0.7297,0.7010333333333333,False
MAIN_Q25_M_P70,2016-10-31 22:00:00+08:00,444,313,131,151,238,9,306,319,0.7184684684684685,371.53333333333336,64.66666666666667,84,315,30,0.704954954954955,0.29504504504504503,0.536036036036036,0.8367867867867869,0.1740534720976135,0.02857142857142857,128,0.7297,0.7010333333333333,False
MAIN_Q25_M_P70,2016-10-31 22:15:00+08:00,376,284,92,98,234,6,272,274,0.7287234042553191,360.1333333333333,46.93333333333333,67,278,30,0.7553191489361702,0.24468085106382978,0.6223404255319149,0.9578014184397163,0.13032210292484264,0.02158273381294964,128,0.7297,0.7010333333333333,False
MAIN_Q25_M_P70,2016-10-31 22:30:00+08:00,349,278,71,69,222,17,270,242,0.6934097421203438,331.93333333333334,38.5,62,287,30,0.7965616045845272,0.2034383954154728,0.6361031518624641,0.951098376313276,0.11598714601325567,0.059233449477351915,128,0.7297,0.7010333333333333,False
MAIN_Q25_M_P70,2016-10-31 22:45:00+08:00,320,237,83,96,195,11,230,231,0.721875,324.1333333333333,39.6,54,241,30,0.740625,0.259375,0.609375,1.0129166666666667,0.12217194570135748,0.04564315352697095,128,0.7297,0.7010333333333333,False
MAIN_Q25_M_P70,2016-10-31 23:00:00+08:00,256,203,53,53,166,6,194,177,0.69140625,296.8,27.5,37,200,30,0.79296875,0.20703125,0.6484375,1.159375,0.09265498652291104,0.03,128,0.7297,0.7010333333333333,False
MAIN_Q25_M_P70,2016-10-31 23:15:00+08:00,241,185,56,54,148,15,173,167,0.6929460580912863,266.9,27.466666666666665,33,188,30,0.7676348547717843,0.23236514522821577,0.6141078838174274,1.1074688796680496,0.10290995379043337,0.0797872340425532,128,0.7297,0.7010333333333333,False
MAIN_Q25_M_P70,2016-10-31 23:30:00+08:00,213,133,80,66,111,8,125,156,0.7323943661971831,237.33333333333334,31.266666666666666,43,133,30,0.6244131455399061,0.3755868544600939,0.5211267605633803,1.1142410015649453,0.13174157303370784,0.06015037593984962,128,0.7297,0.7010333333333333,False
MAIN_Q25_M_P70,2016-10-31 23:45:00+08:00,202,59,143,132,49,26,41,147,0.7277227722772277,203.26666666666668,50.333333333333336,66,67,30,0.29207920792079206,0.7079207920792079,0.24257425742574257,1.0062706270627064,0.24762217120367333,0.3880597014925373,128,0.7297,0.7010333333333333,False
MAIN_Q25_M_P70,2016-11-01 00:00:00+08:00,2,0,2,47,0,0,0,0,0.0,121.46153846153847,17.615384615384617,45,0,13,0.0,1.0,0.0,60.73076923076923,0.14502849905003168,,128,0.7297,0.7010333333333333,False
MAIN_Q50_M_P70,2016-10-31 00:00:00+08:00,68,42,26,13,36,18,17,54,0.7941176470588235,256.6,7.7,17,35,30,0.6176470588235294,0.38235294117647056,0.5294117647058824,3.7735294117647062,0.03000779423226812,0.5142857142857142,256,0.6044333333333334,0.7010333333333333,False
MAIN_Q50_M_P70,2016-10-31 00:15:00+08:00,103,67,36,38,52,26,45,69,0.6699029126213593,259.5,16.433333333333334,26,71,30,0.6504854368932039,0.34951456310679613,0.5048543689320388,2.5194174757281553,0.06332691072575465,0.36619718309859156,256,0.6044333333333334,0.7010333333333333,False
MAIN_Q50_M_P70,2016-10-31 00:30:00+08:00,91,60,31,33,55,16,44,63,0.6923076923076923,270.2,13.933333333333334,20,60,30,0.6593406593406593,0.34065934065934067,0.6043956043956044,2.969230769230769,0.051566740685911674,0.26666666666666666,256,0.6044333333333334,0.7010333333333333,False
MAIN_Q50_M_P70,2016-10-31 00:45:00+08:00,94,61,33,29,49,13,46,68,0.723404255319149,272.8333333333333,12.866666666666667,16,59,30,0.648936170212766,0.35106382978723405,0.5212765957446809,2.9024822695035457,0.04715943799633476,0.22033898305084745,256,0.6044333333333334,0.7010333333333333,False
MAIN_Q50_M_P70,2016-10-31 01:00:00+08:00,68,44,24,30,40,15,31,53,0.7794117647058824,278.6,11.433333333333334,18,46,30,0.6470588235294118,0.35294117647058826,0.5882352941176471,4.097058823529412,0.041038525963149074,0.32608695652173914,256,0.6044333333333334,0.7010333333333333,False
MAIN_Q50_M_P70,2016-10-31 01:15:00+08:00,69,38,31,28,35,11,27,54,0.782608695652174,276.3,11.466666666666667,20,38,30,0.5507246376811594,0.4492753623188406,0.5072463768115942,4.004347826086956,0.04150078417179394,0.2894736842105263,256,0.6044333333333334,0.7010333333333333,False
MAIN_Q50_M_P70,2016-10-31 01:30:00+08:00,52,34,18,23,28,9,26,38,0.7307692307692307,277.1666666666667,8.466666666666667,16,35,30,0.6538461538461539,0.34615384615384615,0.5384615384615384,5.330128205128205,0.030547203848466625,0.2571428571428571,256,0.6044333333333334,0.7010333333333333,False
MAIN_Q50_M_P70,2016-10-31 01:45:00+08:00,47,27,20,15,27,8,21,35,0.7446808510638298,279.6666666666667,6.366666666666666,9,29,30,0.574468085106383,0.425531914893617,0.574468085106383,5.950354609929079,0.02276519666269368,0.27586206896551724,256,0.6044333333333334,0.7010333333333333,False
MAIN_Q50_M_P70,2016-10-31 02:00:00+08:00,52,34,18,27,32,12,20,35,0.6730769230769231,272.6666666666667,9.2,17,32,30,0.6538461538461539,0.34615384615384615,0.6153846153846154,5.243589743589744,0.033740831295843515,0.375,256,0.6044333333333334,0.7010333333333333,False
MAIN_Q50_M_P70,2016-10-31 02:15:00+08:00,45,28,17,16,27,14,16,39,0.8666666666666667,272.03333333333336,6.666666666666667,10,30,30,0.6222222222222222,0.37777777777777777,0.6,6.045185185185185,0.024506800637176817,0.4666666666666667,256,0.6044333333333334,0.7010333333333333,False
MAIN_Q50_M_P70,2016-10-31 02:30:00+08:00,39,24,15,14,23,5,18,24,0.6153846153846154,274.43333333333334,5.833333333333333,10,23,30,0.6153846153846154,0.38461538461538464,0.5897435897435898,7.036752136752137,0.021255921292360012,0.21739130434782608,256,0.6044333333333334,0.7010333333333333,False
MAIN_Q50_M_P70,2016-10-31 02:45:00+08:00,34,13,21,14,12,4,10,24,0.7058823529411765,270.5,6.1,13,14,30,0.38235294117647056,0.6176470588235294,0.35294117647058826,7.955882352941177,0.02255083179297597,0.2857142857142857,256,0.6044333333333334,0.7010333333333333,False
MAIN_Q50_M_P70,2016-10-31 03:00:00+08:00,44,22,22,24,18,7,15,32,0.7272727272727273,270.3333333333333,9.166666666666666,13,22,30,0.5,0.5,0.4090909090909091,6.143939393939394,0.03390875462392109,0.3181818181818182,256,0.6044333333333334,0.7010333333333333,False
MAIN_Q50_M_P70,2016-10-31 03:15:00+08:00,29,11,18,20,10,5,5,26,0.896551724137931,271.3,6.633333333333334,10,10,30,0.3793103448275862,0.6206896551724138,0.3448275862068966,9.355172413793104,0.024450178154564444,0.5,256,0.6044333333333334,0.7010333333333333,False
MAIN_Q50_M_P70,2016-10-31 03:30:00+08:00,20,9,11,12,8,4,5,15,0.75,272.1666666666667,4.3,7,9,30,0.45,0.55,0.4,13.608333333333334,0.015799142682180033,0.4444444444444444,256,0.6044333333333334,0.7010333333333333,False
MAIN_Q50_M_P70,2016-10-31 03:45:00+08:00,31,11,20,20,8,5,7,21,0.6774193548387096,267.3333333333333,7.333333333333333,11,12,30,0.3548387096774194,0.6451612903225806,0.25806451612903225,8.623655913978494,0.027431421446384042,0.4166666666666667,256,0.6044333333333334,0.7010333333333333,False
MAIN_Q50_M_P70,2016-10-31 04:00:00+08:00,17,4,13,15,3,1,3,10,0.5882352941176471,269.6,4.833333333333333,7,4,30,0.23529411764705882,0.7647058823529411,0.17647058823529413,15.858823529411765,0.017927794263105833,0.25,256,0.6044333333333334,0.7010333333333333,False
MAIN_Q50_M_P70,2016-10-31 04:15:00+08:00,21,9,12,11,9,4,5,15,0.7142857142857143,266.6666666666667,3.8333333333333335,7,9,30,0.42857142857142855,0.5714285714285714,0.42857142857142855,12.6984126984127,0.014374999999999999,0.4444444444444444,256,0.6044333333333334,0.7010333333333333,False
MAIN_Q50_M_P70,2016-10-31 04:30:00+08:00,18,11,7,10,10,6,5,14,0.7777777777777778,265.73333333333335,3.566666666666667,7,11,30,0.6111111111111112,0.3888888888888889,0.5555555555555556,14.762962962962964,0.01342197691921726,0.5454545454545454,256,0.6044333333333334,0.7010333333333333,False
MAIN_Q50_M_P70,2016-10-31 04:45:00+08:00,26,9,17,11,8,3,5,18,0.6923076923076923,265.53333333333336,5.133333333333334,10,8,30,0.34615384615384615,0.6538461538461539,0.3076923076923077,10.212820512820514,0.019332161687170474,0.375,256,0.6044333333333334,0.7010333333333333,False
MAIN_Q50_M_P70,2016-10-31 05:00:00+08:00,24,13,11,15,13,7,5,21,0.875,262.5,4.533333333333333,8,12,30,0.5416666666666666,0.4583333333333333,0.5416666666666666,10.9375,0.01726984126984127,0.5833333333333334,256,0.6044333333333334,0.7010333333333333,False
MAIN_Q50_M_P70,2016-10-31 05:15:00+08:00,21,8,13,11,7,5,3,12,0.5714285714285714,261.7,4.333333333333333,8,8,30,0.38095238095238093,0.6190476190476191,0.3333333333333333,12.461904761904762,0.016558400203795693,0.625,256,0.6044333333333334,0.7010333333333333,False
MAIN_Q50_M_P70,2016-10-31 05:30:00+08:00,27,11,16,16,8,4,7,18,0.6666666666666666,264.6333333333333,5.933333333333334,8,11,30,0.4074074074074074,0.5925925925925926,0.2962962962962963,9.801234567901234,0.022420959818616956,0.36363636363636365,256,0.6044333333333334,0.7010333333333333,False
MAIN_Q50_M_P70,2016-10-31 05:45:00+08:00,38,11,27,24,9,5,8,27,0.7105263157894737,264.6666666666667,9.333333333333334,13,13,30,0.2894736842105263,0.7105263157894737,0.23684210526315788,6.964912280701755,0.03526448362720403,0.38461538461538464,256,0.6044333333333334,0.7010333333333333,False
MAIN_Q50_M_P70,2016-10-31 06:00:00+08:00,45,31,14,15,28,14,16,32,0.7111111111111111,263.96666666666664,5.966666666666667,10,30,30,0.6888888888888889,0.3111111111111111,0.6222222222222222,5.865925925925925,0.022603864124258116,0.4666666666666667,256,0.6044333333333334,0.7010333333333333,False
MAIN_Q50_M_P70,2016-10-31 06:15:00+08:00,56,38,18,17,36,9,30,40,0.7142857142857143,263.73333333333335,7.366666666666666,11,39,30,0.6785714285714286,0.32142857142857145,0.6428571428571429,4.70952380952381,0.02793225480283114,0.23076923076923078,256,0.6044333333333334,0.7010333333333333,False
MAIN_Q50_M_P70,2016-10-31 06:30:00+08:00,100,72,28,28,64,24,43,81,0.81,265.23333333333335,12.333333333333334,18,67,30,0.72,0.28,0.64,2.6523333333333334,0.046499937162247075,0.3582089552238806,256,0.6044333333333334,0.7010333333333333,False
MAIN_Q50_M_P70,2016-10-31 06:45:00+08:00,150,88,62,51,75,16,74,99,0.66,271.76666666666665,22.8,34,90,30,0.5866666666666667,0.41333333333333333,0.5,1.8117777777777777,0.08389549858947627,0.17777777777777778,256,0.6044333333333334,0.7010333333333333,False
MAIN_Q50_M_P70,2016-10-31 07:00:00+08:00,180,96,84,75,82,17,76,123,0.6833333333333333,293.8,30.166666666666668,42,93,30,0.5333333333333333,0.4666666666666667,0.45555555555555555,1.6322222222222222,0.10267755842977082,0.1827956989247312,256,0.6044333333333334,0.7010333333333333,False
MAIN_Q50_M_P70,2016-10-31 07:15:00+08:00,233,116,117,99,103,25,91,165,0.7081545064377682,311.1666666666667,41.9,55,116,30,0.4978540772532189,0.5021459227467812,0.44206008583690987,1.3354792560801145,0.134654525977504,0.21551724137931033,256,0.6044333333333334,0.7010333333333333,False
MAIN_Q50_M_P70,2016-10-31 07:30:00+08:00,229,125,104,113,114,26,103,160,0.6986899563318777,318.2,41.13333333333333,53,129,30,0.5458515283842795,0.45414847161572053,0.4978165938864629,1.3895196506550218,0.12926880368740834,0.20155038759689922,256,0.6044333333333334,0.7010333333333333,False
MAIN_Q50_M_P70,2016-10-31 07:45:00+08:00,247,133,114,119,110,19,104,159,0.6437246963562753,331.53333333333336,46.53333333333333,58,123,30,0.5384615384615384,0.46153846153846156,0.44534412955465585,1.3422402159244267,0.1403579328373215,0.15447154471544716,256,0.6044333333333334,0.7010333333333333,False
MAIN_Q50_M_P70,2016-10-31 08:00:00+08:00,297,163,134,122,137,26,131,208,0.7003367003367004,344.4,49.43333333333333,61,157,30,0.5488215488215489,0.4511784511784512,0.4612794612794613,1.1595959595959595,0.1435346496322106,0.16560509554140126,256,0.6044333333333334,0.7010333333333333,False
MAIN_Q50_M_P70,2016-10-31 08:15:00+08:00,356,197,159,152,159,25,179,243,0.6825842696629213,330.8333333333333,62.766666666666666,74,204,30,0.5533707865168539,0.44662921348314605,0.44662921348314605,0.9293071161048688,0.1897229219143577,0.12254901960784313,256,0.6044333333333334,0.7010333333333333,False
MAIN_Q50_M_P70,2016-10-31 08:30:00+08:00,381,236,145,149,200,22,217,263,0.6902887139107612,334.3,60.63333333333333,76,239,30,0.6194225721784777,0.3805774278215223,0.5249343832020997,0.8774278215223097,0.18137401535546913,0.09205020920502092,256,0.6044333333333334,0.7010333333333333,False
MAIN_Q50_M_P70,2016-10-31 08:45:00+08:00,424,262,162,155,209,31,221,291,0.6863207547169812,336.3333333333333,67.3,78,252,30,0.6179245283018868,0.38207547169811323,0.49292452830188677,0.7932389937106917,0.20009910802775024,0.12301587301587301,256,0.6044333333333334,0.7010333333333333,False
MAIN_Q50_M_P70,2016-10-31 09:00:00+08:00,503,306,197,185,252,46,269,361,0.7176938369781312,335.06666666666666,78.96666666666667,95,315,30,0.6083499005964215,0.39165009940357853,0.5009940357852882,0.6661365142478463,0.23567449263828094,0.14603174603174604,256,0.6044333333333334,0.7010333333333333,False
MAIN_Q50_M_P70,2016-10-31 09:15:00+08:00,438,298,140,162,237,36,256,301,0.6872146118721462,329.26666666666665,67.86666666666666,87,292,30,0.680365296803653,0.319634703196347,0.541095890410959,0.7517503805175038,0.2061145980967807,0.1232876712328767,256,0.6044333333333334,0.7010333333333333,False
MAIN_Q50_M_P70,2016-10-31 09:30:00+08:00,416,297,119,133,259,44,259,302,0.7259615384615384,337.1,55.5,65,303,30,0.7139423076923077,0.2860576923076923,0.6225961538461539,0.8103365384615385,0.16463957282705427,0.14521452145214522,256,0.6044333333333334,0.7010333333333333,False
MAIN_Q50_M_P70,2016-10-31 09:45:00+08:00,422,296,126,110,255,43,251,299,0.7085308056872038,336.1333333333333,52.03333333333333,69,294,30,0.7014218009478673,0.2985781990521327,0.6042654028436019,0.7965244865718799,0.1547996826656089,0.14625850340136054,256,0.6044333333333334,0.7010333333333333,False
MAIN_Q50_M_P70,2016-10-31 10:00:00+08:00,410,263,147,142,220,32,229,287,0.7,352.96666666666664,61.166666666666664,72,261,30,0.6414634146341464,0.35853658536585364,0.5365853658536586,0.8608943089430894,0.17329303994711492,0.12260536398467432,256,0.6044333333333334,0.7010333333333333,False
MAIN_Q50_M_P70,2016-10-31 10:15:00+08:00,398,275,123,125,222,36,235,281,0.7060301507537688,357.8333333333333,56.96666666666667,70,271,30,0.6909547738693468,0.30904522613065327,0.5577889447236181,0.8990787269681741,0.1591988821611551,0.13284132841328414,256,0.6044333333333334,0.7010333333333333,False
MAIN_Q50_M_P70,2016-10-31 10:30:00+08:00,379,245,134,148,192,21,230,270,0.712401055408971,370.9,62.5,70,251,30,0.6464379947229552,0.35356200527704484,0.5065963060686016,0.9786279683377308,0.16850903208411971,0.08366533864541832,256,0.6044333333333334,0.7010333333333333,False
MAIN_Q50_M_P70,2016-10-31 10:45:00+08:00,412,256,156,134,201,37,218,278,0.6747572815533981,355.8333333333333,64.73333333333333,84,255,30,0.6213592233009708,0.3786407766990291,0.4878640776699029,0.863673139158576,0.18192037470725997,0.1450980392156863,256,0.6044333333333334,0.7010333333333333,False
MAIN_Q50_M_P70,2016-10-31 11:00:00+08:00,390,269,121,148,226,41,230,271,0.6948717948717948,347.8333333333333,56.6,73,271,30,0.6897435897435897,0.31025641025641026,0.5794871794871795,0.8918803418803418,0.16272160996645904,0.15129151291512916,256,0.6044333333333334,0.7010333333333333,False
MAIN_Q50_M_P70,2016-10-31 11:15:00+08:00,400,273,127,105,205,30,238,274,0.685,337.8333333333333,54.6,67,268,30,0.6825,0.3175,0.5125,0.8445833333333332,0.16161815490873213,0.11194029850746269,256,0.6044333333333334,0.7010333333333333,False
MAIN_Q50_M_P70,2016-10-31 11:30:00+08:00,433,251,182,175,191,25,227,290,0.6697459584295612,342.6333333333333,74.3,84,252,30,0.5796766743648961,0.42032332563510394,0.44110854503464203,0.7913010007698229,0.2168498881214126,0.0992063492063492,256,0.6044333333333334,0.7010333333333333,False
MAIN_Q50_M_P70,2016-10-31 11:45:00+08:00,444,277,167,176,213,28,242,301,0.6779279279279279,351.4,73.2,92,270,30,0.6238738738738738,0.3761261261261261,0.4797297297297297,0.7914414414414414,0.20830961866818443,0.1037037037037037,256,0.6044333333333334,0.7010333333333333,False
MAIN_Q50_M_P70,2016-10-31 12:00:00+08:00,417,269,148,144,210,39,239,298,0.7146282973621103,344.0,61.63333333333333,72,278,30,0.645083932853717,0.354916067146283,0.5035971223021583,0.8249400479616307,0.17916666666666667,0.14028776978417265,256,0.6044333333333334,0.7010333333333333,False
MAIN_Q50_M_P70,2016-10-31 12:15:00+08:00,443,300,143,139,228,50,243,299,0.6749435665914221,335.1333333333333,65.7,79,293,30,0.6772009029345373,0.3227990970654628,0.5146726862302483,0.7565086531226486,0.1960413765665407,0.17064846416382254,256,0.6044333333333334,0.7010333333333333,False
MAIN_Q50_M_P70,2016-10-31 12:30:00+08:00,389,273,116,139,206,38,240,263,0.6760925449871465,346.4,59.46666666666667,81,278,30,0.7017994858611826,0.2982005141388175,0.5295629820051414,0.8904884318766066,0.1716705157813703,0.1366906474820144,256,0.6044333333333334,0.7010333333333333,False
MAIN_Q50_M_P70,2016-10-31 12:45:00+08:00,360,270,90,91,232,30,240,248,0.6888888888888889,368.8,42.36666666666667,60,270,30,0.75,0.25,0.6444444444444445,1.0244444444444445,0.11487707881417208,0.1111111111111111,256,0.6044333333333334,0.7010333333333333,False
MAIN_Q50_M_P70,2016-10-31 13:00:00+08:00,410,304,106,97,237,38,268,270,0.6585365853658537,359.1,49.86666666666667,64,306,30,0.7414634146341463,0.25853658536585367,0.5780487804878048,0.8758536585365854,0.13886568272533184,0.12418300653594772,256,0.6044333333333334,0.7010333333333333,False
MAIN_Q50_M_P70,2016-10-31 13:15:00+08:00,438,303,135,124,243,45,252,302,0.6894977168949772,364.3,58.666666666666664,76,297,30,0.6917808219178082,0.3082191780821918,0.5547945205479452,0.8317351598173516,0.1610394363619727,0.15151515151515152,256,0.6044333333333334,0.7010333333333333,False
MAIN_Q50_M_P70,2016-10-31 13:30:00+08:00,451,289,162,155,208,31,263,315,0.6984478935698448,352.06666666666666,71.26666666666667,88,294,30,0.6407982261640798,0.35920177383592017,0.4611973392461197,0.7806356245380636,0.20242378337436093,0.1054421768707483,256,0.6044333333333334,0.7010333333333333,False
MAIN_Q50_M_P70,2016-10-31 13:45:00+08:00,455,297,158,162,224,31,267,330,0.7252747252747253,373.3666666666667,70.23333333333333,85,298,30,0.6527472527472528,0.34725274725274724,0.49230769230769234,0.8205860805860806,0.18810820462458708,0.1040268456375839,256,0.6044333333333334,0.7010333333333333,False
MAIN_Q50_M_P70,2016-10-31 14:00:00+08:00,451,279,172,183,218,25,243,319,0.7073170731707317,379.7,75.93333333333334,92,268,30,0.6186252771618626,0.38137472283813745,0.48337028824833705,0.8419068736141907,0.1999824422789922,0.09328358208955224,256,0.6044333333333334,0.7010333333333333,False
MAIN_Q50_M_P70,2016-10-31 14:15:00+08:00,502,295,207,185,225,31,270,370,0.7370517928286853,380.93333333333334,82.56666666666666,96,301,30,0.5876494023904383,0.4123505976095618,0.448207171314741,0.7588313413014608,0.21674833741687083,0.10299003322259136,256,0.6044333333333334,0.7010333333333333,False
MAIN_Q50_M_P70,2016-10-31 14:30:00+08:00,451,270,181,186,218,23,254,295,0.6541019955654102,393.23333333333335,75.36666666666666,89,277,30,0.5986696230598669,0.401330376940133,0.48337028824833705,0.8719142645971915,0.19165889632957528,0.08303249097472924,256,0.6044333333333334,0.7010333333333333,False
MAIN_Q50_M_P70,2016-10-31 14:45:00+08:00,467,284,183,183,208,21,253,325,0.69593147751606,395.3333333333333,78.76666666666667,90,274,30,0.6081370449678801,0.39186295503211993,0.44539614561027835,0.8465381870092791,0.19924114671163576,0.07664233576642336,256,0.6044333333333334,0.7010333333333333,False
MAIN_Q50_M_P70,2016-10-31 15:00:00+08:00,489,293,196,200,226,38,255,361,0.7382413087934561,398.8666666666667,81.66666666666667,94,293,30,0.5991820040899796,0.40081799591002043,0.4621676891615542,0.8156782549420586,0.20474678255055992,0.1296928327645051,256,0.6044333333333334,0.7010333333333333,False
MAIN_Q50_M_P70,2016-10-31 15:15:00+08:00,509,289,220,215,217,25,261,366,0.7190569744597249,400.76666666666665,89.96666666666667,105,286,30,0.5677799607072691,0.43222003929273084,0.4263261296660118,0.7873608382449246,0.22448640106462614,0.08741258741258741,256,0.6044333333333334,0.7010333333333333,False
MAIN_Q50_M_P70,2016-10-31 15:30:00+08:00,500,327,173,176,246,31,298,361,0.722,405.96666666666664,78.36666666666666,92,329,30,0.654,0.346,0.492,0.8119333333333333,0.1930371951720174,0.09422492401215805,256,0.6044333333333334,0.7010333333333333,False
MAIN_Q50_M_P70,2016-10-31 15:45:00+08:00,557,333,224,212,232,41,291,376,0.6750448833034112,404.26666666666665,93.76666666666667,104,332,30,0.5978456014362658,0.4021543985637343,0.41651705565529623,0.7257929383602633,0.23194261213720319,0.12349397590361445,256,0.6044333333333334,0.7010333333333333,False
MAIN_Q50_M_P70,2016-10-31 16:00:00+08:00,533,314,219,217,240,36,283,358,0.6716697936210131,407.1666666666667,93.5,115,319,30,0.5891181988742964,0.41088180112570355,0.450281425891182,0.7639149468417762,0.2296356938190749,0.11285266457680251,256,0.6044333333333334,0.7010333333333333,False
MAIN_Q50_M_P70,2016-10-31 16:15:00+08:00,502,279,223,218,211,21,256,356,0.7091633466135459,416.8,88.6,107,277,30,0.5557768924302788,0.4442231075697211,0.4203187250996016,0.8302788844621514,0.21257197696737043,0.07581227436823104,256,0.6044333333333334,0.7010333333333333,False
MAIN_Q50_M_P70,2016-10-31 16:30:00+08:00,464,256,208,212,205,31,227,344,0.7413793103448276,439.9,82.73333333333333,100,258,30,0.5517241379310345,0.4482758620689655,0.4418103448275862,0.9480603448275862,0.18807304690459956,0.12015503875968993,256,0.6044333333333334,0.7010333333333333,False
MAIN_Q50_M_P70,2016-10-31 16:45:00+08:00,462,261,201,206,180,24,242,343,0.7424242424242424,436.7,86.36666666666666,100,266,30,0.564935064935065,0.43506493506493504,0.38961038961038963,0.9452380952380952,0.19777116250667887,0.09022556390977443,256,0.6044333333333334,0.7010333333333333,False
MAIN_Q50_M_P70,2016-10-31 17:00:00+08:00,492,262,230,236,186,25,232,331,0.6727642276422764,431.3333333333333,93.56666666666666,120,257,30,0.532520325203252,0.46747967479674796,0.3780487804878049,0.8766937669376693,0.2169242658423493,0.09727626459143969,256,0.6044333333333334,0.7010333333333333,False
MAIN_Q50_M_P70,2016-10-31 17:15:00+08:00,457,228,229,224,184,21,213,316,0.6914660831509847,433.1333333333333,88.16666666666667,105,234,30,0.4989059080962801,0.5010940919037199,0.4026258205689278,0.9477753464624361,0.20355548714791444,0.08974358974358974,256,0.6044333333333334,0.7010333333333333,False
MAIN_Q50_M_P70,2016-10-31 17:30:00+08:00,419,225,194,192,169,26,191,301,0.7183770883054893,436.6333333333333,76.5,91,217,30,0.5369928400954654,0.4630071599045346,0.4033412887828162,1.0420843277645186,0.17520421406214215,0.11981566820276497,256,0.6044333333333334,0.7010333333333333,False
MAIN_Q50_M_P70,2016-10-31 17:45:00+08:00,465,208,257,250,166,13,199,323,0.6946236559139785,451.1333333333333,98.33333333333333,113,212,30,0.44731182795698926,0.5526881720430108,0.35698924731182796,0.970179211469534,0.21796955814984484,0.06132075471698113,256,0.6044333333333334,0.7010333333333333,False
MAIN_Q50_M_P70,2016-10-31 18:00:00+08:00,426,178,248,250,147,18,167,279,0.6549295774647887,449.23333333333335,93.63333333333334,110,185,30,0.41784037558685444,0.5821596244131455,0.34507042253521125,1.0545383411580596,0.2084291756325592,0.0972972972972973,256,0.6044333333333334,0.7010333333333333,False
MAIN_Q50_M_P70,2016-10-31 18:15:00+08:00,394,198,196,205,159,10,184,274,0.6954314720812182,449.6,76.33333333333333,85,194,30,0.5025380710659898,0.49746192893401014,0.4035532994923858,1.1411167512690357,0.16978054567022538,0.05154639175257732,256,0.6044333333333334,0.7010333333333333,False
MAIN_Q50_M_P70,2016-10-31 18:30:00+08:00,434,223,211,212,179,15,204,309,0.7119815668202765,431.43333333333334,84.96666666666667,101,219,30,0.5138248847926268,0.4861751152073733,0.41244239631336405,0.9940860215053764,0.19694043112106932,0.0684931506849315,256,0.6044333333333334,0.7010333333333333,False
MAIN_Q50_M_P70,2016-10-31 18:45:00+08:00,502,270,232,231,198,19,247,352,0.701195219123506,433.2,93.86666666666666,114,266,30,0.5378486055776892,0.46215139442231074,0.3944223107569721,0.8629482071713147,0.21668205601723606,0.07142857142857142,256,0.6044333333333334,0.7010333333333333,False
MAIN_Q50_M_P70,2016-10-31 19:00:00+08:00,551,304,247,236,204,34,279,394,0.7150635208711433,415.53333333333336,101.0,124,313,30,0.5517241379310345,0.4482758620689655,0.3702359346642468,0.7541439806412583,0.24306112626343654,0.10862619808306709,256,0.6044333333333334,0.7010333333333333,False
MAIN_Q50_M_P70,2016-10-31 19:15:00+08:00,545,308,237,236,226,23,272,376,0.689908256880734,415.43333333333334,97.23333333333333,110,295,30,0.5651376146788991,0.43486238532110094,0.41467889908256883,0.762262996941896,0.23405279627697986,0.07796610169491526,256,0.6044333333333334,0.7010333333333333,False
MAIN_Q50_M_P70,2016-10-31 19:30:00+08:00,574,348,226,223,232,38,316,400,0.6968641114982579,394.0,101.06666666666666,120,354,30,0.6062717770034843,0.39372822299651566,0.40418118466898956,0.686411149825784,0.25651438240270724,0.10734463276836158,256,0.6044333333333334,0.7010333333333333,False
MAIN_Q50_M_P70,2016-10-31 19:45:00+08:00,490,313,177,213,228,27,283,337,0.6877551020408164,384.46666666666664,81.86666666666666,110,310,30,0.6387755102040816,0.36122448979591837,0.46530612244897956,0.784625850340136,0.21293566845847062,0.08709677419354839,256,0.6044333333333334,0.7010333333333333,False
MAIN_Q50_M_P70,2016-10-31 20:00:00+08:00,449,298,151,144,219,31,273,320,0.7126948775055679,400.3333333333333,68.13333333333334,80,304,30,0.6636971046770601,0.3363028953229399,0.48775055679287305,0.8916109873793615,0.1701915070774355,0.10197368421052631,256,0.6044333333333334,0.7010333333333333,False
MAIN_Q50_M_P70,2016-10-31 20:15:00+08:00,459,316,143,155,229,34,272,316,0.6884531590413944,398.3,69.06666666666666,87,306,30,0.6884531590413944,0.3115468409586057,0.4989106753812636,0.867755991285403,0.17340363210310486,0.1111111111111111,256,0.6044333333333334,0.7010333333333333,False
MAIN_Q50_M_P70,2016-10-31 20:30:00+08:00,429,286,143,140,201,21,274,304,0.7086247086247086,403.43333333333334,66.83333333333333,79,295,30,0.6666666666666666,0.3333333333333333,0.46853146853146854,0.9404040404040405,0.16566140626291,0.0711864406779661,256,0.6044333333333334,0.7010333333333333,False
MAIN_Q50_M_P70,2016-10-31 20:45:00+08:00,502,317,185,171,244,32,286,354,0.7051792828685259,406.1333333333333,76.4,91,318,30,0.6314741035856574,0.36852589641434264,0.4860557768924303,0.8090305444887118,0.1881155613919895,0.10062893081761007,256,0.6044333333333334,0.7010333333333333,False
MAIN_Q50_M_P70,2016-10-31 21:00:00+08:00,469,302,167,184,210,27,268,332,0.7078891257995735,379.76666666666665,79.8,97,295,30,0.6439232409381663,0.35607675906183367,0.44776119402985076,0.8097370291400142,0.2101290265952778,0.09152542372881356,256,0.6044333333333334,0.7010333333333333,False
MAIN_Q50_M_P70,2016-10-31 21:15:00+08:00,511,294,217,195,222,14,280,354,0.6927592954990215,391.1333333333333,84.4,104,294,30,0.5753424657534246,0.4246575342465753,0.4344422700587084,0.7654272667971298,0.2157831941366968,0.047619047619047616,256,0.6044333333333334,0.7010333333333333,False
MAIN_Q50_M_P70,2016-10-31 21:30:00+08:00,453,310,143,166,232,31,285,317,0.6997792494481236,382.46666666666664,69.36666666666666,85,316,30,0.6843267108167771,0.31567328918322296,0.5121412803532008,0.8442972774098602,0.1813665678926268,0.0981012658227848,256,0.6044333333333334,0.7010333333333333,False
MAIN_Q50_M_P70,2016-10-31 21:45:00+08:00,505,310,195,159,224,24,284,366,0.7247524752475247,378.43333333333334,77.2,97,308,30,0.6138613861386139,0.38613861386138615,0.44356435643564357,0.7493729372937293,0.203998943010658,0.07792207792207792,256,0.6044333333333334,0.7010333333333333,False
MAIN_Q50_M_P70,2016-10-31 22:00:00+08:00,444,265,179,206,169,28,240,319,0.7184684684684685,381.26666666666665,84.33333333333333,100,268,30,0.5968468468468469,0.40315315315315314,0.38063063063063063,0.8587087087087086,0.2211925161741563,0.1044776119402985,256,0.6044333333333334,0.7010333333333333,False
MAIN_Q50_M_P70,2016-10-31 22:15:00+08:00,376,239,137,136,177,24,208,274,0.7287234042553191,374.1,59.8,74,232,30,0.6356382978723404,0.36436170212765956,0.47074468085106386,0.9949468085106383,0.1598503074044373,0.10344827586206896,256,0.6044333333333334,0.7010333333333333,False
MAIN_Q50_M_P70,2016-10-31 22:30:00+08:00,349,223,126,126,147,30,206,242,0.6934097421203438,358.7,58.7,90,236,30,0.6389684813753582,0.36103151862464183,0.42120343839541546,1.0277936962750716,0.16364650125453026,0.1271186440677966,256,0.6044333333333334,0.7010333333333333,False
MAIN_Q50_M_P70,2016-10-31 22:45:00+08:00,320,195,125,141,146,23,170,231,0.721875,366.56666666666666,52.666666666666664,64,193,30,0.609375,0.390625,0.45625,1.1455208333333333,0.14367554787669365,0.11917098445595854,256,0.6044333333333334,0.7010333333333333,False
MAIN_Q50_M_P70,2016-10-31 23:00:00+08:00,256,166,90,98,125,14,153,177,0.69140625,348.96666666666664,41.333333333333336,51,167,30,0.6484375,0.3515625,0.48828125,1.3631510416666666,0.11844493265832459,0.08383233532934131,256,0.6044333333333334,0.7010333333333333,False
MAIN_Q50_M_P70,2016-10-31 23:15:00+08:00,241,143,98,90,93,25,122,167,0.6929460580912863,318.1,40.5,47,147,30,0.5933609958506224,0.4066390041493776,0.38589211618257263,1.319917012448133,0.1273184533165671,0.17006802721088435,256,0.6044333333333334,0.7010333333333333,False
MAIN_Q50_M_P70,2016-10-31 23:30:00+08:00,213,105,108,96,71,21,84,156,0.7323943661971831,312.3333333333333,39.96666666666667,52,105,30,0.49295774647887325,0.5070422535211268,0.3333333333333333,1.466353677621283,0.12796157950907153,0.2,256,0.6044333333333334,0.7010333333333333,False
MAIN_Q50_M_P70,2016-10-31 23:45:00+08:00,202,50,152,156,46,30,26,147,0.7277227722772277,304.4,54.43333333333333,68,56,30,0.24752475247524752,0.7524752475247525,0.22772277227722773,1.5069306930693067,0.17882172579938677,0.5357142857142857,256,0.6044333333333334,0.7010333333333333,False
MAIN_Q50_M_P70,2016-11-01 00:00:00+08:00,2,0,2,45,0,0,0,0,0.0,249.76923076923077,17.307692307692307,43,0,13,0.0,1.0,0.0,124.88461538461539,0.06929473360024638,,256,0.6044333333333334,0.7010333333333333,False
MAIN_Q75_M_P70,2016-10-31 00:00:00+08:00,68,30,38,16,29,18,8,54,0.7941176470588235,382.4,9.333333333333334,21,26,30,0.4411764705882353,0.5588235294117647,0.4264705882352941,5.623529411764705,0.02440725244072525,0.6923076923076923,384,0.4013,0.7010333333333333,False
MAIN_Q75_M_P70,2016-10-31 00:15:00+08:00,103,48,55,60,37,26,23,69,0.6699029126213593,379.7,21.733333333333334,31,49,30,0.46601941747572817,0.5339805825242718,0.3592233009708738,3.6864077669902913,0.05723817048547099,0.5306122448979592,384,0.4013,0.7010333333333333,False
MAIN_Q75_M_P70,2016-10-31 00:30:00+08:00,91,43,48,51,38,17,26,63,0.6923076923076923,383.7,19.5,24,43,30,0.4725274725274725,0.5274725274725275,0.4175824175824176,4.216483516483517,0.05082095387021111,0.3953488372093023,384,0.4013,0.7010333333333333,False
MAIN_Q75_M_P70,2016-10-31 00:45:00+08:00,94,35,59,52,26,13,21,68,0.723404255319149,388.96666666666664,19.6,24,34,30,0.3723404255319149,0.6276595744680851,0.2765957446808511,4.137943262411347,0.05038992201559689,0.38235294117647056,384,0.4013,0.7010333333333333,False
MAIN_Q75_M_P70,2016-10-31 01:00:00+08:00,68,28,40,43,24,15,16,53,0.7794117647058824,389.3666666666667,15.733333333333333,25,31,30,0.4117647058823529,0.5882352941176471,0.35294117647058826,5.725980392156863,0.040407499357931684,0.4838709677419355,384,0.4013,0.7010333333333333,False
MAIN_Q75_M_P70,2016-10-31 01:15:00+08:00,69,29,40,43,26,12,16,54,0.782608695652174,390.8,15.433333333333334,21,28,30,0.42028985507246375,0.5797101449275363,0.37681159420289856,5.6637681159420294,0.03949164107813033,0.42857142857142855,384,0.4013,0.7010333333333333,False
MAIN_Q75_M_P70,2016-10-31 01:30:00+08:00,52,26,26,36,21,9,17,38,0.7307692307692307,390.73333333333335,11.766666666666667,21,26,30,0.5,0.5,0.40384615384615385,7.514102564102564,0.030114314963316843,0.34615384615384615,384,0.4013,0.7010333333333333,False
MAIN_Q75_M_P70,2016-10-31 01:45:00+08:00,47,23,24,20,21,9,15,35,0.7446808510638298,390.8,8.066666666666666,11,24,30,0.48936170212765956,0.5106382978723404,0.44680851063829785,8.314893617021276,0.02064141931081542,0.375,384,0.4013,0.7010333333333333,False
MAIN_Q75_M_P70,2016-10-31 02:00:00+08:00,52,26,26,31,24,12,13,35,0.6730769230769231,388.06666666666666,10.466666666666667,18,25,30,0.5,0.5,0.46153846153846156,7.462820512820513,0.026971310771345132,0.48,384,0.4013,0.7010333333333333,False
MAIN_Q75_M_P70,2016-10-31 02:15:00+08:00,45,23,22,23,22,14,11,39,0.8666666666666667,388.26666666666665,8.8,12,25,30,0.5111111111111111,0.4888888888888889,0.4888888888888889,8.628148148148147,0.022664835164835168,0.56,384,0.4013,0.7010333333333333,False
MAIN_Q75_M_P70,2016-10-31 02:30:00+08:00,39,20,19,18,19,4,16,24,0.6153846153846154,388.46666666666664,6.8,10,20,30,0.5128205128205128,0.48717948717948717,0.48717948717948717,9.96068376068376,0.017504719409644758,0.2,384,0.4013,0.7010333333333333,False
MAIN_Q75_M_P70,2016-10-31 02:45:00+08:00,34,10,24,17,9,4,6,24,0.7058823529411765,388.3666666666667,7.133333333333334,14,10,30,0.29411764705882354,0.7058823529411765,0.2647058823529412,11.422549019607843,0.018367522101107203,0.4,384,0.4013,0.7010333333333333,False
MAIN_Q75_M_P70,2016-10-31 03:00:00+08:00,44,16,28,29,14,7,9,32,0.7272727272727273,388.73333333333335,10.333333333333334,14,16,30,0.36363636363636365,0.6363636363636364,0.3181818181818182,8.834848484848486,0.026582061395986966,0.4375,384,0.4013,0.7010333333333333,False
MAIN_Q75_M_P70,2016-10-31 03:15:00+08:00,29,10,19,22,9,6,3,26,0.896551724137931,387.8333333333333,7.133333333333334,11,9,30,0.3448275862068966,0.6551724137931034,0.3103448275862069,13.373563218390803,0.01839278040395359,0.6666666666666666,384,0.4013,0.7010333333333333,False
MAIN_Q75_M_P70,2016-10-31 03:30:00+08:00,20,6,14,14,6,4,3,15,0.75,389.56666666666666,4.933333333333334,8,7,30,0.3,0.7,0.3,19.47833333333333,0.012663643364422009,0.5714285714285714,384,0.4013,0.7010333333333333,False
MAIN_Q75_M_P70,2016-10-31 03:45:00+08:00,31,7,24,25,6,5,2,21,0.6774193548387096,387.3666666666667,8.666666666666666,12,7,30,0.22580645161290322,0.7741935483870968,0.1935483870967742,12.495698924731183,0.022373289734102055,0.7142857142857143,384,0.4013,0.7010333333333333,False
MAIN_Q75_M_P70,2016-10-31 04:00:00+08:00,17,3,14,17,2,1,2,10,0.5882352941176471,389.46666666666664,5.266666666666667,7,3,30,0.17647058823529413,0.8235294117647058,0.11764705882352941,22.909803921568624,0.013522766175967135,0.3333333333333333,384,0.4013,0.7010333333333333,False
MAIN_Q75_M_P70,2016-10-31 04:15:00+08:00,21,9,12,11,9,5,4,15,0.7142857142857143,385.96666666666664,3.8333333333333335,8,9,30,0.42857142857142855,0.5714285714285714,0.42857142857142855,18.37936507936508,0.009931773037395286,0.5555555555555556,384,0.4013,0.7010333333333333,False
MAIN_Q75_M_P70,2016-10-31 04:30:00+08:00,18,9,9,11,8,6,3,14,0.7777777777777778,385.6,3.966666666666667,7,9,30,0.5,0.5,0.4444444444444444,21.422222222222224,0.010286998616874135,0.6666666666666666,384,0.4013,0.7010333333333333,False
MAIN_Q75_M_P70,2016-10-31 04:45:00+08:00,26,7,19,13,6,3,4,18,0.6923076923076923,385.9,5.633333333333334,10,7,30,0.2692307692307692,0.7307692307692307,0.23076923076923078,14.842307692307692,0.014597909648440877,0.42857142857142855,384,0.4013,0.7010333333333333,False
MAIN_Q75_M_P70,2016-10-31 05:00:00+08:00,24,11,13,16,11,7,3,21,0.875,384.6,4.866666666666666,8,10,30,0.4583333333333333,0.5416666666666666,0.4583333333333333,16.025000000000002,0.012653839486912809,0.7,384,0.4013,0.7010333333333333,False
MAIN_Q75_M_P70,2016-10-31 05:15:00+08:00,21,5,16,15,5,5,0,12,0.5714285714285714,384.2,5.5,9,5,30,0.23809523809523808,0.7619047619047619,0.23809523809523808,18.295238095238094,0.014315460697553357,1.0,384,0.4013,0.7010333333333333,False
MAIN_Q75_M_P70,2016-10-31 05:30:00+08:00,27,10,17,17,7,4,5,18,0.6666666666666666,385.3333333333333,6.266666666666667,8,9,30,0.37037037037037035,0.6296296296296297,0.25925925925925924,14.271604938271604,0.016262975778546712,0.4444444444444444,384,0.4013,0.7010333333333333,False
MAIN_Q75_M_P70,2016-10-31 05:45:00+08:00,38,8,30,28,6,5,5,27,0.7105263157894737,385.23333333333335,10.333333333333334,16,10,30,0.21052631578947367,0.7894736842105263,0.15789473684210525,10.137719298245614,0.026823570130656744,0.5,384,0.4013,0.7010333333333333,False
MAIN_Q75_M_P70,2016-10-31 06:00:00+08:00,45,21,24,22,19,14,6,32,0.7111111111111111,386.06666666666666,8.1,12,20,30,0.4666666666666667,0.5333333333333333,0.4222222222222222,8.57925925925926,0.020980832326023137,0.7,384,0.4013,0.7010333333333333,False
MAIN_Q75_M_P70,2016-10-31 06:15:00+08:00,56,27,29,25,24,12,16,40,0.7142857142857143,383.3,10.6,16,28,30,0.48214285714285715,0.5178571428571429,0.42857142857142855,6.8446428571428575,0.027654578659013825,0.42857142857142855,384,0.4013,0.7010333333333333,False
MAIN_Q75_M_P70,2016-10-31 06:30:00+08:00,100,56,44,44,47,26,24,81,0.81,379.8,16.9,25,50,30,0.56,0.44,0.47,3.798,0.0444971037388099,0.52,384,0.4013,0.7010333333333333,False
MAIN_Q75_M_P70,2016-10-31 06:45:00+08:00,150,61,89,76,50,19,45,99,0.66,382.8333333333333,30.7,47,64,30,0.4066666666666667,0.5933333333333334,0.3333333333333333,2.552222222222222,0.08019155420113191,0.296875,384,0.4013,0.7010333333333333,False
MAIN_Q75_M_P70,2016-10-31 07:00:00+08:00,180,71,109,99,57,24,46,123,0.6833333333333333,392.1333333333333,37.3,49,70,30,0.39444444444444443,0.6055555555555555,0.31666666666666665,2.1785185185185183,0.09512070724243454,0.34285714285714286,384,0.4013,0.7010333333333333,False
MAIN_Q75_M_P70,2016-10-31 07:15:00+08:00,233,85,148,129,75,33,51,165,0.7081545064377682,391.1333333333333,51.1,68,84,30,0.3648068669527897,0.6351931330472103,0.3218884120171674,1.678683834048641,0.1306459860235214,0.39285714285714285,384,0.4013,0.7010333333333333,False
MAIN_Q75_M_P70,2016-10-31 07:30:00+08:00,229,96,133,142,88,39,59,160,0.6986899563318777,383.93333333333334,49.6,62,98,30,0.4192139737991266,0.5807860262008734,0.38427947598253276,1.6765647743813683,0.12918909532905018,0.3979591836734694,384,0.4013,0.7010333333333333,False
MAIN_Q75_M_P70,2016-10-31 07:45:00+08:00,247,88,159,156,74,32,53,159,0.6437246963562753,398.06666666666666,55.833333333333336,63,85,30,0.3562753036437247,0.6437246963562753,0.29959514170040485,1.6116059379217273,0.14026126277005527,0.3764705882352941,384,0.4013,0.7010333333333333,False
MAIN_Q75_M_P70,2016-10-31 08:00:00+08:00,297,103,194,169,88,36,63,208,0.7003367003367004,406.1,64.8,77,99,30,0.3468013468013468,0.6531986531986532,0.2962962962962963,1.3673400673400675,0.1595666092095543,0.36363636363636365,384,0.4013,0.7010333333333333,False
MAIN_Q75_M_P70,2016-10-31 08:15:00+08:00,356,136,220,222,103,37,98,243,0.6825842696629213,395.9,83.0,93,135,30,0.38202247191011235,0.6179775280898876,0.2893258426966292,1.112078651685393,0.20964890123768629,0.2740740740740741,384,0.4013,0.7010333333333333,False
MAIN_Q75_M_P70,2016-10-31 08:30:00+08:00,381,139,242,231,106,45,100,263,0.6902887139107612,393.03333333333336,87.06666666666666,98,145,30,0.3648293963254593,0.6351706036745407,0.2782152230971129,1.031583552055993,0.22152489186667795,0.3103448275862069,384,0.4013,0.7010333333333333,False
MAIN_Q75_M_P70,2016-10-31 08:45:00+08:00,424,195,229,231,146,66,126,291,0.6863207547169812,383.23333333333335,87.2,101,192,30,0.45990566037735847,0.5400943396226415,0.3443396226415094,0.9038522012578617,0.2275376185091763,0.34375,384,0.4013,0.7010333333333333,False
MAIN_Q75_M_P70,2016-10-31 09:00:00+08:00,503,207,296,273,154,63,147,361,0.7176938369781312,374.43333333333334,108.56666666666666,129,210,30,0.4115308151093439,0.588469184890656,0.3061630218687873,0.7444002650762094,0.2899492566545001,0.3,384,0.4013,0.7010333333333333,False
MAIN_Q75_M_P70,2016-10-31 09:15:00+08:00,438,201,237,262,156,52,142,301,0.6872146118721462,382.8333333333333,94.63333333333334,112,194,30,0.4589041095890411,0.541095890410959,0.3561643835616438,0.874048706240487,0.24719198955158905,0.26804123711340205,384,0.4013,0.7010333333333333,False
MAIN_Q75_M_P70,2016-10-31 09:30:00+08:00,416,200,216,226,153,57,149,302,0.7259615384615384,389.76666666666665,85.06666666666666,101,206,30,0.4807692307692308,0.5192307692307693,0.36778846153846156,0.9369391025641025,0.21825023518344308,0.2766990291262136,384,0.4013,0.7010333333333333,False
MAIN_Q75_M_P70,2016-10-31 09:45:00+08:00,422,194,228,224,159,56,136,299,0.7085308056872038,385.9,84.56666666666666,94,192,30,0.4597156398104265,0.5402843601895735,0.3767772511848341,0.9144549763033175,0.2191414010538136,0.2916666666666667,384,0.4013,0.7010333333333333,False
MAIN_Q75_M_P70,2016-10-31 10:00:00+08:00,410,174,236,233,130,45,129,287,0.7,400.8,89.63333333333334,102,174,30,0.424390243902439,0.5756097560975609,0.3170731707317073,0.9775609756097561,0.2236360612109115,0.25862068965517243,384,0.4013,0.7010333333333333,False
MAIN_Q75_M_P70,2016-10-31 10:15:00+08:00,398,178,220,213,133,51,124,281,0.7060301507537688,395.3,82.5,99,175,30,0.4472361809045226,0.5527638190954773,0.3341708542713568,0.99321608040201,0.20870225145459145,0.2914285714285714,384,0.4013,0.7010333333333333,False
MAIN_Q75_M_P70,2016-10-31 10:30:00+08:00,379,142,237,247,92,26,123,270,0.712401055408971,410.23333333333335,91.23333333333333,99,149,30,0.37467018469656993,0.6253298153034301,0.24274406332453827,1.0824098504837292,0.22239375964898025,0.174496644295302,384,0.4013,0.7010333333333333,False
MAIN_Q75_M_P70,2016-10-31 10:45:00+08:00,412,160,252,235,120,44,115,278,0.6747572815533981,407.3333333333333,93.0,106,159,30,0.3883495145631068,0.6116504854368932,0.2912621359223301,0.988673139158576,0.22831423895253683,0.27672955974842767,384,0.4013,0.7010333333333333,False
MAIN_Q75_M_P70,2016-10-31 11:00:00+08:00,390,176,214,246,135,54,117,271,0.6948717948717948,398.43333333333334,84.86666666666666,105,171,30,0.4512820512820513,0.5487179487179488,0.34615384615384615,1.0216239316239317,0.21300092027106163,0.3157894736842105,384,0.4013,0.7010333333333333,False
MAIN_Q75_M_P70,2016-10-31 11:15:00+08:00,400,179,221,192,133,48,129,274,0.685,386.8333333333333,80.66666666666667,101,177,30,0.4475,0.5525,0.3325,0.9670833333333333,0.2085308056872038,0.2711864406779661,384,0.4013,0.7010333333333333,False
MAIN_Q75_M_P70,2016-10-31 11:30:00+08:00,433,158,275,278,101,35,125,290,0.6697459584295612,397.23333333333335,100.66666666666667,110,160,30,0.3648960739030023,0.6351039260969977,0.23325635103926096,0.9173979984603542,0.2534194847696568,0.21875,384,0.4013,0.7010333333333333,False
MAIN_Q75_M_P70,2016-10-31 11:45:00+08:00,444,187,257,260,130,43,135,301,0.6779279279279279,395.6333333333333,97.36666666666666,116,178,30,0.42117117117117114,0.5788288288288288,0.2927927927927928,0.8910660660660661,0.24610329429606537,0.24157303370786518,384,0.4013,0.7010333333333333,False
MAIN_Q75_M_P70,2016-10-31 12:00:00+08:00,417,186,231,232,134,52,146,298,0.7146282973621103,392.43333333333334,88.66666666666667,102,198,30,0.4460431654676259,0.5539568345323741,0.3213429256594724,0.9410871302957634,0.2259407117981823,0.26262626262626265,384,0.4013,0.7010333333333333,False
MAIN_Q75_M_P70,2016-10-31 12:15:00+08:00,443,201,242,233,146,64,129,299,0.6749435665914221,381.8666666666667,94.36666666666666,107,193,30,0.45372460496614,0.54627539503386,0.3295711060948081,0.8620015048908954,0.2471194134078212,0.3316062176165803,384,0.4013,0.7010333333333333,False
MAIN_Q75_M_P70,2016-10-31 12:30:00+08:00,389,196,193,219,138,50,151,263,0.6760925449871465,386.2,81.06666666666666,105,201,30,0.5038560411311054,0.4961439588688946,0.35475578406169667,0.9928020565552699,0.20990851027101673,0.24875621890547264,384,0.4013,0.7010333333333333,False
MAIN_Q75_M_P70,2016-10-31 12:45:00+08:00,360,200,160,163,154,53,147,248,0.6888888888888889,396.7,64.63333333333334,79,200,30,0.5555555555555556,0.4444444444444444,0.42777777777777776,1.1019444444444444,0.16292748508528698,0.265,384,0.4013,0.7010333333333333,False
MAIN_Q75_M_P70,2016-10-31 13:00:00+08:00,410,207,203,196,137,49,153,270,0.6585365853658537,394.1666666666667,83.5,106,202,30,0.5048780487804878,0.4951219512195122,0.33414634146341465,0.9613821138211383,0.21183932346723044,0.24257425742574257,384,0.4013,0.7010333333333333,False
MAIN_Q75_M_P70,2016-10-31 13:15:00+08:00,438,204,234,214,136,54,145,302,0.6894977168949772,399.5,86.83333333333333,110,199,30,0.4657534246575342,0.5342465753424658,0.3105022831050228,0.9121004566210046,0.21735502711722987,0.271356783919598,384,0.4013,0.7010333333333333,False
MAIN_Q75_M_P70,2016-10-31 13:30:00+08:00,451,190,261,257,138,40,159,315,0.6984478935698448,395.56666666666666,99.93333333333334,117,199,30,0.4212860310421286,0.5787139689578714,0.30598669623059865,0.8770879526977088,0.2526333529957024,0.20100502512562815,384,0.4013,0.7010333333333333,False
MAIN_Q75_M_P70,2016-10-31 13:45:00+08:00,455,195,260,261,135,45,149,330,0.7252747252747253,409.56666666666666,98.1,114,194,30,0.42857142857142855,0.5714285714285714,0.2967032967032967,0.9001465201465202,0.2395214454301294,0.23195876288659795,384,0.4013,0.7010333333333333,False
MAIN_Q75_M_P70,2016-10-31 14:00:00+08:00,451,174,277,290,122,38,131,319,0.7073170731707317,415.4,105.2,118,169,30,0.3858093126385809,0.614190687361419,0.270509977827051,0.9210643015521064,0.2532498796340876,0.22485207100591717,384,0.4013,0.7010333333333333,False
MAIN_Q75_M_P70,2016-10-31 14:15:00+08:00,502,185,317,287,129,46,150,370,0.7370517928286853,418.03333333333336,112.5,131,196,30,0.36852589641434264,0.6314741035856574,0.25697211155378485,0.8327357237715804,0.2691172952715094,0.23469387755102042,384,0.4013,0.7010333333333333,False
MAIN_Q75_M_P70,2016-10-31 14:30:00+08:00,451,171,280,286,121,33,137,295,0.6541019955654102,423.76666666666665,107.5,126,170,30,0.37915742793791574,0.6208425720620843,0.2682926829268293,0.9396156688839615,0.25367733815779125,0.19411764705882353,384,0.4013,0.7010333333333333,False
MAIN_Q75_M_P70,2016-10-31 14:45:00+08:00,467,160,307,302,96,32,122,325,0.69593147751606,431.6666666666667,112.4,123,154,30,0.3426124197002141,0.6573875802997858,0.20556745182012848,0.9243397573162028,0.2603861003861004,0.2077922077922078,384,0.4013,0.7010333333333333,False
MAIN_Q75_M_P70,2016-10-31 15:00:00+08:00,489,177,312,320,125,39,137,361,0.7382413087934561,437.56666666666666,116.46666666666667,132,176,30,0.3619631901840491,0.6380368098159509,0.2556237218813906,0.8948193592365371,0.2661689647291841,0.2215909090909091,384,0.4013,0.7010333333333333,False
MAIN_Q75_M_P70,2016-10-31 15:15:00+08:00,509,195,314,314,126,42,149,366,0.7190569744597249,424.93333333333334,118.83333333333333,135,191,30,0.3831041257367387,0.6168958742632613,0.2475442043222004,0.8348395546823838,0.27965171007216816,0.2198952879581152,384,0.4013,0.7010333333333333,False
MAIN_Q75_M_P70,2016-10-31 15:30:00+08:00,500,196,304,294,122,44,152,361,0.722,418.26666666666665,115.43333333333334,138,196,30,0.392,0.608,0.244,0.8365333333333334,0.2759802358941664,0.22448979591836735,384,0.4013,0.7010333333333333,False
MAIN_Q75_M_P70,2016-10-31 15:45:00+08:00,557,209,348,343,141,53,162,376,0.6750448833034112,426.5,127.93333333333334,143,215,30,0.3752244165170557,0.6247755834829444,0.25314183123877915,0.7657091561938959,0.2999609222352482,0.24651162790697675,384,0.4013,0.7010333333333333,False
MAIN_Q75_M_P70,2016-10-31 16:00:00+08:00,533,212,321,325,144,50,161,358,0.6716697936210131,425.1333333333333,124.9,151,211,30,0.3977485928705441,0.6022514071294559,0.2701688555347092,0.7976235146966855,0.293790183471852,0.23696682464454977,384,0.4013,0.7010333333333333,False
MAIN_Q75_M_P70,2016-10-31 16:15:00+08:00,502,166,336,327,115,33,136,356,0.7091633466135459,424.46666666666664,120.8,135,169,30,0.33067729083665337,0.6693227091633466,0.2290836653386454,0.845551128818061,0.2845924297157217,0.1952662721893491,384,0.4013,0.7010333333333333,False
MAIN_Q75_M_P70,2016-10-31 16:30:00+08:00,464,186,278,293,141,47,137,344,0.7413793103448276,431.1333333333333,104.6,130,184,30,0.40086206896551724,0.5991379310344828,0.30387931034482757,0.9291666666666667,0.24261635998144424,0.2554347826086957,384,0.4013,0.7010333333333333,False
MAIN_Q75_M_P70,2016-10-31 16:45:00+08:00,462,179,283,293,118,37,141,343,0.7424242424242424,437.2,110.13333333333334,122,178,30,0.3874458874458874,0.6125541125541125,0.2554112554112554,0.9463203463203463,0.2519060689234523,0.20786516853932585,384,0.4013,0.7010333333333333,False
MAIN_Q75_M_P70,2016-10-31 17:00:00+08:00,492,170,322,319,111,36,136,331,0.6727642276422764,436.1666666666667,119.83333333333333,151,172,30,0.34552845528455284,0.6544715447154471,0.22560975609756098,0.8865176151761518,0.27474207107374854,0.20930232558139536,384,0.4013,0.7010333333333333,False
MAIN_Q75_M_P70,2016-10-31 17:15:00+08:00,457,153,304,310,107,28,121,316,0.6914660831509847,439.56666666666666,112.53333333333333,132,149,30,0.3347921225382932,0.6652078774617067,0.23413566739606126,0.9618526622902991,0.2560097065291575,0.18791946308724833,384,0.4013,0.7010333333333333,False
MAIN_Q75_M_P70,2016-10-31 17:30:00+08:00,419,146,273,262,103,31,119,301,0.7183770883054893,444.73333333333335,95.9,107,150,30,0.34844868735083534,0.6515513126491647,0.2458233890214797,1.0614160700079556,0.21563483735571878,0.20666666666666667,384,0.4013,0.7010333333333333,False
MAIN_Q75_M_P70,2016-10-31 17:45:00+08:00,465,128,337,327,101,22,107,323,0.6946236559139785,452.23333333333335,120.5,133,129,30,0.2752688172043011,0.7247311827956989,0.2172043010752688,0.9725448028673835,0.2664553696469374,0.17054263565891473,384,0.4013,0.7010333333333333,False
MAIN_Q75_M_P70,2016-10-31 18:00:00+08:00,426,112,314,327,85,19,97,279,0.6549295774647887,453.73333333333335,114.83333333333333,131,116,30,0.26291079812206575,0.7370892018779343,0.19953051643192488,1.0651017214397496,0.25308551278283864,0.16379310344827586,384,0.4013,0.7010333333333333,False
MAIN_Q75_M_P70,2016-10-31 18:15:00+08:00,394,129,265,270,97,22,109,274,0.6954314720812182,454.8333333333333,95.76666666666667,112,131,30,0.32741116751269034,0.6725888324873096,0.24619289340101522,1.154399323181049,0.2105533162330524,0.16793893129770993,384,0.4013,0.7010333333333333,False
MAIN_Q75_M_P70,2016-10-31 18:30:00+08:00,434,149,285,280,106,32,106,309,0.7119815668202765,440.1333333333333,105.53333333333333,120,138,30,0.3433179723502304,0.6566820276497696,0.24423963133640553,1.0141321044546852,0.239775825507422,0.2318840579710145,384,0.4013,0.7010333333333333,False
MAIN_Q75_M_P70,2016-10-31 18:45:00+08:00,502,181,321,326,133,34,146,352,0.701195219123506,433.76666666666665,117.53333333333333,140,180,30,0.3605577689243028,0.6394422310756972,0.2649402390438247,0.8640770252324037,0.2709598094213479,0.18888888888888888,384,0.4013,0.7010333333333333,False
MAIN_Q75_M_P70,2016-10-31 19:00:00+08:00,551,191,360,341,125,51,152,394,0.7150635208711433,422.4,129.7,157,203,30,0.3466424682395644,0.6533575317604355,0.22686025408348456,0.766606170598911,0.30705492424242425,0.2512315270935961,384,0.4013,0.7010333333333333,False
MAIN_Q75_M_P70,2016-10-31 19:15:00+08:00,545,191,354,342,124,39,133,376,0.689908256880734,430.06666666666666,129.16666666666666,144,172,30,0.3504587155963303,0.6495412844036698,0.22752293577981653,0.7891131498470948,0.3003410323980778,0.22674418604651161,384,0.4013,0.7010333333333333,False
MAIN_Q75_M_P70,2016-10-31 19:30:00+08:00,574,227,347,356,143,54,181,400,0.6968641114982579,422.8666666666667,137.33333333333334,155,235,30,0.39547038327526135,0.6045296167247387,0.24912891986062718,0.7367015098722416,0.32476746019233804,0.2297872340425532,384,0.4013,0.7010333333333333,False
MAIN_Q75_M_P70,2016-10-31 19:45:00+08:00,490,204,286,320,132,48,156,337,0.6877551020408164,418.06666666666666,113.33333333333333,143,204,30,0.4163265306122449,0.5836734693877551,0.2693877551020408,0.8531972789115646,0.27108914048796046,0.23529411764705882,384,0.4013,0.7010333333333333,False
MAIN_Q75_M_P70,2016-10-31 20:00:00+08:00,449,196,253,266,131,52,147,320,0.7126948775055679,420.1333333333333,101.66666666666667,110,199,30,0.4365256124721604,0.5634743875278396,0.29175946547884185,0.9357089829250186,0.2419866708981276,0.2613065326633166,384,0.4013,0.7010333333333333,False
MAIN_Q75_M_P70,2016-10-31 20:15:00+08:00,459,219,240,242,140,61,147,316,0.6884531590413944,412.73333333333335,92.7,107,208,30,0.477124183006536,0.5228758169934641,0.30501089324618735,0.89920116194626,0.22460022613471167,0.2932692307692308,384,0.4013,0.7010333333333333,False
MAIN_Q75_M_P70,2016-10-31 20:30:00+08:00,429,182,247,239,115,39,155,304,0.7086247086247086,423.73333333333335,96.53333333333333,108,194,30,0.42424242424242425,0.5757575757575758,0.2680652680652681,0.9877233877233877,0.2278162366268093,0.20103092783505155,384,0.4013,0.7010333333333333,False
MAIN_Q75_M_P70,2016-10-31 20:45:00+08:00,502,214,288,255,151,55,158,354,0.7051792828685259,425.8333333333333,103.63333333333334,125,213,30,0.4262948207171315,0.5737051792828686,0.300796812749004,0.848273572377158,0.24336594911937381,0.25821596244131456,384,0.4013,0.7010333333333333,False
MAIN_Q75_M_P70,2016-10-31 21:00:00+08:00,469,192,277,296,125,45,148,332,0.7078891257995735,409.7,110.9,121,193,30,0.4093816631130064,0.5906183368869936,0.26652452025586354,0.8735607675906183,0.2706858677080791,0.23316062176165803,384,0.4013,0.7010333333333333,False
MAIN_Q75_M_P70,2016-10-31 21:15:00+08:00,511,202,309,293,117,40,152,354,0.6927592954990215,417.26666666666665,113.5,126,192,30,0.3953033268101761,0.6046966731898239,0.22896281800391388,0.8165688193085453,0.27200830803642756,0.20833333333333334,384,0.4013,0.7010333333333333,False
MAIN_Q75_M_P70,2016-10-31 21:30:00+08:00,453,204,249,275,129,45,167,317,0.6997792494481236,415.6333333333333,103.76666666666667,129,212,30,0.4503311258278146,0.5496688741721855,0.2847682119205298,0.9175128771155261,0.2496591547036651,0.21226415094339623,384,0.4013,0.7010333333333333,False
MAIN_Q75_M_P70,2016-10-31 21:45:00+08:00,505,204,301,264,136,48,157,366,0.7247524752475247,410.6666666666667,108.16666666666667,127,205,30,0.403960396039604,0.596039603960396,0.2693069306930693,0.8132013201320132,0.26339285714285715,0.23414634146341465,384,0.4013,0.7010333333333333,False
MAIN_Q75_M_P70,2016-10-31 22:00:00+08:00,444,181,263,305,105,41,139,319,0.7184684684684685,414.56666666666666,106.83333333333333,128,180,30,0.40765765765765766,0.5923423423423423,0.23648648648648649,0.9337087087087087,0.2576988019618879,0.22777777777777777,384,0.4013,0.7010333333333333,False
MAIN_Q75_M_P70,2016-10-31 22:15:00+08:00,376,153,223,219,104,34,116,274,0.7287234042553191,412.3,85.4,104,150,30,0.40691489361702127,0.5930851063829787,0.2765957446808511,1.0965425531914894,0.2071307300509338,0.22666666666666666,384,0.4013,0.7010333333333333,False
MAIN_Q75_M_P70,2016-10-31 22:30:00+08:00,349,153,196,210,90,38,122,242,0.6934097421203438,408.6333333333333,80.16666666666667,97,160,30,0.4383954154727794,0.5616045845272206,0.25787965616045844,1.1708691499522446,0.19618239660657477,0.2375,384,0.4013,0.7010333333333333,False
MAIN_Q75_M_P70,2016-10-31 22:45:00+08:00,320,137,183,190,86,32,105,231,0.721875,413.23333333333335,70.0,82,137,30,0.428125,0.571875,0.26875,1.2913541666666668,0.1693958215697346,0.23357664233576642,384,0.4013,0.7010333333333333,False
MAIN_Q75_M_P70,2016-10-31 23:00:00+08:00,256,111,145,152,69,24,91,177,0.69140625,411.0,57.63333333333333,66,115,30,0.43359375,0.56640625,0.26953125,1.60546875,0.14022708840227088,0.20869565217391303,384,0.4013,0.7010333333333333,False
MAIN_Q75_M_P70,2016-10-31 23:15:00+08:00,241,100,141,138,63,33,68,167,0.6929460580912863,402.03333333333336,54.1,62,101,30,0.4149377593360996,0.5850622406639004,0.26141078838174275,1.6681881051175658,0.13456595638835916,0.32673267326732675,384,0.4013,0.7010333333333333,False
MAIN_Q75_M_P70,2016-10-31 23:30:00+08:00,213,91,122,123,70,24,67,156,0.7323943661971831,400.53333333333336,45.43333333333333,57,91,30,0.4272300469483568,0.5727699530516432,0.3286384976525822,1.880438184663537,0.11343209054593874,0.26373626373626374,384,0.4013,0.7010333333333333,False
MAIN_Q75_M_P70,2016-10-31 23:45:00+08:00,202,54,148,159,49,38,20,147,0.7277227722772277,398.6,54.4,68,58,30,0.26732673267326734,0.7326732673267327,0.24257425742574257,1.9732673267326735,0.13647767185148016,0.6551724137931034,384,0.4013,0.7010333333333333,False
MAIN_Q75_M_P70,2016-11-01 00:00:00+08:00,2,0,2,43,0,0,0,0,0.0,373.3076923076923,16.23076923076923,41,0,13,0.0,1.0,0.0,186.65384615384616,0.043478260869565216,,384,0.4013,0.7010333333333333,False
BENCH_AV_M,2016-10-31 00:00:00+08:00,68,26,42,18,26,23,0,68,1.0,506.8333333333333,10.066666666666666,25,23,30,0.38235294117647056,0.6176470588235294,0.38235294117647056,7.453431372549019,0.01986188753699441,1.0,512,0.1515,1.0,False
BENCH_AV_M,2016-10-31 00:15:00+08:00,103,34,69,70,34,37,0,103,1.0,495.6,24.233333333333334,32,37,30,0.3300970873786408,0.6699029126213593,0.3300970873786408,4.8116504854368936,0.04889695991390906,1.0,512,0.1515,1.0,False
BENCH_AV_M,2016-10-31 00:30:00+08:00,91,21,70,70,21,20,0,91,1.0,500.3666666666667,24.866666666666667,30,20,30,0.23076923076923078,0.7692307692307693,0.23076923076923078,5.4985347985347985,0.04969688894810472,1.0,512,0.1515,1.0,False
BENCH_AV_M,2016-10-31 00:45:00+08:00,94,23,71,71,23,20,0,94,1.0,504.76666666666665,23.666666666666668,28,20,30,0.24468085106382978,0.7553191489361702,0.24468085106382978,5.369858156028369,0.046886350128772375,1.0,512,0.1515,1.0,False
BENCH_AV_M,2016-10-31 01:00:00+08:00,68,20,48,51,20,24,0,68,1.0,502.06666666666666,17.466666666666665,27,24,30,0.29411764705882354,0.7058823529411765,0.29411764705882354,7.383333333333333,0.0347895365821272,1.0,512,0.1515,1.0,False
BENCH_AV_M,2016-10-31 01:15:00+08:00,69,15,54,54,15,15,0,69,1.0,505.46666666666664,18.766666666666666,26,15,30,0.21739130434782608,0.782608695652174,0.21739130434782608,7.325603864734299,0.037127407016618305,1.0,512,0.1515,1.0,False
BENCH_AV_M,2016-10-31 01:30:00+08:00,52,17,35,48,17,15,0,52,1.0,504.8666666666667,14.466666666666667,23,15,30,0.3269230769230769,0.6730769230769231,0.3269230769230769,9.70897435897436,0.028654430212597386,1.0,512,0.1515,1.0,False
BENCH_AV_M,2016-10-31 01:45:00+08:00,47,9,38,29,9,11,0,47,1.0,505.76666666666665,11.4,16,11,30,0.19148936170212766,0.8085106382978723,0.19148936170212766,10.760992907801418,0.02254003822579582,1.0,512,0.1515,1.0,False
BENCH_AV_M,2016-10-31 02:00:00+08:00,52,17,35,45,17,16,0,52,1.0,505.03333333333336,13.9,20,16,30,0.3269230769230769,0.6730769230769231,0.3269230769230769,9.712179487179487,0.027522935779816512,1.0,512,0.1515,1.0,False
BENCH_AV_M,2016-10-31 02:15:00+08:00,45,14,31,31,14,15,0,45,1.0,506.6666666666667,10.9,16,15,30,0.3111111111111111,0.6888888888888889,0.3111111111111111,11.25925925925926,0.02151315789473684,1.0,512,0.1515,1.0,False
BENCH_AV_M,2016-10-31 02:30:00+08:00,39,7,32,29,7,6,0,39,1.0,508.1,10.0,15,6,30,0.1794871794871795,0.8205128205128205,0.1794871794871795,13.028205128205128,0.0196811651249754,1.0,512,0.1515,1.0,False
BENCH_AV_M,2016-10-31 02:45:00+08:00,34,5,29,25,5,6,0,34,1.0,508.6,9.366666666666667,15,6,30,0.14705882352941177,0.8529411764705882,0.14705882352941177,14.958823529411765,0.01841656835758291,1.0,512,0.1515,1.0,False
BENCH_AV_M,2016-10-31 03:00:00+08:00,44,11,33,35,11,11,0,44,1.0,508.6333333333333,11.9,17,11,30,0.25,0.75,0.25,11.559848484848485,0.023396028573301003,1.0,512,0.1515,1.0,False
BENCH_AV_M,2016-10-31 03:15:00+08:00,29,7,22,25,7,7,0,29,1.0,508.46666666666664,7.833333333333333,12,7,30,0.2413793103448276,0.7586206896551724,0.2413793103448276,17.53333333333333,0.015405795201258687,1.0,512,0.1515,1.0,False
BENCH_AV_M,2016-10-31 03:30:00+08:00,20,5,15,16,5,5,0,20,1.0,508.8333333333333,5.533333333333333,9,5,30,0.25,0.75,0.25,25.441666666666666,0.010874549623321324,1.0,512,0.1515,1.0,False
BENCH_AV_M,2016-10-31 03:45:00+08:00,31,6,25,26,6,6,0,31,1.0,509.3666666666667,8.933333333333334,13,6,30,0.1935483870967742,0.8064516129032258,0.1935483870967742,16.431182795698923,0.01753811923303449,1.0,512,0.1515,1.0,False
BENCH_AV_M,2016-10-31 04:00:00+08:00,17,2,15,18,2,2,0,17,1.0,511.0,5.533333333333333,8,2,30,0.11764705882352941,0.8823529411764706,0.11764705882352941,30.058823529411764,0.010828440965427266,1.0,512,0.1515,1.0,False
BENCH_AV_M,2016-10-31 04:15:00+08:00,21,6,15,13,6,6,0,21,1.0,509.53333333333336,4.7,9,6,30,0.2857142857142857,0.7142857142857143,0.2857142857142857,24.263492063492066,0.009224126651838284,1.0,512,0.1515,1.0,False
BENCH_AV_M,2016-10-31 04:30:00+08:00,18,8,10,13,8,8,0,18,1.0,508.1666666666667,4.233333333333333,7,8,30,0.4444444444444444,0.5555555555555556,0.4444444444444444,28.23148148148148,0.008330600196785831,1.0,512,0.1515,1.0,False
BENCH_AV_M,2016-10-31 04:45:00+08:00,26,6,20,14,6,6,0,26,1.0,510.2,5.9,10,6,30,0.23076923076923078,0.7692307692307693,0.23076923076923078,19.623076923076923,0.011564092512740104,1.0,512,0.1515,1.0,False
BENCH_AV_M,2016-10-31 05:00:00+08:00,24,9,15,19,9,8,0,24,1.0,509.9,5.6,8,8,30,0.375,0.625,0.375,21.245833333333334,0.010982545597175916,1.0,512,0.1515,1.0,False
BENCH_AV_M,2016-10-31 05:15:00+08:00,21,9,12,12,9,9,0,21,1.0,508.3666666666667,4.466666666666667,7,9,30,0.42857142857142855,0.5714285714285714,0.42857142857142855,24.20793650793651,0.008786309094485608,1.0,512,0.1515,1.0,False
BENCH_AV_M,2016-10-31 05:30:00+08:00,27,8,19,17,8,7,0,27,1.0,507.8,6.233333333333333,10,7,30,0.2962962962962963,0.7037037037037037,0.2962962962962963,18.807407407407407,0.012275173952999869,1.0,512,0.1515,1.0,False
BENCH_AV_M,2016-10-31 05:45:00+08:00,38,10,28,26,10,12,0,38,1.0,506.8666666666667,9.633333333333333,15,12,30,0.2631578947368421,0.7368421052631579,0.2631578947368421,13.33859649122807,0.01900565566223859,1.0,512,0.1515,1.0,False
BENCH_AV_M,2016-10-31 06:00:00+08:00,45,17,28,24,17,16,0,45,1.0,507.46666666666664,9.233333333333333,14,16,30,0.37777777777777777,0.6222222222222222,0.37777777777777777,11.277037037037037,0.018194955333683656,1.0,512,0.1515,1.0,False
BENCH_AV_M,2016-10-31 06:15:00+08:00,56,18,38,32,18,19,0,56,1.0,503.5,11.933333333333334,18,19,30,0.32142857142857145,0.6785714285714286,0.32142857142857145,8.991071428571429,0.023700761337305528,1.0,512,0.1515,1.0,False
BENCH_AV_M,2016-10-31 06:30:00+08:00,100,33,67,60,33,31,0,100,1.0,500.3,21.866666666666667,29,31,30,0.33,0.67,0.33,5.003,0.043707109067892595,1.0,512,0.1515,1.0,False
BENCH_AV_M,2016-10-31 06:45:00+08:00,150,32,118,104,32,32,0,150,1.0,494.6666666666667,38.6,51,32,30,0.21333333333333335,0.7866666666666666,0.21333333333333335,3.2977777777777777,0.07803234501347708,1.0,512,0.1515,1.0,False
BENCH_AV_M,2016-10-31 07:00:00+08:00,180,45,135,124,45,45,0,180,1.0,488.3,43.3,56,45,30,0.25,0.75,0.25,2.7127777777777777,0.08867499488019659,1.0,512,0.1515,1.0,False
BENCH_AV_M,2016-10-31 07:15:00+08:00,233,57,176,158,57,56,0,233,1.0,475.73333333333335,57.6,75,56,30,0.2446351931330472,0.7553648068669528,0.2446351931330472,2.041773962804006,0.1210762331838565,1.0,512,0.1515,1.0,False
BENCH_AV_M,2016-10-31 07:30:00+08:00,229,58,171,182,57,60,0,229,1.0,467.23333333333335,61.46666666666667,72,60,30,0.25327510917030566,0.7467248908296943,0.24890829694323144,2.040320232896652,0.1315545409146037,1.0,512,0.1515,1.0,False
BENCH_AV_M,2016-10-31 07:45:00+08:00,247,48,199,187,46,48,0,247,1.0,467.03333333333336,65.6,73,48,30,0.19433198380566802,0.805668016194332,0.1862348178137652,1.8908232118758435,0.140461066305046,1.0,512,0.1515,1.0,False
BENCH_AV_M,2016-10-31 08:00:00+08:00,297,51,246,214,49,51,0,297,1.0,472.6333333333333,76.46666666666667,91,51,30,0.1717171717171717,0.8282828282828283,0.16498316498316498,1.591358024691358,0.16178856054728824,1.0,512,0.1515,1.0,False
BENCH_AV_M,2016-10-31 08:15:00+08:00,356,66,290,286,66,65,0,356,1.0,457.8,100.5,115,65,30,0.1853932584269663,0.8146067415730337,0.1853932584269663,1.2859550561797752,0.21952817824377457,1.0,512,0.1515,1.0,False
BENCH_AV_M,2016-10-31 08:30:00+08:00,381,77,304,305,75,77,0,381,1.0,461.4,105.06666666666666,123,77,30,0.2020997375328084,0.7979002624671916,0.1968503937007874,1.2110236220472441,0.22771275827192602,1.0,512,0.1515,1.0,False
BENCH_AV_M,2016-10-31 08:45:00+08:00,424,89,335,331,88,88,0,424,1.0,448.3666666666667,111.83333333333333,127,88,30,0.2099056603773585,0.7900943396226415,0.20754716981132076,1.0574685534591195,0.24942383465913315,1.0,512,0.1515,1.0,False
BENCH_AV_M,2016-10-31 09:00:00+08:00,503,102,401,374,98,101,0,503,1.0,437.96666666666664,134.23333333333332,158,101,30,0.20278330019880716,0.7972166998011928,0.19483101391650098,0.8707090788601722,0.3064921226881802,1.0,512,0.1515,1.0,False
BENCH_AV_M,2016-10-31 09:15:00+08:00,438,75,363,377,74,76,0,438,1.0,445.6333333333333,127.76666666666667,141,76,30,0.17123287671232876,0.8287671232876712,0.1689497716894977,1.017427701674277,0.2867080559503329,1.0,512,0.1515,1.0,False
BENCH_AV_M,2016-10-31 09:30:00+08:00,416,78,338,349,76,79,0,416,1.0,456.53333333333336,116.46666666666667,130,79,30,0.1875,0.8125,0.18269230769230768,1.0974358974358975,0.2551109813084112,1.0,512,0.1515,1.0,False
BENCH_AV_M,2016-10-31 09:45:00+08:00,422,88,334,336,84,88,0,422,1.0,451.53333333333336,113.6,123,88,30,0.20853080568720378,0.7914691943127962,0.1990521327014218,1.0699842022116903,0.2515871844086815,1.0,512,0.1515,1.0,False
BENCH_AV_M,2016-10-31 10:00:00+08:00,410,67,343,337,65,67,0,410,1.0,459.6333333333333,116.7,129,67,30,0.16341463414634147,0.8365853658536585,0.15853658536585366,1.1210569105691057,0.25389803466531297,1.0,512,0.1515,1.0,False
BENCH_AV_M,2016-10-31 10:15:00+08:00,398,68,330,330,66,69,0,398,1.0,461.03333333333336,111.03333333333333,124,69,30,0.1708542713567839,0.8291457286432161,0.1658291457286432,1.1583752093802346,0.24083580362952786,1.0,512,0.1515,1.0,False
BENCH_AV_M,2016-10-31 10:30:00+08:00,379,56,323,334,53,56,0,379,1.0,467.56666666666666,112.83333333333333,119,56,30,0.14775725593667546,0.8522427440633246,0.13984168865435356,1.2336851363236587,0.24132031082911526,1.0,512,0.1515,1.0,False
BENCH_AV_M,2016-10-31 10:45:00+08:00,412,76,336,322,73,76,0,412,1.0,462.76666666666665,112.7,127,76,30,0.18446601941747573,0.8155339805825242,0.17718446601941748,1.123220064724919,0.24353525894979472,1.0,512,0.1515,1.0,False
BENCH_AV_M,2016-10-31 11:00:00+08:00,390,84,306,333,80,83,0,390,1.0,452.93333333333334,107.9,125,83,30,0.2153846153846154,0.7846153846153846,0.20512820512820512,1.1613675213675214,0.23822490432734766,1.0,512,0.1515,1.0,False
BENCH_AV_M,2016-10-31 11:15:00+08:00,400,74,326,291,74,73,0,400,1.0,458.8666666666667,108.6,130,73,30,0.185,0.815,0.185,1.1471666666666667,0.23667005666133953,1.0,512,0.1515,1.0,False
BENCH_AV_M,2016-10-31 11:30:00+08:00,433,64,369,375,62,66,0,433,1.0,465.93333333333334,123.06666666666666,131,66,30,0.14780600461893764,0.8521939953810623,0.14318706697459585,1.076058506543495,0.26412934611532407,1.0,512,0.1515,1.0,False
BENCH_AV_M,2016-10-31 11:45:00+08:00,444,67,377,365,63,65,0,444,1.0,466.7,124.46666666666667,143,65,30,0.15090090090090091,0.8490990990990991,0.14189189189189189,1.051126126126126,0.2666952360545675,1.0,512,0.1515,1.0,False
BENCH_AV_M,2016-10-31 12:00:00+08:00,417,75,342,356,72,75,0,417,1.0,464.0,121.6,143,75,30,0.17985611510791366,0.8201438848920863,0.17266187050359713,1.1127098321342925,0.26206896551724135,1.0,512,0.1515,1.0,False
BENCH_AV_M,2016-10-31 12:15:00+08:00,443,102,341,345,93,98,0,443,1.0,450.53333333333336,120.1,136,98,30,0.23024830699774265,0.7697516930022573,0.20993227990970656,1.017005267118134,0.2665729505770938,1.0,512,0.1515,1.0,False
BENCH_AV_M,2016-10-31 12:30:00+08:00,389,66,323,336,60,72,0,389,1.0,457.3,112.43333333333334,136,72,30,0.16966580976863754,0.8303341902313625,0.15424164524421594,1.175578406169666,0.2458634011225308,1.0,512,0.1515,1.0,False
BENCH_AV_M,2016-10-31 12:45:00+08:00,360,77,283,289,71,77,0,360,1.0,470.2,98.43333333333334,113,77,30,0.21388888888888888,0.7861111111111111,0.19722222222222222,1.306111111111111,0.20934354175528144,1.0,512,0.1515,1.0,False
BENCH_AV_M,2016-10-31 13:00:00+08:00,410,76,334,325,67,72,0,410,1.0,464.93333333333334,113.23333333333333,135,72,30,0.18536585365853658,0.8146341463414634,0.16341463414634147,1.1339837398373984,0.24354746200172067,1.0,512,0.1515,1.0,False
BENCH_AV_M,2016-10-31 13:15:00+08:00,438,79,359,329,73,80,0,438,1.0,463.8333333333333,115.86666666666666,138,80,30,0.18036529680365296,0.819634703196347,0.16666666666666666,1.058980213089802,0.24980237154150198,1.0,512,0.1515,1.0,False
BENCH_AV_M,2016-10-31 13:30:00+08:00,451,65,386,380,59,68,0,451,1.0,457.96666666666664,132.43333333333334,146,68,30,0.14412416851441243,0.8558758314855875,0.13082039911308205,1.0154471544715447,0.2891767959822404,1.0,512,0.1515,1.0,False
BENCH_AV_M,2016-10-31 13:45:00+08:00,455,68,387,404,57,68,0,455,1.0,467.26666666666665,133.16666666666666,148,68,30,0.14945054945054945,0.8505494505494505,0.12527472527472527,1.026959706959707,0.28499072620915966,1.0,512,0.1515,1.0,False
BENCH_AV_M,2016-10-31 14:00:00+08:00,451,55,396,395,51,50,0,451,1.0,467.1,132.93333333333334,148,50,30,0.12195121951219512,0.8780487804878049,0.1130820399113082,1.0356984478935698,0.2845928780418183,1.0,512,0.1515,1.0,False
BENCH_AV_M,2016-10-31 14:15:00+08:00,502,70,432,419,67,73,0,502,1.0,466.46666666666664,144.5,166,73,30,0.1394422310756972,0.8605577689243028,0.13346613545816732,0.9292164674634794,0.30977561812205234,1.0,512,0.1515,1.0,False
BENCH_AV_M,2016-10-31 14:30:00+08:00,451,60,391,390,56,63,0,451,1.0,459.43333333333334,135.2,153,63,30,0.13303769401330376,0.8669623059866962,0.12416851441241686,1.01869918699187,0.2942755568453892,1.0,512,0.1515,1.0,False
BENCH_AV_M,2016-10-31 14:45:00+08:00,467,52,415,410,48,49,0,467,1.0,471.03333333333336,137.86666666666667,155,49,30,0.11134903640256959,0.8886509635974305,0.10278372591006424,1.008636688079943,0.29268983086830375,1.0,512,0.1515,1.0,False
BENCH_AV_M,2016-10-31 15:00:00+08:00,489,59,430,435,53,56,0,489,1.0,473.9,145.26666666666668,162,56,30,0.12065439672801637,0.8793456032719836,0.1083844580777096,0.969120654396728,0.3065344306112401,1.0,512,0.1515,1.0,False
BENCH_AV_M,2016-10-31 15:15:00+08:00,509,56,453,443,50,60,0,509,1.0,461.4,151.96666666666667,169,60,30,0.1100196463654224,0.8899803536345776,0.09823182711198428,0.906483300589391,0.3293599190868372,1.0,512,0.1515,1.0,False
BENCH_AV_M,2016-10-31 15:30:00+08:00,500,61,439,435,52,61,0,500,1.0,458.93333333333334,148.7,166,61,30,0.122,0.878,0.104,0.9178666666666667,0.3240122022080186,1.0,512,0.1515,1.0,False
BENCH_AV_M,2016-10-31 15:45:00+08:00,557,80,477,475,71,79,0,557,1.0,460.53333333333336,162.03333333333333,174,79,30,0.1436265709156194,0.8563734290843806,0.12746858168761221,0.8268102932375824,0.3518384481760278,1.0,512,0.1515,1.0,False
BENCH_AV_M,2016-10-31 16:00:00+08:00,533,75,458,462,65,74,0,533,1.0,457.23333333333335,159.5,188,74,30,0.14071294559099437,0.8592870544090057,0.12195121951219512,0.8578486554096311,0.3488372093023256,1.0,512,0.1515,1.0,False
BENCH_AV_M,2016-10-31 16:15:00+08:00,502,65,437,426,53,63,0,502,1.0,456.76666666666665,146.86666666666667,160,63,30,0.1294820717131474,0.8705179282868526,0.10557768924302789,0.9098937583001327,0.3215354301977669,1.0,512,0.1515,1.0,False
BENCH_AV_M,2016-10-31 16:30:00+08:00,464,63,401,417,59,67,0,464,1.0,461.96666666666664,137.83333333333334,167,67,30,0.13577586206896552,0.8642241379310345,0.1271551724137931,0.995617816091954,0.2983620751857999,1.0,512,0.1515,1.0,False
BENCH_AV_M,2016-10-31 16:45:00+08:00,462,55,407,414,49,54,0,462,1.0,469.96666666666664,140.93333333333334,152,54,30,0.11904761904761904,0.8809523809523809,0.10606060606060606,1.0172438672438673,0.2998794240726293,1.0,512,0.1515,1.0,False
BENCH_AV_M,2016-10-31 17:00:00+08:00,492,46,446,452,41,45,0,492,1.0,468.8333333333333,152.23333333333332,186,45,30,0.09349593495934959,0.9065040650406504,0.08333333333333333,0.9529132791327913,0.3247067188055457,1.0,512,0.1515,1.0,False
BENCH_AV_M,2016-10-31 17:15:00+08:00,457,35,422,415,31,39,0,457,1.0,474.06666666666666,139.86666666666667,161,39,30,0.07658643326039387,0.9234135667396062,0.06783369803063458,1.037345003646973,0.2950358599353115,1.0,512,0.1515,1.0,False
BENCH_AV_M,2016-10-31 17:30:00+08:00,419,42,377,377,39,40,0,419,1.0,477.8666666666667,124.8,144,40,30,0.10023866348448687,0.8997613365155132,0.09307875894988067,1.1404932378679395,0.2611607142857143,1.0,512,0.1515,1.0,False
BENCH_AV_M,2016-10-31 17:45:00+08:00,465,35,430,422,33,36,0,465,1.0,480.8333333333333,144.66666666666666,160,36,30,0.07526881720430108,0.9247311827956989,0.07096774193548387,1.0340501792114696,0.30086655112651645,1.0,512,0.1515,1.0,False
BENCH_AV_M,2016-10-31 18:00:00+08:00,426,31,395,407,26,31,0,426,1.0,475.3,137.1,152,31,30,0.07276995305164319,0.9272300469483568,0.06103286384976526,1.1157276995305165,0.28844940037870814,1.0,512,0.1515,1.0,False
BENCH_AV_M,2016-10-31 18:15:00+08:00,394,27,367,371,25,28,0,394,1.0,484.3333333333333,123.73333333333333,137,28,30,0.06852791878172589,0.9314720812182741,0.06345177664974619,1.2292724196277496,0.2554714384033035,1.0,512,0.1515,1.0,False
BENCH_AV_M,2016-10-31 18:30:00+08:00,434,38,396,389,37,33,0,434,1.0,476.96666666666664,133.3,152,33,30,0.08755760368663594,0.9124423963133641,0.08525345622119816,1.0990015360983103,0.2794744566356839,1.0,512,0.1515,1.0,False
BENCH_AV_M,2016-10-31 18:45:00+08:00,502,37,465,461,34,40,0,502,1.0,473.3333333333333,153.06666666666666,172,40,30,0.07370517928286853,0.9262948207171314,0.06772908366533864,0.9428950863213811,0.3233802816901408,1.0,512,0.1515,1.0,False
BENCH_AV_M,2016-10-31 19:00:00+08:00,551,51,500,478,47,52,0,551,1.0,473.23333333333335,166.33333333333334,202,52,30,0.0925589836660617,0.9074410163339383,0.0852994555353902,0.8588626739261949,0.35148270761428474,1.0,512,0.1515,1.0,False
BENCH_AV_M,2016-10-31 19:15:00+08:00,545,59,486,479,54,54,0,545,1.0,467.4,163.26666666666668,176,54,30,0.10825688073394496,0.8917431192660551,0.09908256880733946,0.8576146788990825,0.3493082299244046,1.0,512,0.1515,1.0,False
BENCH_AV_M,2016-10-31 19:30:00+08:00,574,72,502,507,60,72,0,574,1.0,458.5,172.83333333333334,191,72,30,0.1254355400696864,0.8745644599303136,0.10452961672473868,0.7987804878048781,0.3769538349691022,1.0,512,0.1515,1.0,False
BENCH_AV_M,2016-10-31 19:45:00+08:00,490,57,433,465,50,61,0,490,1.0,466.96666666666664,150.26666666666668,178,61,30,0.11632653061224489,0.8836734693877552,0.10204081632653061,0.9529931972789115,0.32179313298593765,1.0,512,0.1515,1.0,False
BENCH_AV_M,2016-10-31 20:00:00+08:00,449,61,388,403,51,61,0,449,1.0,470.6,135.06666666666666,151,61,30,0.1358574610244989,0.8641425389755011,0.11358574610244988,1.0481069042316258,0.2870094914293809,1.0,512,0.1515,1.0,False
BENCH_AV_M,2016-10-31 20:15:00+08:00,459,74,385,378,67,72,0,459,1.0,467.03333333333336,128.16666666666666,145,72,30,0.16122004357298475,0.8387799564270153,0.14596949891067537,1.0175018155410314,0.2744272357433445,1.0,512,0.1515,1.0,False
BENCH_AV_M,2016-10-31 20:30:00+08:00,429,45,384,387,39,49,0,429,1.0,474.06666666666666,133.2,147,49,30,0.1048951048951049,0.8951048951048951,0.09090909090909091,1.105050505050505,0.28097314020531566,1.0,512,0.1515,1.0,False
BENCH_AV_M,2016-10-31 20:45:00+08:00,502,65,437,403,60,64,0,502,1.0,473.46666666666664,142.0,163,64,30,0.1294820717131474,0.8705179282868526,0.11952191235059761,0.9431606905710491,0.29991551675584344,1.0,512,0.1515,1.0,False
BENCH_AV_M,2016-10-31 21:00:00+08:00,469,56,413,446,49,55,0,469,1.0,469.46666666666664,146.23333333333332,161,55,30,0.11940298507462686,0.8805970149253731,0.1044776119402985,1.0009950248756219,0.31148821357568873,1.0,512,0.1515,1.0,False
BENCH_AV_M,2016-10-31 21:15:00+08:00,511,56,455,425,49,56,0,511,1.0,473.6666666666667,147.96666666666667,163,56,30,0.1095890410958904,0.8904109589041096,0.0958904109589041,0.9269406392694064,0.3123856439127375,1.0,512,0.1515,1.0,False
BENCH_AV_M,2016-10-31 21:30:00+08:00,453,63,390,411,55,64,0,453,1.0,477.2,138.2,157,64,30,0.1390728476821192,0.8609271523178808,0.12141280353200883,1.0534216335540838,0.2896060352053646,1.0,512,0.1515,1.0,False
BENCH_AV_M,2016-10-31 21:45:00+08:00,505,67,438,412,56,64,0,505,1.0,470.23333333333335,145.26666666666668,164,64,30,0.13267326732673268,0.8673267326732673,0.11089108910891089,0.9311551155115512,0.3089246473382009,1.0,512,0.1515,1.0,False
BENCH_AV_M,2016-10-31 22:00:00+08:00,444,51,393,434,42,54,0,444,1.0,472.23333333333335,138.6,162,54,30,0.11486486486486487,0.8851351351351351,0.0945945945945946,1.0635885885885885,0.2934989764946707,1.0,512,0.1515,1.0,False
BENCH_AV_M,2016-10-31 22:15:00+08:00,376,45,331,338,42,42,0,376,1.0,485.46666666666664,114.96666666666667,138,42,30,0.1196808510638298,0.8803191489361702,0.11170212765957446,1.2911347517730496,0.23681680856907444,1.0,512,0.1515,1.0,False
BENCH_AV_M,2016-10-31 22:30:00+08:00,349,63,286,310,58,64,0,349,1.0,478.23333333333335,102.6,120,64,30,0.18051575931232092,0.8194842406876791,0.166189111747851,1.3702960840496659,0.2145396250087126,1.0,512,0.1515,1.0,False
BENCH_AV_M,2016-10-31 22:45:00+08:00,320,46,274,282,43,48,0,320,1.0,476.7,93.26666666666667,104,48,30,0.14375,0.85625,0.134375,1.4896875,0.19565065380043353,1.0,512,0.1515,1.0,False
BENCH_AV_M,2016-10-31 23:00:00+08:00,256,37,219,224,34,36,0,256,1.0,487.1666666666667,75.2,86,36,30,0.14453125,0.85546875,0.1328125,1.9029947916666667,0.15436195689360246,1.0,512,0.1515,1.0,False
BENCH_AV_M,2016-10-31 23:15:00+08:00,241,49,192,202,44,49,0,241,1.0,483.26666666666665,69.0,78,49,30,0.2033195020746888,0.7966804979253111,0.1825726141078838,2.005255878284924,0.14277831425024143,1.0,512,0.1515,1.0,False
BENCH_AV_M,2016-10-31 23:30:00+08:00,213,41,172,172,35,43,0,213,1.0,485.4,59.1,69,43,30,0.19248826291079812,0.8075117370892019,0.1643192488262911,2.27887323943662,0.12175525339925836,1.0,512,0.1515,1.0,False
BENCH_AV_M,2016-10-31 23:45:00+08:00,202,51,151,180,48,50,0,202,1.0,488.8,58.3,72,50,30,0.2524752475247525,0.7475247524752475,0.2376237623762376,2.4198019801980197,0.11927168576104745,1.0,512,0.1515,1.0,False
BENCH_AV_M,2016-11-01 00:00:00+08:00,2,1,1,35,1,2,0,2,1.0,492.3076923076923,12.307692307692308,35,2,13,0.5,0.5,0.5,246.15384615384616,0.025,1.0,512,0.1515,1.0,False
