date,order_id,route_link_count,route_transition_count,direction_gap_count,direction_gap_share,all_gaps_bridgeable,maximum_bridge_distance_m,maximum_bridge_link_count,interpolated_link_count,interpolated_link_share,interpolated_distance_m,interpolated_distance_share,matched_route_length_m,route_length_ratio,u_turn_count,repeated_link_count,repeated_link_share,mean_match_confidence,fallback_point_share,matcher_version,gps_length_m,unreasonable_detour_count,p50_projection_distance_m,p90_projection_distance_m,p95_projection_distance_m,origin_projection_error_m,destination_projection_error_m,core_direction_continuous,core_no_unreasonable_detour,core_fallback_share_ok,core_projection_ok,core_route_length_ratio_ok,core_interpolation_ok,core_origin_error_ok,core_destination_error_ok,core_confidence_ok,core_u_turn_ok,core_repeated_link_ok,core_all_thresholds_pass,core_route_link_count_ok,extended_direction_continuous,extended_no_unreasonable_detour,extended_fallback_share_ok,extended_projection_ok,extended_route_length_ratio_ok,extended_interpolation_ok,extended_origin_error_ok,extended_destination_error_ok,extended_confidence_ok,extended_u_turn_ok,extended_repeated_link_ok,extended_all_thresholds_pass,extended_route_link_count_ok,route_quality_class,formal_training_eligible,robustness_only_eligible,quality_reason,route_quality_class_v4_final,formal_analysis_eligible,strict_evaluation_eligible,quality_weight,hard_error_flags,soft_quality_flags,data_limitation_flags,exclusion_reason,contains_bridge,contains_tunnel,contains_nonzero_layer,maximum_route_node_degree,road_context_stratum,confidence_band,distance_band,route_feature_stratum,sampling_stratum,reviewer_id,review_status,review_class,route_correct,major_error,minor_error,wrong_road_level,wrong_direction,wrong_parallel_road,wrong_bridge_or_tunnel,unreasonable_detour,od_endpoint_error,data_limitation,comments
20161019,0d6f4bb7240ad5bbcfdc4373804f6d37,12,11,0,0.0,False,,,1,0.08333333333333333,0.0,0.0,2431.4331105661913,1.1265498140190806,0,0,0.0,0.8137475411838151,0.0,hmm_viterbi,2158.300574292234,0,2.9087350445738682,4.915693426031836,7.619344630607978,4.904882151842801,0.6492161791269022,True,True,True,True,True,True,True,True,True,True,True,True,True,True,True,True,True,True,True,True,True,True,True,True,True,True,core,True,False,fully_directed_continuous_and_quality_thresholds_passed,strict_core,True,True,1.0,,,,,True,False,True,4,bridge,high,short,ordinary,core|high|short|ordinary|bridge,,pending,,,,,,,,,,,,
20161019,1f4c70629ba8d9d84610be534ce89ea7,25,24,0,0.0,False,,,1,0.04,31.18599275345469,0.005188658530365294,6010.4153262248155,1.2249659065421734,0,0,0.0,0.6676032389758961,0.0,hmm_viterbi,4906.598048259956,0,5.330347846866399,11.505851061210208,11.618868504847947,0.1458154088364295,11.533230694054565,True,True,True,True,True,True,True,True,True,True,True,True,True,True,True,True,True,True,True,True,True,True,True,True,True,True,core,True,False,fully_directed_continuous_and_quality_thresholds_passed,strict_core,True,True,1.0,,,,,False,False,False,4,ordinary_road,mid_high,long,ordinary,core|mid_high|long|ordinary|ordinary_road,,pending,,,,,,,,,,,,
20161019,30e48d402c5ff215de4024994ccdd9e8,4,3,0,0.0,False,,,0,0.0,0.0,0.0,1914.2510014935565,1.8125302484035262,0,0,0.0,0.6183643632767809,0.0,hmm_viterbi,1056.1208582199529,0,7.15948737181383,12.178031364722997,21.537236778270167,3.6299422046503027,21.55615201400232,True,True,True,True,True,True,True,True,True,True,True,True,True,True,True,True,True,True,True,True,True,True,True,True,True,True,core,True,False,fully_directed_continuous_and_quality_thresholds_passed,strict_core,True,True,1.0,,,,,False,False,False,4,ordinary_road,mid_low,short,ordinary,core|mid_low|short|ordinary|ordinary_road,,pending,,,,,,,,,,,,
20161019,33c71368f87c48ac10697779065abfb1,12,11,0,0.0,False,,,0,0.0,0.0,0.0,3175.8372741871995,1.4599831691633147,0,0,0.0,0.6815552785208792,0.0,hmm_viterbi,2175.2560860048848,0,6.9380726685525715,9.30397476154061,10.089884895690554,3.7264845501567634,9.092102068623095,True,True,True,True,True,True,True,True,True,True,True,True,True,True,True,True,True,True,True,True,True,True,True,True,True,True,core,True,False,fully_directed_continuous_and_quality_thresholds_passed,strict_core,True,True,1.0,,,,,False,False,False,4,ordinary_road,mid_high,short,ordinary,core|mid_high|short|ordinary|ordinary_road,,pending,,,,,,,,,,,,
20161019,357a5e4f52554b4692761d0763f84e53,13,12,0,0.0,False,,,4,0.3076923076923077,61.12681657413881,0.08630472953649679,708.267286189563,1.379715088107774,0,0,0.0,0.7118483470971468,0.0,hmm_viterbi,513.3431476500879,0,3.200297629605707,6.92490420573694,8.807503318986745,8.59264921786945,3.5914951585933377,True,True,True,True,True,True,True,True,True,True,True,True,True,True,True,True,True,True,True,True,True,True,True,True,True,True,core,True,False,fully_directed_continuous_and_quality_thresholds_passed,strict_core,True,True,1.0,,,,,True,False,True,4,bridge,mid_high,short,ordinary,core|mid_high|short|ordinary|bridge,,pending,,,,,,,,,,,,
20161019,3dc03769e74085f8ea414d14fe99f62e,16,15,0,0.0,False,,,2,0.125,33.96827496361608,0.014884651721143146,2282.1007572092058,1.077685395358487,0,0,0.0,0.7933409974702116,0.0,hmm_viterbi,2117.594584688675,0,1.3773988359519231,11.774179313891116,12.544650503066011,5.821925162695843,1.1931419848818419,True,True,True,True,True,True,True,True,True,True,True,True,True,True,True,True,True,True,True,True,True,True,True,True,True,True,core,True,False,fully_directed_continuous_and_quality_thresholds_passed,strict_core,True,True,1.0,,,,,False,False,False,5,ordinary_road,high,short,ordinary,core|high|short|ordinary|ordinary_road,,pending,,,,,,,,,,,,
20161019,3f617805bf90ed10a2691a6f8ab7574c,3,2,0,0.0,False,,,0,0.0,0.0,0.0,737.0517772203326,1.1310626368551777,0,0,0.0,0.7170047274219967,0.0,hmm_viterbi,651.6454113183702,0,4.602951947810813,8.590165789016854,8.618383091285125,6.6902363956094835,8.569670690072497,True,True,True,True,True,True,True,True,True,True,True,True,True,True,True,True,True,True,True,True,True,True,True,True,True,True,core,True,False,fully_directed_continuous_and_quality_thresholds_passed,strict_core,True,True,1.0,,,,,False,False,False,4,ordinary_road,mid_high,short,ordinary,core|mid_high|short|ordinary|ordinary_road,,pending,,,,,,,,,,,,
20161019,46cd117216b37e87b43e8596622a871b,10,9,0,0.0,False,,,1,0.1,12.405389360154894,0.006664648470184959,1861.3718961550294,1.1647430860954113,0,0,0.0,0.6363786071416391,0.0,hmm_viterbi,1598.096540237847,0,7.9857175722774505,8.467561093998233,8.74521124425429,4.695842410260764,8.107995679547564,True,True,True,True,True,True,True,True,True,True,True,True,True,True,True,True,True,True,True,True,True,True,True,True,True,True,core,True,False,fully_directed_continuous_and_quality_thresholds_passed,strict_core,True,True,1.0,,,,,False,False,False,4,ordinary_road,mid_low,short,ordinary,core|mid_low|short|ordinary|ordinary_road,,pending,,,,,,,,,,,,
20161019,58dbfa267da167fa76697a8a3c8311c4,3,2,0,0.0,False,,,0,0.0,0.0,0.0,1095.8921069259318,1.5489486794019907,0,0,0.0,0.9298286181391113,0.0,hmm_viterbi,707.5070475214374,0,0.2505145739801502,3.6009634139315745,5.289741567071664,7.006802348071027,0.23502463600191464,True,True,True,True,True,True,True,True,True,True,True,True,True,True,True,True,True,True,True,True,True,True,True,True,True,True,core,True,False,fully_directed_continuous_and_quality_thresholds_passed,strict_core,True,True,1.0,,,,,False,False,False,4,ordinary_road,high,short,ordinary,core|high|short|ordinary|ordinary_road,,pending,,,,,,,,,,,,
20161019,772fc92ddb49b53ae85fcb41f13b156f,37,36,0,0.0,False,,,11,0.2972972972972973,1053.7274612031797,0.1843120132043072,5717.085082431051,1.1432898178406303,0,4,0.10810810810810811,0.6853513961491188,0.0,hmm_viterbi,5000.556283470713,0,5.150160962366445,8.552659303179327,9.4592660071619,13.44110634389729,5.682051182421453,True,True,True,True,True,True,True,True,True,True,True,True,True,True,True,True,True,True,True,True,True,True,True,True,True,True,core,True,False,fully_directed_continuous_and_quality_thresholds_passed,strict_core,True,True,1.0,,,,,False,False,False,5,ordinary_road,mid_high,long,ordinary,core|mid_high|long|ordinary|ordinary_road,,pending,,,,,,,,,,,,
20161019,77357eac8524cb0cdaacca65d7971d1e,12,11,0,0.0,False,,,1,0.08333333333333333,13.535383054234602,0.00436391803403532,3101.658406200269,1.466626139734813,0,0,0.0,0.7773939751748975,0.0,hmm_viterbi,2114.8255319935133,0,4.037102610949855,5.252991108131217,5.626429386631516,6.611372959376693,2.468123644464976,True,True,True,True,True,True,True,True,True,True,True,True,True,True,True,True,True,True,True,True,True,True,True,True,True,True,core,True,False,fully_directed_continuous_and_quality_thresholds_passed,strict_core,True,True,1.0,,,,,False,False,False,4,ordinary_road,high,short,ordinary,core|high|short|ordinary|ordinary_road,,pending,,,,,,,,,,,,
20161019,7cf0daf5c76bf04c65738bd213179bc8,13,12,0,0.0,False,,,1,0.07692307692307693,14.384937854881187,0.0056100962744602065,2564.1160420665474,1.0547041526964893,0,0,0.0,0.7814401840261744,0.0,hmm_viterbi,2431.1234913705885,0,3.2877522861281685,7.940864566262482,8.6176297717351,7.383224447175126,8.638109860528285,True,True,True,True,True,True,True,True,True,True,True,True,True,True,True,True,True,True,True,True,True,True,True,True,True,True,core,True,False,fully_directed_continuous_and_quality_thresholds_passed,strict_core,True,True,1.0,,,,,False,False,False,4,ordinary_road,high,short,ordinary,core|high|short|ordinary|ordinary_road,,pending,,,,,,,,,,,,
20161019,800040b2052ed2c09691346399c6b1a6,17,16,0,0.0,False,,,3,0.17647058823529413,0.0,0.0,3682.0755925944636,1.1314261812922994,0,0,0.0,0.8311473843863705,0.0,hmm_viterbi,3254.3666157599846,0,2.9622694671528342,5.0771438164642335,5.693502688708424,5.119250432439052,2.661593465919652,True,True,True,True,True,True,True,True,True,True,True,True,True,True,True,True,True,True,True,True,True,True,True,True,True,True,core,True,False,fully_directed_continuous_and_quality_thresholds_passed,strict_core,True,True,1.0,,,,,True,False,True,4,bridge,high,medium,ordinary,core|high|medium|ordinary|bridge,,pending,,,,,,,,,,,,
20161019,84d9e7aad4ed1a63b16425926d6dd8e8,32,31,0,0.0,False,,,3,0.09375,61.76481471280286,0.013299557995231925,4644.125371305302,1.1781687322701593,0,0,0.0,0.7290511297267213,0.0,hmm_viterbi,3941.8168587420832,0,5.505412043392822,7.2141214919499514,7.990715406109054,4.49084486536348,4.145297308872333,True,True,True,True,True,True,True,True,True,True,True,True,True,True,True,True,True,True,True,True,True,True,True,True,True,True,core,True,False,fully_directed_continuous_and_quality_thresholds_passed,strict_core,True,True,1.0,,,,,False,False,False,4,ordinary_road,mid_high,medium,ordinary,core|mid_high|medium|ordinary|ordinary_road,,pending,,,,,,,,,,,,
20161019,86bff581dc3cf0840e4f39df74333ec6,5,4,0,0.0,False,,,0,0.0,0.0,0.0,1691.0453333424707,1.2323869842091615,0,0,0.0,0.7022366475009126,0.0,hmm_viterbi,1372.1707182972532,0,3.3135348259152284,12.63569872245694,13.79488909845439,12.771329304092568,4.912349108277029,True,True,True,True,True,True,True,True,True,True,True,True,True,True,True,True,True,True,True,True,True,True,True,True,True,True,core,True,False,fully_directed_continuous_and_quality_thresholds_passed,strict_core,True,True,1.0,,,,,False,False,False,4,ordinary_road,mid_high,short,ordinary,core|mid_high|short|ordinary|ordinary_road,,pending,,,,,,,,,,,,
20161019,8a9dcca446714b85576e2de4737c7542,45,44,0,0.0,False,,,8,0.17777777777777778,322.1929275107024,0.05444895107895042,5917.339473510261,1.139699750932371,0,2,0.044444444444444446,0.7114083083513043,0.0,hmm_viterbi,5192.016115357906,0,4.28914998876184,7.8946595582242,9.282128922969667,7.705513682672662,10.708334560279651,True,True,True,True,True,True,True,True,True,True,True,True,True,True,True,True,True,True,True,True,True,True,True,True,True,True,core,True,False,fully_directed_continuous_and_quality_thresholds_passed,strict_core,True,True,1.0,,,,,False,False,False,4,ordinary_road,mid_high,long,ordinary,core|mid_high|long|ordinary|ordinary_road,,pending,,,,,,,,,,,,
20161019,8c508be2fc8408c3c052f3ab75d71bbb,21,20,0,0.0,False,,,4,0.19047619047619047,20.75295910704452,0.004714951862510047,4401.520887637757,1.2673415608041012,0,0,0.0,0.6593884281716383,0.0,hmm_viterbi,3473.034439780454,0,6.607857972511415,10.912230653653381,12.705965912494722,1.4292667504319407,2.7859299799180457,True,True,True,True,True,True,True,True,True,True,True,True,True,True,True,True,True,True,True,True,True,True,True,True,True,True,core,True,False,fully_directed_continuous_and_quality_thresholds_passed,strict_core,True,True,1.0,,,,,True,False,True,4,bridge,mid_high,medium,ordinary,core|mid_high|medium|ordinary|bridge,,pending,,,,,,,,,,,,
20161019,8fd2d873396510fbb091b9b479becd60,13,12,0,0.0,False,,,0,0.0,0.0,0.0,3328.0822081362926,1.1107481014031424,0,0,0.0,0.556375165097081,0.0,hmm_viterbi,2996.2528893203807,0,4.936321816073894,30.62747044211998,30.62747044211998,11.113717712904219,4.528200604709569,True,True,True,True,True,True,True,True,True,True,True,True,True,True,True,True,True,True,True,True,True,True,True,True,True,True,core,True,False,fully_directed_continuous_and_quality_thresholds_passed,strict_core,True,True,1.0,,,,,False,False,False,4,ordinary_road,mid_low,medium,ordinary,core|mid_low|medium|ordinary|ordinary_road,,pending,,,,,,,,,,,,
20161019,997c12c0461abd465ec47f8f57af2dad,20,19,0,0.0,False,,,1,0.05,13.535383054234602,0.002887415760682938,4687.7153053404345,1.3179787120370239,0,0,0.0,0.5675958229132069,0.0,hmm_viterbi,3556.7458431064174,0,7.24240026544559,14.93437493510152,15.268876180451596,4.9810303527959245,4.339425688844365,True,True,True,True,True,True,True,True,True,True,True,True,True,True,True,True,True,True,True,True,True,True,True,True,True,True,core,True,False,fully_directed_continuous_and_quality_thresholds_passed,strict_core,True,True,1.0,,,,,False,False,False,4,ordinary_road,mid_low,medium,ordinary,core|mid_low|medium|ordinary|ordinary_road,,pending,,,,,,,,,,,,
20161019,9a10810b814d8e61fa1ecb596e562884,35,34,0,0.0,False,,,4,0.11428571428571428,97.10474132591355,0.014157205384527619,6859.0331699248445,1.041926503884502,0,0,0.0,0.7800536115179655,0.0,hmm_viterbi,6583.029747638679,0,3.259823305322462,7.983890925032849,8.351916193320381,1.9069529167841326,0.924938786804545,True,True,True,True,True,True,True,True,True,True,True,True,True,True,True,True,True,True,True,True,True,True,True,True,True,True,core,True,False,fully_directed_continuous_and_quality_thresholds_passed,strict_core,True,True,1.0,,,,,False,False,False,6,complex_intersection,high,long,ordinary,core|high|long|ordinary|complex_intersection,,pending,,,,,,,,,,,,
20161019,9ca03d709a825c5bc9558b0ebed591de,9,8,0,0.0,False,,,3,0.3333333333333333,49.667078038901444,0.037815211032826035,1313.4153342629036,1.234917021379936,0,1,0.1111111111111111,0.813527697297772,0.0,hmm_viterbi,1063.5656578733128,0,0.8522100061066376,1.8734648330749026,6.904975894594136,1.4659381557083802,0.7733390167601616,True,True,True,True,True,True,True,True,True,True,True,True,True,True,True,True,True,True,True,True,True,True,True,True,True,True,core,True,False,fully_directed_continuous_and_quality_thresholds_passed,strict_core,True,True,1.0,,,,,False,False,False,4,ordinary_road,high,short,ordinary,core|high|short|ordinary|ordinary_road,,pending,,,,,,,,,,,,
20161019,a0a96568bcbac50378cc3a8d13787380,21,20,0,0.0,False,,,1,0.047619047619047616,0.0,0.0,3279.586570935071,1.0794010523209192,0,0,0.0,0.7874200669724872,0.0,hmm_viterbi,3038.3392381203735,0,1.9415260756441093,10.821902773431042,12.706947832800788,3.4276913976690517,0.9399253908952078,True,True,True,True,True,True,True,True,True,True,True,True,True,True,True,True,True,True,True,True,True,True,True,True,True,True,core,True,False,fully_directed_continuous_and_quality_thresholds_passed,strict_core,True,True,1.0,,,,,True,False,True,4,bridge,high,medium,ordinary,core|high|medium|ordinary|bridge,,pending,,,,,,,,,,,,
20161019,a76ab5a8ab1e7e29d333244f32568c2c,7,6,0,0.0,False,,,0,0.0,0.0,0.0,1455.7151929018341,1.3185661447228114,0,0,0.0,0.8277920331846711,0.0,hmm_viterbi,1104.013779458788,0,3.0661072043267823,4.387721327159398,4.883447311788523,3.860179033326666,1.5172842262000394,True,True,True,True,True,True,True,True,True,True,True,True,True,True,True,True,True,True,True,True,True,True,True,True,True,True,core,True,False,fully_directed_continuous_and_quality_thresholds_passed,strict_core,True,True,1.0,,,,,False,False,False,4,ordinary_road,high,short,ordinary,core|high|short|ordinary|ordinary_road,,pending,,,,,,,,,,,,
20161019,b167416c0095327ec0e693d70f8b7c2a,17,16,0,0.0,False,,,2,0.11764705882352941,35.36276825201051,0.009993457874986757,3538.591816204296,1.2879274184354574,0,0,0.0,0.647570284772591,0.0,hmm_viterbi,2747.508722582279,0,7.235315117132542,9.83615168151001,11.686429193866218,5.628464503007103,12.753238545419027,True,True,True,True,True,True,True,True,True,True,True,True,True,True,True,True,True,True,True,True,True,True,True,True,True,True,core,True,False,fully_directed_continuous_and_quality_thresholds_passed,strict_core,True,True,1.0,,,,,False,False,False,4,ordinary_road,mid_low,medium,ordinary,core|mid_low|medium|ordinary|ordinary_road,,pending,,,,,,,,,,,,
20161019,c46dcbe1a5daeca6948405c1d79b7ff5,4,3,0,0.0,False,,,0,0.0,0.0,0.0,948.7696602648928,1.9863473400239557,0,0,0.0,0.7612953333616661,0.0,hmm_viterbi,477.64539521746,0,3.4284149719283286,6.452881910768768,6.469526645521517,3.8260497284971327,2.6034930177505355,True,True,True,True,True,True,True,True,True,True,True,True,True,True,True,True,True,True,True,True,True,True,True,True,True,True,core,True,False,fully_directed_continuous_and_quality_thresholds_passed,strict_core,True,True,1.0,,,,,False,False,False,4,ordinary_road,high,short,ordinary,core|high|short|ordinary|ordinary_road,,pending,,,,,,,,,,,,
20161019,c4c37c3822a358299e42b4e37f7716e2,24,23,0,0.0,False,,,3,0.125,322.73487715938745,0.055185247092599414,5848.209334241934,1.224430923409832,0,0,0.0,0.7626798074069207,0.0,hmm_viterbi,4776.267262146292,0,3.6552289490413243,8.101522889204569,8.319592803803522,4.944742612820404,2.8465168825724594,True,True,True,True,True,True,True,True,True,True,True,True,True,True,True,True,True,True,True,True,True,True,True,True,True,True,core,True,False,fully_directed_continuous_and_quality_thresholds_passed,strict_core,True,True,1.0,,,,,False,False,False,6,complex_intersection,high,medium,ordinary,core|high|medium|ordinary|complex_intersection,,pending,,,,,,,,,,,,
20161019,ce3654ab0ebf3c02c32716e681b77cf8,17,16,0,0.0,False,,,1,0.058823529411764705,13.919865689103693,0.004341197274047672,3206.4577604705355,1.0416107902233136,0,0,0.0,0.5304819485253223,0.0,hmm_viterbi,3078.364577793107,0,7.996663354274439,23.597014913050817,23.635419892566254,0.35815391303714533,14.496929915403555,True,True,True,True,True,True,True,True,True,True,True,True,True,True,True,True,True,True,True,True,True,True,True,True,True,True,core,True,False,fully_directed_continuous_and_quality_thresholds_passed,strict_core,True,True,1.0,,,,,False,False,False,4,ordinary_road,low,medium,ordinary,core|low|medium|ordinary|ordinary_road,,pending,,,,,,,,,,,,
20161019,d655a3491eaba6a84d716e5112544d87,21,20,0,0.0,False,,,1,0.047619047619047616,19.74904571498585,0.005222096466469366,3781.823227853561,1.0931287504613794,0,0,0.0,0.8244134652083966,0.0,hmm_viterbi,3459.632020708776,0,2.5491585280557207,7.196041389271397,7.242984815310404,0.7424316401720238,1.0754534498469832,True,True,True,True,True,True,True,True,True,True,True,True,True,True,True,True,True,True,True,True,True,True,True,True,True,True,core,True,False,fully_directed_continuous_and_quality_thresholds_passed,strict_core,True,True,1.0,,,,,False,False,False,7,complex_intersection,high,medium,ordinary,core|high|medium|ordinary|complex_intersection,,pending,,,,,,,,,,,,
20161019,d9b018aefd112719deb5c41d2b7b6418,13,12,0,0.0,False,,,4,0.3076923076923077,61.12681657413881,0.0812703651777729,752.1415271166608,1.1188298643172296,0,0,0.0,0.7287930408275816,0.0,hmm_viterbi,672.2572851375022,0,2.670996888210419,8.002667912586569,8.783480118156557,1.1075472758511293,4.988648157477165,True,True,True,True,True,True,True,True,True,True,True,True,True,True,True,True,True,True,True,True,True,True,True,True,True,True,core,True,False,fully_directed_continuous_and_quality_thresholds_passed,strict_core,True,True,1.0,,,,,True,False,True,4,bridge,mid_high,short,ordinary,core|mid_high|short|ordinary|bridge,,pending,,,,,,,,,,,,
20161019,ec0aa931568657691835a1ec0de2c9bd,52,51,0,0.0,False,,,2,0.038461538461538464,40.763095594584016,0.003964735813651213,10281.415335223655,1.0708063566448156,0,0,0.0,0.7406806072104445,0.0,hmm_viterbi,9601.563598705812,0,5.135145435812516,8.586258065904811,8.846211388941395,1.1716826813629475,12.867754337555834,True,True,True,True,True,True,True,True,True,True,True,True,True,True,True,True,True,True,True,True,True,True,True,True,True,True,core,True,False,fully_directed_continuous_and_quality_thresholds_passed,strict_core,True,True,1.0,,,,,False,False,False,4,ordinary_road,high,long,ordinary,core|high|long|ordinary|ordinary_road,,pending,,,,,,,,,,,,
20161019,ec368cb86595a402a79c6910a8c797ee,9,8,0,0.0,False,,,0,0.0,0.0,0.0,1962.7944859400009,1.1933911287870433,0,0,0.0,0.9048247530450527,0.0,hmm_viterbi,1644.7201915561207,0,1.0939883687049001,3.595505526058902,4.939871900037088,1.735968076817481,2.1264011761638444,True,True,True,True,True,True,True,True,True,True,True,True,True,True,True,True,True,True,True,True,True,True,True,True,True,True,core,True,False,fully_directed_continuous_and_quality_thresholds_passed,strict_core,True,True,1.0,,,,,False,False,False,4,ordinary_road,high,short,ordinary,core|high|short|ordinary|ordinary_road,,pending,,,,,,,,,,,,
20161019,f946e7965658c7dbf95e19933d12976e,23,22,0,0.0,False,,,5,0.21739130434782608,582.7872183125237,0.18751523355281943,3107.945990683278,1.1908681366082392,0,0,0.0,0.49768671554372745,0.0,hmm_viterbi,2609.815390253994,0,8.620572080002077,18.199340645401364,20.175599089640365,4.6746123986335935,2.7630970487571704,True,True,True,True,True,True,True,True,True,True,True,True,True,True,True,True,True,True,True,True,True,True,True,True,True,True,core,True,False,fully_directed_continuous_and_quality_thresholds_passed,strict_core,True,True,1.0,,,,,False,False,False,4,ordinary_road,low,medium,ordinary,core|low|medium|ordinary|ordinary_road,,pending,,,,,,,,,,,,
20161020,09183da449a1bf1df1cbd6d55949a0ba,2,1,0,0.0,False,,,0,0.0,0.0,0.0,274.4396427684104,2.3129358609328916,0,0,0.0,0.5165915780300695,0.0,hmm_viterbi,118.654238279534,0,10.243717239310453,11.14897125237628,11.342954255176098,11.511271995927492,10.220929287358228,True,True,True,True,True,True,True,True,True,True,True,True,True,True,True,True,True,True,True,True,True,True,True,True,True,True,core,True,False,fully_directed_continuous_and_quality_thresholds_passed,strict_core,True,True,1.0,,,,,False,False,False,4,ordinary_road,low,short,ordinary,core|low|short|ordinary|ordinary_road,,pending,,,,,,,,,,,,
20161020,1bfc13f87bc286f2e8e48735cedccb62,19,18,0,0.0,False,,,7,0.3684210526315789,253.10208964019608,0.08582360219934114,2949.0965556574965,1.3277934894876076,0,1,0.05263157894736842,0.6967575934894877,0.0,hmm_viterbi,2221.0506219574445,0,3.0185727602434156,7.449143313236122,10.170547907493482,4.128993659275912,0.5044552003360917,True,True,True,True,True,True,True,True,True,True,True,True,True,True,True,True,True,True,True,True,True,True,True,True,True,True,core,True,False,fully_directed_continuous_and_quality_thresholds_passed,strict_core,True,True,1.0,,,,,True,False,True,4,bridge,mid_high,short,ordinary,core|mid_high|short|ordinary|bridge,,pending,,,,,,,,,,,,
20161020,20bf052af0546962113edd93958e7a1b,19,18,0,0.0,False,,,0,0.0,0.0,0.0,4529.9093264238045,1.072109714343192,0,0,0.0,0.8098225471356154,0.0,hmm_viterbi,4225.229252025731,0,2.488882316783176,6.369027882716947,6.929782268118843,6.016243692956045,0.8508790808758295,True,True,True,True,True,True,True,True,True,True,True,True,True,True,True,True,True,True,True,True,True,True,True,True,True,True,core,True,False,fully_directed_continuous_and_quality_thresholds_passed,strict_core,True,True,1.0,,,,,False,False,False,7,complex_intersection,high,medium,ordinary,core|high|medium|ordinary|complex_intersection,,pending,,,,,,,,,,,,
20161020,214793d3a00ba7fe7366a6954a22dd70,7,6,0,0.0,False,,,3,0.42857142857142855,59.880638613893204,0.05237291428767153,1143.3512804917364,1.3911400057963188,0,0,0.0,0.626589947161344,0.0,hmm_viterbi,821.8808141005601,0,7.652036688615395,10.376273736241398,10.938475815045756,3.6862418029426256,11.511187606482979,True,True,True,True,True,True,True,True,True,True,True,True,True,True,True,True,True,True,True,True,True,True,True,True,True,True,core,True,False,fully_directed_continuous_and_quality_thresholds_passed,strict_core,True,True,1.0,,,,,True,False,True,4,bridge,mid_low,short,ordinary,core|mid_low|short|ordinary|bridge,,pending,,,,,,,,,,,,
20161020,2259bebcf6d66c5938bf7589cc022501,20,19,0,0.0,False,,,3,0.15,44.27012784753454,0.015248331621170844,2903.276827090363,1.0745492493406261,0,0,0.0,0.813172291030867,0.0,hmm_viterbi,2701.855525814099,0,1.8479394697570992,8.155127096331103,8.750241996434443,1.5914486603105882,4.592650765039236,True,True,True,True,True,True,True,True,True,True,True,True,True,True,True,True,True,True,True,True,True,True,True,True,True,True,core,True,False,fully_directed_continuous_and_quality_thresholds_passed,strict_core,True,True,1.0,,,,,False,False,False,4,ordinary_road,high,medium,ordinary,core|high|medium|ordinary|ordinary_road,,pending,,,,,,,,,,,,
20161020,2571458b89e9a39d861dc93d92de698a,6,5,0,0.0,False,,,0,0.0,0.0,0.0,1481.3905892619337,1.5476636989931867,0,0,0.0,0.7712063438508036,0.0,hmm_viterbi,957.1786107186166,0,5.60593157114667,5.96188043626817,6.106256092176116,1.0719206152005798,5.626939568193503,True,True,True,True,True,True,True,True,True,True,True,True,True,True,True,True,True,True,True,True,True,True,True,True,True,True,core,True,False,fully_directed_continuous_and_quality_thresholds_passed,strict_core,True,True,1.0,,,,,False,False,False,4,ordinary_road,high,short,ordinary,core|high|short|ordinary|ordinary_road,,pending,,,,,,,,,,,,
20161020,25ee780d3514d5f086cfc9861732fdae,17,16,0,0.0,False,,,3,0.17647058823529413,0.0,0.0,3682.0755925944636,1.1315066281447683,0,0,0.0,0.849423840822739,0.0,hmm_viterbi,3254.1352396950942,0,2.513607915750359,4.931654739281069,5.321831729330993,5.103464329270138,2.645747004126466,True,True,True,True,True,True,True,True,True,True,True,True,True,True,True,True,True,True,True,True,True,True,True,True,True,True,core,True,False,fully_directed_continuous_and_quality_thresholds_passed,strict_core,True,True,1.0,,,,,True,False,True,4,bridge,high,medium,ordinary,core|high|medium|ordinary|bridge,,pending,,,,,,,,,,,,
20161020,2d7f714a165e3319c98f17cf564b39f7,10,9,0,0.0,False,,,1,0.1,16.728540683226175,0.006315507099829289,2648.8040340700995,1.2663065944827212,0,0,0.0,0.7939704904517537,0.0,hmm_viterbi,2091.7556977203617,0,3.5769872558279006,5.361119290771723,5.472767732604541,2.7461025328079667,1.1085059715938035,True,True,True,True,True,True,True,True,True,True,True,True,True,True,True,True,True,True,True,True,True,True,True,True,True,True,core,True,False,fully_directed_continuous_and_quality_thresholds_passed,strict_core,True,True,1.0,,,,,False,False,False,4,ordinary_road,high,short,ordinary,core|high|short|ordinary|ordinary_road,,pending,,,,,,,,,,,,
20161020,56a499c4ca55df6ecce6d78f8aa19d9f,8,7,0,0.0,False,,,0,0.0,0.0,0.0,2717.5874831877527,1.3457649698995888,0,0,0.0,0.673215470237296,0.0,hmm_viterbi,2019.362625697204,0,6.951190789712349,9.69276746091891,10.319688123769126,6.79073123358232,10.108808913614299,True,True,True,True,True,True,True,True,True,True,True,True,True,True,True,True,True,True,True,True,True,True,True,True,True,True,core,True,False,fully_directed_continuous_and_quality_thresholds_passed,strict_core,True,True,1.0,,,,,False,False,False,4,ordinary_road,mid_high,short,ordinary,core|mid_high|short|ordinary|ordinary_road,,pending,,,,,,,,,,,,
20161020,595b463c9cd0ffbce4fae0041464d2c3,10,9,0,0.0,False,,,1,0.1,13.365069000188143,0.005786158475666308,2309.834591706215,1.2120982421700914,0,0,0.0,0.7196331487864133,0.0,hmm_viterbi,1905.6496506180729,0,4.741863377635977,10.953016123851723,11.919457586288468,0.8381937351280677,6.8369377287876425,True,True,True,True,True,True,True,True,True,True,True,True,True,True,True,True,True,True,True,True,True,True,True,True,True,True,core,True,False,fully_directed_continuous_and_quality_thresholds_passed,strict_core,True,True,1.0,,,,,False,False,False,4,ordinary_road,mid_high,short,ordinary,core|mid_high|short|ordinary|ordinary_road,,pending,,,,,,,,,,,,
20161020,5f34d901a5780096e6ea22f1f14395be,21,20,0,0.0,False,,,2,0.09523809523809523,27.8089260075567,0.006685861964653852,4159.362869675467,1.25873212008779,0,0,0.0,0.6017315911783196,0.0,hmm_viterbi,3304.4067147387746,0,8.724061101146969,11.966147412960071,12.451252517407971,5.003130886897455,0.9377534065787296,True,True,True,True,True,True,True,True,True,True,True,True,True,True,True,True,True,True,True,True,True,True,True,True,True,True,core,True,False,fully_directed_continuous_and_quality_thresholds_passed,strict_core,True,True,1.0,,,,,True,False,True,4,bridge,mid_low,medium,ordinary,core|mid_low|medium|ordinary|bridge,,pending,,,,,,,,,,,,
20161020,6c055e686b0a90102154cde1ce76394e,17,16,0,0.0,False,,,7,0.4117647058823529,1095.8432782369352,0.4806296580780232,2280.015932889104,1.224470857164333,0,0,0.0,0.4442393669142701,0.0,hmm_viterbi,1862.0418114067936,0,10.910516016585193,19.560905768466203,20.77725974633661,4.635777466472577,18.440804148651026,True,True,True,True,True,True,True,True,True,True,True,True,True,True,True,True,True,True,True,True,True,True,True,True,True,True,core,True,False,fully_directed_continuous_and_quality_thresholds_passed,strict_core,True,True,1.0,,,,,False,False,False,4,ordinary_road,low,short,ordinary,core|low|short|ordinary|ordinary_road,,pending,,,,,,,,,,,,
20161020,769e5a709276506d0049e747b40d57a4,14,13,0,0.0,False,,,3,0.21428571428571427,197.0596914772242,0.10094664569427281,1952.1172805883964,1.4696412369453777,0,0,0.0,0.7223423007047639,0.0,hmm_viterbi,1328.2951182329616,0,3.831714636500867,5.807765700163299,7.188161105574038,12.20733785652775,0.32588327248661236,True,True,True,True,True,True,True,True,True,True,True,True,True,True,True,True,True,True,True,True,True,True,True,True,True,True,core,True,False,fully_directed_continuous_and_quality_thresholds_passed,strict_core,True,True,1.0,,,,,False,False,False,4,ordinary_road,mid_high,short,ordinary,core|mid_high|short|ordinary|ordinary_road,,pending,,,,,,,,,,,,
20161020,7c3b4c2ba1808262e49cd0ac22da0ea5,9,8,0,0.0,False,,,0,0.0,0.0,0.0,1687.9933615546254,1.1565574962539713,0,0,0.0,0.6263336795835421,0.0,hmm_viterbi,1459.4980076839645,0,7.786188289854951,8.5999182046568,8.903409402010807,4.725504453371089,8.123201604158599,True,True,True,True,True,True,True,True,True,True,True,True,True,True,True,True,True,True,True,True,True,True,True,True,True,True,core,True,False,fully_directed_continuous_and_quality_thresholds_passed,strict_core,True,True,1.0,,,,,False,False,False,4,ordinary_road,mid_low,short,ordinary,core|mid_low|short|ordinary|ordinary_road,,pending,,,,,,,,,,,,
20161020,850cc86d69cc85ee1d4fc87e253f2fa4,17,16,0,0.0,False,,,6,0.35294117647058826,1080.8759831427715,0.2690432595238747,4017.480255984095,1.2389070041700476,0,0,0.0,0.6103997640299604,0.0,hmm_viterbi,3242.761758922683,0,7.902962021501761,11.990953828126433,13.572259567601852,2.074631816020268,5.407305600251653,True,True,True,True,True,True,True,True,True,True,True,True,True,True,True,True,True,True,True,True,True,True,True,True,True,True,core,True,False,fully_directed_continuous_and_quality_thresholds_passed,strict_core,True,True,1.0,,,,,False,False,False,4,ordinary_road,mid_low,medium,ordinary,core|mid_low|medium|ordinary|ordinary_road,,pending,,,,,,,,,,,,
20161020,93798d5289efb8f63d56eef22a143989,2,1,0,0.0,False,,,0,0.0,0.0,0.0,509.21988973665316,1.2241944091066175,0,0,0.0,0.8335164024737562,0.0,hmm_viterbi,415.9632538334066,0,2.7630585858622894,4.754633613359565,4.841526297151316,4.9312197794645485,2.308590164400718,True,True,True,True,True,True,True,True,True,True,True,True,True,True,True,True,True,True,True,True,True,True,True,True,True,True,core,True,False,fully_directed_continuous_and_quality_thresholds_passed,strict_core,True,True,1.0,,,,,False,False,False,4,ordinary_road,high,short,ordinary,core|high|short|ordinary|ordinary_road,,pending,,,,,,,,,,,,
20161020,9fc8b1c0ce68b371c8e7e05ef6329630,13,12,0,0.0,False,,,3,0.23076923076923078,137.56462512178052,0.0551724197771353,2493.358559901163,1.4253907570396092,0,0,0.0,0.7097095415865855,0.0,hmm_viterbi,1749.2456349861661,0,2.01808700662221,8.350169173320092,8.371610188320698,8.353039694396557,2.1097253886249905,True,True,True,True,True,True,True,True,True,True,True,True,True,True,True,True,True,True,True,True,True,True,True,True,True,True,core,True,False,fully_directed_continuous_and_quality_thresholds_passed,strict_core,True,True,1.0,,,,,False,False,False,4,ordinary_road,mid_high,short,ordinary,core|mid_high|short|ordinary|ordinary_road,,pending,,,,,,,,,,,,
20161020,b9b24ce588520d4e0d29c6f28ab33fde,13,12,0,0.0,False,,,0,0.0,0.0,0.0,3654.7607224566905,1.235736188780941,0,0,0.0,0.709017363726412,0.0,hmm_viterbi,2957.557410422792,0,4.706533379604727,10.971727712627175,12.287313898077262,1.151709153120113,10.248401096608909,True,True,True,True,True,True,True,True,True,True,True,True,True,True,True,True,True,True,True,True,True,True,True,True,True,True,core,True,False,fully_directed_continuous_and_quality_thresholds_passed,strict_core,True,True,1.0,,,,,False,False,False,4,ordinary_road,mid_high,medium,ordinary,core|mid_high|medium|ordinary|ordinary_road,,pending,,,,,,,,,,,,
20161020,bb95c195db188c1588144c0ab1042810,8,7,0,0.0,False,,,0,0.0,0.0,0.0,1747.6601754840472,1.1830240598482409,0,0,0.0,0.8787570108573639,0.0,hmm_viterbi,1477.2820222339672,0,1.2738126408740262,4.776223422450008,5.256804825185587,0.2632484112224651,2.1564179539623516,True,True,True,True,True,True,True,True,True,True,True,True,True,True,True,True,True,True,True,True,True,True,True,True,True,True,core,True,False,fully_directed_continuous_and_quality_thresholds_passed,strict_core,True,True,1.0,,,,,False,False,False,4,ordinary_road,high,short,ordinary,core|high|short|ordinary|ordinary_road,,pending,,,,,,,,,,,,
20161020,c46b225ca2238ebc81cdb341de1265f7,12,11,0,0.0,False,,,0,0.0,0.0,0.0,2153.3719646416257,1.1829842505560424,0,0,0.0,0.6731355616178476,0.0,hmm_viterbi,1820.2879401221685,0,7.157083116153659,9.336797394524675,9.397042229438723,0.5986316803239053,4.418271961971113,True,True,True,True,True,True,True,True,True,True,True,True,True,True,True,True,True,True,True,True,True,True,True,True,True,True,core,True,False,fully_directed_continuous_and_quality_thresholds_passed,strict_core,True,True,1.0,,,,,False,False,False,4,ordinary_road,mid_high,short,ordinary,core|mid_high|short|ordinary|ordinary_road,,pending,,,,,,,,,,,,
20161020,cd070eb9f81ca79682549e1d3175e270,5,4,0,0.0,False,,,0,0.0,0.0,0.0,2171.8228147977206,1.7344783146742142,0,0,0.0,0.5174337308862692,0.0,hmm_viterbi,1252.1475745320301,0,6.811905197911771,32.39345067883299,32.39345067883299,3.410929321474031,32.42510144680251,True,True,True,True,True,True,True,True,True,True,True,True,True,True,True,True,True,True,True,True,True,True,True,True,True,True,core,True,False,fully_directed_continuous_and_quality_thresholds_passed,strict_core,True,True,1.0,,,,,False,False,False,4,ordinary_road,low,short,ordinary,core|low|short|ordinary|ordinary_road,,pending,,,,,,,,,,,,
20161020,d357cce865178ff3ebf094bb8e1d8590,12,11,0,0.0,False,,,3,0.25,31.102486500898998,0.06111404198382574,508.92537117951537,1.0949578953523365,0,0,0.0,0.9151649283648677,0.0,hmm_viterbi,464.7899004516087,0,0.2618791839759647,3.7607436600780946,3.858360895711867,0.26130045834232357,3.5914951585933377,True,True,True,True,True,True,True,True,True,True,True,True,True,True,True,True,True,True,True,True,True,True,True,True,True,True,core,True,False,fully_directed_continuous_and_quality_thresholds_passed,strict_core,True,True,1.0,,,,,True,False,True,4,bridge,high,short,ordinary,core|high|short|ordinary|bridge,,pending,,,,,,,,,,,,
20161020,d5582a3f5c2f6705bf646fb1257719d2,22,21,0,0.0,False,,,1,0.045454545454545456,25.479854065137992,0.006178588597807272,4123.89555669406,1.1212156051843072,0,0,0.0,0.7511072797948765,0.0,hmm_viterbi,3678.057581098479,0,4.352506671885204,7.733485023624305,8.458921595556447,1.0673907213171419,0.5392196296940438,True,True,True,True,True,True,True,True,True,True,True,True,True,True,True,True,True,True,True,True,True,True,True,True,True,True,core,True,False,fully_directed_continuous_and_quality_thresholds_passed,strict_core,True,True,1.0,,,,,False,False,False,4,ordinary_road,high,medium,ordinary,core|high|medium|ordinary|ordinary_road,,pending,,,,,,,,,,,,
20161020,e68bb82c7c50156fdbcec599c6aeceb0,2,1,0,0.0,False,,,0,0.0,0.0,0.0,502.8708532558268,1.4719828294966542,0,0,0.0,0.8147150121423932,0.0,hmm_viterbi,341.6282059674459,0,3.780583382904558,4.569563529956582,4.603987978601046,1.9256087495528407,4.554378034979072,True,True,True,True,True,True,True,True,True,True,True,True,True,True,True,True,True,True,True,True,True,True,True,True,True,True,core,True,False,fully_directed_continuous_and_quality_thresholds_passed,strict_core,True,True,1.0,,,,,False,False,False,4,ordinary_road,high,short,ordinary,core|high|short|ordinary|ordinary_road,,pending,,,,,,,,,,,,
20161020,f3bb07f408bb7f528dbb2a044c89ace3,7,6,0,0.0,False,,,0,0.0,0.0,0.0,1753.8311388704822,1.3434067938597825,0,0,0.0,0.8372581808014752,0.0,hmm_viterbi,1305.5101008023767,0,2.0299129867084287,4.499765044218319,4.816107751893644,3.8892684988594612,2.72498587301966,True,True,True,True,True,True,True,True,True,True,True,True,True,True,True,True,True,True,True,True,True,True,True,True,True,True,core,True,False,fully_directed_continuous_and_quality_thresholds_passed,strict_core,True,True,1.0,,,,,False,False,False,4,ordinary_road,high,short,ordinary,core|high|short|ordinary|ordinary_road,,pending,,,,,,,,,,,,
20161020,f49883b936500cfee19fddb8deebc4e9,10,9,0,0.0,False,,,0,0.0,0.0,0.0,2027.4511270243042,1.2079177828991827,0,0,0.0,0.9081591593542049,0.0,hmm_viterbi,1678.467819356148,0,0.9308717057251795,3.766629278559366,4.412033699055517,0.8932535664456555,0.23938245592382668,True,True,True,True,True,True,True,True,True,True,True,True,True,True,True,True,True,True,True,True,True,True,True,True,True,True,core,True,False,fully_directed_continuous_and_quality_thresholds_passed,strict_core,True,True,1.0,,,,,False,False,False,5,ordinary_road,high,short,ordinary,core|high|short|ordinary|ordinary_road,,pending,,,,,,,,,,,,
20161020,fc516924020190732d975293385de516,5,4,0,0.0,False,,,0,0.0,0.0,0.0,1840.365049770711,1.2989134013469055,0,0,0.0,0.691215649329521,0.0,hmm_viterbi,1416.84968979637,0,6.392167768424887,8.525949218627302,8.721393553948786,8.515726871540368,0.039801453450207226,True,True,True,True,True,True,True,True,True,True,True,True,True,True,True,True,True,True,True,True,True,True,True,True,True,True,core,True,False,fully_directed_continuous_and_quality_thresholds_passed,strict_core,True,True,1.0,,,,,False,False,False,4,ordinary_road,mid_high,short,ordinary,core|mid_high|short|ordinary|ordinary_road,,pending,,,,,,,,,,,,
20161022,04aed241ab5454e54c303bc26572a2b3,6,5,0,0.0,False,,,0,0.0,0.0,0.0,1441.6645500986247,1.193636387155496,0,0,0.0,0.8892329905804504,0.0,hmm_viterbi,1207.7920593005663,0,1.1918486304365736,4.737179037951825,5.019302781532188,0.5719888335128241,2.1664236486332884,True,True,True,True,True,True,True,True,True,True,True,True,True,True,True,True,True,True,True,True,True,True,True,True,True,True,core,True,False,fully_directed_continuous_and_quality_thresholds_passed,strict_core,True,True,1.0,,,,,False,False,False,4,ordinary_road,high,short,ordinary,core|high|short|ordinary|ordinary_road,,pending,,,,,,,,,,,,
20161022,11ba49e39c5e2e037798b9e47698fb19,22,21,0,0.0,False,,,1,0.045454545454545456,11.119892840509744,0.002547857504170569,4364.409242788372,1.2494604528139253,0,0,0.0,0.6668684224285598,0.0,hmm_viterbi,3493.0351200466025,0,7.282708320442356,9.639848953818555,10.803444324260008,1.9549184822777592,3.845634436314301,True,True,True,True,True,True,True,True,True,True,True,True,True,True,True,True,True,True,True,True,True,True,True,True,True,True,core,True,False,fully_directed_continuous_and_quality_thresholds_passed,strict_core,True,True,1.0,,,,,False,False,False,4,ordinary_road,mid_high,medium,ordinary,core|mid_high|medium|ordinary|ordinary_road,,pending,,,,,,,,,,,,
20161022,130c903f8813b1a519ce54c07c654dd8,12,11,0,0.0,False,,,1,0.08333333333333333,12.405389360154894,0.005808231064704643,2135.8291744864882,1.1369100826831786,0,0,0.0,0.620698558903016,0.0,hmm_viterbi,1878.626293335176,0,7.865278307173048,8.534684892231489,8.77055908169339,4.706965719781126,7.847828200219347,True,True,True,True,True,True,True,True,True,True,True,True,True,True,True,True,True,True,True,True,True,True,True,True,True,True,core,True,False,fully_directed_continuous_and_quality_thresholds_passed,strict_core,True,True,1.0,,,,,False,False,False,4,ordinary_road,mid_low,short,ordinary,core|mid_low|short|ordinary|ordinary_road,,pending,,,,,,,,,,,,
20161022,15616ad6f84e6e0c55b9c04af6c64250,16,15,0,0.0,False,,,2,0.125,82.51253149497938,0.0218209245563937,3781.3490112087193,1.1365955901437277,0,1,0.0625,0.7411901049277214,0.0,hmm_viterbi,3326.908043634544,0,3.829196651679389,8.221897190880112,8.431940034048823,5.2296121141252305,2.6827231042301296,True,True,True,True,True,True,True,True,True,True,True,True,True,True,True,True,True,True,True,True,True,True,True,True,True,True,core,True,False,fully_directed_continuous_and_quality_thresholds_passed,strict_core,True,True,1.0,,,,,False,False,False,6,complex_intersection,high,medium,ordinary,core|high|medium|ordinary|complex_intersection,,pending,,,,,,,,,,,,
20161022,1c9abc83d80f6aa6d619ca593a6d782e,19,18,0,0.0,False,,,3,0.15789473684210525,26.290511908097024,0.008356906127461143,3145.962334278867,1.160961060021278,0,0,0.0,0.8005185412082164,0.0,hmm_viterbi,2709.791432816194,0,2.742410016285999,8.391572298497369,10.336827130353758,1.2497361649372,1.1269233488971875,True,True,True,True,True,True,True,True,True,True,True,True,True,True,True,True,True,True,True,True,True,True,True,True,True,True,core,True,False,fully_directed_continuous_and_quality_thresholds_passed,strict_core,True,True,1.0,,,,,True,False,True,3,bridge,high,medium,ordinary,core|high|medium|ordinary|bridge,,pending,,,,,,,,,,,,
20161022,347ee1fae1d5b4c66421d8ab1aff0569,10,9,0,0.0,False,,,1,0.1,18.62805126821765,0.00820745826335004,2269.649222756356,1.20547274897777,0,0,0.0,0.5522030172846002,0.0,hmm_viterbi,1882.7876654042973,0,9.590069822361334,11.13851800033477,11.345423047977883,10.932578864313587,5.496062265552236,True,True,True,True,True,True,True,True,True,True,True,True,True,True,True,True,True,True,True,True,True,True,True,True,True,True,core,True,False,fully_directed_continuous_and_quality_thresholds_passed,strict_core,True,True,1.0,,,,,False,False,False,4,ordinary_road,low,short,ordinary,core|low|short|ordinary|ordinary_road,,pending,,,,,,,,,,,,
20161022,3c0286ead217f22d2048a18905fc3181,17,16,0,0.0,False,,,1,0.058823529411764705,17.741026164684424,0.0031201382989051035,5685.974295084925,1.093016041027641,0,0,0.0,0.7786999351026999,0.0,hmm_viterbi,5202.095926917082,0,3.9062255177792595,7.209342694979391,7.209342694979391,4.978807837855138,0.924938786804545,True,True,True,True,True,True,True,True,True,True,True,True,True,True,True,True,True,True,True,True,True,True,True,True,True,True,core,True,False,fully_directed_continuous_and_quality_thresholds_passed,strict_core,True,True,1.0,,,,,False,False,False,4,ordinary_road,high,long,ordinary,core|high|long|ordinary|ordinary_road,,pending,,,,,,,,,,,,
20161022,4831598be9240b8b6f20fbe0bb22c146,14,13,0,0.0,False,,,1,0.07142857142857142,42.07677106773857,0.014389364570156693,2924.1576903962186,1.1383949184242106,0,1,0.07142857142857142,0.7130075150972115,0.0,hmm_viterbi,2568.6672024536942,0,4.780982366765149,10.529710320658978,12.250719586453725,10.0060624219457,1.1022396512889714,True,True,True,True,True,True,True,True,True,True,True,True,True,True,True,True,True,True,True,True,True,True,True,True,True,True,core,True,False,fully_directed_continuous_and_quality_thresholds_passed,strict_core,True,True,1.0,,,,,False,False,False,4,ordinary_road,mid_high,medium,ordinary,core|mid_high|medium|ordinary|ordinary_road,,pending,,,,,,,,,,,,
20161022,630272268c1fd12dc8e1651abee86645,17,16,0,0.0,False,,,2,0.11764705882352941,8.363706750920413,0.0032009908305556337,2612.849331239298,1.1575808400089904,0,0,0.0,0.8033222409335129,0.0,hmm_viterbi,2257.1635957787666,0,2.6177940343899184,6.644867072123498,11.011630815027882,6.266634755609742,0.9821642601903362,True,True,True,True,True,True,True,True,True,True,True,True,True,True,True,True,True,True,True,True,True,True,True,True,True,True,core,True,False,fully_directed_continuous_and_quality_thresholds_passed,strict_core,True,True,1.0,,,,,True,False,True,3,bridge,high,short,ordinary,core|high|short|ordinary|bridge,,pending,,,,,,,,,,,,
20161022,6d89c5ebd85170a57fa67a981f6e8ee3,21,20,0,0.0,False,,,0,0.0,0.0,0.0,2958.318654284113,1.0075885100953392,0,0,0.0,0.8217425745702778,0.0,hmm_viterbi,2936.0384965130193,0,2.219515372256405,4.8124935285114265,6.830764733195171,0.9466713896026919,15.751670273066678,True,True,True,True,True,True,True,True,True,True,True,True,True,True,True,True,True,True,True,True,True,True,True,True,True,True,core,True,False,fully_directed_continuous_and_quality_thresholds_passed,strict_core,True,True,1.0,,,,,False,False,False,4,ordinary_road,high,medium,ordinary,core|high|medium|ordinary|ordinary_road,,pending,,,,,,,,,,,,
20161022,7d88102356311f74451d2bd3f0935e74,19,18,0,0.0,False,,,3,0.15789473684210525,20.030996225916933,0.0060813911544859885,3293.818094753024,1.1408529912980023,0,0,0.0,0.6366968180361009,0.0,hmm_viterbi,2887.1538400451504,0,7.616118930210899,8.833787527830824,9.343462447842889,6.208341817688155,13.380234077646378,True,True,True,True,True,True,True,True,True,True,True,True,True,True,True,True,True,True,True,True,True,True,True,True,True,True,core,True,False,fully_directed_continuous_and_quality_thresholds_passed,strict_core,True,True,1.0,,,,,True,False,True,5,bridge,mid_low,medium,ordinary,core|mid_low|medium|ordinary|bridge,,pending,,,,,,,,,,,,
20161022,86e65f028ada492449c66d94361a9dd7,18,17,0,0.0,False,,,1,0.05555555555555555,0.0,0.0,3298.7509642013283,1.0091043936585726,0,0,0.0,0.6022080025253664,0.0,hmm_viterbi,3268.988803270884,0,9.91348989769848,12.811408327096125,12.811408327096125,11.424299754134886,0.9377534065787296,True,True,True,True,True,True,True,True,True,True,True,True,True,True,True,True,True,True,True,True,True,True,True,True,True,True,core,True,False,fully_directed_continuous_and_quality_thresholds_passed,strict_core,True,True,1.0,,,,,True,False,True,4,bridge,mid_low,medium,ordinary,core|mid_low|medium|ordinary|bridge,,pending,,,,,,,,,,,,
20161022,d5f19106b2cc90cc7d44ea835e630d52,15,14,0,0.0,False,,,2,0.13333333333333333,57.75031254635922,0.02140284580212151,2698.2539182072155,1.1864449986382346,0,0,0.0,0.8143995397408207,0.0,hmm_viterbi,2274.234306102844,0,2.669934920663893,6.291063374900988,10.588044124898428,4.116913385633942,0.9097845005051513,True,True,True,True,True,True,True,True,True,True,True,True,True,True,True,True,True,True,True,True,True,True,True,True,True,True,core,True,False,fully_directed_continuous_and_quality_thresholds_passed,strict_core,True,True,1.0,,,,,True,False,True,3,bridge,high,short,ordinary,core|high|short|ordinary|bridge,,pending,,,,,,,,,,,,
20161022,d8c5f8eb1a0ed6e44694220c347d744f,31,30,0,0.0,False,,,1,0.03225806451612903,11.119892840509744,0.0017080780006572664,6510.178596194566,1.2212240684227642,0,0,0.0,0.7034832936088556,0.0,hmm_viterbi,5330.8633235525685,0,5.2980810736213995,10.848475483401288,11.977441505244919,6.2605449216910944,2.1197308434047066,True,True,True,True,True,True,True,True,True,True,True,True,True,True,True,True,True,True,True,True,True,True,True,True,True,True,core,True,False,fully_directed_continuous_and_quality_thresholds_passed,strict_core,True,True,1.0,,,,,False,False,False,4,ordinary_road,mid_high,long,ordinary,core|mid_high|long|ordinary|ordinary_road,,pending,,,,,,,,,,,,
20161022,dedff5031ab3cedbc4c9722dd1830412,36,35,0,0.0,False,,,0,0.0,0.0,0.0,6228.9744404509565,1.1533833280460317,0,0,0.0,0.6136940579233306,0.0,hmm_viterbi,5400.6107847974345,0,8.842308293596894,10.788259643637982,11.220555367357381,4.684420702549763,11.174077929591443,True,True,True,True,True,True,True,True,True,True,True,True,True,True,True,True,True,True,True,True,True,True,True,True,True,True,core,True,False,fully_directed_continuous_and_quality_thresholds_passed,strict_core,True,True,1.0,,,,,False,False,False,4,ordinary_road,mid_low,long,ordinary,core|mid_low|long|ordinary|ordinary_road,,pending,,,,,,,,,,,,
20161022,df0b153793faf7407ca39cfbc3e94e63,19,18,0,0.0,False,,,2,0.10526315789473684,51.34496344897157,0.018256491413236434,2812.422293351784,1.0919643987934766,0,0,0.0,0.7976725985227349,0.0,hmm_viterbi,2575.5622586773525,0,3.324975037056062,6.405942652681319,7.72297563822863,4.773645359785081,3.317675756008048,True,True,True,True,True,True,True,True,True,True,True,True,True,True,True,True,True,True,True,True,True,True,True,True,True,True,core,True,False,fully_directed_continuous_and_quality_thresholds_passed,strict_core,True,True,1.0,,,,,False,False,False,4,ordinary_road,high,medium,ordinary,core|high|medium|ordinary|ordinary_road,,pending,,,,,,,,,,,,
20161022,e72c7be5121693f7b4b172920e643b7e,3,2,0,0.0,False,,,0,0.0,0.0,0.0,928.7716557717278,1.3386179730903105,0,0,0.0,0.7970437982468932,0.0,hmm_viterbi,693.8287655196959,0,3.698093796875013,4.266594918160035,5.111218381832429,2.9476353758182063,5.572354977950124,True,True,True,True,True,True,True,True,True,True,True,True,True,True,True,True,True,True,True,True,True,True,True,True,True,True,core,True,False,fully_directed_continuous_and_quality_thresholds_passed,strict_core,True,True,1.0,,,,,False,False,False,3,ordinary_road,high,short,ordinary,core|high|short|ordinary|ordinary_road,,pending,,,,,,,,,,,,
20161022,f483c77edb28cf2f0a48a361e336500b,9,8,0,0.0,False,,,0,0.0,0.0,0.0,1687.9933615546254,1.1465046583655834,0,0,0.0,0.6532453903666802,0.0,hmm_viterbi,1472.2952490755417,0,7.595228360129289,8.353459919745342,8.80077126284193,4.636517224642823,8.023603480436035,True,True,True,True,True,True,True,True,True,True,True,True,True,True,True,True,True,True,True,True,True,True,True,True,True,True,core,True,False,fully_directed_continuous_and_quality_thresholds_passed,strict_core,True,True,1.0,,,,,False,False,False,4,ordinary_road,mid_high,short,ordinary,core|mid_high|short|ordinary|ordinary_road,,pending,,,,,,,,,,,,
20161022,f867e9104f1c5c8055effe530368fba0,5,4,0,0.0,False,,,0,0.0,0.0,0.0,1701.1483528046012,1.2764332831057001,0,0,0.0,0.6348762217747363,0.0,hmm_viterbi,1332.735815745515,0,8.002800690399734,10.146545356642282,11.02414846152078,1.1366405721282964,11.29989505266052,True,True,True,True,True,True,True,True,True,True,True,True,True,True,True,True,True,True,True,True,True,True,True,True,True,True,core,True,False,fully_directed_continuous_and_quality_thresholds_passed,strict_core,True,True,1.0,,,,,False,False,False,4,ordinary_road,mid_low,short,ordinary,core|mid_low|short|ordinary|ordinary_road,,pending,,,,,,,,,,,,
20161019,054b78abd56ad5d181c2addbabc46ca5,56,55,0,0.0,False,,,18,0.32142857142857145,1231.5688150148035,0.16885583510147706,7293.611229216149,1.401229778572148,6,1,0.017857142857142856,0.6137455546474735,0.0,hmm_viterbi,5205.150033742741,2,3.882097538114312,11.789227429746399,14.709461982750614,3.9082371772042945,3.9988469723882485,True,False,True,True,True,True,True,True,True,False,True,False,True,True,False,True,True,True,True,True,True,True,False,True,False,True,rejected,False,False,unreasonable_detour_detected,rejected,False,False,0.0,unreasonable_detour|u_turn,,,unreasonable_detour|u_turn,False,True,True,7,tunnel,mid_low,long,detour,rejected|mid_low|long|detour|tunnel,,pending,,,,,,,,,,,,
20161019,07f7ad5820c69d911c5e528209a553d2,29,28,0,0.0,False,,,5,0.1724137931034483,618.870627486707,0.09003620650561701,6873.575103901097,1.2254334516061023,1,1,0.034482758620689655,0.6984332616664037,0.0,hmm_viterbi,5609.09700554715,1,3.1533802003580456,7.707574320324314,9.821001357680974,0.30522578767396225,5.129953696090394,True,False,True,True,True,True,True,True,True,False,True,False,True,True,True,True,True,True,True,True,True,True,True,True,True,True,rejected,False,False,unreasonable_detour_detected,rejected,False,False,0.0,unreasonable_detour|u_turn,,,unreasonable_detour|u_turn,False,False,False,4,ordinary_road,mid_high,long,detour,rejected|mid_high|long|detour|ordinary_road,,pending,,,,,,,,,,,,
20161019,1639ea419a7690c4e24dd82447d64343,3,2,0,0.0,False,,,1,0.3333333333333333,32.10971073910317,0.04344663093504173,739.0610053771786,4.669820616351048,0,0,0.0,0.5442653576337478,0.0,hmm_viterbi,158.26325379381996,0,2.7253615673939167,3.067735097130474,3.1462585306484017,2.9042845894153633,3.217688556037671,True,True,True,True,False,True,True,True,True,True,True,False,True,True,True,True,True,False,True,True,True,True,True,True,False,True,rejected,False,False,route_length_ratio_threshold_failure,analysis_set,True,False,0.92,,route_length_ratio,,,False,False,False,4,ordinary_road,low,short,ordinary,rejected|low|short|ordinary|ordinary_road,,pending,,,,,,,,,,,,
20161019,1e456711a978f0a087f2c052949d230b,18,17,0,0.0,False,,,1,0.05555555555555555,11.119892840509744,0.0030738363138385644,3617.5943365778558,1.3425470286483152,2,2,0.1111111111111111,0.6387213903311383,0.0,hmm_viterbi,2694.5755041594875,0,6.481620003038535,10.437299860175132,10.677972883410908,6.800547535128321,0.9221288559632087,True,True,True,True,True,True,True,True,True,False,True,False,True,True,True,True,True,True,True,True,True,True,False,True,False,True,rejected,False,False,u_turn_detected,rejected,False,False,0.0,u_turn,,,u_turn,False,False,False,4,ordinary_road,mid_low,medium,u_turn,rejected|mid_low|medium|u_turn|ordinary_road,,pending,,,,,,,,,,,,
20161019,3678e27208f35b4f5d0b301aef5496a8,33,32,0,0.0,False,,,5,0.15151515151515152,204.76428573943983,0.03159098679843187,6481.731230681405,1.2940181666980701,5,3,0.09090909090909091,0.6404255126235504,0.0,hmm_viterbi,5008.9955438730485,0,3.4512857476326673,11.984810435628745,13.49398366348861,9.209895564199813,2.3449567248859604,True,True,True,True,True,True,True,True,True,False,True,False,True,True,True,True,True,True,True,True,True,True,False,True,False,True,rejected,False,False,u_turn_detected,rejected,False,False,0.0,u_turn,,,u_turn,False,False,False,4,ordinary_road,mid_low,long,u_turn,rejected|mid_low|long|u_turn|ordinary_road,,pending,,,,,,,,,,,,
20161019,3d7e65b99a9097669b30e60848daed8d,22,21,0,0.0,False,,,4,0.18181818181818182,35.68238606650788,0.014662111979207798,2433.6457201465064,1.3494653858240317,3,0,0.0,0.7241207458761094,0.0,hmm_viterbi,1803.4147046020269,0,5.926422391260679,6.634272953085179,6.662863652700287,6.372571330528071,4.207091891985673,True,True,True,True,True,True,True,True,True,False,True,False,True,True,True,True,True,True,True,True,True,True,False,True,False,True,rejected,False,False,u_turn_detected,rejected,False,False,0.0,u_turn,,,u_turn,False,True,True,4,tunnel,mid_high,short,u_turn,rejected|mid_high|short|u_turn|tunnel,,pending,,,,,,,,,,,,
20161019,52611fa6a192fb2be409755e204ccfbc,35,34,0,0.0,False,,,14,0.4,550.7836901318515,0.1942489431615643,2835.4526988275225,1.6771407619012937,3,0,0.0,0.7428095154754867,0.0,hmm_viterbi,1690.6468218046923,1,2.289178909088285,6.356919059351773,6.622142198198654,6.655840620111261,1.1118109262611482,True,False,True,True,True,True,True,True,True,False,True,False,True,True,True,True,True,True,True,True,True,True,False,True,False,True,rejected,False,False,unreasonable_detour_detected,rejected,False,False,0.0,unreasonable_detour|u_turn,,,unreasonable_detour|u_turn,True,True,True,4,bridge,high,short,detour,rejected|high|short|detour|bridge,,pending,,,,,,,,,,,,
20161019,53043cb33461d388a20e8d8aee925c18,22,21,1,0.047619047619047616,False,,,7,0.3181818181818182,0.0,0.0,3138.913977215122,1.3258755310338644,4,0,0.0,0.5478938051441824,0.0,hmm_viterbi,2367.427336687874,0,5.5705666913611775,8.878812687890573,9.361416260945326,7.343417369758031,6.910694987070431,False,True,True,True,True,True,True,True,True,False,True,False,True,True,True,True,True,True,True,True,True,True,False,True,False,True,rejected,False,False,unbridgeable_direction_gap,rejected,False,False,0.0,direction_gap|u_turn,,,direction_gap|u_turn,True,False,True,4,bridge,low,short,u_turn,rejected|low|short|u_turn|bridge,,pending,,,,,,,,,,,,
20161019,5678e730e6dd8da14209150de3e63da3,52,51,0,0.0,False,,,23,0.4423076923076923,3880.8759769603776,0.36880127047571637,10522.946333548254,2.153384605717724,2,14,0.2692307692307692,0.4805493342862751,0.0,hmm_viterbi,4886.700826971386,2,8.623462379363724,14.425922027370197,15.464463147472758,4.69213462951577,7.420467566055827,True,False,True,True,True,True,True,True,True,False,False,False,True,True,False,True,True,True,True,True,True,True,False,True,False,True,rejected,False,False,unreasonable_detour_detected,rejected,False,False,0.0,unreasonable_detour|u_turn,repeated_link_share,,unreasonable_detour|u_turn,False,False,False,4,ordinary_road,low,long,detour,rejected|low|long|detour|ordinary_road,,pending,,,,,,,,,,,,
20161019,6bea9f084396e5fd18f2ecf707e21adb,15,14,1,0.07142857142857142,False,,,1,0.06666666666666667,0.0,0.0,2768.061559519311,1.232411938957226,0,0,0.0,0.7382526788302465,0.0,hmm_viterbi,2246.0522103197377,0,1.9289918014095384,10.747975370002818,11.095047703155378,3.8111424332635764,1.725680281957225,False,True,True,True,True,True,True,True,True,True,True,False,True,True,True,True,True,True,True,True,True,True,True,True,True,True,rejected,False,False,unbridgeable_direction_gap,rejected,False,False,0.0,direction_gap,,,direction_gap,True,False,True,4,bridge,high,short,direction_gap,rejected|high|short|direction_gap|bridge,,pending,,,,,,,,,,,,
20161019,749d72c348613790f4d3375dcdba9019,40,39,0,0.0,False,,,11,0.275,66.41073725875437,0.02031819085113273,3268.535951125393,1.092897508327489,7,0,0.0,0.8136219527636346,0.0,hmm_viterbi,2990.7067462596588,0,3.380223109689468,4.6968152066505375,6.219192033930913,4.472775370039649,0.46616946501888634,True,True,True,True,True,True,True,True,True,False,True,False,True,True,True,True,True,True,True,True,True,True,False,True,False,True,rejected,False,False,u_turn_detected,rejected,False,False,0.0,u_turn,,,u_turn,True,True,True,4,bridge,high,medium,u_turn,rejected|high|medium|u_turn|bridge,,pending,,,,,,,,,,,,
20161019,ae0e5a398ce1903254937d432003d194,52,51,0,0.0,False,,,25,0.4807692307692308,1178.03782208634,0.19366017931356355,6083.01523969431,1.3962181732878596,3,14,0.2692307692307692,0.7489865874326691,0.0,hmm_viterbi,4356.779875862689,2,1.049448753628172,5.279940654984114,8.159482602165657,0.8861453689733091,4.797327370467263,True,False,True,True,True,True,True,True,True,False,False,False,True,True,False,True,True,True,True,True,True,True,False,True,False,True,rejected,False,False,unreasonable_detour_detected,rejected,False,False,0.0,unreasonable_detour|u_turn,repeated_link_share,,unreasonable_detour|u_turn,True,True,True,5,bridge,high,medium,detour,rejected|high|medium|detour|bridge,,pending,,,,,,,,,,,,
20161019,c2f054cd76264ed8ff73a8eed2afd268,30,29,0,0.0,False,,,6,0.2,598.1924201987068,0.11050487199911743,5413.267391536225,1.4651284035204635,1,0,0.0,0.5719738483107227,0.0,hmm_viterbi,3694.739231407316,1,7.561728168133453,11.143171065388962,11.457113835998063,1.1482644646128206,4.436599749304705,True,False,True,True,True,True,True,True,True,False,True,False,True,True,True,True,True,True,True,True,True,True,True,True,True,True,rejected,False,False,unreasonable_detour_detected,rejected,False,False,0.0,unreasonable_detour|u_turn,,,unreasonable_detour|u_turn,False,False,False,4,ordinary_road,mid_low,medium,detour,rejected|mid_low|medium|detour|ordinary_road,,pending,,,,,,,,,,,,
20161019,c6e4ff462258b1162606d1fc69ff366e,16,15,0,0.0,False,,,2,0.125,0.0,0.0,2346.284774797691,1.1294056251645803,1,0,0.0,0.6856331312819687,0.0,hmm_viterbi,2077.45093748385,0,3.2039160278658465,14.542610961402012,18.099530633475513,3.079824138149277,13.951839234115267,True,True,True,True,True,True,True,True,True,False,True,False,True,True,True,True,True,True,True,True,True,True,True,True,True,True,rejected,False,False,u_turn_detected,rejected,False,False,0.0,u_turn,,,u_turn,True,False,True,4,bridge,mid_high,short,u_turn,rejected|mid_high|short|u_turn|bridge,,pending,,,,,,,,,,,,
20161019,c72eaa0da0a92b452ed32a157de7495d,34,33,0,0.0,False,,,20,0.5882352941176471,1335.9877721515716,0.2895529394869691,4613.967223122236,1.8725874538654403,1,0,0.0,0.6039237349472133,0.0,hmm_viterbi,2463.9528656447915,1,2.553898640468921,8.021915580592912,18.104470798107023,26.014853126358513,1.3901939788684665,True,False,True,True,True,True,True,True,True,False,True,False,True,True,True,True,True,True,True,True,True,True,True,True,True,True,rejected,False,False,unreasonable_detour_detected,rejected,False,False,0.0,unreasonable_detour|u_turn,,,unreasonable_detour|u_turn,True,False,True,4,bridge,mid_low,short,detour,rejected|mid_low|short|detour|bridge,,pending,,,,,,,,,,,,
20161019,c7bc1f08199874a2e96ef2ebec921077,79,78,2,0.02564102564102564,False,,,29,0.3670886075949367,2395.5602065471126,0.19429477616780588,12329.51422470642,1.818407333850825,8,5,0.06329113924050633,0.4678229620214327,0.0,hmm_viterbi,6780.391827059077,3,5.390855901892347,10.163880249671056,13.445992046353993,15.984529006491282,6.34993145214602,False,False,True,True,True,True,True,True,True,False,True,False,True,True,False,True,True,True,True,True,True,True,False,True,False,True,rejected,False,False,unbridgeable_direction_gap,rejected,False,False,0.0,direction_gap|unreasonable_detour|u_turn,,,direction_gap|unreasonable_detour|u_turn,True,False,True,4,bridge,low,long,detour,rejected|low|long|detour|bridge,,pending,,,,,,,,,,,,
20161019,cae29a4c55bf1b910c1687d9cfaf336f,16,15,0,0.0,False,,,4,0.25,26.672221057239494,0.022858424501412476,1166.8442440375256,1.2572565617846598,1,0,0.0,0.8288813545826217,0.0,hmm_viterbi,928.0876151333862,0,0.8647620185098512,7.994296231341452,7.994296231341452,1.673748599314391,4.356039738604289,True,True,True,True,True,True,True,True,True,False,True,False,True,True,True,True,True,True,True,True,True,True,True,True,True,True,rejected,False,False,u_turn_detected,rejected,False,False,0.0,u_turn,,,u_turn,False,True,True,4,tunnel,high,short,u_turn,rejected|high|short|u_turn|tunnel,,pending,,,,,,,,,,,,
20161019,ec50004ef19d12c2f7ef46f47869dde5,41,40,0,0.0,False,,,4,0.0975609756097561,156.49316317407823,0.024396213564685208,6414.649665168133,1.1358326112793506,2,1,0.024390243902439025,0.7645869172059852,0.0,hmm_viterbi,5647.530808208579,0,3.7709314129971125,7.634724879472,8.533826424575246,7.652866594096351,2.703853907541689,True,True,True,True,True,True,True,True,True,False,True,False,True,True,True,True,True,True,True,True,True,True,False,True,False,True,rejected,False,False,u_turn_detected,rejected,False,False,0.0,u_turn,,,u_turn,False,False,False,5,ordinary_road,high,long,u_turn,rejected|high|long|u_turn|ordinary_road,,pending,,,,,,,,,,,,
20161019,fc6b417c8ced10d4e14ef69284e026ed,45,44,0,0.0,False,,,7,0.15555555555555556,298.3292376966282,0.04157300143464498,7176.033180226787,1.3455745880787555,1,2,0.044444444444444446,0.6292511880302029,0.0,hmm_viterbi,5333.062354033383,1,3.275570775412213,10.055080108508445,13.239046351765202,0.45760008321617224,3.060585382284104,True,False,True,True,True,True,True,True,True,False,True,False,True,True,True,True,True,True,True,True,True,True,True,True,True,True,rejected,False,False,unreasonable_detour_detected,rejected,False,False,0.0,unreasonable_detour|u_turn,,,unreasonable_detour|u_turn,False,False,False,4,ordinary_road,mid_low,long,detour,rejected|mid_low|long|detour|ordinary_road,,pending,,,,,,,,,,,,
20161019,fef067a0bf2b66d964d0cd63dff02223,37,36,0,0.0,False,,,10,0.2702702702702703,438.95965606282783,0.0876107507391716,5010.340082231081,1.3809420472756495,1,5,0.13513513513513514,0.7467170416184593,0.0,hmm_viterbi,3628.2044508063045,0,2.368074533707969,10.071718366305943,10.449220506763062,11.46804060534642,10.423380685175795,True,True,True,True,True,True,True,True,True,False,True,False,True,True,True,True,True,True,True,True,True,True,True,True,True,True,rejected,False,False,u_turn_detected,rejected,False,False,0.0,u_turn,,,u_turn,False,False,False,4,ordinary_road,high,medium,u_turn,rejected|high|medium|u_turn|ordinary_road,,pending,,,,,,,,,,,,
20161020,102af2cc22564729f5b961dd66065144,19,18,0,0.0,False,,,5,0.2631578947368421,81.06128928521372,0.03157976966955502,2566.8739871577386,1.3717521520506828,0,0,0.0,0.7063290821074348,0.0,hmm_viterbi,1871.2374413412979,1,1.5604971413607602,5.545213449977871,5.983300925893701,5.7606046580958115,2.470918280388401,True,False,True,True,True,True,True,True,True,True,True,False,True,True,True,True,True,True,True,True,True,True,True,True,True,True,rejected,False,False,unreasonable_detour_detected,rejected,False,False,0.0,unreasonable_detour,,,unreasonable_detour,False,False,False,4,ordinary_road,mid_high,short,detour,rejected|mid_high|short|detour|ordinary_road,,pending,,,,,,,,,,,,
20161020,14a906a7753e2d2100bf04b537443ba4,76,75,2,0.02666666666666667,False,,,21,0.27631578947368424,224.76575281160945,0.019823862322026785,11338.14133494393,1.3510973005394775,8,0,0.0,0.5752370746636377,0.0,hmm_viterbi,8391.802226543374,0,5.325923469777855,16.31102436908269,16.31102436908269,1.8467545735594233,6.533457609016838,False,True,True,True,True,True,True,True,True,False,True,False,True,True,True,True,True,True,True,True,True,True,False,True,False,True,rejected,False,False,unbridgeable_direction_gap,rejected,False,False,0.0,direction_gap|u_turn,,,direction_gap|u_turn,True,False,True,4,bridge,mid_low,long,u_turn,rejected|mid_low|long|u_turn|bridge,,pending,,,,,,,,,,,,
20161020,17d56ee3a44bd099db0a25ab12c937d7,17,16,0,0.0,False,,,1,0.058823529411764705,25.337968864673336,0.01057156239682493,2396.804551074055,1.6000943556624572,4,0,0.0,0.7106879317799044,0.0,hmm_viterbi,1497.9145089739102,0,4.803823173848322,6.876545207510392,10.81841246773863,4.477992189990503,7.836031321782135,True,True,True,True,True,True,True,True,True,False,True,False,True,True,True,True,True,True,True,True,True,True,False,True,False,True,rejected,False,False,u_turn_detected,rejected,False,False,0.0,u_turn,,,u_turn,False,False,False,4,ordinary_road,mid_high,short,u_turn,rejected|mid_high|short|u_turn|ordinary_road,,pending,,,,,,,,,,,,
20161020,2b04a48080aeb7562f82c3b12506e121,22,21,0,0.0,False,,,0,0.0,0.0,0.0,5108.438212671132,1.1062359615579154,1,0,0.0,0.7292389373991239,0.0,hmm_viterbi,4617.85585552372,0,4.344896081360517,8.876490564945119,10.023163548933343,1.5163898717134263,0.19968427801096683,True,True,True,True,True,True,True,True,True,False,True,False,True,True,True,True,True,True,True,True,True,True,True,True,True,True,rejected,False,False,u_turn_detected,rejected,False,False,0.0,u_turn,,,u_turn,False,False,False,4,ordinary_road,mid_high,medium,u_turn,rejected|mid_high|medium|u_turn|ordinary_road,,pending,,,,,,,,,,,,
20161020,36b32e9101b2a21fdfc760329c83e235,88,87,0,0.0,False,,,54,0.6136363636363636,6041.334548995237,0.5338882043968559,11315.729583912145,3.0713500583073814,5,26,0.29545454545454547,0.2583509503700797,0.0,hmm_viterbi,3684.285206534951,6,6.011095677556166,18.59218117113725,22.669512298822863,5.41988137164967,2.1213323574681393,True,False,True,True,False,False,True,True,False,False,False,False,True,True,False,True,True,False,True,True,True,True,False,True,False,True,rejected,False,False,route_length_ratio_threshold_failure,rejected,False,False,0.0,unreasonable_detour|u_turn,route_length_ratio|interpolated_distance_share|match_confidence|repeated_link_share,,unreasonable_detour|u_turn,False,False,False,5,ordinary_road,low,medium,detour,rejected|low|medium|detour|ordinary_road,,pending,,,,,,,,,,,,
20161020,3825af03bd4a3fad1d05bcf2a300b0db,61,60,0,0.0,False,,,12,0.19672131147540983,808.9350988870323,0.10739805403222301,7532.120634553813,1.174090045018678,3,2,0.03278688524590164,0.6890892722580462,0.0,hmm_viterbi,6415.283620289948,1,3.264638752477107,12.680416857029337,15.299550248732196,0.13235377459190598,4.864633611770889,True,False,True,True,True,True,True,True,True,False,True,False,True,True,True,True,True,True,True,True,True,True,False,True,False,True,rejected,False,False,unreasonable_detour_detected,rejected,False,False,0.0,unreasonable_detour|u_turn,,,unreasonable_detour|u_turn,True,True,True,4,bridge,mid_high,long,detour,rejected|mid_high|long|detour|bridge,,pending,,,,,,,,,,,,
20161020,43fd74640279d43692d4915c25a8cbb1,10,9,1,0.1111111111111111,False,,,2,0.2,0.0,0.0,898.106773553972,1.088271721279788,0,0,0.0,0.5241784188878721,0.0,hmm_viterbi,825.2596810085394,0,2.645373277294444,5.804165750838412,6.336647197829068,1.1863989942380095,4.581159509001648,False,True,True,True,True,True,True,True,True,True,True,False,True,True,True,True,True,True,True,True,True,True,True,True,True,True,rejected,False,False,unbridgeable_direction_gap,rejected,False,False,0.0,direction_gap,,,direction_gap,True,False,True,4,bridge,low,short,direction_gap,rejected|low|short|direction_gap|bridge,,pending,,,,,,,,,,,,
20161020,4bbbe5deecfe127781fc23db5dcac0bf,7,6,0,0.0,False,,,3,0.42857142857142855,126.27240594801464,0.12184549832377478,1036.332139349756,4.507531654110646,0,0,0.0,0.6325033995997182,0.0,hmm_viterbi,229.9112283337317,0,4.9984056323705985,5.307722148553502,5.5960698832082825,4.73881725295237,5.333693051000357,True,True,True,True,False,True,True,True,True,True,True,False,True,True,True,True,True,False,True,True,True,True,True,True,False,True,rejected,False,False,route_length_ratio_threshold_failure,analysis_set,True,False,0.92,,route_length_ratio,,,False,False,False,4,ordinary_road,mid_low,short,ordinary,rejected|mid_low|short|ordinary|ordinary_road,,pending,,,,,,,,,,,,
20161020,4d61c2c8a6cb09f11efc1c1b9e8bcbaa,16,15,1,0.06666666666666667,False,,,2,0.125,24.598469366580304,0.006907528863648216,3561.10989214001,1.1300765910693917,0,0,0.0,0.7095091078969422,0.0,hmm_viterbi,3151.2110951436757,0,3.2999762222117335,10.317197368699992,11.060587534196388,6.835093036065947,2.2539170426705377,False,True,True,True,True,True,True,True,True,True,True,False,True,True,True,True,True,True,True,True,True,True,True,True,True,True,rejected,False,False,unbridgeable_direction_gap,rejected,False,False,0.0,direction_gap,,,direction_gap,True,False,True,4,bridge,mid_high,medium,direction_gap,rejected|mid_high|medium|direction_gap|bridge,,pending,,,,,,,,,,,,
20161020,50169d73445cf6c01a7b1fa6b33171b6,23,22,0,0.0,False,,,11,0.4782608695652174,2242.1840394313854,0.3625913398932172,6183.7771417588365,2.7172204450551103,3,1,0.043478260869565216,0.3922393284648456,0.0,hmm_viterbi,2275.7730801754724,1,12.901867616911959,19.372669132979333,19.448914964734108,13.073720836845897,4.82847008185493,True,False,True,True,False,True,True,True,True,False,True,False,True,True,True,True,True,True,True,True,True,True,False,True,False,True,rejected,False,False,route_length_ratio_threshold_failure,rejected,False,False,0.0,unreasonable_detour|u_turn,route_length_ratio,,unreasonable_detour|u_turn,False,False,True,4,elevated,low,short,detour,rejected|low|short|detour|elevated,,pending,,,,,,,,,,,,
20161020,50ba92737f2154b9cf2f04ef3103ac6f,28,27,0,0.0,False,,,8,0.2857142857142857,334.1412890761972,0.07585884637116419,4404.7768330314675,1.280883804967295,3,2,0.07142857142857142,0.5227289699340096,0.0,hmm_viterbi,3438.8574638461723,0,5.002050867459066,23.778351687215363,23.781748060136565,2.424803465465593,12.338167466635358,True,True,True,True,True,True,True,True,True,False,True,False,True,True,True,True,True,True,True,True,True,True,False,True,False,True,rejected,False,False,u_turn_detected,rejected,False,False,0.0,u_turn,,,u_turn,False,True,True,5,tunnel,low,medium,u_turn,rejected|low|medium|u_turn|tunnel,,pending,,,,,,,,,,,,
20161020,51530500fa3c08a9f2fc4c2048c49c64,33,32,0,0.0,False,,,4,0.12121212121212122,43.687263379276025,0.007919344297327914,5516.525325716253,1.5951727705699421,1,0,0.0,0.5980722208419903,0.0,hmm_viterbi,3458.2619685422815,0,6.10715825461828,13.413182099916643,13.814484097154178,13.445109619023604,3.215059722480166,True,True,True,True,True,True,True,True,True,False,True,False,True,True,True,True,True,True,True,True,True,True,True,True,True,True,rejected,False,False,u_turn_detected,rejected,False,False,0.0,u_turn,,,u_turn,False,False,True,4,elevated,mid_low,medium,u_turn,rejected|mid_low|medium|u_turn|elevated,,pending,,,,,,,,,,,,
20161020,550bd39fd71ba451dcb616c335b1b0fa,6,5,1,0.2,False,,,2,0.3333333333333333,0.0,0.0,1132.2204070737293,1.3938891523431558,1,0,0.0,0.34672682108629194,0.0,hmm_viterbi,812.2743513502807,0,5.032526490588807,9.781240291947379,10.635171213704393,3.5318991995817766,5.787000870708613,False,True,True,True,True,True,True,True,False,False,True,False,True,True,True,True,True,True,True,True,True,True,True,True,True,True,rejected,False,False,unbridgeable_direction_gap,rejected,False,False,0.0,direction_gap|u_turn,match_confidence,,direction_gap|u_turn,False,False,True,4,elevated,low,short,u_turn,rejected|low|short|u_turn|elevated,,pending,,,,,,,,,,,,
20161020,663a9a815edd6e6b8769c04f34f2e09c,74,73,0,0.0,False,,,29,0.3918918918918919,1238.7901103825093,0.16162240579687465,7664.7176749701875,1.405445565081348,5,8,0.10810810810810811,0.6797430073700439,0.0,hmm_viterbi,5453.5855855267855,0,1.9591647787092619,5.535613951108315,15.30361276524668,1.9584652684541484,4.046392128129954,True,True,True,True,True,True,True,True,True,False,True,False,True,True,True,True,True,True,True,True,True,True,False,True,False,True,rejected,False,False,u_turn_detected,rejected,False,False,0.0,u_turn,,,u_turn,True,True,True,5,bridge,mid_high,long,u_turn,rejected|mid_high|long|u_turn|bridge,,pending,,,,,,,,,,,,
20161020,6b88dc97c6b81457b3fa49adb39898f8,30,29,0,0.0,False,,,24,0.8,1115.4059814148786,0.34943898168805754,3191.990704719361,3.5136882423620217,3,1,0.03333333333333333,0.5306155746145532,0.0,hmm_viterbi,908.4444846972523,1,5.226766201447428,10.787631710889382,11.079486407819598,2.0743899433889506,5.390125519562458,True,False,True,True,False,True,True,True,True,False,True,False,True,True,True,True,True,False,True,True,True,True,False,True,False,True,rejected,False,False,route_length_ratio_threshold_failure,rejected,False,False,0.0,unreasonable_detour|u_turn,route_length_ratio,,unreasonable_detour|u_turn,False,True,True,4,tunnel,low,short,detour,rejected|low|short|detour|tunnel,,pending,,,,,,,,,,,,
20161020,76242331efc4b008f62d8903f9aff2ee,1,0,0,0.0,False,,,0,0.0,0.0,0.0,589.4640378802785,8.895613575504996,0,0,0.0,0.6867884296659801,0.0,hmm_viterbi,66.26457330649227,0,5.810631421231705,6.863135933749098,6.9936565864281866,7.030189158237731,5.824335373922584,True,True,True,True,False,True,True,True,True,True,True,False,False,True,True,True,True,False,True,True,True,True,True,True,False,False,rejected,False,False,route_length_ratio_threshold_failure,rejected,False,False,0.0,minimum_route_links,route_length_ratio,,minimum_route_links,False,False,False,4,ordinary_road,mid_high,short,ordinary,rejected|mid_high|short|ordinary|ordinary_road,,pending,,,,,,,,,,,,
20161020,8567c99bf628b23001a1fc2f0d5ca736,45,44,0,0.0,False,,,20,0.4444444444444444,1464.5129872291552,0.18274885065843527,8013.801356082874,1.952579571102321,5,10,0.2222222222222222,0.33106970896952115,0.0,hmm_viterbi,4104.212435019339,3,7.080707622994008,24.048186181012017,24.048186181012017,2.3904084315159917,42.715660325670136,True,False,True,True,True,True,True,True,False,False,False,False,True,True,False,True,True,True,True,True,True,True,False,True,False,True,rejected,False,False,unreasonable_detour_detected,rejected,False,False,0.0,unreasonable_detour|u_turn,match_confidence|repeated_link_share,,unreasonable_detour|u_turn,False,True,True,5,tunnel,low,medium,detour,rejected|low|medium|detour|tunnel,,pending,,,,,,,,,,,,
20161020,884ffb63a129dc4a60b8f6792f3ffdd0,39,38,1,0.02631578947368421,False,,,23,0.5897435897435898,1671.386787992228,0.42880497362055253,3897.778455972925,2.084173881509902,1,6,0.15384615384615385,0.34027834087281567,0.0,hmm_viterbi,1870.1791105592101,3,5.800252549144361,9.73891438731718,10.526381043602843,2.1272407948061476,10.053980972229901,False,False,True,True,True,True,True,True,False,False,True,False,True,True,False,True,True,True,True,True,True,True,True,True,False,True,rejected,False,False,unbridgeable_direction_gap,rejected,False,False,0.0,direction_gap|unreasonable_detour|u_turn,match_confidence,,direction_gap|unreasonable_detour|u_turn,True,False,True,5,bridge,low,short,detour,rejected|low|short|detour|bridge,,pending,,,,,,,,,,,,
20161020,9872be5fbdef35e8231b0a64e5ae9cf0,17,16,0,0.0,False,,,2,0.11764705882352941,27.474905383828727,0.0074368591060615784,3694.423276277305,1.2003736395880338,1,1,0.058823529411764705,0.6808796682056767,0.0,hmm_viterbi,3077.727762786614,1,3.832125118639811,8.984166222942463,9.142948550046633,8.634086305467152,3.841277264445944,True,False,True,True,True,True,True,True,True,False,True,False,True,True,True,True,True,True,True,True,True,True,True,True,True,True,rejected,False,False,unreasonable_detour_detected,rejected,False,False,0.0,unreasonable_detour|u_turn,,,unreasonable_detour|u_turn,False,False,False,4,ordinary_road,mid_high,medium,detour,rejected|mid_high|medium|detour|ordinary_road,,pending,,,,,,,,,,,,
20161020,a62ee4bc8149feab5b63c72ddbff7b71,20,19,0,0.0,False,,,1,0.05,18.247551324629992,0.0071022176893614335,2569.275136689121,1.0211906900747232,1,0,0.0,0.7533187361720018,0.0,hmm_viterbi,2515.960203770679,0,4.735608522369778,7.6610608198282595,8.405802242092285,8.509439125591468,5.149099805240355,True,True,True,True,True,True,True,True,True,False,True,False,True,True,True,True,True,True,True,True,True,True,True,True,True,True,rejected,False,False,u_turn_detected,rejected,False,False,0.0,u_turn,,,u_turn,False,False,False,5,ordinary_road,high,short,u_turn,rejected|high|short|u_turn|ordinary_road,,pending,,,,,,,,,,,,
20161020,b8ae5a2a664f4e08385d8b0e303e162d,26,25,0,0.0,False,,,10,0.38461538461538464,702.2395607877703,0.160856659328257,4365.623181037995,1.7843540856726485,2,0,0.0,0.7085721792432681,0.0,hmm_viterbi,2446.612595611753,1,2.626738474541761,7.865545343068844,8.555063714625891,0.9287944695057779,1.3686672587543975,True,False,True,True,True,True,True,True,True,False,True,False,True,True,True,True,True,True,True,True,True,True,False,True,False,True,rejected,False,False,unreasonable_detour_detected,rejected,False,False,0.0,unreasonable_detour|u_turn,,,unreasonable_detour|u_turn,False,True,True,5,tunnel,mid_high,short,detour,rejected|mid_high|short|detour|tunnel,,pending,,,,,,,,,,,,
20161020,c82a3403113d49d9a082c9fdb1e1b01f,37,36,0,0.0,False,,,22,0.5945945945945946,577.0862297705611,0.282142342302112,2045.3726479403417,1.4579510158074986,3,8,0.21621621621621623,0.6063365171580459,0.0,hmm_viterbi,1402.90903176023,1,3.1674159157986637,8.764371772439278,8.764371772439278,8.78973716412109,0.698859274261586,True,False,True,True,True,True,True,True,True,False,False,False,True,True,True,True,True,True,True,True,True,True,False,True,False,True,rejected,False,False,unreasonable_detour_detected,rejected,False,False,0.0,unreasonable_detour|u_turn,repeated_link_share,,unreasonable_detour|u_turn,False,True,True,7,tunnel,mid_low,short,detour,rejected|mid_low|short|detour|tunnel,,pending,,,,,,,,,,,,
20161020,c9d0f0509e0eac0a845d94ef20a45e6f,70,69,0,0.0,False,,,45,0.6428571428571429,636.6306569152752,0.11577475573115842,5498.872814671281,1.4196643468319503,15,0,0.0,0.47860516254411417,0.0,hmm_viterbi,3873.3612117133757,0,10.544592382370853,16.890834884819274,17.519206868118307,21.296750655579956,4.432372504182018,True,True,True,True,True,True,True,True,True,False,True,False,True,True,True,True,True,True,True,True,True,True,False,True,False,True,rejected,False,False,u_turn_detected,rejected,False,False,0.0,u_turn,,,u_turn,True,True,True,6,bridge,low,medium,u_turn,rejected|low|medium|u_turn|bridge,,pending,,,,,,,,,,,,
20161020,d39141f35d9abee6642a7fcefe59ff94,9,8,0,0.0,False,,,0,0.0,0.0,0.0,2392.3834594808386,1.34279100336266,1,0,0.0,0.44878513692600025,0.0,hmm_viterbi,1781.6499019503078,0,10.912121073388732,25.48985019739147,25.49292976669033,13.364159838213139,0.10937258019046162,True,True,True,True,True,True,True,True,True,False,True,False,True,True,True,True,True,True,True,True,True,True,True,True,True,True,rejected,False,False,u_turn_detected,rejected,False,False,0.0,u_turn,,,u_turn,False,False,False,4,ordinary_road,low,short,u_turn,rejected|low|short|u_turn|ordinary_road,,pending,,,,,,,,,,,,
20161020,f3306817f18a91d0a0ec421be9d4838d,30,29,0,0.0,False,,,5,0.16666666666666666,90.32555892671603,0.014313416243565477,6310.552099490673,1.1947414192131718,2,0,0.0,0.6557060769542414,0.0,hmm_viterbi,5281.93967163761,0,6.818895294347349,10.95217320928634,13.312538052906513,9.47607749212286,7.649870327873152,True,True,True,True,True,True,True,True,True,False,True,False,True,True,True,True,True,True,True,True,True,True,False,True,False,True,rejected,False,False,u_turn_detected,rejected,False,False,0.0,u_turn,,,u_turn,False,False,False,4,ordinary_road,mid_high,long,u_turn,rejected|mid_high|long|u_turn|ordinary_road,,pending,,,,,,,,,,,,
20161020,f52e4108e01a6a8f7cf801dabc287ef1,43,42,0,0.0,False,,,11,0.2558139534883721,45.89594763645386,0.014288875349400418,3212.005599753498,1.091747948145767,6,1,0.023255813953488372,0.7333533854732673,0.0,hmm_viterbi,2942.0761497274098,0,5.097286247342417,7.318413163457108,7.345787075600823,5.878550368877478,0.917020936454842,True,True,True,True,True,True,True,True,True,False,True,False,True,True,True,True,True,True,True,True,True,True,False,True,False,True,rejected,False,False,u_turn_detected,rejected,False,False,0.0,u_turn,,,u_turn,True,True,True,5,bridge,mid_high,medium,u_turn,rejected|mid_high|medium|u_turn|bridge,,pending,,,,,,,,,,,,
20161022,01ff1891e41623c8f5bd8b27ad8fdb51,78,77,0,0.0,False,,,47,0.6025641025641025,945.0859616728418,0.1339155219097154,7057.329487988778,1.295605409897956,9,14,0.1794871794871795,0.6299629747165677,0.0,hmm_viterbi,5447.128758550511,1,6.134492653128256,9.935853839692571,11.679583342475325,7.905319280875869,8.678811989199323,True,False,True,True,True,True,True,True,True,False,True,False,True,True,True,True,True,True,True,True,True,True,False,True,False,True,rejected,False,False,unreasonable_detour_detected,rejected,False,False,0.0,unreasonable_detour|u_turn,,,unreasonable_detour|u_turn,True,False,True,4,bridge,mid_low,long,detour,rejected|mid_low|long|detour|bridge,,pending,,,,,,,,,,,,
20161022,0288ac4f07034c92570f2b8eb1b510f9,3,2,0,0.0,False,,,0,0.0,0.0,0.0,846.9071970809466,2.6195156861766837,1,0,0.0,0.6365910294495376,0.0,hmm_viterbi,323.3067858879863,0,7.1660689356618885,8.149069668451581,8.522910825223526,8.58760420503861,6.301922713971573,True,True,True,True,False,True,True,True,True,False,True,False,True,True,True,True,True,True,True,True,True,True,True,True,True,True,rejected,False,False,route_length_ratio_threshold_failure,rejected,False,False,0.0,u_turn,route_length_ratio,,u_turn,False,False,False,4,ordinary_road,mid_low,short,u_turn,rejected|mid_low|short|u_turn|ordinary_road,,pending,,,,,,,,,,,,
20161022,0ac81f2bf7660b5762010a292a0eab72,56,55,1,0.01818181818181818,False,,,20,0.35714285714285715,3086.1261070701207,0.3645999429336048,8464.417416631679,1.7889145708645717,1,14,0.25,0.5758019954343342,0.0,hmm_viterbi,4731.59398133857,2,2.5882013506324695,8.22226144751864,9.57228181173049,6.99153958040275,8.065042052326385,False,False,True,True,True,True,True,True,True,False,False,False,True,True,False,True,True,True,True,True,True,True,True,True,False,True,rejected,False,False,unbridgeable_direction_gap,rejected,False,False,0.0,direction_gap|unreasonable_detour|u_turn,repeated_link_share,,direction_gap|unreasonable_detour|u_turn,True,False,True,4,bridge,mid_low,medium,detour,rejected|mid_low|medium|detour|bridge,,pending,,,,,,,,,,,,
20161022,1c091867ed90217fd088e812f3dc79cc,72,71,0,0.0,False,,,7,0.09722222222222222,134.7427418943894,0.011556750391662799,11659.224031661592,1.1705591281988637,5,13,0.18055555555555555,0.6963663850039482,0.0,hmm_viterbi,9960.388801206147,0,4.712370203998318,10.455539873783756,11.253911540748806,0.5179442114871005,8.684176545373326,True,True,True,True,True,True,True,True,True,False,True,False,True,True,True,True,True,True,True,True,True,True,False,True,False,True,rejected,False,False,u_turn_detected,rejected,False,False,0.0,u_turn,,,u_turn,False,False,False,6,complex_intersection,mid_high,long,u_turn,rejected|mid_high|long|u_turn|complex_intersection,,pending,,,,,,,,,,,,
20161022,21174ab842057ea2b458476e725e750f,30,29,0,0.0,False,,,7,0.23333333333333334,45.195569194065484,0.019289389888314024,2343.0274081113394,1.1250189848804082,3,0,0.0,0.7579747281549779,0.0,hmm_viterbi,2082.655883678628,0,3.4998693457058563,9.498284202272009,9.498284202272009,5.772025639488635,9.52084233551082,True,True,True,True,True,True,True,True,True,False,True,False,True,True,True,True,True,True,True,True,True,True,False,True,False,True,rejected,False,False,u_turn_detected,rejected,False,False,0.0,u_turn,,,u_turn,True,True,True,4,bridge,high,short,u_turn,rejected|high|short|u_turn|bridge,,pending,,,,,,,,,,,,
20161022,263d59e56cdc9cce41dcf135071d60a1,52,51,0,0.0,False,,,15,0.28846153846153844,2340.8566452366176,0.2802265263056805,8353.444179952945,1.7681053400473934,2,6,0.11538461538461539,0.7041567080331566,0.0,hmm_viterbi,4724.517250611909,1,4.035056156089142,7.265729366714766,7.265729366714766,1.0921329433495477,2.385140197765939,True,False,True,True,True,True,True,True,True,False,True,False,True,True,True,True,True,True,True,True,True,True,False,True,False,True,rejected,False,False,unreasonable_detour_detected,rejected,False,False,0.0,unreasonable_detour|u_turn,,,unreasonable_detour|u_turn,True,False,True,4,bridge,mid_high,medium,detour,rejected|mid_high|medium|detour|bridge,,pending,,,,,,,,,,,,
20161022,264fd1312b91900a154a3e4571c313e8,40,39,1,0.02564102564102564,False,,,8,0.2,25.479854065137992,0.0048696155024523504,5232.415999231618,1.3212750728139984,7,0,0.0,0.6242120396779997,0.0,hmm_viterbi,3960.1261742476,0,4.285259301046555,15.443189177351417,20.82140746645471,10.863941073706215,6.517723041325471,False,True,True,True,True,True,True,True,True,False,True,False,True,True,True,True,True,True,True,True,True,True,False,True,False,True,rejected,False,False,unbridgeable_direction_gap,rejected,False,False,0.0,direction_gap|u_turn,,,direction_gap|u_turn,True,False,True,4,bridge,mid_low,medium,u_turn,rejected|mid_low|medium|u_turn|bridge,,pending,,,,,,,,,,,,
20161022,339995114504e547e4d8b342986506ef,39,38,0,0.0,False,,,14,0.358974358974359,415.71785037903226,0.08924542344938698,4658.141945113801,1.0828711682161385,2,0,0.0,0.784303680761849,0.0,hmm_viterbi,4301.658481486181,0,2.271688933971127,7.67309247957238,7.983684324761727,2.086162851622738,1.429616329492057,True,True,True,True,True,True,True,True,True,False,True,False,True,True,True,True,True,True,True,True,True,True,False,True,False,True,rejected,False,False,u_turn_detected,rejected,False,False,0.0,u_turn,,,u_turn,False,True,True,5,tunnel,high,medium,u_turn,rejected|high|medium|u_turn|tunnel,,pending,,,,,,,,,,,,
20161022,3ac2fdf6fb26eb1201465dac7772a412,27,26,0,0.0,False,,,14,0.5185185185185185,269.2622457885142,0.0526579787613249,5113.417797689495,2.650812089708615,0,13,0.48148148148148145,0.34162875825180145,0.0,hmm_viterbi,1929.0004816039514,4,9.03921220467881,11.318793392576678,20.280822704391426,26.467201531411792,9.148191625509577,True,False,True,True,False,True,True,True,False,True,False,False,True,True,False,True,True,True,True,True,True,True,True,False,False,True,rejected,False,False,route_length_ratio_threshold_failure,rejected,False,False,0.0,unreasonable_detour,route_length_ratio|match_confidence|repeated_link_share,,unreasonable_detour,False,False,False,4,ordinary_road,low,short,detour,rejected|low|short|detour|ordinary_road,,pending,,,,,,,,,,,,
20161022,4d5ba116f09ce9b1c9ab60805eb76561,77,76,0,0.0,False,,,49,0.6363636363636364,2857.5675088316393,0.43532610878174627,6564.19969118898,2.5874459059451795,8,17,0.22077922077922077,0.34156539280004855,0.0,hmm_viterbi,2536.941806631167,4,13.165827540662672,15.033311624795006,15.066348833926785,9.660224110139028,3.0656045406042534,True,False,True,True,False,True,True,True,False,False,False,False,True,True,False,True,True,True,True,True,True,True,False,True,False,True,rejected,False,False,route_length_ratio_threshold_failure,rejected,False,False,0.0,unreasonable_detour|u_turn,route_length_ratio|match_confidence|repeated_link_share,,unreasonable_detour|u_turn,True,True,True,4,bridge,low,medium,detour,rejected|low|medium|detour|bridge,,pending,,,,,,,,,,,,
20161022,4dfbe5f185f33eaf3b3fff8a5fb3498a,17,16,0,0.0,False,,,3,0.17647058823529413,15.825865431676627,0.009906079557128614,1597.5911903804583,1.1625006387893067,2,0,0.0,0.6108760184363355,0.0,hmm_viterbi,1374.2712365683337,0,7.472639501742054,12.511719633592818,14.213746529579545,14.809459807747773,7.485000831197039,True,True,True,True,True,True,True,True,True,False,True,False,True,True,True,True,True,True,True,True,True,True,False,True,False,True,rejected,False,False,u_turn_detected,rejected,False,False,0.0,u_turn,,,u_turn,False,True,True,4,tunnel,mid_low,short,u_turn,rejected|mid_low|short|u_turn|tunnel,,pending,,,,,,,,,,,,
20161022,50e38eca856e1376251193347bef4d77,90,89,0,0.0,False,,,34,0.37777777777777777,531.7696177727013,0.04284554306481678,12411.317017693993,1.1301945152800348,11,8,0.08888888888888889,0.7850117686169357,0.0,hmm_viterbi,10981.57604721588,1,2.999461357470992,5.259021002326967,7.8676919750515415,1.0466776227384937,0.8518805878996798,True,False,True,True,True,True,True,True,True,False,True,False,True,True,True,True,True,True,True,True,True,True,False,True,False,True,rejected,False,False,unreasonable_detour_detected,rejected,False,False,0.0,unreasonable_detour|u_turn,,,unreasonable_detour|u_turn,True,False,True,4,bridge,high,long,detour,rejected|high|long|detour|bridge,,pending,,,,,,,,,,,,
20161022,55eb72223e03ad9fcca53889ab473388,14,13,0,0.0,False,,,0,0.0,0.0,0.0,3894.5606637621963,1.5276559541621413,3,0,0.0,0.4992861048990327,0.0,hmm_viterbi,2549.3702643918987,0,12.529822384018292,17.153180932443906,17.305103419555408,0.149170360550729,7.62981804181563,True,True,True,True,True,True,True,True,True,False,True,False,True,True,True,True,True,True,True,True,True,True,False,True,False,True,rejected,False,False,u_turn_detected,rejected,False,False,0.0,u_turn,,,u_turn,False,False,False,4,ordinary_road,low,medium,u_turn,rejected|low|medium|u_turn|ordinary_road,,pending,,,,,,,,,,,,
20161022,6538bed3cf2fef85dfb08fa1bc0832d4,40,39,2,0.05128205128205128,False,,,5,0.125,100.33760337680515,0.01121761552786052,8944.646313434674,1.3091128587323138,2,0,0.0,0.4968536487492491,0.0,hmm_viterbi,6832.601371050827,0,7.674190319082707,18.940278335391675,21.427904767652528,1.2940150037279672,4.351555949599546,False,True,True,True,True,True,True,True,True,False,True,False,True,True,True,True,True,True,True,True,True,True,False,True,False,True,rejected,False,False,unbridgeable_direction_gap,rejected,False,False,0.0,direction_gap|u_turn,,,direction_gap|u_turn,False,False,True,5,elevated,low,long,u_turn,rejected|low|long|u_turn|elevated,,pending,,,,,,,,,,,,
20161022,73a078dd0360799223c2fab1886724da,41,40,0,0.0,False,,,8,0.1951219512195122,350.0697834886922,0.07554014578758265,4634.22170872004,1.2234954427578835,1,0,0.0,0.627890987653983,0.0,hmm_viterbi,3787.6902085340275,1,3.8869482863523386,13.512293592933204,21.04113615885303,0.5352350582435822,20.817269683937333,True,False,True,True,True,True,True,True,True,False,True,False,True,True,True,True,True,True,True,True,True,True,True,True,True,True,rejected,False,False,unreasonable_detour_detected,rejected,False,False,0.0,unreasonable_detour|u_turn,,,unreasonable_detour|u_turn,False,True,True,7,tunnel,mid_low,medium,detour,rejected|mid_low|medium|detour|tunnel,,pending,,,,,,,,,,,,
20161022,763465a7582464014e8bcb23b7b9d2ab,31,30,0,0.0,False,,,25,0.8064516129032258,1665.2025798770792,0.49911147851692295,3336.3339685657393,1.1174408440181687,1,0,0.0,0.6293296846401708,0.0,hmm_viterbi,2985.691803217722,0,7.549388654393259,7.623495904484065,14.723881496857615,14.763849170475249,6.299541750606291,True,True,True,True,True,True,True,True,True,False,True,False,True,True,True,True,True,True,True,True,True,True,True,True,True,True,rejected,False,False,u_turn_detected,rejected,False,False,0.0,u_turn,,,u_turn,False,True,True,4,tunnel,mid_low,medium,u_turn,rejected|mid_low|medium|u_turn|tunnel,,pending,,,,,,,,,,,,
20161022,76e0cacfbf654c7e99459f9182c8e6af,59,58,0,0.0,False,,,31,0.5254237288135594,2539.9938947631877,0.3569516301702721,7115.792953660322,1.28696361489513,6,0,0.0,0.42626154081342493,0.0,hmm_viterbi,5529.132969497481,1,10.532294804737786,15.529002715162761,16.305529573704924,12.810218315729005,10.266158733697107,True,False,True,True,True,True,True,True,True,False,True,False,True,True,True,True,True,True,True,True,True,True,False,True,False,True,rejected,False,False,unreasonable_detour_detected,rejected,False,False,0.0,unreasonable_detour|u_turn,,,unreasonable_detour|u_turn,False,True,True,7,tunnel,low,long,detour,rejected|low|long|detour|tunnel,,pending,,,,,,,,,,,,
20161022,870ad8fc5cd1cff36cdb211877c7d515,2,1,0,0.0,False,,,0,0.0,0.0,0.0,1121.2222420685348,2.6473558251959024,0,0,0.0,0.8131082421574318,0.0,hmm_viterbi,423.52532719532144,0,2.3081860357544466,5.8022210261318925,5.920331660101606,2.313644734152149,6.756067212300673,True,True,True,True,False,True,True,True,True,True,True,False,True,True,True,True,True,True,True,True,True,True,True,True,True,True,rejected,False,False,route_length_ratio_threshold_failure,analysis_set,True,False,0.92,,route_length_ratio,,,False,False,False,4,ordinary_road,high,short,ordinary,rejected|high|short|ordinary|ordinary_road,,pending,,,,,,,,,,,,
20161022,901c19f32227676c2e12aef146f5cd1f,55,54,0,0.0,False,,,12,0.21818181818181817,2262.659333061815,0.21639599930371975,10456.105197610836,2.2354743723836057,9,1,0.01818181818181818,0.5207529060785526,0.0,hmm_viterbi,4677.354089486549,1,10.652873220807463,13.347002184330444,15.328520094259286,3.5389293365905767,12.656669514705143,True,False,True,True,True,True,True,True,True,False,True,False,True,True,True,True,True,True,True,True,True,True,False,True,False,True,rejected,False,False,unreasonable_detour_detected,rejected,False,False,0.0,unreasonable_detour|u_turn,,,unreasonable_detour|u_turn,False,False,True,4,elevated,low,medium,detour,rejected|low|medium|detour|elevated,,pending,,,,,,,,,,,,
20161022,bc48386b542e683f43f5e6f060c5050b,18,17,0,0.0,False,,,6,0.3333333333333333,398.24541049250956,0.09216340523265992,4321.079602985236,2.432140219590539,0,7,0.3888888888888889,0.645415609424451,0.0,hmm_viterbi,1776.6572700782474,2,3.1642602350207856,6.906335216644782,7.399434855719883,7.032087787711092,1.2734309612618702,True,False,True,True,True,True,True,True,True,True,False,False,True,True,False,True,True,True,True,True,True,True,True,False,False,True,rejected,False,False,unreasonable_detour_detected,rejected,False,False,0.0,unreasonable_detour,repeated_link_share,,unreasonable_detour,False,False,False,4,ordinary_road,mid_low,short,detour,rejected|mid_low|short|detour|ordinary_road,,pending,,,,,,,,,,,,
20161022,c1bb3b654e1542a9ce64e35b9f02e758,11,10,0,0.0,False,,,3,0.2727272727272727,33.867647988192076,0.022183267813852218,1526.7204215532038,1.1208078682842721,1,0,0.0,0.5853633554324789,0.0,hmm_viterbi,1362.1606920821325,0,5.758823438108534,21.332056221235934,21.529666276442413,5.765067148781422,21.624800367498004,True,True,True,True,True,True,True,True,True,False,True,False,True,True,True,True,True,True,True,True,True,True,True,True,True,True,rejected,False,False,u_turn_detected,rejected,False,False,0.0,u_turn,,,u_turn,True,False,True,4,bridge,mid_low,short,u_turn,rejected|mid_low|short|u_turn|bridge,,pending,,,,,,,,,,,,
20161022,c734edfa683d94ac85e6f0f3efbf0a28,51,50,0,0.0,False,,,9,0.17647058823529413,61.708334607040335,0.010105933774918663,6106.148722267576,1.1987651451221133,4,1,0.0196078431372549,0.737123604482851,0.0,hmm_viterbi,5093.698917685471,0,4.403182133972141,7.015311216105067,7.518935797850254,0.35507559239499575,4.327237411532939,True,True,True,True,True,True,True,True,True,False,True,False,True,True,True,True,True,True,True,True,True,True,False,True,False,True,rejected,False,False,u_turn_detected,rejected,False,False,0.0,u_turn,,,u_turn,True,True,True,6,bridge,high,long,u_turn,rejected|high|long|u_turn|bridge,,pending,,,,,,,,,,,,
20161022,cfe4afde1813786e3fa451359b4e7436,54,53,0,0.0,False,,,5,0.09259259259259259,644.8156917573282,0.060740543632015476,10615.902545486191,1.426800639599357,6,1,0.018518518518518517,0.5261141135622066,0.0,hmm_viterbi,7440.354490216037,0,8.20706910238837,18.450713310891206,27.74341127007951,1.6835484447096434,7.697983023399489,True,True,True,True,True,True,True,True,True,False,True,False,True,True,True,True,True,True,True,True,True,True,False,True,False,True,rejected,False,False,u_turn_detected,rejected,False,False,0.0,u_turn,,,u_turn,False,False,False,4,ordinary_road,low,long,u_turn,rejected|low|long|u_turn|ordinary_road,,pending,,,,,,,,,,,,
20161022,d01ea7d21372f203e07564641d176437,112,111,0,0.0,False,,,66,0.5892857142857143,2551.3416346841996,0.22250824634060065,11466.279010526097,1.3169985220305536,15,2,0.017857142857142856,0.48169322749781246,0.0,hmm_viterbi,8706.371965283106,0,10.346130731899798,15.858361026638757,17.546043264078335,14.927854771158433,0.5419638216796753,True,True,True,True,True,True,True,True,True,False,True,False,True,True,True,True,True,True,True,True,True,True,False,True,False,True,rejected,False,False,u_turn_detected,rejected,False,False,0.0,u_turn,,,u_turn,True,True,True,7,bridge,low,long,u_turn,rejected|low|long|u_turn|bridge,,pending,,,,,,,,,,,,
20161022,d3860ea68ec98b7da033ec8ee077e6c0,17,16,0,0.0,False,,,1,0.058823529411764705,0.0,0.0,2655.566572444503,1.2406594402383004,0,0,0.0,0.5638740317981048,0.0,hmm_viterbi,2140.447641243461,1,9.778078005288588,10.859135031609659,12.144661491123982,9.855131164919701,2.9857120570804385,True,False,True,True,True,True,True,True,True,True,True,False,True,True,True,True,True,True,True,True,True,True,True,True,True,True,rejected,False,False,unreasonable_detour_detected,rejected,False,False,0.0,unreasonable_detour,,,unreasonable_detour,False,False,True,4,elevated,mid_low,short,detour,rejected|mid_low|short|detour|elevated,,pending,,,,,,,,,,,,
20161022,e408a550feba516eb14b9559cea513df,55,54,0,0.0,False,,,8,0.14545454545454545,1318.994829274404,0.13461490140412116,9798.282474796091,1.3976607115802024,3,0,0.0,0.7551457495475392,0.0,hmm_viterbi,7010.487161593104,1,2.5645969298705706,7.585326713775939,8.524519754447878,0.9096556145147013,0.275694890159335,True,False,True,True,True,True,True,True,True,False,True,False,True,True,True,True,True,True,True,True,True,True,False,True,False,True,rejected,False,False,unreasonable_detour_detected,rejected,False,False,0.0,unreasonable_detour|u_turn,,,unreasonable_detour|u_turn,False,False,False,4,ordinary_road,high,long,detour,rejected|high|long|detour|ordinary_road,,pending,,,,,,,,,,,,
