date,order_id,route_link_count,route_transition_count,direction_gap_count,direction_gap_share,all_gaps_bridgeable,maximum_bridge_distance_m,maximum_bridge_link_count,interpolated_link_count,interpolated_link_share,interpolated_distance_m,interpolated_distance_share,matched_route_length_m,route_length_ratio,u_turn_count,repeated_link_count,repeated_link_share,mean_match_confidence,fallback_point_share,matcher_version,gps_length_m,unreasonable_detour_count,p50_projection_distance_m,p90_projection_distance_m,p95_projection_distance_m,origin_projection_error_m,destination_projection_error_m,core_direction_continuous,core_no_unreasonable_detour,core_fallback_share_ok,core_projection_ok,core_route_length_ratio_ok,core_interpolation_ok,core_origin_error_ok,core_destination_error_ok,core_confidence_ok,core_u_turn_ok,core_repeated_link_ok,core_all_thresholds_pass,core_route_link_count_ok,extended_direction_continuous,extended_no_unreasonable_detour,extended_fallback_share_ok,extended_projection_ok,extended_route_length_ratio_ok,extended_interpolation_ok,extended_origin_error_ok,extended_destination_error_ok,extended_confidence_ok,extended_u_turn_ok,extended_repeated_link_ok,extended_all_thresholds_pass,extended_route_link_count_ok,route_quality_class,formal_training_eligible,robustness_only_eligible,quality_reason,contains_bridge,contains_tunnel,contains_nonzero_layer,maximum_route_node_degree,road_context_stratum,confidence_band,distance_band,route_feature_stratum,sampling_stratum,reviewer_id,review_status,route_correct,major_error,minor_error,wrong_road_level,wrong_direction,wrong_parallel_road,wrong_bridge_or_tunnel,unreasonable_detour,od_endpoint_error,comments
20161019,054b78abd56ad5d181c2addbabc46ca5,56,55,0,0.0,False,,,18,0.32142857142857145,1231.5688150148035,0.16885583510147706,7293.611229216149,1.401229778572148,6,1,0.017857142857142856,0.6137455546474735,0.0,hmm_viterbi,5205.150033742741,2,3.882097538114312,11.789227429746399,14.709461982750614,3.9082371772042945,3.9988469723882485,True,False,True,True,True,True,True,True,True,False,True,False,True,True,False,True,True,True,True,True,True,True,False,True,False,True,rejected,False,False,unreasonable_detour_detected,False,True,True,7,tunnel,mid_low,long,detour,rejected|mid_low|long|detour|tunnel,,pending,,,,,,,,,,
20161020,93798d5289efb8f63d56eef22a143989,2,1,0,0.0,False,,,0,0.0,0.0,0.0,509.21988973665316,1.2241944091066175,0,0,0.0,0.8335164024737562,0.0,hmm_viterbi,415.9632538334066,0,2.7630585858622894,4.754633613359565,4.841526297151316,4.9312197794645485,2.308590164400718,True,True,True,True,True,True,True,True,True,True,True,True,True,True,True,True,True,True,True,True,True,True,True,True,True,True,core,True,False,fully_directed_continuous_and_quality_thresholds_passed,False,False,False,4,ordinary_road,high,short,ordinary,core|high|short|ordinary|ordinary_road,,pending,,,,,,,,,,
20161019,c7bc1f08199874a2e96ef2ebec921077,79,78,2,0.02564102564102564,False,,,29,0.3670886075949367,2395.5602065471126,0.19429477616780588,12329.51422470642,1.818407333850825,8,5,0.06329113924050633,0.4678229620214327,0.0,hmm_viterbi,6780.391827059077,3,5.390855901892347,10.163880249671056,13.445992046353993,15.984529006491282,6.34993145214602,False,False,True,True,True,True,True,True,True,False,True,False,True,True,False,True,True,True,True,True,True,True,False,True,False,True,rejected,False,False,unbridgeable_direction_gap,True,False,True,4,bridge,low,long,detour,rejected|low|long|detour|bridge,,pending,,,,,,,,,,
20161019,1639ea419a7690c4e24dd82447d64343,3,2,0,0.0,False,,,1,0.3333333333333333,32.10971073910317,0.04344663093504173,739.0610053771786,4.669820616351048,0,0,0.0,0.5442653576337478,0.0,hmm_viterbi,158.26325379381996,0,2.7253615673939167,3.067735097130474,3.1462585306484017,2.9042845894153633,3.217688556037671,True,True,True,True,False,True,True,True,True,True,True,False,True,True,True,True,True,False,True,True,True,True,True,True,False,True,rejected,False,False,route_length_ratio_threshold_failure,False,False,False,4,ordinary_road,low,short,ordinary,rejected|low|short|ordinary|ordinary_road,,pending,,,,,,,,,,
20161020,f52e4108e01a6a8f7cf801dabc287ef1,43,42,0,0.0,False,,,11,0.2558139534883721,45.89594763645386,0.014288875349400418,3212.005599753498,1.091747948145767,6,1,0.023255813953488372,0.7333533854732673,0.0,hmm_viterbi,2942.0761497274098,0,5.097286247342417,7.318413163457108,7.345787075600823,5.878550368877478,0.917020936454842,True,True,True,True,True,True,True,True,True,False,True,False,True,True,True,True,True,True,True,True,True,True,False,True,False,True,rejected,False,False,u_turn_detected,True,True,True,5,bridge,mid_high,medium,u_turn,rejected|mid_high|medium|u_turn|bridge,,pending,,,,,,,,,,
20161020,f49883b936500cfee19fddb8deebc4e9,10,9,0,0.0,False,,,0,0.0,0.0,0.0,2027.4511270243042,1.2079177828991827,0,0,0.0,0.9081591593542049,0.0,hmm_viterbi,1678.467819356148,0,0.9308717057251795,3.766629278559366,4.412033699055517,0.8932535664456555,0.23938245592382668,True,True,True,True,True,True,True,True,True,True,True,True,True,True,True,True,True,True,True,True,True,True,True,True,True,True,core,True,False,fully_directed_continuous_and_quality_thresholds_passed,False,False,False,5,ordinary_road,high,short,ordinary,core|high|short|ordinary|ordinary_road,,pending,,,,,,,,,,
20161022,4d5ba116f09ce9b1c9ab60805eb76561,77,76,0,0.0,False,,,49,0.6363636363636364,2857.5675088316393,0.43532610878174627,6564.19969118898,2.5874459059451795,8,17,0.22077922077922077,0.34156539280004855,0.0,hmm_viterbi,2536.941806631167,4,13.165827540662672,15.033311624795006,15.066348833926785,9.660224110139028,3.0656045406042534,True,False,True,True,False,True,True,True,False,False,False,False,True,True,False,True,True,True,True,True,True,True,False,True,False,True,rejected,False,False,route_length_ratio_threshold_failure,True,True,True,4,bridge,low,medium,detour,rejected|low|medium|detour|bridge,,pending,,,,,,,,,,
20161020,3825af03bd4a3fad1d05bcf2a300b0db,61,60,0,0.0,False,,,12,0.19672131147540983,808.9350988870323,0.10739805403222301,7532.120634553813,1.174090045018678,3,2,0.03278688524590164,0.6890892722580462,0.0,hmm_viterbi,6415.283620289948,1,3.264638752477107,12.680416857029337,15.299550248732196,0.13235377459190598,4.864633611770889,True,False,True,True,True,True,True,True,True,False,True,False,True,True,True,True,True,True,True,True,True,True,False,True,False,True,rejected,False,False,unreasonable_detour_detected,True,True,True,4,bridge,mid_high,long,detour,rejected|mid_high|long|detour|bridge,,pending,,,,,,,,,,
20161022,23de2cd59dc55cc7638668f3aef7cc1f,94,93,0,0.0,False,,,50,0.5319148936170213,2606.7421331419387,0.2691632202395504,9684.61489954677,1.5922594057482728,9,2,0.02127659574468085,0.46026214549186595,0.0,hmm_viterbi,6082.309744620754,4,5.766281366575611,12.569670120120346,13.917648249514285,3.7527434207585406,1.4353708564492407,True,False,True,True,True,True,True,True,True,False,True,False,True,True,False,True,True,True,True,True,True,True,False,True,False,True,rejected,False,False,unreasonable_detour_detected,True,True,True,7,bridge,low,long,detour,rejected|low|long|detour|bridge,,pending,,,,,,,,,,
20161020,8567c99bf628b23001a1fc2f0d5ca736,45,44,0,0.0,False,,,20,0.4444444444444444,1464.5129872291552,0.18274885065843527,8013.801356082874,1.952579571102321,5,10,0.2222222222222222,0.33106970896952115,0.0,hmm_viterbi,4104.212435019339,3,7.080707622994008,24.048186181012017,24.048186181012017,2.3904084315159917,42.715660325670136,True,False,True,True,True,True,True,True,False,False,False,False,True,True,False,True,True,True,True,True,True,True,False,True,False,True,rejected,False,False,unreasonable_detour_detected,False,True,True,5,tunnel,low,medium,detour,rejected|low|medium|detour|tunnel,,pending,,,,,,,,,,
20161019,86bff581dc3cf0840e4f39df74333ec6,5,4,0,0.0,False,,,0,0.0,0.0,0.0,1691.0453333424707,1.2323869842091615,0,0,0.0,0.7022366475009126,0.0,hmm_viterbi,1372.1707182972532,0,3.3135348259152284,12.63569872245694,13.79488909845439,12.771329304092568,4.912349108277029,True,True,True,True,True,True,True,True,True,True,True,True,True,True,True,True,True,True,True,True,True,True,True,True,True,True,core,True,False,fully_directed_continuous_and_quality_thresholds_passed,False,False,False,4,ordinary_road,mid_high,short,ordinary,core|mid_high|short|ordinary|ordinary_road,,pending,,,,,,,,,,
20161022,870ad8fc5cd1cff36cdb211877c7d515,2,1,0,0.0,False,,,0,0.0,0.0,0.0,1121.2222420685348,2.6473558251959024,0,0,0.0,0.8131082421574318,0.0,hmm_viterbi,423.52532719532144,0,2.3081860357544466,5.8022210261318925,5.920331660101606,2.313644734152149,6.756067212300673,True,True,True,True,False,True,True,True,True,True,True,False,True,True,True,True,True,True,True,True,True,True,True,True,True,True,rejected,False,False,route_length_ratio_threshold_failure,False,False,False,4,ordinary_road,high,short,ordinary,rejected|high|short|ordinary|ordinary_road,,pending,,,,,,,,,,
20161020,a62ee4bc8149feab5b63c72ddbff7b71,20,19,0,0.0,False,,,1,0.05,18.247551324629992,0.0071022176893614335,2569.275136689121,1.0211906900747232,1,0,0.0,0.7533187361720018,0.0,hmm_viterbi,2515.960203770679,0,4.735608522369778,7.6610608198282595,8.405802242092285,8.509439125591468,5.149099805240355,True,True,True,True,True,True,True,True,True,False,True,False,True,True,True,True,True,True,True,True,True,True,True,True,True,True,rejected,False,False,u_turn_detected,False,False,False,5,ordinary_road,high,short,u_turn,rejected|high|short|u_turn|ordinary_road,,pending,,,,,,,,,,
20161022,0ac81f2bf7660b5762010a292a0eab72,56,55,1,0.01818181818181818,False,,,20,0.35714285714285715,3086.1261070701207,0.3645999429336048,8464.417416631679,1.7889145708645717,1,14,0.25,0.5758019954343342,0.0,hmm_viterbi,4731.59398133857,2,2.5882013506324695,8.22226144751864,9.57228181173049,6.99153958040275,8.065042052326385,False,False,True,True,True,True,True,True,True,False,False,False,True,True,False,True,True,True,True,True,True,True,True,True,False,True,rejected,False,False,unbridgeable_direction_gap,True,False,True,4,bridge,mid_low,medium,detour,rejected|mid_low|medium|detour|bridge,,pending,,,,,,,,,,
20161020,4bbbe5deecfe127781fc23db5dcac0bf,7,6,0,0.0,False,,,3,0.42857142857142855,126.27240594801464,0.12184549832377478,1036.332139349756,4.507531654110646,0,0,0.0,0.6325033995997182,0.0,hmm_viterbi,229.9112283337317,0,4.9984056323705985,5.307722148553502,5.5960698832082825,4.73881725295237,5.333693051000357,True,True,True,True,False,True,True,True,True,True,True,False,True,True,True,True,True,False,True,True,True,True,True,True,False,True,rejected,False,False,route_length_ratio_threshold_failure,False,False,False,4,ordinary_road,mid_low,short,ordinary,rejected|mid_low|short|ordinary|ordinary_road,,pending,,,,,,,,,,
20161019,1e456711a978f0a087f2c052949d230b,18,17,0,0.0,False,,,1,0.05555555555555555,11.119892840509744,0.0030738363138385644,3617.5943365778558,1.3425470286483152,2,2,0.1111111111111111,0.6387213903311383,0.0,hmm_viterbi,2694.5755041594875,0,6.481620003038535,10.437299860175132,10.677972883410908,6.800547535128321,0.9221288559632087,True,True,True,True,True,True,True,True,True,False,True,False,True,True,True,True,True,True,True,True,True,True,False,True,False,True,rejected,False,False,u_turn_detected,False,False,False,4,ordinary_road,mid_low,medium,u_turn,rejected|mid_low|medium|u_turn|ordinary_road,,pending,,,,,,,,,,
20161022,263d59e56cdc9cce41dcf135071d60a1,52,51,0,0.0,False,,,15,0.28846153846153844,2340.8566452366176,0.2802265263056805,8353.444179952945,1.7681053400473934,2,6,0.11538461538461539,0.7041567080331566,0.0,hmm_viterbi,4724.517250611909,1,4.035056156089142,7.265729366714766,7.265729366714766,1.0921329433495477,2.385140197765939,True,False,True,True,True,True,True,True,True,False,True,False,True,True,True,True,True,True,True,True,True,True,False,True,False,True,rejected,False,False,unreasonable_detour_detected,True,False,True,4,bridge,mid_high,medium,detour,rejected|mid_high|medium|detour|bridge,,pending,,,,,,,,,,
20161019,cae29a4c55bf1b910c1687d9cfaf336f,16,15,0,0.0,False,,,4,0.25,26.672221057239494,0.022858424501412476,1166.8442440375256,1.2572565617846598,1,0,0.0,0.8288813545826217,0.0,hmm_viterbi,928.0876151333862,0,0.8647620185098512,7.994296231341452,7.994296231341452,1.673748599314391,4.356039738604289,True,True,True,True,True,True,True,True,True,False,True,False,True,True,True,True,True,True,True,True,True,True,True,True,True,True,rejected,False,False,u_turn_detected,False,True,True,4,tunnel,high,short,u_turn,rejected|high|short|u_turn|tunnel,,pending,,,,,,,,,,
20161020,36b32e9101b2a21fdfc760329c83e235,88,87,0,0.0,False,,,54,0.6136363636363636,6041.334548995237,0.5338882043968559,11315.729583912145,3.0713500583073814,5,26,0.29545454545454547,0.2583509503700797,0.0,hmm_viterbi,3684.285206534951,6,6.011095677556166,18.59218117113725,22.669512298822863,5.41988137164967,2.1213323574681393,True,False,True,True,False,False,True,True,False,False,False,False,True,True,False,True,True,False,True,True,True,True,False,True,False,True,rejected,False,False,route_length_ratio_threshold_failure,False,False,False,5,ordinary_road,low,medium,detour,rejected|low|medium|detour|ordinary_road,,pending,,,,,,,,,,
20161022,763465a7582464014e8bcb23b7b9d2ab,31,30,0,0.0,False,,,25,0.8064516129032258,1665.2025798770792,0.49911147851692295,3336.3339685657393,1.1174408440181687,1,0,0.0,0.6293296846401708,0.0,hmm_viterbi,2985.691803217722,0,7.549388654393259,7.623495904484065,14.723881496857615,14.763849170475249,6.299541750606291,True,True,True,True,True,True,True,True,True,False,True,False,True,True,True,True,True,True,True,True,True,True,True,True,True,True,rejected,False,False,u_turn_detected,False,True,True,4,tunnel,mid_low,medium,u_turn,rejected|mid_low|medium|u_turn|tunnel,,pending,,,,,,,,,,
20161022,1531e04421abcb2763d5ac2ec1cf2dd7,62,61,1,0.01639344262295082,False,,,26,0.41935483870967744,1680.1392316094255,0.21442097439878793,7835.703742697491,1.5414085144394094,3,6,0.0967741935483871,0.4441643011420911,0.0,hmm_viterbi,5083.469871416428,3,7.688029874146124,11.896655892220283,13.147549228008327,2.1602215466271835,32.37832925853377,False,False,True,True,True,True,True,True,True,False,True,False,True,True,False,True,True,True,True,True,True,True,False,True,False,True,rejected,False,False,unbridgeable_direction_gap,True,False,True,7,bridge,low,long,detour,rejected|low|long|detour|bridge,,pending,,,,,,,,,,
20161022,f867e9104f1c5c8055effe530368fba0,5,4,0,0.0,False,,,0,0.0,0.0,0.0,1701.1483528046012,1.2764332831057001,0,0,0.0,0.6348762217747363,0.0,hmm_viterbi,1332.735815745515,0,8.002800690399734,10.146545356642282,11.02414846152078,1.1366405721282964,11.29989505266052,True,True,True,True,True,True,True,True,True,True,True,True,True,True,True,True,True,True,True,True,True,True,True,True,True,True,core,True,False,fully_directed_continuous_and_quality_thresholds_passed,False,False,False,4,ordinary_road,mid_low,short,ordinary,core|mid_low|short|ordinary|ordinary_road,,pending,,,,,,,,,,
20161020,663a9a815edd6e6b8769c04f34f2e09c,74,73,0,0.0,False,,,29,0.3918918918918919,1238.7901103825093,0.16162240579687465,7664.7176749701875,1.405445565081348,5,8,0.10810810810810811,0.6797430073700439,0.0,hmm_viterbi,5453.5855855267855,0,1.9591647787092619,5.535613951108315,15.30361276524668,1.9584652684541484,4.046392128129954,True,True,True,True,True,True,True,True,True,False,True,False,True,True,True,True,True,True,True,True,True,True,False,True,False,True,rejected,False,False,u_turn_detected,True,True,True,5,bridge,mid_high,long,u_turn,rejected|mid_high|long|u_turn|bridge,,pending,,,,,,,,,,
20161019,3d7e65b99a9097669b30e60848daed8d,22,21,0,0.0,False,,,4,0.18181818181818182,35.68238606650788,0.014662111979207798,2433.6457201465064,1.3494653858240317,3,0,0.0,0.7241207458761094,0.0,hmm_viterbi,1803.4147046020269,0,5.926422391260679,6.634272953085179,6.662863652700287,6.372571330528071,4.207091891985673,True,True,True,True,True,True,True,True,True,False,True,False,True,True,True,True,True,True,True,True,True,True,False,True,False,True,rejected,False,False,u_turn_detected,False,True,True,4,tunnel,mid_high,short,u_turn,rejected|mid_high|short|u_turn|tunnel,,pending,,,,,,,,,,
20161019,c054b46222ab9b844243cbb61b1fd5d5,43,42,0,0.0,False,,,5,0.11627906976744186,13.438141758563459,0.0027744129168490264,4843.598325596577,1.1883616949047398,6,0,0.0,0.6887501327592603,0.0,hmm_viterbi,4075.862042982498,0,2.7429811732512848,12.19647911675569,13.531419004758074,0.3987800884337747,10.97326112172696,True,True,True,True,True,True,True,True,True,False,True,False,True,True,True,True,True,True,True,True,True,True,False,True,False,True,rejected,False,False,u_turn_detected,True,True,True,4,bridge,mid_high,medium,u_turn,rejected|mid_high|medium|u_turn|bridge,,pending,,,,,,,,,,
20161022,c1bb3b654e1542a9ce64e35b9f02e758,11,10,0,0.0,False,,,3,0.2727272727272727,33.867647988192076,0.022183267813852218,1526.7204215532038,1.1208078682842721,1,0,0.0,0.5853633554324789,0.0,hmm_viterbi,1362.1606920821325,0,5.758823438108534,21.332056221235934,21.529666276442413,5.765067148781422,21.624800367498004,True,True,True,True,True,True,True,True,True,False,True,False,True,True,True,True,True,True,True,True,True,True,True,True,True,True,rejected,False,False,u_turn_detected,True,False,True,4,bridge,mid_low,short,u_turn,rejected|mid_low|short|u_turn|bridge,,pending,,,,,,,,,,
20161022,01ff1891e41623c8f5bd8b27ad8fdb51,78,77,0,0.0,False,,,47,0.6025641025641025,945.0859616728418,0.1339155219097154,7057.329487988778,1.295605409897956,9,14,0.1794871794871795,0.6299629747165677,0.0,hmm_viterbi,5447.128758550511,1,6.134492653128256,9.935853839692571,11.679583342475325,7.905319280875869,8.678811989199323,True,False,True,True,True,True,True,True,True,False,True,False,True,True,True,True,True,True,True,True,True,True,False,True,False,True,rejected,False,False,unreasonable_detour_detected,True,False,True,4,bridge,mid_low,long,detour,rejected|mid_low|long|detour|bridge,,pending,,,,,,,,,,
20161020,9fc8b1c0ce68b371c8e7e05ef6329630,13,12,0,0.0,False,,,3,0.23076923076923078,137.56462512178052,0.0551724197771353,2493.358559901163,1.4253907570396092,0,0,0.0,0.7097095415865855,0.0,hmm_viterbi,1749.2456349861661,0,2.01808700662221,8.350169173320092,8.371610188320698,8.353039694396557,2.1097253886249905,True,True,True,True,True,True,True,True,True,True,True,True,True,True,True,True,True,True,True,True,True,True,True,True,True,True,core,True,False,fully_directed_continuous_and_quality_thresholds_passed,False,False,False,4,ordinary_road,mid_high,short,ordinary,core|mid_high|short|ordinary|ordinary_road,,pending,,,,,,,,,,
20161020,14a906a7753e2d2100bf04b537443ba4,76,75,2,0.02666666666666667,False,,,21,0.27631578947368424,224.76575281160945,0.019823862322026785,11338.14133494393,1.3510973005394775,8,0,0.0,0.5752370746636377,0.0,hmm_viterbi,8391.802226543374,0,5.325923469777855,16.31102436908269,16.31102436908269,1.8467545735594233,6.533457609016838,False,True,True,True,True,True,True,True,True,False,True,False,True,True,True,True,True,True,True,True,True,True,False,True,False,True,rejected,False,False,unbridgeable_direction_gap,True,False,True,4,bridge,mid_low,long,u_turn,rejected|mid_low|long|u_turn|bridge,,pending,,,,,,,,,,
20161020,bc08600b7260083a0916809f49241803,15,14,0,0.0,False,,,4,0.26666666666666666,26.09508143307731,0.022382051444714102,1165.8931933712495,1.280199715386149,1,0,0.0,0.7719961697245739,0.0,hmm_viterbi,910.7119610783376,0,3.683306897420708,7.685345094827561,7.884305058915668,6.135694124569245,4.207091891985673,True,True,True,True,True,True,True,True,True,False,True,False,True,True,True,True,True,True,True,True,True,True,True,True,True,True,rejected,False,False,u_turn_detected,False,True,True,4,tunnel,high,short,u_turn,rejected|high|short|u_turn|tunnel,,pending,,,,,,,,,,
20161022,264fd1312b91900a154a3e4571c313e8,40,39,1,0.02564102564102564,False,,,8,0.2,25.479854065137992,0.0048696155024523504,5232.415999231618,1.3212750728139984,7,0,0.0,0.6242120396779997,0.0,hmm_viterbi,3960.1261742476,0,4.285259301046555,15.443189177351417,20.82140746645471,10.863941073706215,6.517723041325471,False,True,True,True,True,True,True,True,True,False,True,False,True,True,True,True,True,True,True,True,True,True,False,True,False,True,rejected,False,False,unbridgeable_direction_gap,True,False,True,4,bridge,mid_low,medium,u_turn,rejected|mid_low|medium|u_turn|bridge,,pending,,,,,,,,,,
20161020,56a499c4ca55df6ecce6d78f8aa19d9f,8,7,0,0.0,False,,,0,0.0,0.0,0.0,2717.5874831877527,1.3457649698995888,0,0,0.0,0.673215470237296,0.0,hmm_viterbi,2019.362625697204,0,6.951190789712349,9.69276746091891,10.319688123769126,6.79073123358232,10.108808913614299,True,True,True,True,True,True,True,True,True,True,True,True,True,True,True,True,True,True,True,True,True,True,True,True,True,True,core,True,False,fully_directed_continuous_and_quality_thresholds_passed,False,False,False,4,ordinary_road,mid_high,short,ordinary,core|mid_high|short|ordinary|ordinary_road,,pending,,,,,,,,,,
20161019,58dbfa267da167fa76697a8a3c8311c4,3,2,0,0.0,False,,,0,0.0,0.0,0.0,1095.8921069259318,1.5489486794019907,0,0,0.0,0.9298286181391113,0.0,hmm_viterbi,707.5070475214374,0,0.2505145739801502,3.6009634139315745,5.289741567071664,7.006802348071027,0.23502463600191464,True,True,True,True,True,True,True,True,True,True,True,True,True,True,True,True,True,True,True,True,True,True,True,True,True,True,core,True,False,fully_directed_continuous_and_quality_thresholds_passed,False,False,False,4,ordinary_road,high,short,ordinary,core|high|short|ordinary|ordinary_road,,pending,,,,,,,,,,
20161020,7c3b4c2ba1808262e49cd0ac22da0ea5,9,8,0,0.0,False,,,0,0.0,0.0,0.0,1687.9933615546254,1.1565574962539713,0,0,0.0,0.6263336795835421,0.0,hmm_viterbi,1459.4980076839645,0,7.786188289854951,8.5999182046568,8.903409402010807,4.725504453371089,8.123201604158599,True,True,True,True,True,True,True,True,True,True,True,True,True,True,True,True,True,True,True,True,True,True,True,True,True,True,core,True,False,fully_directed_continuous_and_quality_thresholds_passed,False,False,False,4,ordinary_road,mid_low,short,ordinary,core|mid_low|short|ordinary|ordinary_road,,pending,,,,,,,,,,
20161022,0288ac4f07034c92570f2b8eb1b510f9,3,2,0,0.0,False,,,0,0.0,0.0,0.0,846.9071970809466,2.6195156861766837,1,0,0.0,0.6365910294495376,0.0,hmm_viterbi,323.3067858879863,0,7.1660689356618885,8.149069668451581,8.522910825223526,8.58760420503861,6.301922713971573,True,True,True,True,False,True,True,True,True,False,True,False,True,True,True,True,True,True,True,True,True,True,True,True,True,True,rejected,False,False,route_length_ratio_threshold_failure,False,False,False,4,ordinary_road,mid_low,short,u_turn,rejected|mid_low|short|u_turn|ordinary_road,,pending,,,,,,,,,,
20161022,3ac2fdf6fb26eb1201465dac7772a412,27,26,0,0.0,False,,,14,0.5185185185185185,269.2622457885142,0.0526579787613249,5113.417797689495,2.650812089708615,0,13,0.48148148148148145,0.34162875825180145,0.0,hmm_viterbi,1929.0004816039514,4,9.03921220467881,11.318793392576678,20.280822704391426,26.467201531411792,9.148191625509577,True,False,True,True,False,True,True,True,False,True,False,False,True,True,False,True,True,True,True,True,True,True,True,False,False,True,rejected,False,False,route_length_ratio_threshold_failure,False,False,False,4,ordinary_road,low,short,detour,rejected|low|short|detour|ordinary_road,,pending,,,,,,,,,,
20161020,d39141f35d9abee6642a7fcefe59ff94,9,8,0,0.0,False,,,0,0.0,0.0,0.0,2392.3834594808386,1.34279100336266,1,0,0.0,0.44878513692600025,0.0,hmm_viterbi,1781.6499019503078,0,10.912121073388732,25.48985019739147,25.49292976669033,13.364159838213139,0.10937258019046162,True,True,True,True,True,True,True,True,True,False,True,False,True,True,True,True,True,True,True,True,True,True,True,True,True,True,rejected,False,False,u_turn_detected,False,False,False,4,ordinary_road,low,short,u_turn,rejected|low|short|u_turn|ordinary_road,,pending,,,,,,,,,,
20161020,055e8bce03df95009204e9610b5ec011,5,4,0,0.0,False,,,0,0.0,0.0,0.0,2360.141030442963,1.4541902534056033,1,0,0.0,0.5552512380124701,0.0,hmm_viterbi,1622.993294663949,0,9.279166745939367,17.531551781881074,18.530902167614112,3.6634335127854603,15.520705679623164,True,True,True,True,True,True,True,True,True,False,True,False,True,True,True,True,True,True,True,True,True,True,True,True,True,True,rejected,False,False,u_turn_detected,False,False,False,4,ordinary_road,low,short,u_turn,rejected|low|short|u_turn|ordinary_road,,pending,,,,,,,,,,
20161020,2b04a48080aeb7562f82c3b12506e121,22,21,0,0.0,False,,,0,0.0,0.0,0.0,5108.438212671132,1.1062359615579154,1,0,0.0,0.7292389373991239,0.0,hmm_viterbi,4617.85585552372,0,4.344896081360517,8.876490564945119,10.023163548933343,1.5163898717134263,0.19968427801096683,True,True,True,True,True,True,True,True,True,False,True,False,True,True,True,True,True,True,True,True,True,True,True,True,True,True,rejected,False,False,u_turn_detected,False,False,False,4,ordinary_road,mid_high,medium,u_turn,rejected|mid_high|medium|u_turn|ordinary_road,,pending,,,,,,,,,,
20161019,fc6b417c8ced10d4e14ef69284e026ed,45,44,0,0.0,False,,,7,0.15555555555555556,298.3292376966282,0.04157300143464498,7176.033180226787,1.3455745880787555,1,2,0.044444444444444446,0.6292511880302029,0.0,hmm_viterbi,5333.062354033383,1,3.275570775412213,10.055080108508445,13.239046351765202,0.45760008321617224,3.060585382284104,True,False,True,True,True,True,True,True,True,False,True,False,True,True,True,True,True,True,True,True,True,True,True,True,True,True,rejected,False,False,unreasonable_detour_detected,False,False,False,4,ordinary_road,mid_low,long,detour,rejected|mid_low|long|detour|ordinary_road,,pending,,,,,,,,,,
20161020,50ba92737f2154b9cf2f04ef3103ac6f,28,27,0,0.0,False,,,8,0.2857142857142857,334.1412890761972,0.07585884637116419,4404.7768330314675,1.280883804967295,3,2,0.07142857142857142,0.5227289699340096,0.0,hmm_viterbi,3438.8574638461723,0,5.002050867459066,23.778351687215363,23.781748060136565,2.424803465465593,12.338167466635358,True,True,True,True,True,True,True,True,True,False,True,False,True,True,True,True,True,True,True,True,True,True,False,True,False,True,rejected,False,False,u_turn_detected,False,True,True,5,tunnel,low,medium,u_turn,rejected|low|medium|u_turn|tunnel,,pending,,,,,,,,,,
20161022,c734edfa683d94ac85e6f0f3efbf0a28,51,50,0,0.0,False,,,9,0.17647058823529413,61.708334607040335,0.010105933774918663,6106.148722267576,1.1987651451221133,4,1,0.0196078431372549,0.737123604482851,0.0,hmm_viterbi,5093.698917685471,0,4.403182133972141,7.015311216105067,7.518935797850254,0.35507559239499575,4.327237411532939,True,True,True,True,True,True,True,True,True,False,True,False,True,True,True,True,True,True,True,True,True,True,False,True,False,True,rejected,False,False,u_turn_detected,True,True,True,6,bridge,high,long,u_turn,rejected|high|long|u_turn|bridge,,pending,,,,,,,,,,
20161022,a8c6c24ab4ee866114614eb3ffd2aee1,16,15,0,0.0,False,,,2,0.125,269.40795670039074,0.05730054298646829,4701.664987084194,1.7604740449067304,2,0,0.0,0.380710424379258,0.0,hmm_viterbi,2670.6812296873636,1,15.346341338472232,18.57583055309497,18.958345359984648,15.38718331794945,10.551908872695854,True,False,True,True,True,True,True,True,True,False,True,False,True,True,True,True,True,True,True,True,True,True,False,True,False,True,rejected,False,False,unreasonable_detour_detected,False,False,False,4,ordinary_road,low,medium,detour,rejected|low|medium|detour|ordinary_road,,pending,,,,,,,,,,
20161019,19e7cd13dc64a47d0c179a5a5cc534f5,13,12,0,0.0,False,,,0,0.0,0.0,0.0,2871.4414701204114,1.268744580217789,1,1,0.07692307692307693,0.7576688843294279,0.0,hmm_viterbi,2263.2147674889047,0,3.2915362779427264,9.345486620851377,10.840622464997496,1.0730409883452037,1.6794952718200324,True,True,True,True,True,True,True,True,True,False,True,False,True,True,True,True,True,True,True,True,True,True,True,True,True,True,rejected,False,False,u_turn_detected,False,False,False,4,ordinary_road,high,short,u_turn,rejected|high|short|u_turn|ordinary_road,,pending,,,,,,,,,,
20161020,769e5a709276506d0049e747b40d57a4,14,13,0,0.0,False,,,3,0.21428571428571427,197.0596914772242,0.10094664569427281,1952.1172805883964,1.4696412369453777,0,0,0.0,0.7223423007047639,0.0,hmm_viterbi,1328.2951182329616,0,3.831714636500867,5.807765700163299,7.188161105574038,12.20733785652775,0.32588327248661236,True,True,True,True,True,True,True,True,True,True,True,True,True,True,True,True,True,True,True,True,True,True,True,True,True,True,core,True,False,fully_directed_continuous_and_quality_thresholds_passed,False,False,False,4,ordinary_road,mid_high,short,ordinary,core|mid_high|short|ordinary|ordinary_road,,pending,,,,,,,,,,
20161020,b9b24ce588520d4e0d29c6f28ab33fde,13,12,0,0.0,False,,,0,0.0,0.0,0.0,3654.7607224566905,1.235736188780941,0,0,0.0,0.709017363726412,0.0,hmm_viterbi,2957.557410422792,0,4.706533379604727,10.971727712627175,12.287313898077262,1.151709153120113,10.248401096608909,True,True,True,True,True,True,True,True,True,True,True,True,True,True,True,True,True,True,True,True,True,True,True,True,True,True,core,True,False,fully_directed_continuous_and_quality_thresholds_passed,False,False,False,4,ordinary_road,mid_high,medium,ordinary,core|mid_high|medium|ordinary|ordinary_road,,pending,,,,,,,,,,
20161022,cfe4afde1813786e3fa451359b4e7436,54,53,0,0.0,False,,,5,0.09259259259259259,644.8156917573282,0.060740543632015476,10615.902545486191,1.426800639599357,6,1,0.018518518518518517,0.5261141135622066,0.0,hmm_viterbi,7440.354490216037,0,8.20706910238837,18.450713310891206,27.74341127007951,1.6835484447096434,7.697983023399489,True,True,True,True,True,True,True,True,True,False,True,False,True,True,True,True,True,True,True,True,True,True,False,True,False,True,rejected,False,False,u_turn_detected,False,False,False,4,ordinary_road,low,long,u_turn,rejected|low|long|u_turn|ordinary_road,,pending,,,,,,,,,,
20161020,76df175aeae5c878ca3469bc8881c6ca,40,39,0,0.0,False,,,4,0.1,32.88068299058409,0.004880905309921788,6736.595140197664,1.1007172523184805,2,0,0.0,0.7173557156699008,0.0,hmm_viterbi,6120.186747330552,0,5.015037140698995,8.09051777245612,8.698103617304806,0.500673522512106,7.2395837920569655,True,True,True,True,True,True,True,True,True,False,True,False,True,True,True,True,True,True,True,True,True,True,False,True,False,True,rejected,False,False,u_turn_detected,True,False,True,4,bridge,mid_high,long,u_turn,rejected|mid_high|long|u_turn|bridge,,pending,,,,,,,,,,
20161019,e4fbbb2e6950e05c322a0479a2598e01,133,132,1,0.007575757575757576,False,,,68,0.5112781954887218,3276.258595313886,0.26962864610348203,12151.003399158395,1.5222390767385323,11,15,0.11278195488721804,0.5351075043489794,0.0,hmm_viterbi,7982.322609397521,4,5.293269734209886,9.971342008017247,11.95547696991258,6.234520178407444,4.62981474925844,False,False,True,True,True,True,True,True,True,False,True,False,True,True,False,True,True,True,True,True,True,True,False,True,False,True,rejected,False,False,unbridgeable_direction_gap,True,True,True,5,bridge,low,long,detour,rejected|low|long|detour|bridge,,pending,,,,,,,,,,
20161019,8cf2f0716ee808f42805d56bab59e13a,54,53,0,0.0,False,,,29,0.5370370370370371,1090.3351548675932,0.24841200697408033,4389.220827724967,1.3738048381758303,7,0,0.0,0.712948517348428,0.0,hmm_viterbi,3194.937669278466,1,3.288324744272763,5.498892773124505,12.510984405748323,0.3263506926278624,3.552156567076558,True,False,True,True,True,True,True,True,True,False,True,False,True,True,True,True,True,True,True,True,True,True,False,True,False,True,rejected,False,False,unreasonable_detour_detected,True,True,True,4,bridge,mid_high,medium,detour,rejected|mid_high|medium|detour|bridge,,pending,,,,,,,,,,
20161019,ec368cb86595a402a79c6910a8c797ee,9,8,0,0.0,False,,,0,0.0,0.0,0.0,1962.7944859400009,1.1933911287870433,0,0,0.0,0.9048247530450527,0.0,hmm_viterbi,1644.7201915561207,0,1.0939883687049001,3.595505526058902,4.939871900037088,1.735968076817481,2.1264011761638444,True,True,True,True,True,True,True,True,True,True,True,True,True,True,True,True,True,True,True,True,True,True,True,True,True,True,core,True,False,fully_directed_continuous_and_quality_thresholds_passed,False,False,False,4,ordinary_road,high,short,ordinary,core|high|short|ordinary|ordinary_road,,pending,,,,,,,,,,
20161019,8cb570e0a0ac54b2e8dc04fcd3033478,35,34,0,0.0,False,,,1,0.02857142857142857,9.96088583786044,0.0015753825836141032,6322.836078972676,1.3976137514934825,1,0,0.0,0.539284175097071,0.0,hmm_viterbi,4524.022514958891,1,8.892518948661149,12.092367281640316,12.94945456986108,2.770291613569988,11.097201625414662,True,False,True,True,True,True,True,True,True,False,True,False,True,True,True,True,True,True,True,True,True,True,True,True,True,True,rejected,False,False,unreasonable_detour_detected,False,False,False,4,ordinary_road,low,medium,detour,rejected|low|medium|detour|ordinary_road,,pending,,,,,,,,,,
20161020,30a1daca5cb32dbfdcd1218e60a05b5e,42,41,0,0.0,False,,,26,0.6190476190476191,784.2488192430762,0.19077458634879746,4110.866306947281,1.0997952137557279,4,0,0.0,0.6280263916201875,0.0,hmm_viterbi,3737.8470605531597,0,4.805825517069286,17.211394878818954,18.349674494144825,1.7674503147720713,7.506987834953185,True,True,True,True,True,True,True,True,True,False,True,False,True,True,True,True,True,True,True,True,True,True,False,True,False,True,rejected,False,False,u_turn_detected,True,True,True,6,bridge,mid_low,medium,u_turn,rejected|mid_low|medium|u_turn|bridge,,pending,,,,,,,,,,
20161020,50169d73445cf6c01a7b1fa6b33171b6,23,22,0,0.0,False,,,11,0.4782608695652174,2242.1840394313854,0.3625913398932172,6183.7771417588365,2.7172204450551103,3,1,0.043478260869565216,0.3922393284648456,0.0,hmm_viterbi,2275.7730801754724,1,12.901867616911959,19.372669132979333,19.448914964734108,13.073720836845897,4.82847008185493,True,False,True,True,False,True,True,True,True,False,True,False,True,True,True,True,True,True,True,True,True,True,False,True,False,True,rejected,False,False,route_length_ratio_threshold_failure,False,False,True,4,elevated,low,short,detour,rejected|low|short|detour|elevated,,pending,,,,,,,,,,
20161022,d5f19106b2cc90cc7d44ea835e630d52,15,14,0,0.0,False,,,2,0.13333333333333333,57.75031254635922,0.02140284580212151,2698.2539182072155,1.1864449986382346,0,0,0.0,0.8143995397408207,0.0,hmm_viterbi,2274.234306102844,0,2.669934920663893,6.291063374900988,10.588044124898428,4.116913385633942,0.9097845005051513,True,True,True,True,True,True,True,True,True,True,True,True,True,True,True,True,True,True,True,True,True,True,True,True,True,True,core,True,False,fully_directed_continuous_and_quality_thresholds_passed,True,False,True,3,bridge,high,short,ordinary,core|high|short|ordinary|bridge,,pending,,,,,,,,,,
20161020,2c671b501a256856e98645435806d146,37,36,1,0.027777777777777776,False,,,6,0.16216216216216217,0.0,0.0,5289.536208912299,1.22747453755426,4,0,0.0,0.6035811278982209,0.0,hmm_viterbi,4309.283856471424,0,6.146324809554167,9.918853703582986,10.166695235223507,0.7249815640894501,5.535901657253148,False,True,True,True,True,True,True,True,True,False,True,False,True,True,True,True,True,True,True,True,True,True,False,True,False,True,rejected,False,False,unbridgeable_direction_gap,True,False,True,4,bridge,mid_low,medium,u_turn,rejected|mid_low|medium|u_turn|bridge,,pending,,,,,,,,,,
20161022,df7505ee31920369c22a11928d21a4e2,66,65,0,0.0,False,,,29,0.4393939393939394,1572.5655725037539,0.19513756714057903,8058.7536041733165,1.1794447977011615,8,0,0.0,0.7272229890157726,0.0,hmm_viterbi,6832.66704798776,0,4.572404439066004,8.68732510851616,9.399872216286793,9.820410878671723,4.10070039532778,True,True,True,True,True,True,True,True,True,False,True,False,True,True,True,True,True,True,True,True,True,True,False,True,False,True,rejected,False,False,u_turn_detected,True,True,True,4,bridge,mid_high,long,u_turn,rejected|mid_high|long|u_turn|bridge,,pending,,,,,,,,,,
20161019,2fad7968b900f4eb0096f9948544619f,1,0,0,0.0,False,,,0,0.0,0.0,0.0,769.600177680213,1.4997004564643588,0,0,0.0,0.845017458951957,0.0,hmm_viterbi,513.1692628103851,0,2.9623342814019473,3.8041630172905285,4.249801653988197,4.19012122408276,3.2290342698370456,True,True,True,True,True,True,True,True,True,True,True,True,False,True,True,True,True,True,True,True,True,True,True,True,True,False,rejected,False,False,route_quality_threshold_failure,False,False,False,4,ordinary_road,high,short,ordinary,rejected|high|short|ordinary|ordinary_road,,pending,,,,,,,,,,
20161020,f3306817f18a91d0a0ec421be9d4838d,30,29,0,0.0,False,,,5,0.16666666666666666,90.32555892671603,0.014313416243565477,6310.552099490673,1.1947414192131718,2,0,0.0,0.6557060769542414,0.0,hmm_viterbi,5281.93967163761,0,6.818895294347349,10.95217320928634,13.312538052906513,9.47607749212286,7.649870327873152,True,True,True,True,True,True,True,True,True,False,True,False,True,True,True,True,True,True,True,True,True,True,False,True,False,True,rejected,False,False,u_turn_detected,False,False,False,4,ordinary_road,mid_high,long,u_turn,rejected|mid_high|long|u_turn|ordinary_road,,pending,,,,,,,,,,
20161019,749d72c348613790f4d3375dcdba9019,40,39,0,0.0,False,,,11,0.275,66.41073725875437,0.02031819085113273,3268.535951125393,1.092897508327489,7,0,0.0,0.8136219527636346,0.0,hmm_viterbi,2990.7067462596588,0,3.380223109689468,4.6968152066505375,6.219192033930913,4.472775370039649,0.46616946501888634,True,True,True,True,True,True,True,True,True,False,True,False,True,True,True,True,True,True,True,True,True,True,False,True,False,True,rejected,False,False,u_turn_detected,True,True,True,4,bridge,high,medium,u_turn,rejected|high|medium|u_turn|bridge,,pending,,,,,,,,,,
20161019,301b3c1d4769b5ae9386b46cacce2dc9,80,79,0,0.0,False,,,36,0.45,1511.9584419896487,0.1536086565593262,9842.924714374449,1.3904458424106663,7,11,0.1375,0.6291162061228122,0.0,hmm_viterbi,7078.970222464339,2,5.206196553928525,13.24758857942265,14.42397485924764,3.175847005889694,3.42365645179049,True,False,True,True,True,True,True,True,True,False,True,False,True,True,False,True,True,True,True,True,True,True,False,True,False,True,rejected,False,False,unreasonable_detour_detected,True,True,True,5,bridge,mid_low,long,detour,rejected|mid_low|long|detour|bridge,,pending,,,,,,,,,,
20161022,2db2e68603f4e318e34764738ece7c25,120,119,0,0.0,False,,,28,0.23333333333333334,572.127513301977,0.041009166169444895,13951.210588823376,1.2325504378659748,20,1,0.008333333333333333,0.5696978754840152,0.0,hmm_viterbi,11318.97743103995,1,7.384152120196596,14.942100073526797,15.662656694726637,7.849593659800286,9.562531421874791,True,False,True,True,True,True,True,True,True,False,True,False,True,True,True,True,True,True,True,True,True,True,False,True,False,True,rejected,False,False,unreasonable_detour_detected,True,True,True,5,bridge,mid_low,long,detour,rejected|mid_low|long|detour|bridge,,pending,,,,,,,,,,
20161022,339995114504e547e4d8b342986506ef,39,38,0,0.0,False,,,14,0.358974358974359,415.71785037903226,0.08924542344938698,4658.141945113801,1.0828711682161385,2,0,0.0,0.784303680761849,0.0,hmm_viterbi,4301.658481486181,0,2.271688933971127,7.67309247957238,7.983684324761727,2.086162851622738,1.429616329492057,True,True,True,True,True,True,True,True,True,False,True,False,True,True,True,True,True,True,True,True,True,True,False,True,False,True,rejected,False,False,u_turn_detected,False,True,True,5,tunnel,high,medium,u_turn,rejected|high|medium|u_turn|tunnel,,pending,,,,,,,,,,
20161019,34d7d7efe639d32df56768a06e29f8e8,31,30,1,0.03333333333333333,False,,,13,0.41935483870967744,72.58827041105782,0.05090691375400629,1425.9020054097316,0.41268210440738995,7,0,0.0,0.5809741848531922,0.0,hmm_viterbi,3455.206780670371,0,4.94466347508479,17.227019599514463,18.267330803178435,1.909184255711753,1.2792164025198187,False,True,True,True,False,True,True,True,True,False,True,False,True,True,True,True,True,True,True,True,True,True,False,True,False,True,rejected,False,False,unbridgeable_direction_gap,True,True,True,5,bridge,mid_low,medium,u_turn,rejected|mid_low|medium|u_turn|bridge,,pending,,,,,,,,,,
20161022,51576b2a57beeeaa06878e8697edd7af,80,79,0,0.0,False,,,29,0.3625,1887.442251002812,0.1794189564124617,10519.748240335424,1.3146034131841626,7,0,0.0,0.5373149003671348,0.0,hmm_viterbi,8002.221913341186,1,7.928481931905519,16.266646289074487,20.585576305159094,24.934194814673237,1.6307442585790684,True,False,True,True,True,True,True,True,True,False,True,False,True,True,True,True,True,True,True,True,True,True,False,True,False,True,rejected,False,False,unreasonable_detour_detected,True,True,True,6,bridge,low,long,detour,rejected|low|long|detour|bridge,,pending,,,,,,,,,,
20161020,6b88dc97c6b81457b3fa49adb39898f8,30,29,0,0.0,False,,,24,0.8,1115.4059814148786,0.34943898168805754,3191.990704719361,3.5136882423620217,3,1,0.03333333333333333,0.5306155746145532,0.0,hmm_viterbi,908.4444846972523,1,5.226766201447428,10.787631710889382,11.079486407819598,2.0743899433889506,5.390125519562458,True,False,True,True,False,True,True,True,True,False,True,False,True,True,True,True,True,False,True,True,True,True,False,True,False,True,rejected,False,False,route_length_ratio_threshold_failure,False,True,True,4,tunnel,low,short,detour,rejected|low|short|detour|tunnel,,pending,,,,,,,,,,
20161020,4e7023871b36c10bb252198a5d47512d,112,111,0,0.0,False,,,42,0.375,2430.7053335218275,0.18230829006948526,13332.939125233333,1.4317115087198269,11,9,0.08035714285714286,0.6098103791162754,0.0,hmm_viterbi,9312.587797212762,1,6.289882239598188,11.524872323178204,12.858516793407595,4.1563879371927195,2.0312946180366915,True,False,True,True,True,True,True,True,True,False,True,False,True,True,True,True,True,True,True,True,True,True,False,True,False,True,rejected,False,False,unreasonable_detour_detected,True,True,True,4,bridge,mid_low,long,detour,rejected|mid_low|long|detour|bridge,,pending,,,,,,,,,,
20161022,f483c77edb28cf2f0a48a361e336500b,9,8,0,0.0,False,,,0,0.0,0.0,0.0,1687.9933615546254,1.1465046583655834,0,0,0.0,0.6532453903666802,0.0,hmm_viterbi,1472.2952490755417,0,7.595228360129289,8.353459919745342,8.80077126284193,4.636517224642823,8.023603480436035,True,True,True,True,True,True,True,True,True,True,True,True,True,True,True,True,True,True,True,True,True,True,True,True,True,True,core,True,False,fully_directed_continuous_and_quality_thresholds_passed,False,False,False,4,ordinary_road,mid_high,short,ordinary,core|mid_high|short|ordinary|ordinary_road,,pending,,,,,,,,,,
20161019,3678e27208f35b4f5d0b301aef5496a8,33,32,0,0.0,False,,,5,0.15151515151515152,204.76428573943983,0.03159098679843187,6481.731230681405,1.2940181666980701,5,3,0.09090909090909091,0.6404255126235504,0.0,hmm_viterbi,5008.9955438730485,0,3.4512857476326673,11.984810435628745,13.49398366348861,9.209895564199813,2.3449567248859604,True,True,True,True,True,True,True,True,True,False,True,False,True,True,True,True,True,True,True,True,True,True,False,True,False,True,rejected,False,False,u_turn_detected,False,False,False,4,ordinary_road,mid_low,long,u_turn,rejected|mid_low|long|u_turn|ordinary_road,,pending,,,,,,,,,,
20161019,6d8deb3942f81bb95ac53357f02e201a,75,74,1,0.013513513513513514,False,,,29,0.38666666666666666,1741.2057051946601,0.18134706009330487,9601.510519656576,1.1263891865056972,10,0,0.0,0.6713833389803112,0.0,hmm_viterbi,8524.150120299484,0,5.240737543085906,8.38195196819175,10.393356181627203,6.444325621095586,6.812575004892409,False,True,True,True,True,True,True,True,True,False,True,False,True,True,True,True,True,True,True,True,True,True,False,True,False,True,rejected,False,False,unbridgeable_direction_gap,True,False,True,4,bridge,mid_high,long,u_turn,rejected|mid_high|long|u_turn|bridge,,pending,,,,,,,,,,
20161019,07f7ad5820c69d911c5e528209a553d2,29,28,0,0.0,False,,,5,0.1724137931034483,618.870627486707,0.09003620650561701,6873.575103901097,1.2254334516061023,1,1,0.034482758620689655,0.6984332616664037,0.0,hmm_viterbi,5609.09700554715,1,3.1533802003580456,7.707574320324314,9.821001357680974,0.30522578767396225,5.129953696090394,True,False,True,True,True,True,True,True,True,False,True,False,True,True,True,True,True,True,True,True,True,True,True,True,True,True,rejected,False,False,unreasonable_detour_detected,False,False,False,4,ordinary_road,mid_high,long,detour,rejected|mid_high|long|detour|ordinary_road,,pending,,,,,,,,,,
20161019,6da1546d58602c04b55c26c61255a963,51,50,0,0.0,False,,,11,0.21568627450980393,88.19408978382683,0.01714846829856535,5142.971853130766,1.036817157889353,4,0,0.0,0.7521348407230315,0.0,hmm_viterbi,4960.346010863001,0,2.3929256900210043,10.896804640049309,14.922936191131214,11.228086988117399,5.300241691931056,True,True,True,True,True,True,True,True,True,False,True,False,True,True,True,True,True,True,True,True,True,True,False,True,False,True,rejected,False,False,u_turn_detected,True,True,True,6,bridge,high,long,u_turn,rejected|high|long|u_turn|bridge,,pending,,,,,,,,,,
20161022,cd6096ffbae87b6c6a366973ea979fea,106,105,0,0.0,False,,,74,0.6981132075471698,2493.1514373008845,0.2942567249836972,8472.708440016157,1.7307669120626246,15,38,0.3584905660377358,0.5217000153514262,0.0,hmm_viterbi,4895.349212516947,4,6.877737007362551,8.051239881764193,9.193099091577372,2.0815906983750625,3.1334808851566516,True,False,True,True,True,True,True,True,True,False,False,False,True,True,False,True,True,True,True,True,True,True,False,False,False,True,rejected,False,False,unreasonable_detour_detected,True,True,True,4,bridge,low,long,detour,rejected|low|long|detour|bridge,,pending,,,,,,,,,,
20161019,c2f054cd76264ed8ff73a8eed2afd268,30,29,0,0.0,False,,,6,0.2,598.1924201987068,0.11050487199911743,5413.267391536225,1.4651284035204635,1,0,0.0,0.5719738483107227,0.0,hmm_viterbi,3694.739231407316,1,7.561728168133453,11.143171065388962,11.457113835998063,1.1482644646128206,4.436599749304705,True,False,True,True,True,True,True,True,True,False,True,False,True,True,True,True,True,True,True,True,True,True,True,True,True,True,rejected,False,False,unreasonable_detour_detected,False,False,False,4,ordinary_road,mid_low,medium,detour,rejected|mid_low|medium|detour|ordinary_road,,pending,,,,,,,,,,
20161022,901c19f32227676c2e12aef146f5cd1f,55,54,0,0.0,False,,,12,0.21818181818181817,2262.659333061815,0.21639599930371975,10456.105197610836,2.2354743723836057,9,1,0.01818181818181818,0.5207529060785526,0.0,hmm_viterbi,4677.354089486549,1,10.652873220807463,13.347002184330444,15.328520094259286,3.5389293365905767,12.656669514705143,True,False,True,True,True,True,True,True,True,False,True,False,True,True,True,True,True,True,True,True,True,True,False,True,False,True,rejected,False,False,unreasonable_detour_detected,False,False,True,4,elevated,low,medium,detour,rejected|low|medium|detour|elevated,,pending,,,,,,,,,,
20161019,1925e726643d5abc721b4c5ab55db0bf,51,50,0,0.0,False,,,22,0.43137254901960786,2418.5349120814626,0.2820536886618106,8574.732433233115,1.6466301418995402,5,2,0.0392156862745098,0.729361613500586,0.0,hmm_viterbi,5207.442895064079,1,1.9564059212414084,8.367639335418774,11.674352949530439,6.370749729169847,1.8323552897167905,True,False,True,True,True,True,True,True,True,False,True,False,True,True,True,True,True,True,True,True,True,True,False,True,False,True,rejected,False,False,unreasonable_detour_detected,True,True,True,5,bridge,mid_high,long,detour,rejected|mid_high|long|detour|bridge,,pending,,,,,,,,,,
20161020,c9d0f0509e0eac0a845d94ef20a45e6f,70,69,0,0.0,False,,,45,0.6428571428571429,636.6306569152752,0.11577475573115842,5498.872814671281,1.4196643468319503,15,0,0.0,0.47860516254411417,0.0,hmm_viterbi,3873.3612117133757,0,10.544592382370853,16.890834884819274,17.519206868118307,21.296750655579956,4.432372504182018,True,True,True,True,True,True,True,True,True,False,True,False,True,True,True,True,True,True,True,True,True,True,False,True,False,True,rejected,False,False,u_turn_detected,True,True,True,6,bridge,low,medium,u_turn,rejected|low|medium|u_turn|bridge,,pending,,,,,,,,,,
20161020,595b463c9cd0ffbce4fae0041464d2c3,10,9,0,0.0,False,,,1,0.1,13.365069000188143,0.005786158475666308,2309.834591706215,1.2120982421700914,0,0,0.0,0.7196331487864133,0.0,hmm_viterbi,1905.6496506180729,0,4.741863377635977,10.953016123851723,11.919457586288468,0.8381937351280677,6.8369377287876425,True,True,True,True,True,True,True,True,True,True,True,True,True,True,True,True,True,True,True,True,True,True,True,True,True,True,core,True,False,fully_directed_continuous_and_quality_thresholds_passed,False,False,False,4,ordinary_road,mid_high,short,ordinary,core|mid_high|short|ordinary|ordinary_road,,pending,,,,,,,,,,
20161022,46592c0000f4d227df1ca2f8da2307bd,1,0,0,0.0,False,,,0,0.0,0.0,0.0,356.92684853275665,12.87573207551631,0,0,0.0,0.8351847350676015,0.0,hmm_viterbi,27.72089745572343,0,2.7876114664602354,3.0673303880871026,3.0673303880871026,3.060582109569531,2.781478612974829,True,True,True,True,False,True,True,True,True,True,True,False,False,True,True,True,True,False,True,True,True,True,True,True,False,False,rejected,False,False,route_length_ratio_threshold_failure,False,False,False,4,ordinary_road,high,short,ordinary,rejected|high|short|ordinary|ordinary_road,,pending,,,,,,,,,,
20161019,24e0d3d7c4978555db7667fb9c0f7108,39,38,0,0.0,False,,,14,0.358974358974359,1287.3545363171281,0.18653304867864867,6901.48231338313,1.4122729231007087,4,2,0.05128205128205128,0.5648527010205424,0.0,hmm_viterbi,4886.790789864196,1,3.6892357212532865,9.537675419990249,19.336082740097275,0.9216863001432044,1.2034462225633256,True,False,True,True,True,True,True,True,True,False,True,False,True,True,True,True,True,True,True,True,True,True,False,True,False,True,rejected,False,False,unreasonable_detour_detected,False,True,True,5,tunnel,mid_low,long,detour,rejected|mid_low|long|detour|tunnel,,pending,,,,,,,,,,
20161022,3e0d8d59fff3ad23aff2b689d4b58f4c,60,59,1,0.01694915254237288,False,,,24,0.4,867.9611837744505,0.10564075070315378,8216.158802329854,1.7431102579201605,5,5,0.08333333333333333,0.4682385186087096,0.0,hmm_viterbi,4713.504934640903,1,5.377743783896811,13.437602879468427,19.692335942303668,10.44699965416672,7.364240975586778,False,False,True,True,True,True,True,True,True,False,True,False,True,True,True,True,True,True,True,True,True,True,False,True,False,True,rejected,False,False,unbridgeable_direction_gap,True,False,True,4,bridge,low,medium,detour,rejected|low|medium|detour|bridge,,pending,,,,,,,,,,
20161019,6bea9f084396e5fd18f2ecf707e21adb,15,14,1,0.07142857142857142,False,,,1,0.06666666666666667,0.0,0.0,2768.061559519311,1.232411938957226,0,0,0.0,0.7382526788302465,0.0,hmm_viterbi,2246.0522103197377,0,1.9289918014095384,10.747975370002818,11.095047703155378,3.8111424332635764,1.725680281957225,False,True,True,True,True,True,True,True,True,True,True,False,True,True,True,True,True,True,True,True,True,True,True,True,True,True,rejected,False,False,unbridgeable_direction_gap,True,False,True,4,bridge,high,short,direction_gap,rejected|high|short|direction_gap|bridge,,pending,,,,,,,,,,
20161020,75317855bd9759fd3988061d80591ba1,102,101,0,0.0,False,,,28,0.27450980392156865,527.5914216920719,0.04988072840404658,10577.05928867853,1.0950857215935312,9,9,0.08823529411764706,0.6191990994324834,0.0,hmm_viterbi,9658.658751652023,1,4.8823270662348115,10.723903570170693,22.25740781146904,0.2481593371061884,1.4239894333664804,True,False,True,True,True,True,True,True,True,False,True,False,True,True,True,True,True,True,True,True,True,True,False,True,False,True,rejected,False,False,unreasonable_detour_detected,True,True,True,4,bridge,mid_low,long,detour,rejected|mid_low|long|detour|bridge,,pending,,,,,,,,,,
20161020,17d56ee3a44bd099db0a25ab12c937d7,17,16,0,0.0,False,,,1,0.058823529411764705,25.337968864673336,0.01057156239682493,2396.804551074055,1.6000943556624572,4,0,0.0,0.7106879317799044,0.0,hmm_viterbi,1497.9145089739102,0,4.803823173848322,6.876545207510392,10.81841246773863,4.477992189990503,7.836031321782135,True,True,True,True,True,True,True,True,True,False,True,False,True,True,True,True,True,True,True,True,True,True,False,True,False,True,rejected,False,False,u_turn_detected,False,False,False,4,ordinary_road,mid_high,short,u_turn,rejected|mid_high|short|u_turn|ordinary_road,,pending,,,,,,,,,,
20161022,b7d4b03a104f86cdceea3f46c0b59562,77,76,0,0.0,False,,,18,0.23376623376623376,431.34823752030877,0.03995163895213933,10796.759503084439,1.2359740077101764,6,0,0.0,0.764659150520691,0.0,hmm_viterbi,8735.426016835923,0,2.6674714797026065,8.459365015214319,8.99286956698335,3.419817872196722,0.008331826763157236,True,True,True,True,True,True,True,True,True,False,True,False,True,True,True,True,True,True,True,True,True,True,False,True,False,True,rejected,False,False,u_turn_detected,True,True,True,5,bridge,high,long,u_turn,rejected|high|long|u_turn|bridge,,pending,,,,,,,,,,
20161019,53043cb33461d388a20e8d8aee925c18,22,21,1,0.047619047619047616,False,,,7,0.3181818181818182,0.0,0.0,3138.913977215122,1.3258755310338644,4,0,0.0,0.5478938051441824,0.0,hmm_viterbi,2367.427336687874,0,5.5705666913611775,8.878812687890573,9.361416260945326,7.343417369758031,6.910694987070431,False,True,True,True,True,True,True,True,True,False,True,False,True,True,True,True,True,True,True,True,True,True,False,True,False,True,rejected,False,False,unbridgeable_direction_gap,True,False,True,4,bridge,low,short,u_turn,rejected|low|short|u_turn|bridge,,pending,,,,,,,,,,
20161020,4d61c2c8a6cb09f11efc1c1b9e8bcbaa,16,15,1,0.06666666666666667,False,,,2,0.125,24.598469366580304,0.006907528863648216,3561.10989214001,1.1300765910693917,0,0,0.0,0.7095091078969422,0.0,hmm_viterbi,3151.2110951436757,0,3.2999762222117335,10.317197368699992,11.060587534196388,6.835093036065947,2.2539170426705377,False,True,True,True,True,True,True,True,True,True,True,False,True,True,True,True,True,True,True,True,True,True,True,True,True,True,rejected,False,False,unbridgeable_direction_gap,True,False,True,4,bridge,mid_high,medium,direction_gap,rejected|mid_high|medium|direction_gap|bridge,,pending,,,,,,,,,,
20161019,6e07c5889875a91ec1454e6e3eeb744c,58,57,0,0.0,False,,,30,0.5172413793103449,1850.710996082782,0.34223180316968566,5407.770344374339,1.3248708118488,2,6,0.10344827586206896,0.5168444586835079,0.0,hmm_viterbi,4081.7340800406264,0,4.705988749474275,14.628930028578505,54.9151655574988,1.5417050011164048,4.348072122761394,True,True,True,True,True,True,True,True,True,False,True,False,True,True,True,True,True,True,True,True,True,True,False,True,False,True,rejected,False,False,u_turn_detected,False,True,True,5,tunnel,low,medium,u_turn,rejected|low|medium|u_turn|tunnel,,pending,,,,,,,,,,
20161020,884ffb63a129dc4a60b8f6792f3ffdd0,39,38,1,0.02631578947368421,False,,,23,0.5897435897435898,1671.386787992228,0.42880497362055253,3897.778455972925,2.084173881509902,1,6,0.15384615384615385,0.34027834087281567,0.0,hmm_viterbi,1870.1791105592101,3,5.800252549144361,9.73891438731718,10.526381043602843,2.1272407948061476,10.053980972229901,False,False,True,True,True,True,True,True,False,False,True,False,True,True,False,True,True,True,True,True,True,True,True,True,False,True,rejected,False,False,unbridgeable_direction_gap,True,False,True,5,bridge,low,short,detour,rejected|low|short|detour|bridge,,pending,,,,,,,,,,
20161020,d36030ea0fa61b3efa67d09cbc73342b,54,53,3,0.05660377358490566,False,,,26,0.48148148148148145,2563.442597521831,0.28334877348766146,9046.951451277262,2.3883759355000906,5,13,0.24074074074074073,0.3352533489641545,0.0,hmm_viterbi,3787.909313942641,3,7.001421424019037,10.7683394518339,11.696272812557712,13.608166385960255,4.793597257447232,False,False,True,True,True,True,True,True,False,False,False,False,True,False,False,True,True,True,True,True,True,True,False,True,False,True,rejected,False,False,too_many_direction_gaps,True,False,True,4,bridge,low,medium,detour,rejected|low|medium|detour|bridge,,pending,,,,,,,,,,
20161022,2b0ca5e34a529acf20935bd7ddbed1d3,63,62,0,0.0,False,,,12,0.19047619047619047,235.06002142043238,0.027391901277343398,8581.36932666507,1.354409637552806,5,9,0.14285714285714285,0.7299140837848256,0.0,hmm_viterbi,6335.8743830043795,0,3.5560404285098044,6.426268359471481,11.506026228561934,0.4920383157641079,3.8351491373522943,True,True,True,True,True,True,True,True,True,False,True,False,True,True,True,True,True,True,True,True,True,True,False,True,False,True,rejected,False,False,u_turn_detected,False,False,False,4,ordinary_road,mid_high,long,u_turn,rejected|mid_high|long|u_turn|ordinary_road,,pending,,,,,,,,,,
20161020,49a87530ff046769a005e50b9999be4b,23,22,0,0.0,False,,,0,0.0,0.0,0.0,4155.704264348459,1.3376892218729228,3,0,0.0,0.6383331795715542,0.0,hmm_viterbi,3106.6291006890096,0,4.2192883377423565,15.032757499475089,15.786710517396081,7.7272944686824445,3.2541746786158168,True,True,True,True,True,True,True,True,True,False,True,False,True,True,True,True,True,True,True,True,True,True,False,True,False,True,rejected,False,False,u_turn_detected,False,False,False,4,ordinary_road,mid_low,medium,u_turn,rejected|mid_low|medium|u_turn|ordinary_road,,pending,,,,,,,,,,
20161020,793967eab6c12d89426c43cb3d8a9020,22,21,1,0.047619047619047616,False,,,7,0.3181818181818182,21.324786968322357,0.014435881759736775,1477.207095710598,1.1763534382303384,3,0,0.0,0.6378388181241639,0.0,hmm_viterbi,1255.7510759120596,0,3.787930069475629,9.812201907876805,15.508987618103317,0.4024009467759726,4.730112383918576,False,True,True,True,True,True,True,True,True,False,True,False,True,True,True,True,True,True,True,True,True,True,False,True,False,True,rejected,False,False,unbridgeable_direction_gap,True,True,True,4,bridge,mid_low,short,u_turn,rejected|mid_low|short|u_turn|bridge,,pending,,,,,,,,,,
20161022,a5ecb40e44da3832f587d768709ef923,17,16,0,0.0,False,,,3,0.17647058823529413,1115.7308009594533,0.20383805862170198,5473.613752523568,1.4159129965533366,2,0,0.0,0.6826395497551411,0.0,hmm_viterbi,3865.7839611950903,0,5.410717281350922,8.762890235958178,9.83931016895777,5.228878144734242,8.375505814512655,True,True,True,True,True,True,True,True,True,False,True,False,True,True,True,True,True,True,True,True,True,True,False,True,False,True,rejected,False,False,u_turn_detected,False,False,False,4,ordinary_road,mid_high,medium,u_turn,rejected|mid_high|medium|u_turn|ordinary_road,,pending,,,,,,,,,,
20161019,b4bd21e073a69059151c300127eb4028,15,14,0,0.0,False,,,8,0.5333333333333333,778.2104857782051,0.2827349370439454,2752.438357687816,4.422594579471534,3,0,0.0,0.13244853581533533,0.0,hmm_viterbi,622.3582804681841,2,8.78484757438464,13.546386104575205,22.57137227109155,9.687848865849674,1.322614920425722,True,False,True,True,False,True,True,True,False,False,True,False,True,True,False,True,True,False,True,True,True,False,False,True,False,True,rejected,False,False,low_match_confidence,False,False,False,4,ordinary_road,low,short,detour,rejected|low|short|detour|ordinary_road,,pending,,,,,,,,,,
20161022,50e38eca856e1376251193347bef4d77,90,89,0,0.0,False,,,34,0.37777777777777777,531.7696177727013,0.04284554306481678,12411.317017693993,1.1301945152800348,11,8,0.08888888888888889,0.7850117686169357,0.0,hmm_viterbi,10981.57604721588,1,2.999461357470992,5.259021002326967,7.8676919750515415,1.0466776227384937,0.8518805878996798,True,False,True,True,True,True,True,True,True,False,True,False,True,True,True,True,True,True,True,True,True,True,False,True,False,True,rejected,False,False,unreasonable_detour_detected,True,False,True,4,bridge,high,long,detour,rejected|high|long|detour|bridge,,pending,,,,,,,,,,
20161019,210345d6ef036d943345a876dfa4bd31,64,63,0,0.0,False,,,21,0.328125,388.63575207674205,0.03472133854256827,11192.994521230095,1.241056117284137,9,2,0.03125,0.6287881953045175,0.0,hmm_viterbi,9018.926997212879,1,6.916743042272182,8.51142435360257,9.85888744157463,4.847727366253938,6.146504785343055,True,False,True,True,True,True,True,True,True,False,True,False,True,True,True,True,True,True,True,True,True,True,False,True,False,True,rejected,False,False,unreasonable_detour_detected,True,True,True,5,bridge,mid_low,long,detour,rejected|mid_low|long|detour|bridge,,pending,,,,,,,,,,
20161019,e349eeda2fe403bb1508c67fd5f20b67,47,46,0,0.0,False,,,23,0.48936170212765956,215.05383079902853,0.07091183751801264,3032.6929653233387,1.3220510005773654,10,0,0.0,0.5423823488706699,0.0,hmm_viterbi,2293.93038846376,0,5.692258121127597,20.454795646200225,25.609279571061688,13.692909445495884,2.0607616899842243,True,True,True,True,True,True,True,True,True,False,True,False,True,True,True,True,True,True,True,True,True,True,False,True,False,True,rejected,False,False,u_turn_detected,True,True,True,5,bridge,low,short,u_turn,rejected|low|short|u_turn|bridge,,pending,,,,,,,,,,
20161019,88c96789e2d8544752910d1ce2a85c60,47,46,0,0.0,False,,,21,0.44680851063829785,1573.8997686317366,0.29848622416967735,5272.9393894474615,1.7090826873042517,6,5,0.10638297872340426,0.712390847763263,0.0,hmm_viterbi,3085.245335768105,1,3.0200977207076303,4.939259837459548,8.257392586601616,6.983275985381926,1.0663800389167541,True,False,True,True,True,True,True,True,True,False,True,False,True,True,True,True,True,True,True,True,True,True,False,True,False,True,rejected,False,False,unreasonable_detour_detected,True,True,True,5,bridge,mid_high,medium,detour,rejected|mid_high|medium|detour|bridge,,pending,,,,,,,,,,
20161022,d8c2a0307ac6384d365fd575ab855b23,22,21,0,0.0,False,,,1,0.045454545454545456,11.119892840509744,0.0020052248354633043,5545.459363882508,1.2905132248646771,2,0,0.0,0.6488313614509948,0.0,hmm_viterbi,4297.096114194415,0,8.794921781649405,9.889854668255342,10.597722262059422,0.47087639393934455,1.4784959025032196,True,True,True,True,True,True,True,True,True,False,True,False,True,True,True,True,True,True,True,True,True,True,False,True,False,True,rejected,False,False,u_turn_detected,False,False,False,4,ordinary_road,mid_low,medium,u_turn,rejected|mid_low|medium|u_turn|ordinary_road,,pending,,,,,,,,,,
20161022,f81bf01129b2bb96efbd92ae06d7faaf,41,40,0,0.0,False,,,8,0.1951219512195122,9.633066266534778,0.0015124319053452366,6369.256184354215,1.0639309240410415,2,0,0.0,0.8738059792146275,0.0,hmm_viterbi,5986.531682115595,0,1.1669603721852289,5.504406878306156,7.042892185577055,1.6045621031554136,2.146412309678063,True,True,True,True,True,True,True,True,True,False,True,False,True,True,True,True,True,True,True,True,True,True,False,True,False,True,rejected,False,False,u_turn_detected,True,False,True,4,bridge,high,long,u_turn,rejected|high|long|u_turn|bridge,,pending,,,,,,,,,,
20161020,140dd02b957f3cce8afa805ab25a19cf,93,92,0,0.0,False,,,53,0.5698924731182796,2355.7581622323405,0.2422128606450601,9725.98298851059,1.4517836393982309,11,1,0.010752688172043012,0.539848645607677,0.0,hmm_viterbi,6699.333650393004,2,4.436397966657583,11.731002457174355,16.033085341183664,6.164331403344198,2.2721223252081306,True,False,True,True,True,True,True,True,True,False,True,False,True,True,False,True,True,True,True,True,True,True,False,True,False,True,rejected,False,False,unreasonable_detour_detected,True,True,True,5,bridge,low,long,detour,rejected|low|long|detour|bridge,,pending,,,,,,,,,,
20161019,72cd63ff55bb5538332b8a2f31599407,114,113,0,0.0,False,,,86,0.7543859649122807,3927.716953526993,0.3853237555378316,10193.29043973611,2.3110168097976587,16,33,0.2894736842105263,0.4473559781363821,0.0,hmm_viterbi,4410.738336701491,3,3.1095511338199655,10.506750713868135,12.331965061762538,8.092013073960505,0.14860297648882997,True,False,True,True,True,True,True,True,True,False,False,False,True,True,False,True,True,True,True,True,True,True,False,True,False,True,rejected,False,False,unreasonable_detour_detected,True,False,True,4,bridge,low,medium,detour,rejected|low|medium|detour|bridge,,pending,,,,,,,,,,
20161022,d3860ea68ec98b7da033ec8ee077e6c0,17,16,0,0.0,False,,,1,0.058823529411764705,0.0,0.0,2655.566572444503,1.2406594402383004,0,0,0.0,0.5638740317981048,0.0,hmm_viterbi,2140.447641243461,1,9.778078005288588,10.859135031609659,12.144661491123982,9.855131164919701,2.9857120570804385,True,False,True,True,True,True,True,True,True,True,True,False,True,True,True,True,True,True,True,True,True,True,True,True,True,True,rejected,False,False,unreasonable_detour_detected,False,False,True,4,elevated,mid_low,short,detour,rejected|mid_low|short|detour|elevated,,pending,,,,,,,,,,
20161020,388b197e52bb2749e6095552c13dd36c,59,58,0,0.0,False,,,18,0.3050847457627119,1461.382739319425,0.17464020489990426,8367.962807630822,1.133979865134314,4,2,0.03389830508474576,0.6933386696423208,0.0,hmm_viterbi,7379.286938785002,0,5.217771581525813,9.688920377543244,10.474377037930145,0.7129236047388021,3.1406434116835156,True,True,True,True,True,True,True,True,True,False,True,False,True,True,True,True,True,True,True,True,True,True,False,True,False,True,rejected,False,False,u_turn_detected,True,True,True,5,bridge,mid_high,long,u_turn,rejected|mid_high|long|u_turn|bridge,,pending,,,,,,,,,,
20161019,c72eaa0da0a92b452ed32a157de7495d,34,33,0,0.0,False,,,20,0.5882352941176471,1335.9877721515716,0.2895529394869691,4613.967223122236,1.8725874538654403,1,0,0.0,0.6039237349472133,0.0,hmm_viterbi,2463.9528656447915,1,2.553898640468921,8.021915580592912,18.104470798107023,26.014853126358513,1.3901939788684665,True,False,True,True,True,True,True,True,True,False,True,False,True,True,True,True,True,True,True,True,True,True,True,True,True,True,rejected,False,False,unreasonable_detour_detected,True,False,True,4,bridge,mid_low,short,detour,rejected|mid_low|short|detour|bridge,,pending,,,,,,,,,,
20161020,750329ef703e777fe6c9b490034498f2,44,43,1,0.023255813953488372,False,,,14,0.3181818181818182,1165.7478188208734,0.16036336812754803,7269.414657677144,1.4267559002810557,4,0,0.0,0.5447777903289567,0.0,hmm_viterbi,5095.065425168486,1,4.293102540344661,11.907874326656366,12.810507000420744,12.782673221422218,2.906864552624668,False,False,True,True,True,True,True,True,True,False,True,False,True,True,True,True,True,True,True,True,True,True,False,True,False,True,rejected,False,False,unbridgeable_direction_gap,True,False,True,5,bridge,low,long,detour,rejected|low|long|detour|bridge,,pending,,,,,,,,,,
20161020,29ad804ad3e81656db686c9f3034a1eb,42,41,0,0.0,False,,,23,0.5476190476190477,2272.9268718852823,0.3708206260924209,6129.451039001247,2.4670285141955395,1,5,0.11904761904761904,0.3573538224155329,0.0,hmm_viterbi,2484.5481127322796,3,7.518239205433661,18.655062213927074,18.71243770848144,15.469281480192352,5.039784800955169,True,False,True,True,True,True,True,True,True,False,True,False,True,True,False,True,True,True,True,True,True,True,True,True,False,True,rejected,False,False,unreasonable_detour_detected,True,False,True,4,bridge,low,short,detour,rejected|low|short|detour|bridge,,pending,,,,,,,,,,
20161019,72ef544b94bab3ab63190c3feafe0597,46,45,0,0.0,False,,,17,0.3695652173913043,971.750295690056,0.14730515383628626,6596.851979599107,1.1418873479692084,5,0,0.0,0.7935001610344214,0.0,hmm_viterbi,5777.147799501667,0,2.658279826930113,7.243398360211132,10.863274055276202,12.998991439908256,0.7553593771761046,True,True,True,True,True,True,True,True,True,False,True,False,True,True,True,True,True,True,True,True,True,True,False,True,False,True,rejected,False,False,u_turn_detected,True,False,True,3,bridge,high,long,u_turn,rejected|high|long|u_turn|bridge,,pending,,,,,,,,,,
20161020,00399b1ea09eaea4d9467608d45709c8,32,31,0,0.0,False,,,25,0.78125,924.5081264637402,0.45054078099726874,2051.996546055938,1.1951036195908926,7,0,0.0,0.44058261429574697,0.0,hmm_viterbi,1717.003038413001,0,11.79593839676836,13.848442548427887,17.77675236402562,5.252020680441258,17.81984365114191,True,True,True,True,True,True,True,True,True,False,True,False,True,True,True,True,True,True,True,True,True,True,False,True,False,True,rejected,False,False,u_turn_detected,True,True,True,6,bridge,low,short,u_turn,rejected|low|short|u_turn|bridge,,pending,,,,,,,,,,
20161020,8e59d74947a8e735a9b6b7be3b4b6665,71,70,1,0.014285714285714285,False,,,52,0.7323943661971831,5014.951912999636,0.5755814788005171,8712.844484590685,3.8200522843228053,1,24,0.3380281690140845,0.37050553595108543,0.0,hmm_viterbi,2280.81812396849,5,1.8408609244048837,8.528260855323534,10.485497542934704,2.869305614897522,7.239407291278042,False,False,True,True,False,False,True,True,True,False,False,False,True,True,False,True,True,False,True,True,True,True,True,True,False,True,rejected,False,False,unbridgeable_direction_gap,True,False,True,5,bridge,low,short,detour,rejected|low|short|detour|bridge,,pending,,,,,,,,,,
20161020,fc516924020190732d975293385de516,5,4,0,0.0,False,,,0,0.0,0.0,0.0,1840.365049770711,1.2989134013469055,0,0,0.0,0.691215649329521,0.0,hmm_viterbi,1416.84968979637,0,6.392167768424887,8.525949218627302,8.721393553948786,8.515726871540368,0.039801453450207226,True,True,True,True,True,True,True,True,True,True,True,True,True,True,True,True,True,True,True,True,True,True,True,True,True,True,core,True,False,fully_directed_continuous_and_quality_thresholds_passed,False,False,False,4,ordinary_road,mid_high,short,ordinary,core|mid_high|short|ordinary|ordinary_road,,pending,,,,,,,,,,
20161020,9bc0ab25f4a2955081ed7f4bbb81bb14,6,5,0,0.0,False,,,1,0.16666666666666666,13.365069000188143,0.009993084017605963,1337.4318655423458,2.509122677367844,0,0,0.0,0.5984267749147668,0.0,hmm_viterbi,533.0276903580329,0,9.010386539703608,9.990985756639246,10.795081218137673,4.113933529454494,8.042534618575278,True,True,True,True,False,True,True,True,True,True,True,False,True,True,True,True,True,True,True,True,True,True,True,True,True,True,rejected,False,False,route_length_ratio_threshold_failure,False,False,False,4,ordinary_road,mid_low,short,ordinary,rejected|mid_low|short|ordinary|ordinary_road,,pending,,,,,,,,,,
20161020,66a467af0f7d8a9f8f47b3fc929c434c,34,33,1,0.030303030303030304,False,,,19,0.5588235294117647,1697.8214772898796,0.3560189264162848,4768.907918408404,2.1917686272059207,1,3,0.08823529411764706,0.43713894783450796,0.0,hmm_viterbi,2175.826343717601,1,3.197279332585613,9.892153385541063,17.439467082668575,17.06905987016458,2.7885041210324224,False,False,True,True,True,True,True,True,True,False,True,False,True,True,True,True,True,True,True,True,True,True,True,True,True,True,rejected,False,False,unbridgeable_direction_gap,True,False,True,4,bridge,low,short,detour,rejected|low|short|detour|bridge,,pending,,,,,,,,,,
20161022,87c42f49fad3779b654e9f55f0a336af,65,64,0,0.0,False,,,34,0.5230769230769231,2269.312773796459,0.3488568307093222,6504.997391572698,1.583052188400486,4,9,0.13846153846153847,0.44256557604541585,0.0,hmm_viterbi,4109.149047161445,1,7.090334631943013,26.64430527950538,29.27848770529991,15.941652597845176,13.10340235407011,True,False,True,True,True,True,True,True,True,False,True,False,True,True,True,True,True,True,True,True,True,True,False,True,False,True,rejected,False,False,unreasonable_detour_detected,False,True,True,4,tunnel,low,medium,detour,rejected|low|medium|detour|tunnel,,pending,,,,,,,,,,
20161020,e68bb82c7c50156fdbcec599c6aeceb0,2,1,0,0.0,False,,,0,0.0,0.0,0.0,502.8708532558268,1.4719828294966542,0,0,0.0,0.8147150121423932,0.0,hmm_viterbi,341.6282059674459,0,3.780583382904558,4.569563529956582,4.603987978601046,1.9256087495528407,4.554378034979072,True,True,True,True,True,True,True,True,True,True,True,True,True,True,True,True,True,True,True,True,True,True,True,True,True,True,core,True,False,fully_directed_continuous_and_quality_thresholds_passed,False,False,False,4,ordinary_road,high,short,ordinary,core|high|short|ordinary|ordinary_road,,pending,,,,,,,,,,
20161020,918a72acab0928d08bb48c3138acec02,31,30,0,0.0,False,,,3,0.0967741935483871,51.757751120290536,0.010029084145732132,5160.765466537241,1.4986897371990138,4,0,0.0,0.6087287302534076,0.0,hmm_viterbi,3443.5182536063057,0,7.865648077088984,12.413401794906223,12.447235067883879,22.676379382549865,7.851805106704504,True,True,True,True,True,True,True,True,True,False,True,False,True,True,True,True,True,True,True,True,True,True,False,True,False,True,rejected,False,False,u_turn_detected,False,False,False,4,ordinary_road,mid_low,medium,u_turn,rejected|mid_low|medium|u_turn|ordinary_road,,pending,,,,,,,,,,
20161020,10e3943d75df8d91ab3011b07ed3e143,59,58,0,0.0,False,,,24,0.4067796610169492,1171.0692704232226,0.1400952227492558,8359.094960141627,1.3003792521881012,5,1,0.01694915254237288,0.758428307019852,0.0,hmm_viterbi,6428.197732373905,1,1.3757224152535537,8.173386037225331,9.762034626401976,7.034074050327853,3.6391093795687532,True,False,True,True,True,True,True,True,True,False,True,False,True,True,True,True,True,True,True,True,True,True,False,True,False,True,rejected,False,False,unreasonable_detour_detected,True,True,True,5,bridge,high,long,detour,rejected|high|long|detour|bridge,,pending,,,,,,,,,,
20161019,ae0e5a398ce1903254937d432003d194,52,51,0,0.0,False,,,25,0.4807692307692308,1178.03782208634,0.19366017931356355,6083.01523969431,1.3962181732878596,3,14,0.2692307692307692,0.7489865874326691,0.0,hmm_viterbi,4356.779875862689,2,1.049448753628172,5.279940654984114,8.159482602165657,0.8861453689733091,4.797327370467263,True,False,True,True,True,True,True,True,True,False,False,False,True,True,False,True,True,True,True,True,True,True,False,True,False,True,rejected,False,False,unreasonable_detour_detected,True,True,True,5,bridge,high,medium,detour,rejected|high|medium|detour|bridge,,pending,,,,,,,,,,
20161022,e3159b8373b43f3194b6b6789506091c,65,64,0,0.0,False,,,23,0.35384615384615387,1872.136145072653,0.21371435271076575,8759.99258508549,1.1570417677241354,6,2,0.03076923076923077,0.7419732783350741,0.0,hmm_viterbi,7571.025376478949,0,3.0181543605724728,6.6662375391193525,8.526450573327553,0.014521756478543094,5.320554265120912,True,True,True,True,True,True,True,True,True,False,True,False,True,True,True,True,True,True,True,True,True,True,False,True,False,True,rejected,False,False,u_turn_detected,True,True,True,6,bridge,high,long,u_turn,rejected|high|long|u_turn|bridge,,pending,,,,,,,,,,
20161022,79cbe8d307290390182ce12d2c4bd437,19,18,0,0.0,False,,,1,0.05263157894736842,13.365069000188143,0.003414633159516481,3914.0570526412457,1.354055572826224,3,2,0.10526315789473684,0.597573841039776,0.0,hmm_viterbi,2890.6177347446032,0,8.849973821484593,13.22673978356157,15.319199609048326,0.13512484633040786,7.035875517142417,True,True,True,True,True,True,True,True,True,False,True,False,True,True,True,True,True,True,True,True,True,True,False,True,False,True,rejected,False,False,u_turn_detected,False,False,False,4,ordinary_road,mid_low,medium,u_turn,rejected|mid_low|medium|u_turn|ordinary_road,,pending,,,,,,,,,,
20161022,ccba98a659d57c502e4b98d920988cae,1,0,0,0.0,False,,,0,0.0,0.0,0.0,153.59585035831117,2.400388012804656,0,0,0.0,0.5974260764398461,0.0,hmm_viterbi,63.98792592654512,0,8.266156707126147,8.739589412508106,8.739589412508106,8.277105716708308,7.457380353687741,True,True,True,True,True,True,True,True,True,True,True,True,False,True,True,True,True,True,True,True,True,True,True,True,True,False,rejected,False,False,route_quality_threshold_failure,False,False,False,3,ordinary_road,mid_low,short,ordinary,rejected|mid_low|short|ordinary|ordinary_road,,pending,,,,,,,,,,
20161020,39543129a906cefc26ac53fed423e44c,96,95,0,0.0,False,,,39,0.40625,1525.5886826880567,0.12929346061643374,11799.426478450589,1.322271683044747,14,5,0.052083333333333336,0.6119580859846281,0.0,hmm_viterbi,8923.602183842037,1,6.137398003493873,12.469791233139947,17.866049625311987,18.877036533001604,1.8330394772262213,True,False,True,True,True,True,True,True,True,False,True,False,True,True,True,True,True,True,True,True,True,True,False,True,False,True,rejected,False,False,unreasonable_detour_detected,True,True,True,6,bridge,mid_low,long,detour,rejected|mid_low|long|detour|bridge,,pending,,,,,,,,,,
20161019,86f6a353ad4f52a4ef3c857b649f6860,72,71,0,0.0,False,,,33,0.4583333333333333,1384.3800295991034,0.21720543025659841,6373.597694881055,1.2213276970844145,11,0,0.0,0.5635907301892465,0.0,hmm_viterbi,5218.581147464579,0,6.722213819865715,17.021228872327427,21.335327460845576,5.089548225526575,4.4348731207101935,True,True,True,True,True,True,True,True,True,False,True,False,True,True,True,True,True,True,True,True,True,True,False,True,False,True,rejected,False,False,u_turn_detected,True,True,True,6,bridge,mid_low,long,u_turn,rejected|mid_low|long|u_turn|bridge,,pending,,,,,,,,,,
20161020,3ba5975afed4a68ab639f6efd1e16a0c,47,46,0,0.0,False,,,17,0.3617021276595745,158.1190032750407,0.01945564356661575,8127.153580586748,1.0811758617137308,5,0,0.0,0.7650809685636676,0.0,hmm_viterbi,7516.958034657475,0,2.637263164309881,10.658581956005314,11.712994737175297,2.64356213070386,0.750548524712239,True,True,True,True,True,True,True,True,True,False,True,False,True,True,True,True,True,True,True,True,True,True,False,True,False,True,rejected,False,False,u_turn_detected,True,False,True,4,bridge,high,long,u_turn,rejected|high|long|u_turn|bridge,,pending,,,,,,,,,,
20161020,916c0771d680a563b20ac6912c5d294c,30,29,0,0.0,False,,,6,0.2,9.51905616671422,0.0018040314252512474,5276.546757154467,1.2889175974299316,4,0,0.0,0.7252937314817447,0.0,hmm_viterbi,4093.78129965466,0,2.861304987666702,10.826268093142058,11.484825267638659,2.4471115995380313,11.629771974432245,True,True,True,True,True,True,True,True,True,False,True,False,True,True,True,True,True,True,True,True,True,True,False,True,False,True,rejected,False,False,u_turn_detected,True,False,True,4,bridge,mid_high,medium,u_turn,rejected|mid_high|medium|u_turn|bridge,,pending,,,,,,,,,,
20161019,d16ccacb8799516b4c1828ea547c14e0,47,46,0,0.0,False,,,13,0.2765957446808511,1037.305907332487,0.14906397501318477,6958.796766561048,1.0276037998506442,3,0,0.0,0.645991313386334,0.0,hmm_viterbi,6771.867491704941,1,3.918841422327353,9.63616211071884,20.7617680365758,0.5041493213484771,1.408050796583741,True,False,True,True,True,True,True,True,True,False,True,False,True,True,True,True,True,True,True,True,True,True,False,True,False,True,rejected,False,False,unreasonable_detour_detected,True,True,True,6,bridge,mid_low,long,detour,rejected|mid_low|long|detour|bridge,,pending,,,,,,,,,,
20161020,65df5913b737a4e9b680827927c4fb25,31,30,0,0.0,False,,,4,0.12903225806451613,0.0,0.0,3806.2431271045803,1.0794332401099072,3,0,0.0,0.7628862613199934,0.0,hmm_viterbi,3526.1496363749475,0,3.094242076433123,5.672928771484115,7.5070476034411175,6.35612124046096,0.928705457065458,True,True,True,True,True,True,True,True,True,False,True,False,True,True,True,True,True,True,True,True,True,True,False,True,False,True,rejected,False,False,u_turn_detected,True,True,True,4,bridge,high,medium,u_turn,rejected|high|medium|u_turn|bridge,,pending,,,,,,,,,,
20161020,9e3c7023370ef004d0db291380d03d38,74,73,1,0.0136986301369863,False,,,19,0.25675675675675674,344.35418163228957,0.034371001005148435,10018.741717202496,1.0794772434485236,4,0,0.0,0.6769318505814651,0.0,hmm_viterbi,9281.105070076685,0,3.627238576579935,10.901616804555198,10.901616804555198,4.2837425330178736,1.7880883520098791,False,True,True,True,True,True,True,True,True,False,True,False,True,True,True,True,True,True,True,True,True,True,False,True,False,True,rejected,False,False,unbridgeable_direction_gap,True,True,True,5,bridge,mid_high,long,u_turn,rejected|mid_high|long|u_turn|bridge,,pending,,,,,,,,,,
20161019,fef067a0bf2b66d964d0cd63dff02223,37,36,0,0.0,False,,,10,0.2702702702702703,438.95965606282783,0.0876107507391716,5010.340082231081,1.3809420472756495,1,5,0.13513513513513514,0.7467170416184593,0.0,hmm_viterbi,3628.2044508063045,0,2.368074533707969,10.071718366305943,10.449220506763062,11.46804060534642,10.423380685175795,True,True,True,True,True,True,True,True,True,False,True,False,True,True,True,True,True,True,True,True,True,True,True,True,True,True,rejected,False,False,u_turn_detected,False,False,False,4,ordinary_road,high,medium,u_turn,rejected|high|medium|u_turn|ordinary_road,,pending,,,,,,,,,,
20161022,34143538ab186cb95cbd8be24d396a30,28,27,0,0.0,False,,,3,0.10714285714285714,12.970142136692248,0.002978653974372129,4354.363497165268,1.1306033350656945,1,0,0.0,0.8454344193953424,0.0,hmm_viterbi,3851.3626858461857,0,2.056845443113267,5.034898289974322,7.242483831285413,7.2699365477562665,6.4674255188372785,True,True,True,True,True,True,True,True,True,False,True,False,True,True,True,True,True,True,True,True,True,True,True,True,True,True,rejected,False,False,u_turn_detected,True,False,True,4,bridge,high,medium,u_turn,rejected|high|medium|u_turn|bridge,,pending,,,,,,,,,,
20161020,f3bb07f408bb7f528dbb2a044c89ace3,7,6,0,0.0,False,,,0,0.0,0.0,0.0,1753.8311388704822,1.3434067938597825,0,0,0.0,0.8372581808014752,0.0,hmm_viterbi,1305.5101008023767,0,2.0299129867084287,4.499765044218319,4.816107751893644,3.8892684988594612,2.72498587301966,True,True,True,True,True,True,True,True,True,True,True,True,True,True,True,True,True,True,True,True,True,True,True,True,True,True,core,True,False,fully_directed_continuous_and_quality_thresholds_passed,False,False,False,4,ordinary_road,high,short,ordinary,core|high|short|ordinary|ordinary_road,,pending,,,,,,,,,,
20161019,52611fa6a192fb2be409755e204ccfbc,35,34,0,0.0,False,,,14,0.4,550.7836901318515,0.1942489431615643,2835.4526988275225,1.6771407619012937,3,0,0.0,0.7428095154754867,0.0,hmm_viterbi,1690.6468218046923,1,2.289178909088285,6.356919059351773,6.622142198198654,6.655840620111261,1.1118109262611482,True,False,True,True,True,True,True,True,True,False,True,False,True,True,True,True,True,True,True,True,True,True,False,True,False,True,rejected,False,False,unreasonable_detour_detected,True,True,True,4,bridge,high,short,detour,rejected|high|short|detour|bridge,,pending,,,,,,,,,,
20161019,00eafb028ef24241f7d759b2c2446774,60,59,1,0.01694915254237288,False,,,26,0.43333333333333335,1109.8892838762474,0.15872167802705595,6992.676096122509,1.5950167422518746,7,5,0.08333333333333333,0.590391953282145,0.0,hmm_viterbi,4384.076925894908,1,5.076175721676307,9.50949860138501,10.317389688625884,1.0972333309114182,7.1099422942357595,False,False,True,True,True,True,True,True,True,False,True,False,True,True,True,True,True,True,True,True,True,True,False,True,False,True,rejected,False,False,unbridgeable_direction_gap,True,False,True,4,bridge,mid_low,medium,detour,rejected|mid_low|medium|detour|bridge,,pending,,,,,,,,,,
20161019,3dc03769e74085f8ea414d14fe99f62e,16,15,0,0.0,False,,,2,0.125,33.96827496361608,0.014884651721143146,2282.1007572092058,1.077685395358487,0,0,0.0,0.7933409974702116,0.0,hmm_viterbi,2117.594584688675,0,1.3773988359519231,11.774179313891116,12.544650503066011,5.821925162695843,1.1931419848818419,True,True,True,True,True,True,True,True,True,True,True,True,True,True,True,True,True,True,True,True,True,True,True,True,True,True,core,True,False,fully_directed_continuous_and_quality_thresholds_passed,False,False,False,5,ordinary_road,high,short,ordinary,core|high|short|ordinary|ordinary_road,,pending,,,,,,,,,,
20161022,7c96a836215c8fdf2834cfec139c123e,31,30,1,0.03333333333333333,False,,,12,0.3870967741935484,1400.9232064633259,0.23673732807913206,5917.6270080865825,1.9472423910501735,2,5,0.16129032258064516,0.4449646339355117,0.0,hmm_viterbi,3038.9781135029257,2,9.162925064001678,12.251295507232888,13.026926884238117,12.54263079292212,1.0095362158090866,False,False,True,True,True,True,True,True,True,False,True,False,True,True,False,True,True,True,True,True,True,True,False,True,False,True,rejected,False,False,unbridgeable_direction_gap,True,False,True,4,bridge,low,medium,detour,rejected|low|medium|detour|bridge,,pending,,,,,,,,,,
20161019,fd9d9605899929155309dce481f79121,43,42,0,0.0,False,,,25,0.5813953488372093,2684.32938789151,0.4973104242771225,5397.693788127167,2.598119276247258,3,17,0.3953488372093023,0.20618441869926898,0.0,hmm_viterbi,2077.53887108818,2,4.27764672985041,27.718628502750352,38.429823460770756,3.860601858668326,14.150819940113369,True,False,True,True,False,True,True,True,False,False,False,False,True,True,False,True,True,True,True,True,True,False,False,False,False,True,rejected,False,False,low_match_confidence,False,False,False,4,ordinary_road,low,short,detour,rejected|low|short|detour|ordinary_road,,pending,,,,,,,,,,
20161019,30e48d402c5ff215de4024994ccdd9e8,4,3,0,0.0,False,,,0,0.0,0.0,0.0,1914.2510014935565,1.8125302484035262,0,0,0.0,0.6183643632767809,0.0,hmm_viterbi,1056.1208582199529,0,7.15948737181383,12.178031364722997,21.537236778270167,3.6299422046503027,21.55615201400232,True,True,True,True,True,True,True,True,True,True,True,True,True,True,True,True,True,True,True,True,True,True,True,True,True,True,core,True,False,fully_directed_continuous_and_quality_thresholds_passed,False,False,False,4,ordinary_road,mid_low,short,ordinary,core|mid_low|short|ordinary|ordinary_road,,pending,,,,,,,,,,
20161020,d5582a3f5c2f6705bf646fb1257719d2,22,21,0,0.0,False,,,1,0.045454545454545456,25.479854065137992,0.006178588597807272,4123.89555669406,1.1212156051843072,0,0,0.0,0.7511072797948765,0.0,hmm_viterbi,3678.057581098479,0,4.352506671885204,7.733485023624305,8.458921595556447,1.0673907213171419,0.5392196296940438,True,True,True,True,True,True,True,True,True,True,True,True,True,True,True,True,True,True,True,True,True,True,True,True,True,True,core,True,False,fully_directed_continuous_and_quality_thresholds_passed,False,False,False,4,ordinary_road,high,medium,ordinary,core|high|medium|ordinary|ordinary_road,,pending,,,,,,,,,,
20161019,7f049e643bf2430486e30c3f13079e96,61,60,1,0.016666666666666666,False,,,34,0.5573770491803278,3006.354597755003,0.3413982728276767,8806.004121973056,2.104973082197499,7,17,0.2786885245901639,0.47815089180618925,0.0,hmm_viterbi,4183.42837561608,3,6.60679041526366,9.555799913085648,10.760624504066431,5.695579279027605,6.365712492870711,False,False,True,True,True,True,True,True,True,False,False,False,True,True,False,True,True,True,True,True,True,True,False,True,False,True,rejected,False,False,unbridgeable_direction_gap,True,False,True,4,bridge,low,medium,detour,rejected|low|medium|detour|bridge,,pending,,,,,,,,,,
20161022,668ef160aa4825050a41ebcc3afe5d0b,61,60,1,0.016666666666666666,False,,,19,0.3114754098360656,297.4744628974742,0.031184363269803082,9539.218752801318,1.0765778219912856,9,0,0.0,0.7071250201938195,0.0,hmm_viterbi,8860.686666531139,0,1.995748145775462,10.106498290841348,17.44421412727087,17.216975341978596,2.1430771072718757,False,True,True,True,True,True,True,True,True,False,True,False,True,True,True,True,True,True,True,True,True,True,False,True,False,True,rejected,False,False,unbridgeable_direction_gap,True,False,True,4,bridge,mid_high,long,u_turn,rejected|mid_high|long|u_turn|bridge,,pending,,,,,,,,,,
20161022,146797ebfc36799b74c48e91bed6fe4f,20,19,0,0.0,False,,,3,0.15,10.617263837494704,0.004182283574351423,2538.628394929246,1.1035134820588608,1,0,0.0,0.80900001997711,0.0,hmm_viterbi,2300.496039425676,0,2.858903486521217,5.5287680074269065,7.243258856541333,4.809969315138292,5.78765161940665,True,True,True,True,True,True,True,True,True,False,True,False,True,True,True,True,True,True,True,True,True,True,True,True,True,True,rejected,False,False,u_turn_detected,False,True,True,4,tunnel,high,short,u_turn,rejected|high|short|u_turn|tunnel,,pending,,,,,,,,,,
20161020,bb95c195db188c1588144c0ab1042810,8,7,0,0.0,False,,,0,0.0,0.0,0.0,1747.6601754840472,1.1830240598482409,0,0,0.0,0.8787570108573639,0.0,hmm_viterbi,1477.2820222339672,0,1.2738126408740262,4.776223422450008,5.256804825185587,0.2632484112224651,2.1564179539623516,True,True,True,True,True,True,True,True,True,True,True,True,True,True,True,True,True,True,True,True,True,True,True,True,True,True,core,True,False,fully_directed_continuous_and_quality_thresholds_passed,False,False,False,4,ordinary_road,high,short,ordinary,core|high|short|ordinary|ordinary_road,,pending,,,,,,,,,,
20161019,8fd2d873396510fbb091b9b479becd60,13,12,0,0.0,False,,,0,0.0,0.0,0.0,3328.0822081362926,1.1107481014031424,0,0,0.0,0.556375165097081,0.0,hmm_viterbi,2996.2528893203807,0,4.936321816073894,30.62747044211998,30.62747044211998,11.113717712904219,4.528200604709569,True,True,True,True,True,True,True,True,True,True,True,True,True,True,True,True,True,True,True,True,True,True,True,True,True,True,core,True,False,fully_directed_continuous_and_quality_thresholds_passed,False,False,False,4,ordinary_road,mid_low,medium,ordinary,core|mid_low|medium|ordinary|ordinary_road,,pending,,,,,,,,,,
20161020,542a4cb89414563fde32de9beffea29a,40,39,0,0.0,False,,,4,0.1,79.02008527686145,0.014379764826192618,5495.2279284100005,1.1081630902656292,3,0,0.0,0.6474110888457381,0.0,hmm_viterbi,4958.862081476456,0,6.905178725963051,10.59431496091471,10.867537485493598,5.07546926273672,17.86217586423494,True,True,True,True,True,True,True,True,True,False,True,False,True,True,True,True,True,True,True,True,True,True,False,True,False,True,rejected,False,False,u_turn_detected,True,False,True,4,bridge,mid_low,long,u_turn,rejected|mid_low|long|u_turn|bridge,,pending,,,,,,,,,,
20161019,dae55141d5049da22a090e459335812f,31,30,0,0.0,False,,,8,0.25806451612903225,891.8879351754919,0.193318870113534,4613.558597004504,1.4901896512502326,0,0,0.0,0.6473125670535204,0.0,hmm_viterbi,3095.953990241337,1,4.715576209164464,7.786225723349673,8.126130582543835,3.704280355986345,0.8457462942555887,True,False,True,True,True,True,True,True,True,True,True,False,True,True,True,True,True,True,True,True,True,True,True,True,True,True,rejected,False,False,unreasonable_detour_detected,False,False,False,4,ordinary_road,mid_low,medium,detour,rejected|mid_low|medium|detour|ordinary_road,,pending,,,,,,,,,,
20161022,16386508320d8b8c746f0c62f668d641,39,38,1,0.02631578947368421,False,,,4,0.10256410256410256,75.6823274820608,0.009174987071000723,8248.76666270943,1.3546409726876987,5,1,0.02564102564102564,0.5801172206801922,0.0,hmm_viterbi,6089.264114271786,0,4.989201032432768,19.947900756055258,23.75394195635506,4.267305591550647,0.5530070878606742,False,True,True,True,True,True,True,True,True,False,True,False,True,True,True,True,True,True,True,True,True,True,False,True,False,True,rejected,False,False,unbridgeable_direction_gap,True,False,True,5,bridge,mid_low,long,u_turn,rejected|mid_low|long|u_turn|bridge,,pending,,,,,,,,,,
20161022,381ae9d0968cd0716e3b718341411c6f,50,49,0,0.0,False,,,26,0.52,1273.64189234241,0.15777525934672057,8072.507043347689,1.3928798558624336,7,0,0.0,0.713984848616591,0.0,hmm_viterbi,5795.551575659346,1,2.680461828465747,11.465328179899911,11.710538681348048,24.97117647894105,3.197061976514465,True,False,True,True,True,True,True,True,True,False,True,False,True,True,True,True,True,True,True,True,True,True,False,True,False,True,rejected,False,False,unreasonable_detour_detected,True,False,True,4,bridge,mid_high,long,detour,rejected|mid_high|long|detour|bridge,,pending,,,,,,,,,,
20161022,6f15f9d2ad97107b551e359d139ee402,35,34,2,0.058823529411764705,False,,,13,0.37142857142857144,546.4596793321706,0.1207943268801053,4523.885296985515,1.5163276414728928,1,0,0.0,0.4915299521394997,0.0,hmm_viterbi,2983.448413953079,1,6.009258474730572,10.892295403339496,11.785360456190569,2.6017661786778317,8.56892629560553,False,False,True,True,True,True,True,True,True,False,True,False,True,True,True,True,True,True,True,True,True,True,True,True,True,True,rejected,False,False,unbridgeable_direction_gap,True,False,True,4,bridge,low,medium,detour,rejected|low|medium|detour|bridge,,pending,,,,,,,,,,
20161019,ec50004ef19d12c2f7ef46f47869dde5,41,40,0,0.0,False,,,4,0.0975609756097561,156.49316317407823,0.024396213564685208,6414.649665168133,1.1358326112793506,2,1,0.024390243902439025,0.7645869172059852,0.0,hmm_viterbi,5647.530808208579,0,3.7709314129971125,7.634724879472,8.533826424575246,7.652866594096351,2.703853907541689,True,True,True,True,True,True,True,True,True,False,True,False,True,True,True,True,True,True,True,True,True,True,False,True,False,True,rejected,False,False,u_turn_detected,False,False,False,5,ordinary_road,high,long,u_turn,rejected|high|long|u_turn|ordinary_road,,pending,,,,,,,,,,
20161022,5ba75dae3408ca88478c3a3652831e5d,72,71,1,0.014084507042253521,False,,,35,0.4861111111111111,1658.6108326388007,0.20042466066420359,8275.482803075207,2.0838703200370317,11,6,0.08333333333333333,0.349150157327158,0.0,hmm_viterbi,3971.2081522079293,2,4.885317815775062,8.836056085459802,12.59217495677949,5.22731108215562,6.77445263747312,False,False,True,True,True,True,True,True,False,False,True,False,True,True,False,True,True,True,True,True,True,True,False,True,False,True,rejected,False,False,unbridgeable_direction_gap,True,False,True,4,bridge,low,medium,detour,rejected|low|medium|detour|bridge,,pending,,,,,,,,,,
20161019,712c203026f945eb683d6581bd91b047,38,37,0,0.0,False,,,17,0.4473684210526316,2809.128124877632,0.4957655938415479,5666.242594832953,2.4875048711287726,1,9,0.23684210526315788,0.47109964866995613,0.0,hmm_viterbi,2277.882009638736,2,5.904975355668641,9.682245378801856,10.689508199431671,4.647640809009265,3.4580352487789217,True,False,True,True,True,True,True,True,True,False,False,False,True,True,False,True,True,True,True,True,True,True,True,True,False,True,rejected,False,False,unreasonable_detour_detected,False,False,False,4,ordinary_road,low,short,detour,rejected|low|short|detour|ordinary_road,,pending,,,,,,,,,,
20161022,55eb72223e03ad9fcca53889ab473388,14,13,0,0.0,False,,,0,0.0,0.0,0.0,3894.5606637621963,1.5276559541621413,3,0,0.0,0.4992861048990327,0.0,hmm_viterbi,2549.3702643918987,0,12.529822384018292,17.153180932443906,17.305103419555408,0.149170360550729,7.62981804181563,True,True,True,True,True,True,True,True,True,False,True,False,True,True,True,True,True,True,True,True,True,True,False,True,False,True,rejected,False,False,u_turn_detected,False,False,False,4,ordinary_road,low,medium,u_turn,rejected|low|medium|u_turn|ordinary_road,,pending,,,,,,,,,,
20161020,8ceeff36e2de1034fe49cb65e452c5d5,101,100,0,0.0,False,,,29,0.2871287128712871,253.39891878706013,0.024938797312746418,10160.831559328883,1.1121965272778251,13,10,0.09900990099009901,0.742082326584134,0.0,hmm_viterbi,9135.823849583663,0,3.117230457859618,10.846964635857185,11.901610884105517,3.2114216975388037,4.419874440265184,True,True,True,True,True,True,True,True,True,False,True,False,True,True,True,True,True,True,True,True,True,True,False,True,False,True,rejected,False,False,u_turn_detected,True,True,True,5,bridge,high,long,u_turn,rejected|high|long|u_turn|bridge,,pending,,,,,,,,,,
20161019,e26f07e7bd86564a13860763b233a14a,52,51,0,0.0,False,,,7,0.1346153846153846,319.9716981469919,0.037137167293257896,8615.942503645976,1.0521860220139967,2,0,0.0,0.6544454070097,0.0,hmm_viterbi,8188.611446438092,0,7.452996842629496,9.708489054593338,10.290929142960882,4.6884268439682435,8.198123447543399,True,True,True,True,True,True,True,True,True,False,True,False,True,True,True,True,True,True,True,True,True,True,False,True,False,True,rejected,False,False,u_turn_detected,True,False,True,7,bridge,mid_high,long,u_turn,rejected|mid_high|long|u_turn|bridge,,pending,,,,,,,,,,
20161019,1123d0e313a7919514dbfed35ef57f49,5,4,0,0.0,False,,,2,0.4,185.75763624606662,0.12616388349409188,1472.3519211800854,5.3388608390339645,0,0,0.0,0.4985894144166828,0.0,hmm_viterbi,275.78016464023415,1,1.7845968940360966,10.095726106137821,12.189528297427811,12.175131592983897,6.964478325335614,True,False,True,True,False,True,True,True,True,True,True,False,True,True,True,True,True,False,True,True,True,True,True,True,False,True,rejected,False,False,route_length_ratio_threshold_failure,False,False,False,4,ordinary_road,low,short,detour,rejected|low|short|detour|ordinary_road,,pending,,,,,,,,,,
20161019,c6e4ff462258b1162606d1fc69ff366e,16,15,0,0.0,False,,,2,0.125,0.0,0.0,2346.284774797691,1.1294056251645803,1,0,0.0,0.6856331312819687,0.0,hmm_viterbi,2077.45093748385,0,3.2039160278658465,14.542610961402012,18.099530633475513,3.079824138149277,13.951839234115267,True,True,True,True,True,True,True,True,True,False,True,False,True,True,True,True,True,True,True,True,True,True,True,True,True,True,rejected,False,False,u_turn_detected,True,False,True,4,bridge,mid_high,short,u_turn,rejected|mid_high|short|u_turn|bridge,,pending,,,,,,,,,,
20161022,51aabe1256cb3a1069101eb457a71dc9,142,141,0,0.0,False,,,108,0.7605633802816901,7982.413929051338,0.5416476513880547,14737.281530890394,3.685384909088576,17,64,0.4507042253521127,0.3848229949544014,0.0,hmm_viterbi,3998.844596814458,10,2.2672109165193883,9.415913598274797,36.41558357997914,14.862989514801718,0.3089086962966988,True,False,True,True,False,False,True,True,True,False,False,False,True,True,False,True,True,False,True,True,True,True,False,False,False,True,rejected,False,False,route_length_ratio_threshold_failure,True,False,True,4,bridge,low,medium,detour,rejected|low|medium|detour|bridge,,pending,,,,,,,,,,
20161020,4cc93eb79fbcfc3887340e1390166961,18,17,0,0.0,False,,,5,0.2777777777777778,0.0,0.0,3709.8894657511228,1.0786963951967552,1,0,0.0,0.8348760985876355,0.0,hmm_viterbi,3439.2341369365895,0,3.4734212287111266,4.280291109649428,4.620796801555697,3.7326412449384216,0.6202640286838396,True,True,True,True,True,True,True,True,True,False,True,False,True,True,True,True,True,True,True,True,True,True,True,True,True,True,rejected,False,False,u_turn_detected,True,False,True,4,bridge,high,medium,u_turn,rejected|high|medium|u_turn|bridge,,pending,,,,,,,,,,
20161022,98bddcfb847ace49880748dd93a67466,90,89,0,0.0,False,,,31,0.34444444444444444,2749.1549370793546,0.22867133276728802,12022.298133352322,1.1370564663739195,11,4,0.044444444444444446,0.7836324279704332,0.0,hmm_viterbi,10573.175993353707,0,3.4334812079376587,5.871394019645749,7.096401515687996,0.48772074748537003,0.4629473833939078,True,True,True,True,True,True,True,True,True,False,True,False,True,True,True,True,True,True,True,True,True,True,False,True,False,True,rejected,False,False,u_turn_detected,True,True,True,5,bridge,high,long,u_turn,rejected|high|long|u_turn|bridge,,pending,,,,,,,,,,
20161020,508a45560035c6c9e80560da97e23471,81,80,1,0.0125,False,,,55,0.6790123456790124,2309.3163244402576,0.38596458109931625,5983.233792755779,2.118450586179449,6,18,0.2222222222222222,0.2726835052075131,0.0,hmm_viterbi,2824.3442786864007,5,7.536355821342662,11.652815501567966,11.683115249760295,1.7096254965837474,0.594644233628645,False,False,True,True,True,True,True,True,False,False,False,False,True,True,False,True,True,True,True,True,True,True,False,True,False,True,rejected,False,False,unbridgeable_direction_gap,True,True,True,7,bridge,low,medium,detour,rejected|low|medium|detour|bridge,,pending,,,,,,,,,,
20161020,b8ae5a2a664f4e08385d8b0e303e162d,26,25,0,0.0,False,,,10,0.38461538461538464,702.2395607877703,0.160856659328257,4365.623181037995,1.7843540856726485,2,0,0.0,0.7085721792432681,0.0,hmm_viterbi,2446.612595611753,1,2.626738474541761,7.865545343068844,8.555063714625891,0.9287944695057779,1.3686672587543975,True,False,True,True,True,True,True,True,True,False,True,False,True,True,True,True,True,True,True,True,True,True,False,True,False,True,rejected,False,False,unreasonable_detour_detected,False,True,True,5,tunnel,mid_high,short,detour,rejected|mid_high|short|detour|tunnel,,pending,,,,,,,,,,
20161022,df0b153793faf7407ca39cfbc3e94e63,19,18,0,0.0,False,,,2,0.10526315789473684,51.34496344897157,0.018256491413236434,2812.422293351784,1.0919643987934766,0,0,0.0,0.7976725985227349,0.0,hmm_viterbi,2575.5622586773525,0,3.324975037056062,6.405942652681319,7.72297563822863,4.773645359785081,3.317675756008048,True,True,True,True,True,True,True,True,True,True,True,True,True,True,True,True,True,True,True,True,True,True,True,True,True,True,core,True,False,fully_directed_continuous_and_quality_thresholds_passed,False,False,False,4,ordinary_road,high,medium,ordinary,core|high|medium|ordinary|ordinary_road,,pending,,,,,,,,,,
20161020,8072585d6834fdac049e3a5d84668f35,56,55,0,0.0,False,,,28,0.5,1557.9406013936123,0.2807290731677128,5549.623285589909,2.239961460761716,3,21,0.375,0.3568741590184416,0.0,hmm_viterbi,2477.5530216947204,3,9.486676020291114,14.875642121213527,15.030717873585148,7.031484532043245,6.6524439047363995,True,False,True,True,True,True,True,True,True,False,False,False,True,True,False,True,True,True,True,True,True,True,False,False,False,True,rejected,False,False,unreasonable_detour_detected,False,True,True,4,tunnel,low,short,detour,rejected|low|short|detour|tunnel,,pending,,,,,,,,,,
20161022,c9e3a57919a6bd7d1d725038f5626ccf,104,103,0,0.0,False,,,57,0.5480769230769231,2759.5306806649432,0.2312429717128903,11933.46833516375,1.5221071062860587,7,3,0.028846153846153848,0.5326182488104515,0.0,hmm_viterbi,7840.097642196424,3,4.656799578023275,14.421832024385045,17.112659127716242,17.111315605700877,4.292204983571106,True,False,True,True,True,True,True,True,True,False,True,False,True,True,False,True,True,True,True,True,True,True,False,True,False,True,rejected,False,False,unreasonable_detour_detected,True,True,True,6,bridge,low,long,detour,rejected|low|long|detour|bridge,,pending,,,,,,,,,,
20161019,626e528fa759b40088ce45d0893d980d,34,33,0,0.0,False,,,6,0.17647058823529413,46.8612568795526,0.014285789555341297,3280.270698236045,1.197715468840021,4,0,0.0,0.7570482734894881,0.0,hmm_viterbi,2738.772925269943,0,3.2209816879530773,8.90489128390553,9.542253374091475,4.133787655606378,9.859254208040221,True,True,True,True,True,True,True,True,True,False,True,False,True,True,True,True,True,True,True,True,True,True,False,True,False,True,rejected,False,False,u_turn_detected,True,True,True,4,bridge,high,medium,u_turn,rejected|high|medium|u_turn|bridge,,pending,,,,,,,,,,
20161020,c3c1ee6ff88c735ecca2463b1aabd2be,49,48,0,0.0,False,,,25,0.5102040816326531,1449.7225341694527,0.33675196982986033,4305.015750618792,1.8672132328022175,5,3,0.061224489795918366,0.42017648399383406,0.0,hmm_viterbi,2305.5833554467936,3,4.037415673498082,9.207656716353288,10.387132258295813,5.365804660858209,1.5240405627439944,True,False,True,True,True,True,True,True,True,False,True,False,True,True,False,True,True,True,True,True,True,True,False,True,False,True,rejected,False,False,unreasonable_detour_detected,True,True,True,4,bridge,low,short,detour,rejected|low|short|detour|bridge,,pending,,,,,,,,,,
20161022,46b2879bfd8bb85843f5da17d0d7224b,76,75,0,0.0,False,,,31,0.40789473684210525,667.7033300833423,0.10738961752178737,6217.578062868858,1.2137951926426953,12,0,0.0,0.6901391248284171,0.0,hmm_viterbi,5122.427655469489,1,4.889259382774586,9.533870310790894,10.404579705811694,0.8861453689733091,3.4996798618400886,True,False,True,True,True,True,True,True,True,False,True,False,True,True,True,True,True,True,True,True,True,True,False,True,False,True,rejected,False,False,unreasonable_detour_detected,True,True,True,6,bridge,mid_high,long,detour,rejected|mid_high|long|detour|bridge,,pending,,,,,,,,,,
20161019,e4dd22c02d53c1b2cb2cdfdec8f32663,27,26,0,0.0,False,,,7,0.25925925925925924,52.44541238891705,0.01079766685556321,4857.105992476138,1.3904198329966162,2,0,0.0,0.7182512567067418,0.0,hmm_viterbi,3493.2657584494905,0,5.5311155006200465,8.343662926622137,9.311270506939495,13.977784428088565,1.195854151393714,True,True,True,True,True,True,True,True,True,False,True,False,True,True,True,True,True,True,True,True,True,True,False,True,False,True,rejected,False,False,u_turn_detected,True,False,True,4,bridge,mid_high,medium,u_turn,rejected|mid_high|medium|u_turn|bridge,,pending,,,,,,,,,,
20161020,9872be5fbdef35e8231b0a64e5ae9cf0,17,16,0,0.0,False,,,2,0.11764705882352941,27.474905383828727,0.0074368591060615784,3694.423276277305,1.2003736395880338,1,1,0.058823529411764705,0.6808796682056767,0.0,hmm_viterbi,3077.727762786614,1,3.832125118639811,8.984166222942463,9.142948550046633,8.634086305467152,3.841277264445944,True,False,True,True,True,True,True,True,True,False,True,False,True,True,True,True,True,True,True,True,True,True,True,True,True,True,rejected,False,False,unreasonable_detour_detected,False,False,False,4,ordinary_road,mid_high,medium,detour,rejected|mid_high|medium|detour|ordinary_road,,pending,,,,,,,,,,
20161019,87936c61b8a51aa948378fa1824a2c55,21,20,1,0.05,False,,,2,0.09523809523809523,135.30233995594642,0.03432640067189862,3941.6407577713785,1.6698665305458749,3,2,0.09523809523809523,0.5271993088835697,0.0,hmm_viterbi,2360.452578496119,1,2.965168440434876,14.461642590469996,15.972190575195981,13.698598274996646,9.53500511053536,False,False,True,True,True,True,True,True,True,False,True,False,True,True,True,True,True,True,True,True,True,True,False,True,False,True,rejected,False,False,unbridgeable_direction_gap,True,False,True,4,bridge,low,short,detour,rejected|low|short|detour|bridge,,pending,,,,,,,,,,
20161020,9a797a4c4dc137f95f9b73e03aa0b490,45,44,0,0.0,False,,,11,0.24444444444444444,60.62633076714748,0.012218910292100212,4961.68065055226,1.085307577293689,3,0,0.0,0.7098694879000385,0.0,hmm_viterbi,4571.6815715270795,0,4.518410442102623,10.050819905815052,12.215900424534645,7.5747886732168945,3.7176897794253487,True,True,True,True,True,True,True,True,True,False,True,False,True,True,True,True,True,True,True,True,True,True,False,True,False,True,rejected,False,False,u_turn_detected,True,True,True,5,bridge,mid_high,medium,u_turn,rejected|mid_high|medium|u_turn|bridge,,pending,,,,,,,,,,
20161019,2a5fd2edd5482106015780c96bdaed97,92,91,0,0.0,False,,,30,0.32608695652173914,2723.6327265546524,0.21275174829789154,12801.928766014493,1.3696353759990034,5,18,0.1956521739130435,0.39240688653230027,0.0,hmm_viterbi,9346.961235341083,3,4.263673117055559,37.92899798840902,40.67683087967527,2.3114641230066124,4.313082474527985,True,False,True,True,True,True,True,True,True,False,True,False,True,True,False,True,True,True,True,True,True,True,False,True,False,True,rejected,False,False,unreasonable_detour_detected,True,True,True,4,bridge,low,long,detour,rejected|low|long|detour|bridge,,pending,,,,,,,,,,
20161022,856b21f9027414bbbae29c4dd13f6df1,44,43,0,0.0,False,,,8,0.18181818181818182,48.41859728404498,0.009101698897642124,5319.731824636415,1.0776137777683525,4,0,0.0,0.6912022551499853,0.0,hmm_viterbi,4936.584826943408,0,4.681136148325896,11.766711818643794,12.59902191894682,5.149776508412608,12.603720907554028,True,True,True,True,True,True,True,True,True,False,True,False,True,True,True,True,True,True,True,True,True,True,False,True,False,True,rejected,False,False,u_turn_detected,True,True,True,6,bridge,mid_high,long,u_turn,rejected|mid_high|long|u_turn|bridge,,pending,,,,,,,,,,
20161020,e8d81e7c7aec76a17d9e21587170f648,87,86,0,0.0,False,,,57,0.6551724137931034,4397.525692096115,0.4602158043104901,9555.355663381937,2.0388041940702766,5,11,0.12643678160919541,0.5992681892664687,0.0,hmm_viterbi,4686.745147559064,3,3.703826602279726,8.919263639813751,9.672703358283597,1.312125270530779,2.2641480196430823,True,False,True,True,True,True,True,True,True,False,True,False,True,True,False,True,True,True,True,True,True,True,False,True,False,True,rejected,False,False,unreasonable_detour_detected,True,False,True,5,bridge,mid_low,medium,detour,rejected|mid_low|medium|detour|bridge,,pending,,,,,,,,,,
20161019,fd3637ddac0948c2dc852c0269a8af39,1,0,0,0.0,False,,,0,0.0,0.0,0.0,268.1064201039479,5.4707991013477155,0,0,0.0,0.7977164323682278,0.0,hmm_viterbi,49.006811461583496,0,3.1358061281129608,5.479510399004012,5.715669160178612,1.890543195146681,5.94041289079177,True,True,True,True,False,True,True,True,True,True,True,False,False,True,True,True,True,False,True,True,True,True,True,True,False,False,rejected,False,False,route_length_ratio_threshold_failure,False,False,False,5,ordinary_road,high,short,ordinary,rejected|high|short|ordinary|ordinary_road,,pending,,,,,,,,,,
20161020,c56b1c8531480cce42f5659e0e913f9f,10,9,0,0.0,False,,,7,0.7,1200.3494402462247,0.42657265272916317,2813.9390384416956,2.226851919488807,1,0,0.0,0.817481950414451,0.0,hmm_viterbi,1263.6399456177849,0,1.925730948732959,4.81381961144056,4.81409595197679,0.9810921014016067,4.803347717571948,True,True,True,True,True,True,True,True,True,False,True,False,True,True,True,True,True,True,True,True,True,True,True,True,True,True,rejected,False,False,u_turn_detected,False,False,False,4,ordinary_road,high,short,u_turn,rejected|high|short|u_turn|ordinary_road,,pending,,,,,,,,,,
20161019,3f617805bf90ed10a2691a6f8ab7574c,3,2,0,0.0,False,,,0,0.0,0.0,0.0,737.0517772203326,1.1310626368551777,0,0,0.0,0.7170047274219967,0.0,hmm_viterbi,651.6454113183702,0,4.602951947810813,8.590165789016854,8.618383091285125,6.6902363956094835,8.569670690072497,True,True,True,True,True,True,True,True,True,True,True,True,True,True,True,True,True,True,True,True,True,True,True,True,True,True,core,True,False,fully_directed_continuous_and_quality_thresholds_passed,False,False,False,4,ordinary_road,mid_high,short,ordinary,core|mid_high|short|ordinary|ordinary_road,,pending,,,,,,,,,,
20161019,22c8fa1a9b156b6ba424af39e3b34e22,70,69,0,0.0,False,,,30,0.42857142857142855,1377.5376884178622,0.13648094774176175,10093.259983982,1.2801389937540193,10,4,0.05714285714285714,0.649277003322974,0.0,hmm_viterbi,7884.503193191094,2,3.3160125186746274,7.512991300576108,8.7097214042069,8.665259529352003,0.2555407800448529,True,False,True,True,True,True,True,True,True,False,True,False,True,True,False,True,True,True,True,True,True,True,False,True,False,True,rejected,False,False,unreasonable_detour_detected,True,False,True,4,bridge,mid_low,long,detour,rejected|mid_low|long|detour|bridge,,pending,,,,,,,,,,
20161020,64b960d6a11d02dce8585eaa52a3c72f,87,86,1,0.011627906976744186,False,,,39,0.4482758620689655,2088.483046562841,0.20739040845246476,10070.29718561712,1.4926308317554546,8,9,0.10344827586206896,0.5792550101540552,0.0,hmm_viterbi,6746.676385998027,1,5.298485119445219,11.66413548607354,11.867171252740444,4.761923409618911,1.9427511735535001,False,False,True,True,True,True,True,True,True,False,True,False,True,True,True,True,True,True,True,True,True,True,False,True,False,True,rejected,False,False,unbridgeable_direction_gap,True,False,True,4,bridge,mid_low,long,detour,rejected|mid_low|long|detour|bridge,,pending,,,,,,,,,,
20161022,1e83e65e2a39e9e0c10b8c890e212720,73,72,0,0.0,False,,,33,0.4520547945205479,1270.402662590665,0.12409810847172675,10237.083209693728,1.531131731829499,7,7,0.0958904109589041,0.6151193606387019,0.0,hmm_viterbi,6685.958495198694,2,3.0321435779210963,7.205276481330251,9.612416848856856,6.071977313493169,8.659903648931499,True,False,True,True,True,True,True,True,True,False,True,False,True,True,False,True,True,True,True,True,True,True,False,True,False,True,rejected,False,False,unreasonable_detour_detected,True,False,True,4,bridge,mid_low,long,detour,rejected|mid_low|long|detour|bridge,,pending,,,,,,,,,,
20161020,bfccb6806192943d6ff8149fd13bcd33,13,12,1,0.08333333333333333,False,,,0,0.0,0.0,0.0,2334.0536284986397,0.47232933407934186,1,0,0.0,0.6218083526275758,0.0,hmm_viterbi,4941.580926893195,0,8.695396019137396,10.809547565126346,11.306235625089535,9.70026282128601,3.092953172524228,False,True,True,True,False,True,True,True,True,False,True,False,True,True,True,True,True,True,True,True,True,True,True,True,True,True,rejected,False,False,unbridgeable_direction_gap,False,False,False,4,ordinary_road,mid_low,long,u_turn,rejected|mid_low|long|u_turn|ordinary_road,,pending,,,,,,,,,,
20161022,2bac3699eda425049864e58790e0f5fc,54,53,0,0.0,False,,,11,0.2037037037037037,85.84501956725907,0.014589903899394224,5883.864634010603,1.1651290351669923,6,0,0.0,0.7792759770441264,0.0,hmm_viterbi,5049.968249368447,0,3.4485607182735065,8.385841616590449,8.614280264288936,2.180107048100758,8.560518982469352,True,True,True,True,True,True,True,True,True,False,True,False,True,True,True,True,True,True,True,True,True,True,False,True,False,True,rejected,False,False,u_turn_detected,True,True,True,6,bridge,high,long,u_turn,rejected|high|long|u_turn|bridge,,pending,,,,,,,,,,
20161022,1bbef38d3e5bc94ce5d80080781f5ddc,92,91,0,0.0,False,,,29,0.31521739130434784,1247.0906853696886,0.1264371469181972,9863.325104737898,1.0503247832681288,7,12,0.13043478260869565,0.7477051103641761,0.0,hmm_viterbi,9390.738238174059,0,3.606669084046831,7.231742856170386,8.65389081371725,1.8616848564011201,4.360942389775014,True,True,True,True,True,True,True,True,True,False,True,False,True,True,True,True,True,True,True,True,True,True,False,True,False,True,rejected,False,False,u_turn_detected,True,True,True,5,bridge,high,long,u_turn,rejected|high|long|u_turn|bridge,,pending,,,,,,,,,,
20161022,130c903f8813b1a519ce54c07c654dd8,12,11,0,0.0,False,,,1,0.08333333333333333,12.405389360154894,0.005808231064704643,2135.8291744864882,1.1369100826831786,0,0,0.0,0.620698558903016,0.0,hmm_viterbi,1878.626293335176,0,7.865278307173048,8.534684892231489,8.77055908169339,4.706965719781126,7.847828200219347,True,True,True,True,True,True,True,True,True,True,True,True,True,True,True,True,True,True,True,True,True,True,True,True,True,True,core,True,False,fully_directed_continuous_and_quality_thresholds_passed,False,False,False,4,ordinary_road,mid_low,short,ordinary,core|mid_low|short|ordinary|ordinary_road,,pending,,,,,,,,,,
20161022,21174ab842057ea2b458476e725e750f,30,29,0,0.0,False,,,7,0.23333333333333334,45.195569194065484,0.019289389888314024,2343.0274081113394,1.1250189848804082,3,0,0.0,0.7579747281549779,0.0,hmm_viterbi,2082.655883678628,0,3.4998693457058563,9.498284202272009,9.498284202272009,5.772025639488635,9.52084233551082,True,True,True,True,True,True,True,True,True,False,True,False,True,True,True,True,True,True,True,True,True,True,False,True,False,True,rejected,False,False,u_turn_detected,True,True,True,4,bridge,high,short,u_turn,rejected|high|short|u_turn|bridge,,pending,,,,,,,,,,
20161020,7a62e2c1b48467c3750f8bb824290bec,51,50,0,0.0,False,,,17,0.3333333333333333,546.8779994596222,0.09071957830121768,6028.224664402807,1.1886328499394876,2,0,0.0,0.6149432032144476,0.0,hmm_viterbi,5071.561554696809,1,4.156613061991237,10.784560221058035,12.863849085299067,24.61421656177839,0.14132254022656904,True,False,True,True,True,True,True,True,True,False,True,False,True,True,True,True,True,True,True,True,True,True,False,True,False,True,rejected,False,False,unreasonable_detour_detected,True,False,True,4,bridge,mid_low,long,detour,rejected|mid_low|long|detour|bridge,,pending,,,,,,,,,,
20161019,271dfe87a4c05653c98f65594552b993,82,81,1,0.012345679012345678,False,,,41,0.5,2094.58218682096,0.1764343439291242,11871.737328319588,1.96719413836576,10,7,0.08536585365853659,0.6013455462551295,0.0,hmm_viterbi,6034.858022798906,1,4.236776554313912,10.68474559902589,11.109354784587687,3.3394358608412475,6.245207677749748,False,False,True,True,True,True,True,True,True,False,True,False,True,True,True,True,True,True,True,True,True,True,False,True,False,True,rejected,False,False,unbridgeable_direction_gap,True,False,True,4,bridge,mid_low,long,detour,rejected|mid_low|long|detour|bridge,,pending,,,,,,,,,,
20161019,146f0565be128fb154719cca6a9fb4ed,102,101,0,0.0,False,,,57,0.5588235294117647,901.5520528000193,0.10566762552567861,8531.960932357,1.1718479328144527,14,10,0.09803921568627451,0.732179921983004,0.0,hmm_viterbi,7280.774828748986,1,3.4802277171289546,7.879425374377222,9.001988938990488,9.41420392230365,1.1986083082754468,True,False,True,True,True,True,True,True,True,False,True,False,True,True,True,True,True,True,True,True,True,True,False,True,False,True,rejected,False,False,unreasonable_detour_detected,True,False,True,4,bridge,mid_high,long,detour,rejected|mid_high|long|detour|bridge,,pending,,,,,,,,,,
20161019,5678e730e6dd8da14209150de3e63da3,52,51,0,0.0,False,,,23,0.4423076923076923,3880.8759769603776,0.36880127047571637,10522.946333548254,2.153384605717724,2,14,0.2692307692307692,0.4805493342862751,0.0,hmm_viterbi,4886.700826971386,2,8.623462379363724,14.425922027370197,15.464463147472758,4.69213462951577,7.420467566055827,True,False,True,True,True,True,True,True,True,False,False,False,True,True,False,True,True,True,True,True,True,True,False,True,False,True,rejected,False,False,unreasonable_detour_detected,False,False,False,4,ordinary_road,low,long,detour,rejected|low|long|detour|ordinary_road,,pending,,,,,,,,,,
20161019,44ee717d76d59c24af311dd8cede0b8f,97,96,1,0.010416666666666666,False,,,34,0.35051546391752575,1828.6411416213946,0.1403365157589362,13030.401472718282,1.4784417548857234,7,8,0.08247422680412371,0.5082573025438091,0.0,hmm_viterbi,8813.604884776452,4,6.247479875736158,14.934016429631493,17.018871269048816,1.691346593276262,3.5038449141771864,False,False,True,True,True,True,True,True,True,False,True,False,True,True,False,True,True,True,True,True,True,True,False,True,False,True,rejected,False,False,unbridgeable_direction_gap,True,False,True,7,bridge,low,long,detour,rejected|low|long|detour|bridge,,pending,,,,,,,,,,
20161020,c46b225ca2238ebc81cdb341de1265f7,12,11,0,0.0,False,,,0,0.0,0.0,0.0,2153.3719646416257,1.1829842505560424,0,0,0.0,0.6731355616178476,0.0,hmm_viterbi,1820.2879401221685,0,7.157083116153659,9.336797394524675,9.397042229438723,0.5986316803239053,4.418271961971113,True,True,True,True,True,True,True,True,True,True,True,True,True,True,True,True,True,True,True,True,True,True,True,True,True,True,core,True,False,fully_directed_continuous_and_quality_thresholds_passed,False,False,False,4,ordinary_road,mid_high,short,ordinary,core|mid_high|short|ordinary|ordinary_road,,pending,,,,,,,,,,
20161019,24c16c47b9ffea608c4922a530e873cd,12,11,0,0.0,False,,,9,0.75,1564.0465890364767,0.5728559758831467,2730.2614529337066,15.851839515055648,1,1,0.08333333333333333,0.2351100984813859,0.0,hmm_viterbi,172.2362537382856,1,17.38144843514116,17.49643447179283,17.54813594878223,17.121880271159178,1.89670859105635,True,False,True,True,False,False,True,True,False,False,True,False,True,True,True,True,True,False,True,True,True,False,True,True,False,True,rejected,False,False,low_match_confidence,False,False,True,4,elevated,low,short,detour,rejected|low|short|detour|elevated,,pending,,,,,,,,,,
20161020,9a72efcb733be1ec430ddc4f7f053c8d,27,26,0,0.0,False,,,7,0.25925925925925924,61.48749401384531,0.01577734805264475,3897.200835569967,1.0305796784320522,1,3,0.1111111111111111,0.5583161059891847,0.0,hmm_viterbi,3781.561889032451,2,5.924519941352068,16.00553171691143,18.981866842618885,0.7627750930651667,0.09917149865652714,True,False,True,True,True,True,True,True,True,False,True,False,True,True,False,True,True,True,True,True,True,True,True,True,False,True,rejected,False,False,unreasonable_detour_detected,True,False,True,6,bridge,mid_low,medium,detour,rejected|mid_low|medium|detour|bridge,,pending,,,,,,,,,,
20161019,33c71368f87c48ac10697779065abfb1,12,11,0,0.0,False,,,0,0.0,0.0,0.0,3175.8372741871995,1.4599831691633147,0,0,0.0,0.6815552785208792,0.0,hmm_viterbi,2175.2560860048848,0,6.9380726685525715,9.30397476154061,10.089884895690554,3.7264845501567634,9.092102068623095,True,True,True,True,True,True,True,True,True,True,True,True,True,True,True,True,True,True,True,True,True,True,True,True,True,True,core,True,False,fully_directed_continuous_and_quality_thresholds_passed,False,False,False,4,ordinary_road,mid_high,short,ordinary,core|mid_high|short|ordinary|ordinary_road,,pending,,,,,,,,,,
20161020,c4722f6174b2beca90f978cfb136c1ec,46,45,0,0.0,False,,,17,0.3695652173913043,2028.5305441979342,0.1948499350594553,10410.732462286738,1.9066939918092929,10,6,0.13043478260869565,0.5735658945761005,0.0,hmm_viterbi,5460.096117682641,2,5.579365322797124,11.582770061275982,12.252099119005111,3.3533712982558885,12.128552743277368,True,False,True,True,True,True,True,True,True,False,True,False,True,True,False,True,True,True,True,True,True,True,False,True,False,True,rejected,False,False,unreasonable_detour_detected,True,False,True,5,bridge,mid_low,long,detour,rejected|mid_low|long|detour|bridge,,pending,,,,,,,,,,
20161019,d19f2b5033558e6a5159e0257ca8d73b,23,22,0,0.0,False,,,0,0.0,0.0,0.0,2990.3974482391186,1.4802622011817266,3,0,0.0,0.6023067838983819,0.0,hmm_viterbi,2020.1809151458554,0,3.43991601515755,17.691615808164578,20.99400578177554,2.8838555479342296,2.6344708561445,True,True,True,True,True,True,True,True,True,False,True,False,True,True,True,True,True,True,True,True,True,True,False,True,False,True,rejected,False,False,u_turn_detected,False,False,False,4,ordinary_road,mid_low,short,u_turn,rejected|mid_low|short|u_turn|ordinary_road,,pending,,,,,,,,,,
20161019,049dc7e405e10096d32e668e436ce902,76,75,0,0.0,False,,,33,0.4342105263157895,3342.6177925390903,0.32695491347992695,10223.482366305858,1.6831188911308295,3,5,0.06578947368421052,0.61811423734687,0.0,hmm_viterbi,6074.129653097205,2,4.297629049442748,9.132286305057008,10.55403259119432,4.837607849090178,0.9863418162628852,True,False,True,True,True,True,True,True,True,False,True,False,True,True,False,True,True,True,True,True,True,True,False,True,False,True,rejected,False,False,unreasonable_detour_detected,True,False,True,5,bridge,mid_low,long,detour,rejected|mid_low|long|detour|bridge,,pending,,,,,,,,,,
20161022,a37a1fd0994753404643f6f27f1d288a,44,43,0,0.0,False,,,3,0.06818181818181818,31.18599275345469,0.004633640381873811,6730.343786593836,1.2331881191710172,3,1,0.022727272727272728,0.8006985542689958,0.0,hmm_viterbi,5457.678096281172,0,2.7008744862923746,6.945985306843481,7.656081742638899,0.8465761269299193,0.7769649419340572,True,True,True,True,True,True,True,True,True,False,True,False,True,True,True,True,True,True,True,True,True,True,False,True,False,True,rejected,False,False,u_turn_detected,True,False,True,4,bridge,high,long,u_turn,rejected|high|long|u_turn|bridge,,pending,,,,,,,,,,
20161020,0e3b350cb7983be15906c011cce617e1,41,40,0,0.0,False,,,23,0.5609756097560976,1591.9587035272773,0.296344961356563,5371.978306092502,1.362187096784105,5,4,0.0975609756097561,0.3811131526401978,0.0,hmm_viterbi,3943.642043574514,0,12.980582232621705,20.63711733588835,20.680349298272176,4.061158498599395,4.629965960263311,True,True,True,True,True,True,True,True,True,False,True,False,True,True,True,True,True,True,True,True,True,True,False,True,False,True,rejected,False,False,u_turn_detected,True,True,True,5,bridge,low,medium,u_turn,rejected|low|medium|u_turn|bridge,,pending,,,,,,,,,,
20161022,5e0577c765098ccc1c47bf28df61acdd,59,58,0,0.0,False,,,18,0.3050847457627119,1750.9999410388132,0.17518966981678535,9994.881221421456,1.2783524646130395,2,0,0.0,0.6887176915465192,0.0,hmm_viterbi,7818.564518078299,1,4.074459157854305,9.14383338325242,9.636833889749466,1.1160694950484489,8.19595387554632,True,False,True,True,True,True,True,True,True,False,True,False,True,True,True,True,True,True,True,True,True,True,False,True,False,True,rejected,False,False,unreasonable_detour_detected,True,False,True,4,bridge,mid_high,long,detour,rejected|mid_high|long|detour|bridge,,pending,,,,,,,,,,
20161020,2d7f714a165e3319c98f17cf564b39f7,10,9,0,0.0,False,,,1,0.1,16.728540683226175,0.006315507099829289,2648.8040340700995,1.2663065944827212,0,0,0.0,0.7939704904517537,0.0,hmm_viterbi,2091.7556977203617,0,3.5769872558279006,5.361119290771723,5.472767732604541,2.7461025328079667,1.1085059715938035,True,True,True,True,True,True,True,True,True,True,True,True,True,True,True,True,True,True,True,True,True,True,True,True,True,True,core,True,False,fully_directed_continuous_and_quality_thresholds_passed,False,False,False,4,ordinary_road,high,short,ordinary,core|high|short|ordinary|ordinary_road,,pending,,,,,,,,,,
20161019,9ca03d709a825c5bc9558b0ebed591de,9,8,0,0.0,False,,,3,0.3333333333333333,49.667078038901444,0.037815211032826035,1313.4153342629036,1.234917021379936,0,1,0.1111111111111111,0.813527697297772,0.0,hmm_viterbi,1063.5656578733128,0,0.8522100061066376,1.8734648330749026,6.904975894594136,1.4659381557083802,0.7733390167601616,True,True,True,True,True,True,True,True,True,True,True,True,True,True,True,True,True,True,True,True,True,True,True,True,True,True,core,True,False,fully_directed_continuous_and_quality_thresholds_passed,False,False,False,4,ordinary_road,high,short,ordinary,core|high|short|ordinary|ordinary_road,,pending,,,,,,,,,,
20161020,e2a2922fa1f78b740c4135f004e7671b,14,13,0,0.0,False,,,2,0.14285714285714285,123.38156243769907,0.0495170148936181,2491.7003317500235,1.4428659622416218,0,0,0.0,0.48909573084156027,0.0,hmm_viterbi,1726.9104663602593,1,7.258607652942826,8.50641864600596,8.809365775068105,4.729212181771365,0.36082613623044535,True,False,True,True,True,True,True,True,True,True,True,False,True,True,True,True,True,True,True,True,True,True,True,True,True,True,rejected,False,False,unreasonable_detour_detected,False,False,False,4,ordinary_road,low,short,detour,rejected|low|short|detour|ordinary_road,,pending,,,,,,,,,,
20161022,5a94ced3e58f326df7c0172ac9b24414,14,13,0,0.0,False,,,3,0.21428571428571427,61.85811787994729,0.02059222055662923,3003.9556787882875,1.5453028139942846,1,0,0.0,0.7122806471860278,0.0,hmm_viterbi,1943.92688059869,0,3.7370046638608514,10.759156834421974,11.02022452213242,28.298574922110017,3.393088064361308,True,True,True,True,True,True,True,True,True,False,True,False,True,True,True,True,True,True,True,True,True,True,True,True,True,True,rejected,False,False,u_turn_detected,False,False,False,4,ordinary_road,mid_high,short,u_turn,rejected|mid_high|short|u_turn|ordinary_road,,pending,,,,,,,,,,
20161022,bc48386b542e683f43f5e6f060c5050b,18,17,0,0.0,False,,,6,0.3333333333333333,398.24541049250956,0.09216340523265992,4321.079602985236,2.432140219590539,0,7,0.3888888888888889,0.645415609424451,0.0,hmm_viterbi,1776.6572700782474,2,3.1642602350207856,6.906335216644782,7.399434855719883,7.032087787711092,1.2734309612618702,True,False,True,True,True,True,True,True,True,True,False,False,True,True,False,True,True,True,True,True,True,True,True,False,False,True,rejected,False,False,unreasonable_detour_detected,False,False,False,4,ordinary_road,mid_low,short,detour,rejected|mid_low|short|detour|ordinary_road,,pending,,,,,,,,,,
20161022,98bf6c7f57db69528fff2737b4e1e4a1,33,32,0,0.0,False,,,10,0.30303030303030304,468.05279463625806,0.07969457119766495,5873.082540030933,1.1791465764464653,2,1,0.030303030303030304,0.5687828906414419,0.0,hmm_viterbi,4980.790901950754,1,4.814172004439119,12.813609782304379,16.513431322444504,9.645439743599855,0.49774941376692405,True,False,True,True,True,True,True,True,True,False,True,False,True,True,True,True,True,True,True,True,True,True,False,True,False,True,rejected,False,False,unreasonable_detour_detected,True,False,True,5,bridge,mid_low,long,detour,rejected|mid_low|long|detour|bridge,,pending,,,,,,,,,,
20161022,cedba88a0ba9812ac3e3b9cefb1dd10f,40,39,0,0.0,False,,,13,0.325,363.17089806780456,0.08693966364847956,4177.275167939482,1.2025529949981697,4,3,0.075,0.6917929893806286,0.0,hmm_viterbi,3473.67241636269,1,3.0113620419933214,8.855354830039571,9.544805223595658,2.9507593617181533,5.027879812118431,True,False,True,True,True,True,True,True,True,False,True,False,True,True,True,True,True,True,True,True,True,True,False,True,False,True,rejected,False,False,unreasonable_detour_detected,True,True,True,4,bridge,mid_high,medium,detour,rejected|mid_high|medium|detour|bridge,,pending,,,,,,,,,,
20161019,e95b02a358b5891bda957e7e28f287b1,87,86,0,0.0,False,,,34,0.39080459770114945,471.7367936173913,0.04559191842865619,10346.938884696887,1.0873885070499365,9,0,0.0,0.7080536292508024,0.0,hmm_viterbi,9515.402101101774,0,4.238236788207229,11.03219892866889,12.736556929715022,0.275694890159335,8.768139334457798,True,True,True,True,True,True,True,True,True,False,True,False,True,True,True,True,True,True,True,True,True,True,False,True,False,True,rejected,False,False,u_turn_detected,True,True,True,6,bridge,mid_high,long,u_turn,rejected|mid_high|long|u_turn|bridge,,pending,,,,,,,,,,
20161020,b8d71b30c1b3f8e751f469a5ab516900,51,50,0,0.0,False,,,9,0.17647058823529413,33.98057952735413,0.004797517464676355,7082.950667204396,1.209518558045426,4,2,0.0392156862745098,0.6812272066039143,0.0,hmm_viterbi,5856.008260551535,0,5.4879294018749825,9.541533622839177,12.622567162655256,6.360768775647709,3.8409020472972912,True,True,True,True,True,True,True,True,True,False,True,False,True,True,True,True,True,True,True,True,True,True,False,True,False,True,rejected,False,False,u_turn_detected,True,True,True,5,bridge,mid_high,long,u_turn,rejected|mid_high|long|u_turn|bridge,,pending,,,,,,,,,,
20161022,6d89c5ebd85170a57fa67a981f6e8ee3,21,20,0,0.0,False,,,0,0.0,0.0,0.0,2958.318654284113,1.0075885100953392,0,0,0.0,0.8217425745702778,0.0,hmm_viterbi,2936.0384965130193,0,2.219515372256405,4.8124935285114265,6.830764733195171,0.9466713896026919,15.751670273066678,True,True,True,True,True,True,True,True,True,True,True,True,True,True,True,True,True,True,True,True,True,True,True,True,True,True,core,True,False,fully_directed_continuous_and_quality_thresholds_passed,False,False,False,4,ordinary_road,high,medium,ordinary,core|high|medium|ordinary|ordinary_road,,pending,,,,,,,,,,
20161020,9f4a99321cdde55a1000734bbfc22057,13,12,0,0.0,False,,,1,0.07692307692307693,37.8833221643659,0.01885741770093609,2008.9347738468646,1.176570814998363,1,0,0.0,0.6532612012781974,0.0,hmm_viterbi,1707.4490954882813,0,6.474358787271745,7.977453771618455,10.706785166805751,10.384752666187977,2.3748468955352506,True,True,True,True,True,True,True,True,True,False,True,False,True,True,True,True,True,True,True,True,True,True,True,True,True,True,rejected,False,False,u_turn_detected,False,False,False,4,ordinary_road,mid_high,short,u_turn,rejected|mid_high|short|u_turn|ordinary_road,,pending,,,,,,,,,,
20161022,ba4fd656a72165b7616b199c678acfd7,28,27,0,0.0,False,,,5,0.17857142857142858,7.496807837163547,0.0020057977553417893,3737.5691627923306,1.0530008906097712,2,0,0.0,0.8150891368912417,0.0,hmm_viterbi,3549.4453956520215,0,3.7235115345453518,6.375865709248242,7.252642343155215,6.806929807830665,4.679963554678291,True,True,True,True,True,True,True,True,True,False,True,False,True,True,True,True,True,True,True,True,True,True,False,True,False,True,rejected,False,False,u_turn_detected,True,True,True,5,bridge,high,medium,u_turn,rejected|high|medium|u_turn|bridge,,pending,,,,,,,,,,
20161019,f46cf71e65f72265825a591825a430c2,54,53,1,0.018867924528301886,False,,,24,0.4444444444444444,1366.206837638162,0.17827959912025682,7663.2819704547355,1.6675213679395797,9,4,0.07407407407407407,0.46626751727546256,0.0,hmm_viterbi,4595.612456782865,2,3.9546985119847786,11.500474582375643,11.886055102995547,13.15554055289007,0.9399253908952078,False,False,True,True,True,True,True,True,True,False,True,False,True,True,False,True,True,True,True,True,True,True,False,True,False,True,rejected,False,False,unbridgeable_direction_gap,True,False,True,4,bridge,low,medium,detour,rejected|low|medium|detour|bridge,,pending,,,,,,,,,,
20161019,788d7172ac9794a07dbc9f030aec31cd,72,71,0,0.0,False,,,46,0.6388888888888888,3206.093708064189,0.45940925001105165,6978.731290210335,2.2073018172175707,4,14,0.19444444444444445,0.6286759710957573,0.0,hmm_viterbi,3161.6570220593676,1,5.59334299811492,8.040925047395174,9.81765859049556,1.6047426667479046,12.952539125425535,True,False,True,True,True,True,True,True,True,False,True,False,True,True,True,True,True,True,True,True,True,True,False,True,False,True,rejected,False,False,unreasonable_detour_detected,True,False,True,4,bridge,mid_low,medium,detour,rejected|mid_low|medium|detour|bridge,,pending,,,,,,,,,,
20161022,6b18f54cef0174e080bf9cdf895db1d9,17,16,0,0.0,False,,,1,0.058823529411764705,77.34648381039163,0.018948893958570717,4081.846886657323,1.344475029538195,3,4,0.23529411764705882,0.7115606726007364,0.0,hmm_viterbi,3036.015394097256,0,2.926079062337844,9.765494836473302,11.111279517922027,2.931915500858233,6.771681972382567,True,True,True,True,True,True,True,True,True,False,False,False,True,True,True,True,True,True,True,True,True,True,False,True,False,True,rejected,False,False,u_turn_detected,False,False,False,4,ordinary_road,mid_high,medium,u_turn,rejected|mid_high|medium|u_turn|ordinary_road,,pending,,,,,,,,,,
20161022,434f1f744168a3aed4bc4fe4405a291e,10,9,0,0.0,False,,,0,0.0,0.0,0.0,4219.3876177559505,1.907943664364521,3,0,0.0,0.4496961616229172,0.0,hmm_viterbi,2211.484383193936,0,15.390052412452578,17.58147333910919,19.857134908900548,3.6299422046503027,17.077078852975706,True,True,True,True,True,True,True,True,True,False,True,False,True,True,True,True,True,True,True,True,True,True,False,True,False,True,rejected,False,False,u_turn_detected,False,False,False,4,ordinary_road,low,short,u_turn,rejected|low|short|u_turn|ordinary_road,,pending,,,,,,,,,,
20161020,cc12adc2dec870cc694867e82ff5b938,46,45,0,0.0,False,,,31,0.6739130434782609,1587.3883475561752,0.3790362819145414,4187.958840082945,2.954789136659612,6,0,0.0,0.41822924267758305,0.0,hmm_viterbi,1417.3460935413589,3,1.721705599910701,6.118495499835531,9.23082162592279,1.5890901679891944,1.7257574937356894,True,False,True,True,False,True,True,True,True,False,True,False,True,True,False,True,True,True,True,True,True,True,False,True,False,True,rejected,False,False,route_length_ratio_threshold_failure,True,True,True,5,bridge,low,short,detour,rejected|low|short|detour|bridge,,pending,,,,,,,,,,
20161022,5a7996ae8a9aee24c65f0370acd5a9b1,9,8,0,0.0,False,,,5,0.5555555555555556,429.2627191777773,0.16866512737427328,2545.059111272182,5.380594323464233,2,0,0.0,0.29518193075223,0.0,hmm_viterbi,473.0070617242846,1,6.598070992381101,13.982091073733866,14.771765645028823,0.6328910699349758,7.06272755902038,True,False,True,True,False,True,True,True,False,False,True,False,True,True,True,True,True,False,True,True,True,True,False,True,False,True,rejected,False,False,route_length_ratio_threshold_failure,True,False,True,4,bridge,low,short,detour,rejected|low|short|detour|bridge,,pending,,,,,,,,,,
20161019,fc3e37728db9738266f38161caf234ec,23,22,1,0.045454545454545456,False,,,16,0.6956521739130435,882.8176240530868,0.46714635582578673,1889.809506257428,2.3539909942869883,0,1,0.043478260869565216,0.3035762489838268,0.0,hmm_viterbi,802.8108479785589,1,1.978745967729947,9.165406899422491,12.746907646484626,2.068867730308191,0.9484478982511532,False,False,True,True,True,True,True,True,False,True,True,False,True,True,True,True,True,True,True,True,True,True,True,True,True,True,rejected,False,False,unbridgeable_direction_gap,True,False,True,4,bridge,low,short,detour,rejected|low|short|detour|bridge,,pending,,,,,,,,,,
20161022,e72c7be5121693f7b4b172920e643b7e,3,2,0,0.0,False,,,0,0.0,0.0,0.0,928.7716557717278,1.3386179730903105,0,0,0.0,0.7970437982468932,0.0,hmm_viterbi,693.8287655196959,0,3.698093796875013,4.266594918160035,5.111218381832429,2.9476353758182063,5.572354977950124,True,True,True,True,True,True,True,True,True,True,True,True,True,True,True,True,True,True,True,True,True,True,True,True,True,True,core,True,False,fully_directed_continuous_and_quality_thresholds_passed,False,False,False,3,ordinary_road,high,short,ordinary,core|high|short|ordinary|ordinary_road,,pending,,,,,,,,,,
20161019,8d4a430c5ce8e03e806c9ecf42033207,43,42,0,0.0,False,,,11,0.2558139534883721,299.13840243605557,0.07841349878136189,3814.8840070270885,1.1929372380606758,5,0,0.0,0.5623194182222343,0.0,hmm_viterbi,3197.8916285896457,0,6.354270363952838,20.657937548839424,22.370386736069353,0.8927826945821964,2.800648263400819,True,True,True,True,True,True,True,True,True,False,True,False,True,True,True,True,True,True,True,True,True,True,False,True,False,True,rejected,False,False,u_turn_detected,True,True,True,4,bridge,mid_low,medium,u_turn,rejected|mid_low|medium|u_turn|bridge,,pending,,,,,,,,,,
20161020,3bf25e2780b5bc06d47898df6508fe09,47,46,0,0.0,False,,,13,0.2765957446808511,591.0800894182381,0.11274429730604713,5242.660635985312,1.1400670925362666,4,1,0.02127659574468085,0.6749432804698933,0.0,hmm_viterbi,4598.554480089547,1,3.917153199390395,9.457530546485646,12.210557072270388,20.284126859883607,4.377317979739049,True,False,True,True,True,True,True,True,True,False,True,False,True,True,True,True,True,True,True,True,True,True,False,True,False,True,rejected,False,False,unreasonable_detour_detected,True,True,True,5,bridge,mid_high,medium,detour,rejected|mid_high|medium|detour|bridge,,pending,,,,,,,,,,
20161020,1749cbebf2612f775ca679db4c01b927,16,15,0,0.0,False,,,4,0.25,20.30111230362636,0.013905079889314574,1459.9781134106859,1.39844707352337,2,0,0.0,0.718176474375082,0.0,hmm_viterbi,1043.99954853657,0,4.903715796694432,8.43629772871896,11.244966546545571,1.5480486001673464,1.042999990091057,True,True,True,True,True,True,True,True,True,False,True,False,True,True,True,True,True,True,True,True,True,True,False,True,False,True,rejected,False,False,u_turn_detected,False,True,True,4,tunnel,mid_high,short,u_turn,rejected|mid_high|short|u_turn|tunnel,,pending,,,,,,,,,,
20161020,5b0dc5b7e3b611521e68dd1579a32f72,41,40,0,0.0,False,,,16,0.3902439024390244,118.08304254016247,0.06000666589044412,1967.8320864510292,1.0346252626753685,7,0,0.0,0.8046071481919056,0.0,hmm_viterbi,1901.9756789647136,0,3.4451349877942574,5.719552559118492,6.423132718497426,5.562261441348262,4.557100297752583,True,True,True,True,True,True,True,True,True,False,True,False,True,True,True,True,True,True,True,True,True,True,False,True,False,True,rejected,False,False,u_turn_detected,True,True,True,4,bridge,high,short,u_turn,rejected|high|short|u_turn|bridge,,pending,,,,,,,,,,
20161020,610f10756bc130b508910f53cb30839e,95,94,1,0.010638297872340425,False,,,40,0.42105263157894735,3219.6999836388995,0.25342692702134884,12704.648324002565,1.5859859992934904,3,13,0.1368421052631579,0.5081849477181949,0.0,hmm_viterbi,8010.567766463328,4,4.818289407698005,10.250044616270975,11.34839255810391,12.625847498797583,5.8498396661172,False,False,True,True,True,True,True,True,True,False,True,False,True,True,False,True,True,True,True,True,True,True,False,True,False,True,rejected,False,False,unbridgeable_direction_gap,True,False,True,4,bridge,low,long,detour,rejected|low|long|detour|bridge,,pending,,,,,,,,,,
20161019,46cd117216b37e87b43e8596622a871b,10,9,0,0.0,False,,,1,0.1,12.405389360154894,0.006664648470184959,1861.3718961550294,1.1647430860954113,0,0,0.0,0.6363786071416391,0.0,hmm_viterbi,1598.096540237847,0,7.9857175722774505,8.467561093998233,8.74521124425429,4.695842410260764,8.107995679547564,True,True,True,True,True,True,True,True,True,True,True,True,True,True,True,True,True,True,True,True,True,True,True,True,True,True,core,True,False,fully_directed_continuous_and_quality_thresholds_passed,False,False,False,4,ordinary_road,mid_low,short,ordinary,core|mid_low|short|ordinary|ordinary_road,,pending,,,,,,,,,,
20161020,563471bea53ae8b9a5db4b85edc8eeef,118,117,0,0.0,False,,,80,0.6779661016949152,5505.235439990178,0.5065826020694797,10867.399349089992,3.5264076509872093,3,64,0.5423728813559322,0.22648252027252716,0.0,hmm_viterbi,3081.719535756931,7,9.727218376232218,13.791684231772969,13.81804006713961,14.817228357215852,3.36678634066036,True,False,True,True,False,False,True,True,False,False,False,False,True,True,False,True,True,False,True,True,True,False,False,False,False,True,rejected,False,False,low_match_confidence,False,True,True,4,tunnel,low,medium,detour,rejected|low|medium|detour|tunnel,,pending,,,,,,,,,,
20161020,8c2f080173bfa69610a7be932f536ee5,31,30,0,0.0,False,,,6,0.1935483870967742,173.92141429954245,0.04799076173178799,3624.0602987624775,1.0520307483452316,2,0,0.0,0.6141748601789645,0.0,hmm_viterbi,3444.8235514626003,1,5.545045454541663,7.532301867539315,19.365589455927164,0.8475102164703175,5.570533941367444,True,False,True,True,True,True,True,True,True,False,True,False,True,True,True,True,True,True,True,True,True,True,False,True,False,True,rejected,False,False,unreasonable_detour_detected,False,False,False,4,ordinary_road,mid_low,medium,detour,rejected|mid_low|medium|detour|ordinary_road,,pending,,,,,,,,,,
20161020,3672a85dc55fe44518f0580ed29ecc64,65,64,1,0.015625,False,,,27,0.4153846153846154,1380.256678382252,0.1697462483811642,8131.294161405522,1.3579712191551603,8,4,0.06153846153846154,0.5791660287590892,0.0,hmm_viterbi,5987.825107563232,1,3.7736516462775755,11.040313984962848,11.316082522487036,0.4567801776799095,8.752947570586086,False,False,True,True,True,True,True,True,True,False,True,False,True,True,True,True,True,True,True,True,True,True,False,True,False,True,rejected,False,False,unbridgeable_direction_gap,True,False,True,4,bridge,mid_low,long,detour,rejected|mid_low|long|detour|bridge,,pending,,,,,,,,,,
20161019,d65d2b1a469431d76aa95ce40df8123a,47,46,0,0.0,False,,,34,0.723404255319149,3867.656909699127,0.6657775280343954,5809.233185021703,2.2340708741663446,2,2,0.0425531914893617,0.43302243606955415,0.0,hmm_viterbi,2600.290461773935,1,4.221641615034038,13.236913007421828,14.63336961014785,12.66923630253448,4.730112383918576,True,False,True,True,True,False,True,True,True,False,True,False,True,True,True,True,True,True,True,True,True,True,False,True,False,True,rejected,False,False,interpolated_distance_share_threshold_failure,True,True,True,5,bridge,low,medium,detour,rejected|low|medium|detour|bridge,,pending,,,,,,,,,,
20161019,9d6a832d9107a9352b63e41121f559eb,26,25,0,0.0,False,,,0,0.0,0.0,0.0,4480.256871405643,1.4495124923076037,4,0,0.0,0.6053911741418516,0.0,hmm_viterbi,3090.871513824028,0,8.907427075091423,12.261912304819042,12.639378726830774,1.6638417840725628,10.546573950497265,True,True,True,True,True,True,True,True,True,False,True,False,True,True,True,True,True,True,True,True,True,True,False,True,False,True,rejected,False,False,u_turn_detected,False,False,False,4,ordinary_road,mid_low,medium,u_turn,rejected|mid_low|medium|u_turn|ordinary_road,,pending,,,,,,,,,,
20161019,a76ab5a8ab1e7e29d333244f32568c2c,7,6,0,0.0,False,,,0,0.0,0.0,0.0,1455.7151929018341,1.3185661447228114,0,0,0.0,0.8277920331846711,0.0,hmm_viterbi,1104.013779458788,0,3.0661072043267823,4.387721327159398,4.883447311788523,3.860179033326666,1.5172842262000394,True,True,True,True,True,True,True,True,True,True,True,True,True,True,True,True,True,True,True,True,True,True,True,True,True,True,core,True,False,fully_directed_continuous_and_quality_thresholds_passed,False,False,False,4,ordinary_road,high,short,ordinary,core|high|short|ordinary|ordinary_road,,pending,,,,,,,,,,
20161020,fb363d166a34b1eeec51f3c61964f723,100,99,0,0.0,False,,,54,0.54,4123.696513939794,0.30419183109210857,13556.236862557787,1.8030691614886136,9,19,0.19,0.43405073555400187,0.0,hmm_viterbi,7518.423115487018,6,9.689840592809022,24.27379929948548,24.654587715056042,9.09770367636128,10.03026776999099,True,False,True,True,True,True,True,True,True,False,True,False,True,True,False,True,True,True,True,True,True,True,False,True,False,True,rejected,False,False,unreasonable_detour_detected,True,True,True,7,bridge,low,long,detour,rejected|low|long|detour|bridge,,pending,,,,,,,,,,
20161022,15a516d00b37f895034baea1a4605403,68,67,0,0.0,False,,,13,0.19117647058823528,279.5576212453302,0.03257570799007871,8581.781901117009,1.2047415076817125,7,2,0.029411764705882353,0.7229453229171982,0.0,hmm_viterbi,7123.3387796449015,0,4.805825517069286,7.225899782011575,8.047429585558291,4.839522674020401,5.9221050638806245,True,True,True,True,True,True,True,True,True,False,True,False,True,True,True,True,True,True,True,True,True,True,False,True,False,True,rejected,False,False,u_turn_detected,True,True,True,5,bridge,mid_high,long,u_turn,rejected|mid_high|long|u_turn|bridge,,pending,,,,,,,,,,
20161020,c82a3403113d49d9a082c9fdb1e1b01f,37,36,0,0.0,False,,,22,0.5945945945945946,577.0862297705611,0.282142342302112,2045.3726479403417,1.4579510158074986,3,8,0.21621621621621623,0.6063365171580459,0.0,hmm_viterbi,1402.90903176023,1,3.1674159157986637,8.764371772439278,8.764371772439278,8.78973716412109,0.698859274261586,True,False,True,True,True,True,True,True,True,False,False,False,True,True,True,True,True,True,True,True,True,True,False,True,False,True,rejected,False,False,unreasonable_detour_detected,False,True,True,7,tunnel,mid_low,short,detour,rejected|mid_low|short|detour|tunnel,,pending,,,,,,,,,,
20161020,0be295761f0bc0668fb7f095ba96daf1,19,18,0,0.0,False,,,3,0.15789473684210525,9.995385485298359,0.002896655264942968,3450.664497867045,1.1294646669724695,0,0,0.0,0.5054269695259476,0.0,hmm_viterbi,3055.1327533924127,2,2.725817160561627,9.748915437391279,11.785005730226738,12.779763408600678,2.76196958488011,True,False,True,True,True,True,True,True,True,True,True,False,True,True,False,True,True,True,True,True,True,True,True,True,False,True,rejected,False,False,unreasonable_detour_detected,True,False,True,4,bridge,low,medium,detour,rejected|low|medium|detour|bridge,,pending,,,,,,,,,,
20161019,77357eac8524cb0cdaacca65d7971d1e,12,11,0,0.0,False,,,1,0.08333333333333333,13.535383054234602,0.00436391803403532,3101.658406200269,1.466626139734813,0,0,0.0,0.7773939751748975,0.0,hmm_viterbi,2114.8255319935133,0,4.037102610949855,5.252991108131217,5.626429386631516,6.611372959376693,2.468123644464976,True,True,True,True,True,True,True,True,True,True,True,True,True,True,True,True,True,True,True,True,True,True,True,True,True,True,core,True,False,fully_directed_continuous_and_quality_thresholds_passed,False,False,False,4,ordinary_road,high,short,ordinary,core|high|short|ordinary|ordinary_road,,pending,,,,,,,,,,
20161020,550bd39fd71ba451dcb616c335b1b0fa,6,5,1,0.2,False,,,2,0.3333333333333333,0.0,0.0,1132.2204070737293,1.3938891523431558,1,0,0.0,0.34672682108629194,0.0,hmm_viterbi,812.2743513502807,0,5.032526490588807,9.781240291947379,10.635171213704393,3.5318991995817766,5.787000870708613,False,True,True,True,True,True,True,True,False,False,True,False,True,True,True,True,True,True,True,True,True,True,True,True,True,True,rejected,False,False,unbridgeable_direction_gap,False,False,True,4,elevated,low,short,u_turn,rejected|low|short|u_turn|elevated,,pending,,,,,,,,,,
20161020,43fd74640279d43692d4915c25a8cbb1,10,9,1,0.1111111111111111,False,,,2,0.2,0.0,0.0,898.106773553972,1.088271721279788,0,0,0.0,0.5241784188878721,0.0,hmm_viterbi,825.2596810085394,0,2.645373277294444,5.804165750838412,6.336647197829068,1.1863989942380095,4.581159509001648,False,True,True,True,True,True,True,True,True,True,True,False,True,True,True,True,True,True,True,True,True,True,True,True,True,True,rejected,False,False,unbridgeable_direction_gap,True,False,True,4,bridge,low,short,direction_gap,rejected|low|short|direction_gap|bridge,,pending,,,,,,,,,,
20161022,68f31a8f46a166cc4590096c62900399,14,13,0,0.0,False,,,0,0.0,0.0,0.0,3516.3537423592084,1.6754928263358946,2,0,0.0,0.4684976094835766,0.0,hmm_viterbi,2098.698178284093,0,11.179609442753016,17.961666806412566,18.727122365678202,3.8185168375889056,18.382097681719827,True,True,True,True,True,True,True,True,True,False,True,False,True,True,True,True,True,True,True,True,True,True,False,True,False,True,rejected,False,False,u_turn_detected,False,False,False,4,ordinary_road,low,short,u_turn,rejected|low|short|u_turn|ordinary_road,,pending,,,,,,,,,,
20161020,21684bd849fee52455532e0d60656756,59,58,0,0.0,False,,,32,0.5423728813559322,957.8280947606318,0.1915949972917773,4999.23332184905,1.2137621025234469,11,0,0.0,0.5818340826397916,0.0,hmm_viterbi,4118.791739712006,0,7.297624750682511,13.254479294330743,13.493617975299115,2.3190414424061863,4.4348731207101935,True,True,True,True,True,True,True,True,True,False,True,False,True,True,True,True,True,True,True,True,True,True,False,True,False,True,rejected,False,False,u_turn_detected,True,True,True,6,bridge,mid_low,medium,u_turn,rejected|mid_low|medium|u_turn|bridge,,pending,,,,,,,,,,
20161020,04ca9ad066632fa9635776c112d579e1,28,27,0,0.0,False,,,17,0.6071428571428571,1257.2286807641044,0.33656099483660656,3735.5151073714383,2.8418406317349354,1,0,0.0,0.5654445244097094,0.0,hmm_viterbi,1314.4702998672087,1,1.9601444690500158,17.27809495185155,17.360353549145717,17.174707980474608,2.766220177456309,True,False,True,True,False,True,True,True,True,False,True,False,True,True,True,True,True,True,True,True,True,True,True,True,True,True,rejected,False,False,route_length_ratio_threshold_failure,False,False,True,4,elevated,mid_low,short,detour,rejected|mid_low|short|detour|elevated,,pending,,,,,,,,,,
20161020,7a093b763dd5947a840d5982ee097baa,43,42,0,0.0,False,,,5,0.11627906976744186,230.74441246565002,0.02884188594131426,8000.3233122533975,1.307525450051454,2,3,0.06976744186046512,0.6190931968564384,0.0,hmm_viterbi,6118.67502230153,0,5.438736753707653,14.017345284071142,14.287290762981279,3.900984379071229,13.739551680281734,True,True,True,True,True,True,True,True,True,False,True,False,True,True,True,True,True,True,True,True,True,True,False,True,False,True,rejected,False,False,u_turn_detected,False,False,False,4,ordinary_road,mid_low,long,u_turn,rejected|mid_low|long|u_turn|ordinary_road,,pending,,,,,,,,,,
20161020,0ba89eeab342b392e9741a83f7029fbc,41,40,0,0.0,False,,,6,0.14634146341463414,39.673592027670544,0.00634661924472379,6251.137888987568,1.0988738843683863,3,0,0.0,0.618965347640197,0.0,hmm_viterbi,5688.676360327385,0,7.862759996268883,9.28284062158676,9.766770545859353,1.5128643867524068,5.840170665148419,True,True,True,True,True,True,True,True,True,False,True,False,True,True,True,True,True,True,True,True,True,True,False,True,False,True,rejected,False,False,u_turn_detected,True,False,True,4,bridge,mid_low,long,u_turn,rejected|mid_low|long|u_turn|bridge,,pending,,,,,,,,,,
20161019,ae7d434e48b92ecb913b0b2e35861fdb,1,0,0,0.0,False,,,0,0.0,0.0,0.0,121.31415102768885,2.155454623496489,0,0,0.0,0.5390946375327189,0.0,hmm_viterbi,56.28239616146411,0,9.708897872550864,10.479068157158082,10.88345630004525,9.580416854307622,11.302833990673898,True,True,True,True,True,True,True,True,True,True,True,True,False,True,True,True,True,True,True,True,True,True,True,True,True,False,rejected,False,False,route_quality_threshold_failure,False,False,False,4,ordinary_road,low,short,ordinary,rejected|low|short|ordinary|ordinary_road,,pending,,,,,,,,,,
20161019,7cf0daf5c76bf04c65738bd213179bc8,13,12,0,0.0,False,,,1,0.07692307692307693,14.384937854881187,0.0056100962744602065,2564.1160420665474,1.0547041526964893,0,0,0.0,0.7814401840261744,0.0,hmm_viterbi,2431.1234913705885,0,3.2877522861281685,7.940864566262482,8.6176297717351,7.383224447175126,8.638109860528285,True,True,True,True,True,True,True,True,True,True,True,True,True,True,True,True,True,True,True,True,True,True,True,True,True,True,core,True,False,fully_directed_continuous_and_quality_thresholds_passed,False,False,False,4,ordinary_road,high,short,ordinary,core|high|short|ordinary|ordinary_road,,pending,,,,,,,,,,
20161022,aa3a18e959732d838fa59fb755904250,10,9,0,0.0,False,,,0,0.0,0.0,0.0,2363.6102833829254,1.6107651993935563,1,0,0.0,0.6695112589831412,0.0,hmm_viterbi,1467.3835046056438,0,4.844387527900415,10.295049288369762,10.398409713219426,10.124550593459704,4.2888623220566435,True,True,True,True,True,True,True,True,True,False,True,False,True,True,True,True,True,True,True,True,True,True,True,True,True,True,rejected,False,False,u_turn_detected,False,False,False,4,ordinary_road,mid_high,short,u_turn,rejected|mid_high|short|u_turn|ordinary_road,,pending,,,,,,,,,,
20161022,4dfbe5f185f33eaf3b3fff8a5fb3498a,17,16,0,0.0,False,,,3,0.17647058823529413,15.825865431676627,0.009906079557128614,1597.5911903804583,1.1625006387893067,2,0,0.0,0.6108760184363355,0.0,hmm_viterbi,1374.2712365683337,0,7.472639501742054,12.511719633592818,14.213746529579545,14.809459807747773,7.485000831197039,True,True,True,True,True,True,True,True,True,False,True,False,True,True,True,True,True,True,True,True,True,True,False,True,False,True,rejected,False,False,u_turn_detected,False,True,True,4,tunnel,mid_low,short,u_turn,rejected|mid_low|short|u_turn|tunnel,,pending,,,,,,,,,,
20161019,c46dcbe1a5daeca6948405c1d79b7ff5,4,3,0,0.0,False,,,0,0.0,0.0,0.0,948.7696602648928,1.9863473400239557,0,0,0.0,0.7612953333616661,0.0,hmm_viterbi,477.64539521746,0,3.4284149719283286,6.452881910768768,6.469526645521517,3.8260497284971327,2.6034930177505355,True,True,True,True,True,True,True,True,True,True,True,True,True,True,True,True,True,True,True,True,True,True,True,True,True,True,core,True,False,fully_directed_continuous_and_quality_thresholds_passed,False,False,False,4,ordinary_road,high,short,ordinary,core|high|short|ordinary|ordinary_road,,pending,,,,,,,,,,
20161020,2571458b89e9a39d861dc93d92de698a,6,5,0,0.0,False,,,0,0.0,0.0,0.0,1481.3905892619337,1.5476636989931867,0,0,0.0,0.7712063438508036,0.0,hmm_viterbi,957.1786107186166,0,5.60593157114667,5.96188043626817,6.106256092176116,1.0719206152005798,5.626939568193503,True,True,True,True,True,True,True,True,True,True,True,True,True,True,True,True,True,True,True,True,True,True,True,True,True,True,core,True,False,fully_directed_continuous_and_quality_thresholds_passed,False,False,False,4,ordinary_road,high,short,ordinary,core|high|short|ordinary|ordinary_road,,pending,,,,,,,,,,
20161019,844d5b625a637b27ff16674ce816223f,48,47,0,0.0,False,,,8,0.16666666666666666,0.0,0.0,4926.200857595768,1.0441901583781423,3,1,0.020833333333333332,0.7564520249908739,0.0,hmm_viterbi,4717.723891639856,0,3.3409979181936587,8.045851694159063,9.062588956383072,0.14938022460927336,3.1406434116835156,True,True,True,True,True,True,True,True,True,False,True,False,True,True,True,True,True,True,True,True,True,True,False,True,False,True,rejected,False,False,u_turn_detected,True,True,True,7,bridge,high,medium,u_turn,rejected|high|medium|u_turn|bridge,,pending,,,,,,,,,,
20161022,5d9a8b1d61f3b78cec0d92e2a9cc0fa3,36,35,0,0.0,False,,,10,0.2777777777777778,57.121803651496194,0.017072966097288585,3345.745743650712,1.2194014076518938,4,0,0.0,0.5504139758899246,0.0,hmm_viterbi,2743.7607687310724,0,7.8723109220690075,16.529743671667266,19.06449092109734,4.189983746219976,3.778696509691214,True,True,True,True,True,True,True,True,True,False,True,False,True,True,True,True,True,True,True,True,True,True,False,True,False,True,rejected,False,False,u_turn_detected,True,True,True,6,bridge,low,medium,u_turn,rejected|low|medium|u_turn|bridge,,pending,,,,,,,,,,
20161020,5ca688007c410ccdb0a8d2de7237390c,23,22,0,0.0,False,,,0,0.0,0.0,0.0,4088.4528079055667,1.0980075344747182,1,0,0.0,0.6327915567612477,0.0,hmm_viterbi,3723.519811602626,0,4.721531492224262,15.222950268754296,22.975137928936626,2.416024253980994,11.513458761150106,True,True,True,True,True,True,True,True,True,False,True,False,True,True,True,True,True,True,True,True,True,True,True,True,True,True,rejected,False,False,u_turn_detected,False,False,False,4,ordinary_road,mid_low,medium,u_turn,rejected|mid_low|medium|u_turn|ordinary_road,,pending,,,,,,,,,,
20161022,4c7fc3be0852d68d69379aa5bb0acfaf,49,48,0,0.0,False,,,31,0.6326530612244898,2193.8754695133607,0.36059196677413047,6084.094133155141,2.003781341479445,5,14,0.2857142857142857,0.5312198161045492,0.0,hmm_viterbi,3036.3064108896697,2,5.618176858710026,8.976509168630981,10.328516611296402,4.181253082472631,7.277567481747149,True,False,True,True,True,True,True,True,True,False,False,False,True,True,False,True,True,True,True,True,True,True,False,True,False,True,rejected,False,False,unreasonable_detour_detected,True,False,True,4,bridge,low,medium,detour,rejected|low|medium|detour|bridge,,pending,,,,,,,,,,
20161020,33936b69edbfa2ea722202a76e1c0205,8,7,0,0.0,False,,,0,0.0,0.0,0.0,2319.881655754657,2.209701444207836,1,0,0.0,0.7001615708422415,0.0,hmm_viterbi,1049.8620353603108,0,6.775787628932877,8.343521078955964,9.661542840182403,3.0395260254261585,6.7817847455465445,True,True,True,True,True,True,True,True,True,False,True,False,True,True,True,True,True,True,True,True,True,True,True,True,True,True,rejected,False,False,u_turn_detected,False,False,False,4,ordinary_road,mid_high,short,u_turn,rejected|mid_high|short|u_turn|ordinary_road,,pending,,,,,,,,,,
20161019,c1ed5adccad8490d45a7738ad2b3c90b,51,50,0,0.0,False,,,13,0.2549019607843137,277.0268809871326,0.04846247687856714,5716.317011226672,1.2703411575311612,3,1,0.0196078431372549,0.5835959469888169,0.0,hmm_viterbi,4499.828236956459,0,5.0006138815198655,11.950051919966574,17.128067437927747,2.4945834066176547,12.051015338688204,True,True,True,True,True,True,True,True,True,False,True,False,True,True,True,True,True,True,True,True,True,True,False,True,False,True,rejected,False,False,u_turn_detected,False,True,True,7,tunnel,mid_low,medium,u_turn,rejected|mid_low|medium|u_turn|tunnel,,pending,,,,,,,,,,
20161022,09356d94897ec3fa241759994098e8ba,114,113,0,0.0,False,,,73,0.6403508771929824,4336.362229828256,0.4240645487270479,10225.712672387019,3.36050316859815,7,54,0.47368421052631576,0.3427965882268239,0.0,hmm_viterbi,3042.9111830454613,6,7.974739067645286,13.846458749127766,13.89822975236474,8.15463397797608,1.9473202251024009,True,False,True,True,False,True,True,True,False,False,False,False,True,True,False,True,True,False,True,True,True,True,False,False,False,True,rejected,False,False,route_length_ratio_threshold_failure,False,True,True,4,tunnel,low,medium,detour,rejected|low|medium|detour|tunnel,,pending,,,,,,,,,,
20161019,7cf66361c85d2a30af5a5243924aaf44,40,39,0,0.0,False,,,9,0.225,103.3958950399018,0.020162231381299266,5128.197027626757,1.0672859615188355,1,0,0.0,0.7949288478229428,0.0,hmm_viterbi,4804.895044556673,0,3.085598966936563,6.709897914058532,7.8237168068033585,3.5338412337261107,5.820767887164015,True,True,True,True,True,True,True,True,True,False,True,False,True,True,True,True,True,True,True,True,True,True,True,True,True,True,rejected,False,False,u_turn_detected,False,True,True,4,tunnel,high,medium,u_turn,rejected|high|medium|u_turn|tunnel,,pending,,,,,,,,,,
20161022,11ba49e39c5e2e037798b9e47698fb19,22,21,0,0.0,False,,,1,0.045454545454545456,11.119892840509744,0.002547857504170569,4364.409242788372,1.2494604528139253,0,0,0.0,0.6668684224285598,0.0,hmm_viterbi,3493.0351200466025,0,7.282708320442356,9.639848953818555,10.803444324260008,1.9549184822777592,3.845634436314301,True,True,True,True,True,True,True,True,True,True,True,True,True,True,True,True,True,True,True,True,True,True,True,True,True,True,core,True,False,fully_directed_continuous_and_quality_thresholds_passed,False,False,False,4,ordinary_road,mid_high,medium,ordinary,core|mid_high|medium|ordinary|ordinary_road,,pending,,,,,,,,,,
20161019,906ed956a58b4ec88fbf380cbe8b93e3,22,21,0,0.0,False,,,3,0.13636363636363635,12.405389360154894,0.003495087336130976,3549.3789330848385,1.3009723021431296,1,0,0.0,0.648304572488423,0.0,hmm_viterbi,2728.25096063755,0,7.471028078522371,8.435278737959777,8.796847448300007,4.699550186207887,2.6293927010359304,True,True,True,True,True,True,True,True,True,False,True,False,True,True,True,True,True,True,True,True,True,True,True,True,True,True,rejected,False,False,u_turn_detected,True,False,True,4,bridge,mid_low,medium,u_turn,rejected|mid_low|medium|u_turn|bridge,,pending,,,,,,,,,,
20161022,04aed241ab5454e54c303bc26572a2b3,6,5,0,0.0,False,,,0,0.0,0.0,0.0,1441.6645500986247,1.193636387155496,0,0,0.0,0.8892329905804504,0.0,hmm_viterbi,1207.7920593005663,0,1.1918486304365736,4.737179037951825,5.019302781532188,0.5719888335128241,2.1664236486332884,True,True,True,True,True,True,True,True,True,True,True,True,True,True,True,True,True,True,True,True,True,True,True,True,True,True,core,True,False,fully_directed_continuous_and_quality_thresholds_passed,False,False,False,4,ordinary_road,high,short,ordinary,core|high|short|ordinary|ordinary_road,,pending,,,,,,,,,,
20161019,6ea578045385640f38adc39246fde2c2,76,75,0,0.0,False,,,36,0.47368421052631576,1977.2795028200546,0.2686511511355605,7360.0261694852215,1.9812559407635701,4,24,0.3157894736842105,0.43228593447725505,0.0,hmm_viterbi,3714.828568109524,3,4.87423090491819,15.079936728380762,29.32910972386616,9.882001426252904,0.8387120335667816,True,False,True,True,True,True,True,True,True,False,False,False,True,True,False,True,True,True,True,True,True,True,False,True,False,True,rejected,False,False,unreasonable_detour_detected,False,False,False,5,ordinary_road,low,medium,detour,rejected|low|medium|detour|ordinary_road,,pending,,,,,,,,,,
20161019,cc95d95895d7c09e27162181f2a12e69,17,16,0,0.0,False,,,4,0.23529411764705882,26.672221057239494,0.01733377233934066,1538.7430119123192,1.274376043923778,1,0,0.0,0.7771435204645185,0.0,hmm_viterbi,1207.448161984088,0,3.768609891891086,6.503422084180919,7.041463939215708,6.0713618772655735,4.164535311905574,True,True,True,True,True,True,True,True,True,False,True,False,True,True,True,True,True,True,True,True,True,True,True,True,True,True,rejected,False,False,u_turn_detected,False,True,True,4,tunnel,high,short,u_turn,rejected|high|short|u_turn|tunnel,,pending,,,,,,,,,,
20161022,9e47b83aac614ebcc899f69a54232e67,73,72,0,0.0,False,,,42,0.5753424657534246,1728.5808187002594,0.19604589417358212,8817.22530322286,2.095642541253769,7,17,0.2328767123287671,0.5928856291301019,0.0,hmm_viterbi,4207.409006856551,3,5.481083095776091,8.065929707720068,9.136637957234377,13.053587147623427,3.3159305795205616,True,False,True,True,True,True,True,True,True,False,False,False,True,True,False,True,True,True,True,True,True,True,False,True,False,True,rejected,False,False,unreasonable_detour_detected,True,False,True,4,bridge,mid_low,medium,detour,rejected|mid_low|medium|detour|bridge,,pending,,,,,,,,,,
20161019,d15d4682c58bab4a6b78630389579622,71,70,0,0.0,False,,,35,0.49295774647887325,370.4710983333972,0.10843640725153215,3416.4825977131645,1.262751298591177,14,23,0.323943661971831,0.688466681494244,0.0,hmm_viterbi,2705.5862872798916,0,5.180050965808842,7.349980985642897,7.779450108015389,5.818776951761295,6.698082773096037,True,True,True,True,True,True,True,True,True,False,False,False,True,True,True,True,True,True,True,True,True,True,False,True,False,True,rejected,False,False,u_turn_detected,True,True,True,5,bridge,mid_high,medium,u_turn,rejected|mid_high|medium|u_turn|bridge,,pending,,,,,,,,,,
20161019,74ef37af3edaa0b2e26477cd2f5fe694,51,50,0,0.0,False,,,2,0.0392156862745098,44.66176050946675,0.004682842512355052,9537.318496539801,1.28557490517933,2,0,0.0,0.5981725998744175,0.0,hmm_viterbi,7418.718627841761,0,7.15711143026383,15.079440454509864,15.311432409119313,5.178339159637505,5.340093503896394,True,True,True,True,True,True,True,True,True,False,True,False,True,True,True,True,True,True,True,True,True,True,False,True,False,True,rejected,False,False,u_turn_detected,False,False,False,4,ordinary_road,mid_low,long,u_turn,rejected|mid_low|long|u_turn|ordinary_road,,pending,,,,,,,,,,
20161019,a0387c01e0c1578c63ee5f9cea61f398,10,9,0,0.0,False,,,1,0.1,9.818386564818876,0.006772660615856389,1449.7089285460027,1.1495958715617949,0,0,0.0,0.7885709143443959,0.0,hmm_viterbi,1261.0596161731914,0,4.271360940802094,7.003894230810528,7.049355701616115,1.0368529736676575,7.066128349302379,True,True,True,True,True,True,True,True,True,True,True,True,True,True,True,True,True,True,True,True,True,True,True,True,True,True,core,True,False,fully_directed_continuous_and_quality_thresholds_passed,False,False,False,4,ordinary_road,high,short,ordinary,core|high|short|ordinary|ordinary_road,,pending,,,,,,,,,,
20161022,ef839b9bf461b0d3b63c380741080aff,16,15,0,0.0,False,,,2,0.125,16.920363614162078,0.008007580854628006,2113.043117683027,1.0394847474462579,0,0,0.0,0.7998481494900767,0.0,hmm_viterbi,2032.7793388736306,0,2.805685437842772,5.141889173356262,7.242943901593264,13.320017592003222,3.795628946412337,True,True,True,True,True,True,True,True,True,True,True,True,True,True,True,True,True,True,True,True,True,True,True,True,True,True,core,True,False,fully_directed_continuous_and_quality_thresholds_passed,False,False,False,5,ordinary_road,high,short,ordinary,core|high|short|ordinary|ordinary_road,,pending,,,,,,,,,,
20161019,9a14bb93577c73c33090630eb9914424,14,13,0,0.0,False,,,3,0.21428571428571427,37.1145356213953,0.009240393498437985,4016.55358374827,1.8554421513515715,0,2,0.14285714285714285,0.5293341575835593,0.0,hmm_viterbi,2164.742016247969,1,8.326282161445404,10.471158145357123,11.636882510222641,14.12616417329858,3.7224032193317798,True,False,True,True,True,True,True,True,True,True,True,False,True,True,True,True,True,True,True,True,True,True,True,True,True,True,rejected,False,False,unreasonable_detour_detected,False,False,False,4,ordinary_road,low,short,detour,rejected|low|short|detour|ordinary_road,,pending,,,,,,,,,,
20161019,1470b086526065424178506aadb1d542,35,34,2,0.058823529411764705,False,,,12,0.34285714285714286,1722.4518497717063,0.28206549902921874,6106.566934629889,1.9850883977268614,4,2,0.05714285714285714,0.31223258608714927,0.0,hmm_viterbi,3076.219145516422,2,3.049864849651749,41.37624587976093,54.58949054336618,2.051560974902348,54.13629759538371,False,False,True,True,True,True,True,True,False,False,True,False,True,True,False,True,True,True,True,True,True,True,False,True,False,True,rejected,False,False,unbridgeable_direction_gap,True,False,True,4,bridge,low,medium,detour,rejected|low|medium|detour|bridge,,pending,,,,,,,,,,
20161019,247724d925c14ec7ea0db55a710c66ef,39,38,0,0.0,False,,,13,0.3333333333333333,107.26654849719648,0.019864849985813827,5399.816689972449,1.0993036121915274,4,0,0.0,0.7389303072944373,0.0,hmm_viterbi,4912.0339732238235,0,4.369819221707656,8.645887664371893,8.991156116671478,1.1950390139394627,6.6231202012676365,True,True,True,True,True,True,True,True,True,False,True,False,True,True,True,True,True,True,True,True,True,True,False,True,False,True,rejected,False,False,u_turn_detected,True,False,True,4,bridge,high,long,u_turn,rejected|high|long|u_turn|bridge,,pending,,,,,,,,,,
20161022,1c9abc83d80f6aa6d619ca593a6d782e,19,18,0,0.0,False,,,3,0.15789473684210525,26.290511908097024,0.008356906127461143,3145.962334278867,1.160961060021278,0,0,0.0,0.8005185412082164,0.0,hmm_viterbi,2709.791432816194,0,2.742410016285999,8.391572298497369,10.336827130353758,1.2497361649372,1.1269233488971875,True,True,True,True,True,True,True,True,True,True,True,True,True,True,True,True,True,True,True,True,True,True,True,True,True,True,core,True,False,fully_directed_continuous_and_quality_thresholds_passed,True,False,True,3,bridge,high,medium,ordinary,core|high|medium|ordinary|bridge,,pending,,,,,,,,,,
20161019,761d15318a71258b2a5a004b5664d488,19,18,0,0.0,False,,,3,0.15789473684210525,146.45779423512465,0.04833626129220407,3029.9777086554714,1.1625745049514042,1,3,0.15789473684210525,0.5411909060053065,0.0,hmm_viterbi,2606.2654012717444,0,4.540223172530779,10.554690796263463,13.137338891144077,4.480778797920772,3.6399771314433753,True,True,True,True,True,True,True,True,True,False,True,False,True,True,True,True,True,True,True,True,True,True,True,True,True,True,rejected,False,False,u_turn_detected,False,False,False,4,ordinary_road,low,medium,u_turn,rejected|low|medium|u_turn|ordinary_road,,pending,,,,,,,,,,
20161019,d6e87c604017e25fe1a68a6df3da718b,40,39,0,0.0,False,,,6,0.15,46.40888729589372,0.007384641028004371,6284.514998075036,1.0853521139459006,2,0,0.0,0.8246147813427976,0.0,hmm_viterbi,5790.300601366211,0,2.6519462044625546,4.73500937003735,8.948991201239759,2.073124089012486,1.083495681724284,True,True,True,True,True,True,True,True,True,False,True,False,True,True,True,True,True,True,True,True,True,True,False,True,False,True,rejected,False,False,u_turn_detected,True,False,True,5,bridge,high,long,u_turn,rejected|high|long|u_turn|bridge,,pending,,,,,,,,,,
20161020,5eec8067246e63af2ffb35904b27b37c,6,5,0,0.0,False,,,0,0.0,0.0,0.0,2775.7198310963836,1.5285469464834402,0,0,0.0,0.6935071521315529,0.0,hmm_viterbi,1815.920562650808,0,5.5478432197672065,7.689077705078305,12.810280732506259,2.346224626942683,3.4160201916182014,True,True,True,True,True,True,True,True,True,True,True,True,True,True,True,True,True,True,True,True,True,True,True,True,True,True,core,True,False,fully_directed_continuous_and_quality_thresholds_passed,False,False,False,4,ordinary_road,mid_high,short,ordinary,core|mid_high|short|ordinary|ordinary_road,,pending,,,,,,,,,,
20161020,f80b3bb6b1c8eab9e41ea2fa5d208325,90,89,0,0.0,False,,,15,0.16666666666666666,331.16004623591357,0.0277728011741848,11923.897922969736,1.2530397618897804,9,1,0.011111111111111112,0.6179630398160921,0.0,hmm_viterbi,9515.977294277262,0,6.844423916720341,10.352005420248618,15.464268631573077,5.673257568372388,0.5917884878704975,True,True,True,True,True,True,True,True,True,False,True,False,True,True,True,True,True,True,True,True,True,True,False,True,False,True,rejected,False,False,u_turn_detected,True,True,True,5,bridge,mid_low,long,u_turn,rejected|mid_low|long|u_turn|bridge,,pending,,,,,,,,,,
20161020,33254a60dd69bfd78fca533f0bc1fbf5,44,43,0,0.0,False,,,9,0.20454545454545456,286.04473132774433,0.052773735998306474,5420.209994928606,1.1487259217528334,3,1,0.022727272727272728,0.7913746327295612,0.0,hmm_viterbi,4718.453629615969,0,2.4263412474596735,6.961578368515626,8.302159763043766,1.2585442529140385,1.3080841390618174,True,True,True,True,True,True,True,True,True,False,True,False,True,True,True,True,True,True,True,True,True,True,False,True,False,True,rejected,False,False,u_turn_detected,False,True,True,7,tunnel,high,medium,u_turn,rejected|high|medium|u_turn|tunnel,,pending,,,,,,,,,,
20161022,eeb4370217c68d1ab40b63805c201208,94,93,1,0.010752688172043012,False,,,56,0.5957446808510638,4680.7260298863675,0.3506935211513268,13347.055898037535,1.7723082486981134,7,10,0.10638297872340426,0.5407322516844696,0.0,hmm_viterbi,7530.888550477547,4,2.6070743046172824,8.954186153683896,9.890746837088907,5.27716272872623,0.9449033505155097,False,False,True,True,True,True,True,True,True,False,True,False,True,True,False,True,True,True,True,True,True,True,False,True,False,True,rejected,False,False,unbridgeable_direction_gap,True,False,True,4,bridge,low,long,detour,rejected|low|long|detour|bridge,,pending,,,,,,,,,,
20161020,73a4a34c5644cc3806c84c9212e6482e,1,0,0,0.0,False,,,0,0.0,0.0,0.0,340.20152143661693,1.9382878277555637,0,0,0.0,0.7688607676291853,0.0,hmm_viterbi,175.5165133707477,0,2.813929468458993,3.2537901614968963,8.513988014094057,18.31903420380166,1.444935272322033,True,True,True,True,True,True,True,True,True,True,True,True,False,True,True,True,True,True,True,True,True,True,True,True,True,False,rejected,False,False,route_quality_threshold_failure,False,False,False,4,ordinary_road,high,short,ordinary,rejected|high|short|ordinary|ordinary_road,,pending,,,,,,,,,,
20161022,d01ea7d21372f203e07564641d176437,112,111,0,0.0,False,,,66,0.5892857142857143,2551.3416346841996,0.22250824634060065,11466.279010526097,1.3169985220305536,15,2,0.017857142857142856,0.48169322749781246,0.0,hmm_viterbi,8706.371965283106,0,10.346130731899798,15.858361026638757,17.546043264078335,14.927854771158433,0.5419638216796753,True,True,True,True,True,True,True,True,True,False,True,False,True,True,True,True,True,True,True,True,True,True,False,True,False,True,rejected,False,False,u_turn_detected,True,True,True,7,bridge,low,long,u_turn,rejected|low|long|u_turn|bridge,,pending,,,,,,,,,,
20161019,3d49afee85e74c7fee5fb8662a9e07e2,5,4,0,0.0,False,,,2,0.4,37.490071879670275,0.027343524399339146,1371.0767980069297,1.1847186365967544,0,0,0.0,0.3411447978053658,0.0,hmm_viterbi,1157.3016205311933,0,16.551329115970997,18.91735926108314,19.026655973576396,15.9756103604469,17.508210716365383,True,True,True,True,True,True,True,True,False,True,True,False,True,True,True,True,True,True,True,True,True,True,True,True,True,True,rejected,False,False,route_quality_threshold_failure,False,False,False,4,ordinary_road,low,short,ordinary,rejected|low|short|ordinary|ordinary_road,,pending,,,,,,,,,,
20161022,308d115b1b8397e525743571dbd7c087,1,0,0,0.0,False,,,0,0.0,0.0,0.0,29.946440571567525,1.929061675966383,0,0,0.0,0.8995620412480406,0.0,hmm_viterbi,15.523837803975631,0,1.7129709059305738,1.8592571741736648,1.9080192635880284,1.7096254965837474,1.9529598136773847,True,True,True,True,True,True,True,True,True,True,True,True,False,True,True,True,True,True,True,True,True,True,True,True,True,False,rejected,False,False,route_quality_threshold_failure,False,False,False,3,ordinary_road,high,short,ordinary,rejected|high|short|ordinary|ordinary_road,,pending,,,,,,,,,,
20161019,789b6c575ea40d9f4ab4df9bfc07c828,53,52,1,0.019230769230769232,False,,,17,0.32075471698113206,2813.2288069252386,0.23837045178661379,11801.91918016586,1.6092144640992914,6,2,0.03773584905660377,0.6462088386184669,0.0,hmm_viterbi,7333.9629014406255,1,4.626150649471456,10.605584716119338,11.813765296759282,0.08359014468977562,6.68367874719078,False,False,True,True,True,True,True,True,True,False,True,False,True,True,True,True,True,True,True,True,True,True,False,True,False,True,rejected,False,False,unbridgeable_direction_gap,True,False,True,4,bridge,mid_low,long,detour,rejected|mid_low|long|detour|bridge,,pending,,,,,,,,,,
20161022,c9fc288e111e4386450b4dbcdd2a3f52,35,34,0,0.0,False,,,7,0.2,47.23679578060711,0.012066624386942575,3914.6653004068444,1.2339075917446156,5,0,0.0,0.7714954338756179,0.0,hmm_viterbi,3172.5757476472927,0,3.3711799091047787,5.742134888851576,6.592289591880341,0.23477270399853653,5.492359476148531,True,True,True,True,True,True,True,True,True,False,True,False,True,True,True,True,True,True,True,True,True,True,False,True,False,True,rejected,False,False,u_turn_detected,True,True,True,4,bridge,high,medium,u_turn,rejected|high|medium|u_turn|bridge,,pending,,,,,,,,,,
20161019,ea25a0aa9510d9849f31bb74d7266e31,42,41,0,0.0,False,,,14,0.3333333333333333,61.98106003113652,0.013753154832453424,4506.679433643788,1.1344921785262787,7,0,0.0,0.655623109449542,0.0,hmm_viterbi,3972.4200121838016,0,6.214653089268538,11.173297905967413,12.317310416139946,6.360620647131423,10.661887237815618,True,True,True,True,True,True,True,True,True,False,True,False,True,True,True,True,True,True,True,True,True,True,False,True,False,True,rejected,False,False,u_turn_detected,True,True,True,6,bridge,mid_high,medium,u_turn,rejected|mid_high|medium|u_turn|bridge,,pending,,,,,,,,,,
20161022,98b660bf9455e23a040a462bfa4fa31c,15,14,0,0.0,False,,,3,0.2,52.60226223688178,0.015097243552363117,3484.2295584910357,1.3887130800731546,1,0,0.0,0.6646874470868213,0.0,hmm_viterbi,2508.96287252331,0,4.869341624188778,9.046429637742458,9.545149082124967,8.454220939136968,0.47262131249599304,True,True,True,True,True,True,True,True,True,False,True,False,True,True,True,True,True,True,True,True,True,True,True,True,True,True,rejected,False,False,u_turn_detected,False,False,False,4,ordinary_road,mid_high,short,u_turn,rejected|mid_high|short|u_turn|ordinary_road,,pending,,,,,,,,,,
20161020,d88f1f1fd4121a45d7c44cd16161dccf,20,19,1,0.05263157894736842,False,,,1,0.05,0.0,0.0,3855.239850515027,1.1870917786596782,0,0,0.0,0.7055019237592043,0.0,hmm_viterbi,3247.6341929247474,0,3.2218339644752647,9.489131571175239,10.563272628844828,2.1176024190233407,6.388691278844954,False,True,True,True,True,True,True,True,True,True,True,False,True,True,True,True,True,True,True,True,True,True,True,True,True,True,rejected,False,False,unbridgeable_direction_gap,True,False,True,4,bridge,mid_high,medium,direction_gap,rejected|mid_high|medium|direction_gap|bridge,,pending,,,,,,,,,,
20161020,f43ded88689f4cc994e52901f9a53352,38,37,0,0.0,False,,,2,0.05263157894736842,0.0,0.0,6505.027948369977,1.3526454928761709,2,0,0.0,0.6468713546333118,0.0,hmm_viterbi,4809.115161828648,0,6.176232769508528,10.75997048403085,14.410503531892438,4.551312804553573,4.177333619026777,True,True,True,True,True,True,True,True,True,False,True,False,True,True,True,True,True,True,True,True,True,True,False,True,False,True,rejected,False,False,u_turn_detected,True,False,True,4,bridge,mid_low,medium,u_turn,rejected|mid_low|medium|u_turn|bridge,,pending,,,,,,,,,,
20161019,542a722c57f4eb97f37237035d7a535c,123,122,1,0.00819672131147541,False,,,72,0.5853658536585366,5089.001450100177,0.3494741361087685,14561.882910031152,1.8318944916080333,10,20,0.16260162601626016,0.4233966613690758,0.0,hmm_viterbi,7949.0838455705825,5,4.370207332352345,11.270683833245291,11.679220195711888,1.8971398061261175,11.655373220711617,False,False,True,True,True,True,True,True,True,False,True,False,True,True,False,True,True,True,True,True,True,True,False,True,False,True,rejected,False,False,unbridgeable_direction_gap,True,False,True,5,bridge,low,long,detour,rejected|low|long|detour|bridge,,pending,,,,,,,,,,
20161022,6538bed3cf2fef85dfb08fa1bc0832d4,40,39,2,0.05128205128205128,False,,,5,0.125,100.33760337680515,0.01121761552786052,8944.646313434674,1.3091128587323138,2,0,0.0,0.4968536487492491,0.0,hmm_viterbi,6832.601371050827,0,7.674190319082707,18.940278335391675,21.427904767652528,1.2940150037279672,4.351555949599546,False,True,True,True,True,True,True,True,True,False,True,False,True,True,True,True,True,True,True,True,True,True,False,True,False,True,rejected,False,False,unbridgeable_direction_gap,False,False,True,5,elevated,low,long,u_turn,rejected|low|long|u_turn|elevated,,pending,,,,,,,,,,
20161022,d159476bcf6786e59572ab105fc29a21,44,43,1,0.023255813953488372,False,,,2,0.045454545454545456,13.737452691914363,0.0015599835211337592,8806.152440591364,1.2059331384563667,4,0,0.0,0.6991806664482246,0.0,hmm_viterbi,7302.355462147365,0,4.873472277613731,11.359290612022715,12.535385017986409,11.389204308888406,0.8981910653939804,False,True,True,True,True,True,True,True,True,False,True,False,True,True,True,True,True,True,True,True,True,True,False,True,False,True,rejected,False,False,unbridgeable_direction_gap,True,False,True,4,bridge,mid_high,long,u_turn,rejected|mid_high|long|u_turn|bridge,,pending,,,,,,,,,,
20161022,4899eb7b36f3540e32052f49d5d56634,76,75,0,0.0,False,,,11,0.14473684210526316,620.5659495907929,0.06166572290768681,10063.385627048858,1.221495336709204,5,0,0.0,0.6480054601835433,0.0,hmm_viterbi,8238.578834169224,1,6.146926989550034,10.900909267318186,11.784465340001297,0.39552931725207696,9.562531421874791,True,False,True,True,True,True,True,True,True,False,True,False,True,True,True,True,True,True,True,True,True,True,False,True,False,True,rejected,False,False,unreasonable_detour_detected,True,True,True,4,bridge,mid_low,long,detour,rejected|mid_low|long|detour|bridge,,pending,,,,,,,,,,
20161019,6331578327002a1b2093ec602938f401,79,78,0,0.0,False,,,25,0.31645569620253167,1184.870230272589,0.12625434994905294,9384.787381588962,1.2559472396965714,5,11,0.13924050632911392,0.763883992383738,0.0,hmm_viterbi,7472.278360877854,1,2.6018007233743123,6.471639547584589,7.9758422616889275,6.452538813213528,1.6978960466818935,True,False,True,True,True,True,True,True,True,False,True,False,True,True,True,True,True,True,True,True,True,True,False,True,False,True,rejected,False,False,unreasonable_detour_detected,True,True,True,6,bridge,high,long,detour,rejected|high|long|detour|bridge,,pending,,,,,,,,,,
20161020,6a95434572f84ff1d4be558b82913ebc,21,20,0,0.0,False,,,1,0.047619047619047616,19.7493248101825,0.007854130106246603,2514.5145984372384,1.0948047253432411,0,0,0.0,0.7294710188733413,0.0,hmm_viterbi,2296.769953791433,0,4.82139910616771,7.8327167169515475,8.080864798683344,2.850282080467541,8.062941733856839,True,True,True,True,True,True,True,True,True,True,True,True,True,True,True,True,True,True,True,True,True,True,True,True,True,True,core,True,False,fully_directed_continuous_and_quality_thresholds_passed,False,False,False,4,ordinary_road,mid_high,short,ordinary,core|mid_high|short|ordinary|ordinary_road,,pending,,,,,,,,,,
20161022,76e0cacfbf654c7e99459f9182c8e6af,59,58,0,0.0,False,,,31,0.5254237288135594,2539.9938947631877,0.3569516301702721,7115.792953660322,1.28696361489513,6,0,0.0,0.42626154081342493,0.0,hmm_viterbi,5529.132969497481,1,10.532294804737786,15.529002715162761,16.305529573704924,12.810218315729005,10.266158733697107,True,False,True,True,True,True,True,True,True,False,True,False,True,True,True,True,True,True,True,True,True,True,False,True,False,True,rejected,False,False,unreasonable_detour_detected,False,True,True,7,tunnel,low,long,detour,rejected|low|long|detour|tunnel,,pending,,,,,,,,,,
20161020,46ef3a3287c428e2241ed20ec8d1ba24,74,73,0,0.0,False,,,37,0.5,1686.7013597570522,0.28304036922688386,5959.22540789579,1.72984419087007,4,25,0.33783783783783783,0.4345216793972467,0.0,hmm_viterbi,3444.949226842473,2,4.413060887984,14.479719869608768,27.673127148666442,8.337562806386867,16.17826292718845,True,False,True,True,True,True,True,True,True,False,False,False,True,True,False,True,True,True,True,True,True,True,False,True,False,True,rejected,False,False,unreasonable_detour_detected,False,True,True,5,tunnel,low,medium,detour,rejected|low|medium|detour|tunnel,,pending,,,,,,,,,,
20161019,997c12c0461abd465ec47f8f57af2dad,20,19,0,0.0,False,,,1,0.05,13.535383054234602,0.002887415760682938,4687.7153053404345,1.3179787120370239,0,0,0.0,0.5675958229132069,0.0,hmm_viterbi,3556.7458431064174,0,7.24240026544559,14.93437493510152,15.268876180451596,4.9810303527959245,4.339425688844365,True,True,True,True,True,True,True,True,True,True,True,True,True,True,True,True,True,True,True,True,True,True,True,True,True,True,core,True,False,fully_directed_continuous_and_quality_thresholds_passed,False,False,False,4,ordinary_road,mid_low,medium,ordinary,core|mid_low|medium|ordinary|ordinary_road,,pending,,,,,,,,,,
20161019,30d08380e7eb04f5984cb6ff379b1105,56,55,0,0.0,False,,,14,0.25,417.82425622741414,0.0682531269024797,6121.686656560114,1.3031971250295833,7,1,0.017857142857142856,0.6684791678471173,0.0,hmm_viterbi,4697.43720192841,1,2.253908615539392,12.14494464482255,18.795665847498558,15.206845977715746,11.063999056584429,True,False,True,True,True,True,True,True,True,False,True,False,True,True,True,True,True,True,True,True,True,True,False,True,False,True,rejected,False,False,unreasonable_detour_detected,True,True,True,4,bridge,mid_high,medium,detour,rejected|mid_high|medium|detour|bridge,,pending,,,,,,,,,,
20161020,2259bebcf6d66c5938bf7589cc022501,20,19,0,0.0,False,,,3,0.15,44.27012784753454,0.015248331621170844,2903.276827090363,1.0745492493406261,0,0,0.0,0.813172291030867,0.0,hmm_viterbi,2701.855525814099,0,1.8479394697570992,8.155127096331103,8.750241996434443,1.5914486603105882,4.592650765039236,True,True,True,True,True,True,True,True,True,True,True,True,True,True,True,True,True,True,True,True,True,True,True,True,True,True,core,True,False,fully_directed_continuous_and_quality_thresholds_passed,False,False,False,4,ordinary_road,high,medium,ordinary,core|high|medium|ordinary|ordinary_road,,pending,,,,,,,,,,
20161019,f82763b1f74c21db32e6e2f365f1da81,43,42,1,0.023809523809523808,False,,,6,0.13953488372093023,87.23995204703118,0.014220301817174243,6134.887512842318,1.3055932144390556,5,0,0.0,0.5734065100648492,0.0,hmm_viterbi,4698.927234757539,0,5.476516063232319,12.023060184702176,15.383103964024887,3.121734218381779,12.188623593137368,False,True,True,True,True,True,True,True,True,False,True,False,True,True,True,True,True,True,True,True,True,True,False,True,False,True,rejected,False,False,unbridgeable_direction_gap,True,False,True,4,bridge,mid_low,medium,u_turn,rejected|mid_low|medium|u_turn|bridge,,pending,,,,,,,,,,
20161022,73a078dd0360799223c2fab1886724da,41,40,0,0.0,False,,,8,0.1951219512195122,350.0697834886922,0.07554014578758265,4634.22170872004,1.2234954427578835,1,0,0.0,0.627890987653983,0.0,hmm_viterbi,3787.6902085340275,1,3.8869482863523386,13.512293592933204,21.04113615885303,0.5352350582435822,20.817269683937333,True,False,True,True,True,True,True,True,True,False,True,False,True,True,True,True,True,True,True,True,True,True,True,True,True,True,rejected,False,False,unreasonable_detour_detected,False,True,True,7,tunnel,mid_low,medium,detour,rejected|mid_low|medium|detour|tunnel,,pending,,,,,,,,,,
20161020,102af2cc22564729f5b961dd66065144,19,18,0,0.0,False,,,5,0.2631578947368421,81.06128928521372,0.03157976966955502,2566.8739871577386,1.3717521520506828,0,0,0.0,0.7063290821074348,0.0,hmm_viterbi,1871.2374413412979,1,1.5604971413607602,5.545213449977871,5.983300925893701,5.7606046580958115,2.470918280388401,True,False,True,True,True,True,True,True,True,True,True,False,True,True,True,True,True,True,True,True,True,True,True,True,True,True,rejected,False,False,unreasonable_detour_detected,False,False,False,4,ordinary_road,mid_high,short,detour,rejected|mid_high|short|detour|ordinary_road,,pending,,,,,,,,,,
20161022,ba75a41da0e3bbf9a722c75ae8e252c9,19,18,0,0.0,False,,,0,0.0,0.0,0.0,3409.6515440035687,1.3389690978858229,1,1,0.05263157894736842,0.7642236975076612,0.0,hmm_viterbi,2546.475157184186,0,2.737814113197981,10.088444850793682,11.247356873573764,8.243153462217801,3.459552114383778,True,True,True,True,True,True,True,True,True,False,True,False,True,True,True,True,True,True,True,True,True,True,True,True,True,True,rejected,False,False,u_turn_detected,False,False,False,5,ordinary_road,high,medium,u_turn,rejected|high|medium|u_turn|ordinary_road,,pending,,,,,,,,,,
20161022,0c57df6716856fc3c4f634ca172ee06e,52,51,0,0.0,False,,,23,0.4423076923076923,404.3656202134117,0.07725588478837624,5234.10768410812,1.1573258105879662,5,0,0.0,0.7222304865025997,0.0,hmm_viterbi,4522.587879941078,0,4.3307910970673476,7.928395734617349,8.653795049147764,1.7652467619928724,2.832605084773138,True,True,True,True,True,True,True,True,True,False,True,False,True,True,True,True,True,True,True,True,True,True,False,True,False,True,rejected,False,False,u_turn_detected,True,True,True,6,bridge,mid_high,medium,u_turn,rejected|mid_high|medium|u_turn|bridge,,pending,,,,,,,,,,
20161020,a001eb243d2ef2c40ae170c97d286a21,18,17,0,0.0,False,,,4,0.2222222222222222,63.46383103244659,0.024549540042016888,2585.1332010223955,1.181181863742911,0,0,0.0,0.7111595992171765,0.0,hmm_viterbi,2188.59879276394,0,5.123106179314756,8.259450730627144,12.323037454635985,5.721647454773972,12.29561380753128,True,True,True,True,True,True,True,True,True,True,True,True,True,True,True,True,True,True,True,True,True,True,True,True,True,True,core,True,False,fully_directed_continuous_and_quality_thresholds_passed,False,False,False,4,ordinary_road,mid_high,short,ordinary,core|mid_high|short|ordinary|ordinary_road,,pending,,,,,,,,,,
20161020,00899cf426d68e2dc302138b004c858c,3,2,0,0.0,False,,,0,0.0,0.0,0.0,1091.7954643369287,1.9146002081232898,0,0,0.0,0.8328176536154738,0.0,hmm_viterbi,570.2472295284651,0,3.382073560075214,4.3199559727921315,4.323571919321965,1.729080735182233,4.302048413181611,True,True,True,True,True,True,True,True,True,True,True,True,True,True,True,True,True,True,True,True,True,True,True,True,True,True,core,True,False,fully_directed_continuous_and_quality_thresholds_passed,False,False,False,3,ordinary_road,high,short,ordinary,core|high|short|ordinary|ordinary_road,,pending,,,,,,,,,,
20161020,6b674a6f9cb0fd1aaa1f89b77f25d1b3,33,32,0,0.0,False,,,4,0.12121212121212122,25.943335842379454,0.004277037145621316,6065.726099418928,1.2673585255605997,3,1,0.030303030303030304,0.6646250295952119,0.0,hmm_viterbi,4786.116933040579,0,7.123213728595667,8.80624975828054,9.119381482296225,72.95621144337295,1.2566094991246568,True,True,True,True,True,True,True,True,True,False,True,False,True,True,True,True,True,True,True,True,True,True,False,True,False,True,rejected,False,False,u_turn_detected,True,False,True,4,bridge,mid_high,medium,u_turn,rejected|mid_high|medium|u_turn|bridge,,pending,,,,,,,,,,
20161019,d1110654cb8d55501759ab44441da15f,58,57,0,0.0,False,,,11,0.1896551724137931,150.57696289584456,0.017408132568230456,8649.80561847541,1.224002934342131,5,0,0.0,0.6340451431508836,0.0,hmm_viterbi,7066.817714064101,0,4.976862205966869,10.859626473342127,23.668369766886023,2.661079888366125,1.7999273472299668,True,True,True,True,True,True,True,True,True,False,True,False,True,True,True,True,True,True,True,True,True,True,False,True,False,True,rejected,False,False,u_turn_detected,True,True,True,5,bridge,mid_low,long,u_turn,rejected|mid_low|long|u_turn|bridge,,pending,,,,,,,,,,
20161022,dde34f31b359ff0e55a00c03b8b21d01,12,11,0,0.0,False,,,2,0.16666666666666666,0.0,0.0,2755.1482254702782,1.5383349694785728,1,0,0.0,0.5319612136600586,0.0,hmm_viterbi,1790.9936913181862,1,6.434636618323241,8.707299939991453,9.672014043937482,9.231304893499102,0.6937353882161481,True,False,True,True,True,True,True,True,True,False,True,False,True,True,True,True,True,True,True,True,True,True,True,True,True,True,rejected,False,False,unreasonable_detour_detected,True,False,True,3,bridge,low,short,detour,rejected|low|short|detour|bridge,,pending,,,,,,,,,,
20161022,a3905d306535d5cd7f4af6dfeeaabf6e,18,17,3,0.17647058823529413,False,,,3,0.16666666666666666,812.4791282416421,0.1949079568665405,4168.5272438516795,1.7667731101443365,1,5,0.2777777777777778,0.45344027635374035,0.0,hmm_viterbi,2359.4015665719135,1,3.4310021885487236,9.888462844566503,10.821709715649234,10.44821423767585,2.0490130689482773,False,False,True,True,True,True,True,True,True,False,False,False,True,False,True,True,True,True,True,True,True,True,True,True,False,True,rejected,False,False,too_many_direction_gaps,False,False,True,4,elevated,low,short,detour,rejected|low|short|detour|elevated,,pending,,,,,,,,,,
20161022,77f985161d074f1d1e6c6d017937fe19,2,1,0,0.0,False,,,0,0.0,0.0,0.0,690.8918584269671,2.1092370815323047,0,0,0.0,0.7588271750807057,0.0,hmm_viterbi,327.55533480620045,0,6.066008328866982,6.197124104805241,6.210127670402322,6.08051828575136,3.0913769713018557,True,True,True,True,True,True,True,True,True,True,True,True,True,True,True,True,True,True,True,True,True,True,True,True,True,True,core,True,False,fully_directed_continuous_and_quality_thresholds_passed,False,False,False,4,ordinary_road,high,short,ordinary,core|high|short|ordinary|ordinary_road,,pending,,,,,,,,,,
20161022,f54fdcd889c869203ab3492b85801c25,6,5,0,0.0,False,,,0,0.0,0.0,0.0,1337.1920508785518,2.1048618433559723,1,1,0.16666666666666666,0.7801453669884026,0.0,hmm_viterbi,635.2873254363076,0,3.8017217771661627,5.478392734370158,5.61638642957941,5.482459869053089,3.7938005793350307,True,True,True,True,True,True,True,True,True,False,True,False,True,True,True,True,True,True,True,True,True,True,True,True,True,True,rejected,False,False,u_turn_detected,False,False,False,4,ordinary_road,high,short,u_turn,rejected|high|short|u_turn|ordinary_road,,pending,,,,,,,,,,
20161019,df036ce9bec3dae9e506098b2102d694,40,39,0,0.0,False,,,14,0.35,88.15590515091941,0.02284927197768524,3858.149407867922,1.3021951959654847,6,3,0.075,0.6584754395747082,0.0,hmm_viterbi,2962.804209247124,0,4.859165927896841,13.853818074326817,16.980970146557347,5.781282920089302,17.335831169370294,True,True,True,True,True,True,True,True,True,False,True,False,True,True,True,True,True,True,True,True,True,True,False,True,False,True,rejected,False,False,u_turn_detected,True,True,True,5,bridge,mid_high,medium,u_turn,rejected|mid_high|medium|u_turn|bridge,,pending,,,,,,,,,,
20161020,2d9f121f46151f426bb87429ada8914f,15,14,0,0.0,False,,,0,0.0,0.0,0.0,2990.6830869903565,1.1165254216857217,1,0,0.0,0.8358868761483051,0.0,hmm_viterbi,2678.562466114785,0,1.6716435486387042,7.215595924290538,7.215595924290538,3.6241163772922595,2.9510302228835976,True,True,True,True,True,True,True,True,True,False,True,False,True,True,True,True,True,True,True,True,True,True,True,True,True,True,rejected,False,False,u_turn_detected,False,False,False,4,ordinary_road,high,medium,u_turn,rejected|high|medium|u_turn|ordinary_road,,pending,,,,,,,,,,
20161019,91bc816618f3feebd49298892d0c3d52,24,23,0,0.0,False,,,6,0.25,97.53465654057126,0.03364390696732508,2899.028838573855,1.167279660932722,2,2,0.08333333333333333,0.6686760759571068,0.0,hmm_viterbi,2483.5769315618572,0,6.357872834670033,7.769206065426144,7.85241684475579,2.319190687901836,2.7761927411271605,True,True,True,True,True,True,True,True,True,False,True,False,True,True,True,True,True,True,True,True,True,True,False,True,False,True,rejected,False,False,u_turn_detected,False,False,False,4,ordinary_road,mid_high,short,u_turn,rejected|mid_high|short|u_turn|ordinary_road,,pending,,,,,,,,,,
20161022,15616ad6f84e6e0c55b9c04af6c64250,16,15,0,0.0,False,,,2,0.125,82.51253149497938,0.0218209245563937,3781.3490112087193,1.1365955901437277,0,1,0.0625,0.7411901049277214,0.0,hmm_viterbi,3326.908043634544,0,3.829196651679389,8.221897190880112,8.431940034048823,5.2296121141252305,2.6827231042301296,True,True,True,True,True,True,True,True,True,True,True,True,True,True,True,True,True,True,True,True,True,True,True,True,True,True,core,True,False,fully_directed_continuous_and_quality_thresholds_passed,False,False,False,6,complex_intersection,high,medium,ordinary,core|high|medium|ordinary|complex_intersection,,pending,,,,,,,,,,
20161022,19a9d616b6ffbd61e96793c5008d6d42,84,83,0,0.0,False,,,36,0.42857142857142855,819.3283133000886,0.09385432816261562,8729.787206834924,1.1934925304903137,7,5,0.05952380952380952,0.6827457025379714,0.0,hmm_viterbi,7314.48834727816,1,4.1210759343509125,9.976415782844224,11.510241854319883,1.089609512625141,4.356039738604289,True,False,True,True,True,True,True,True,True,False,True,False,True,True,True,True,True,True,True,True,True,True,False,True,False,True,rejected,False,False,unreasonable_detour_detected,True,True,True,5,bridge,mid_high,long,detour,rejected|mid_high|long|detour|bridge,,pending,,,,,,,,,,
20161022,88db4c2e63c2a3f3a9420839259e7a24,42,41,0,0.0,False,,,2,0.047619047619047616,36.44674901762927,0.0056273777816174255,6476.684244780474,1.1493410524125363,1,1,0.023809523809523808,0.568010686165177,0.0,hmm_viterbi,5635.128259958628,0,9.06928193576149,15.907393986926515,16.641289540169037,3.9591980398546682,10.280785005582738,True,True,True,True,True,True,True,True,True,False,True,False,True,True,True,True,True,True,True,True,True,True,True,True,True,True,rejected,False,False,u_turn_detected,False,False,False,4,ordinary_road,mid_low,long,u_turn,rejected|mid_low|long|u_turn|ordinary_road,,pending,,,,,,,,,,
20161022,7fcaf14d8bc250c09386d45edbb77a04,25,24,0,0.0,False,,,7,0.28,47.75782289355338,0.03344575777083459,1427.918698113613,1.327854597320276,4,0,0.0,0.797334818198694,0.0,hmm_viterbi,1075.357724403918,0,1.5722178878902997,5.626166189798863,14.702619888537777,5.320806346434612,0.41273009680360184,True,True,True,True,True,True,True,True,True,False,True,False,True,True,True,True,True,True,True,True,True,True,False,True,False,True,rejected,False,False,u_turn_detected,True,True,True,4,bridge,high,short,u_turn,rejected|high|short|u_turn|bridge,,pending,,,,,,,,,,
20161019,d9b018aefd112719deb5c41d2b7b6418,13,12,0,0.0,False,,,4,0.3076923076923077,61.12681657413881,0.0812703651777729,752.1415271166608,1.1188298643172296,0,0,0.0,0.7287930408275816,0.0,hmm_viterbi,672.2572851375022,0,2.670996888210419,8.002667912586569,8.783480118156557,1.1075472758511293,4.988648157477165,True,True,True,True,True,True,True,True,True,True,True,True,True,True,True,True,True,True,True,True,True,True,True,True,True,True,core,True,False,fully_directed_continuous_and_quality_thresholds_passed,True,False,True,4,bridge,mid_high,short,ordinary,core|mid_high|short|ordinary|bridge,,pending,,,,,,,,,,
20161022,1c091867ed90217fd088e812f3dc79cc,72,71,0,0.0,False,,,7,0.09722222222222222,134.7427418943894,0.011556750391662799,11659.224031661592,1.1705591281988637,5,13,0.18055555555555555,0.6963663850039482,0.0,hmm_viterbi,9960.388801206147,0,4.712370203998318,10.455539873783756,11.253911540748806,0.5179442114871005,8.684176545373326,True,True,True,True,True,True,True,True,True,False,True,False,True,True,True,True,True,True,True,True,True,True,False,True,False,True,rejected,False,False,u_turn_detected,False,False,False,6,complex_intersection,mid_high,long,u_turn,rejected|mid_high|long|u_turn|complex_intersection,,pending,,,,,,,,,,
20161020,f73c08f79c5700218e78765859d4999b,13,12,2,0.16666666666666666,False,,,2,0.15384615384615385,0.0,0.0,2378.830652820042,1.6443809146717463,0,0,0.0,0.3830961104059735,0.0,hmm_viterbi,1446.6420958764943,0,4.48427927540556,7.915423520892196,9.369485229372254,0.034683255448004165,2.6087048315752472,False,True,True,True,True,True,True,True,True,True,True,False,True,True,True,True,True,True,True,True,True,True,True,True,True,True,rejected,False,False,unbridgeable_direction_gap,True,False,True,5,bridge,low,short,direction_gap,rejected|low|short|direction_gap|bridge,,pending,,,,,,,,,,
20161020,76242331efc4b008f62d8903f9aff2ee,1,0,0,0.0,False,,,0,0.0,0.0,0.0,589.4640378802785,8.895613575504996,0,0,0.0,0.6867884296659801,0.0,hmm_viterbi,66.26457330649227,0,5.810631421231705,6.863135933749098,6.9936565864281866,7.030189158237731,5.824335373922584,True,True,True,True,False,True,True,True,True,True,True,False,False,True,True,True,True,False,True,True,True,True,True,True,False,False,rejected,False,False,route_length_ratio_threshold_failure,False,False,False,4,ordinary_road,mid_high,short,ordinary,rejected|mid_high|short|ordinary|ordinary_road,,pending,,,,,,,,,,
20161020,3b07ccb370f8653ff84bef7598de4788,52,51,0,0.0,False,,,12,0.23076923076923078,2274.2115474268267,0.25437646162576355,8940.338004907966,1.8602070867608087,4,1,0.019230769230769232,0.5466519400195684,0.0,hmm_viterbi,4806.098239565272,1,10.228677319921914,13.217925552526543,15.749200952875835,5.785833514942687,1.200198384312307,True,False,True,True,True,True,True,True,True,False,True,False,True,True,True,True,True,True,True,True,True,True,False,True,False,True,rejected,False,False,unreasonable_detour_detected,False,False,True,4,elevated,low,medium,detour,rejected|low|medium|detour|elevated,,pending,,,,,,,,,,
20161020,298bd17df665f7b2a1cabb6525ba5752,31,30,0,0.0,False,,,6,0.1935483870967742,109.79193536566932,0.019401447812963622,5658.955786398001,1.232378478533685,2,0,0.0,0.6062647230372736,0.0,hmm_viterbi,4591.897606919563,0,6.081919748549202,15.310100844722518,19.947900756055258,0.4553692952430349,2.365998916192597,True,True,True,True,True,True,True,True,True,False,True,False,True,True,True,True,True,True,True,True,True,True,False,True,False,True,rejected,False,False,u_turn_detected,False,True,True,5,tunnel,mid_low,medium,u_turn,rejected|mid_low|medium|u_turn|tunnel,,pending,,,,,,,,,,
20161019,84d9e7aad4ed1a63b16425926d6dd8e8,32,31,0,0.0,False,,,3,0.09375,61.76481471280286,0.013299557995231925,4644.125371305302,1.1781687322701593,0,0,0.0,0.7290511297267213,0.0,hmm_viterbi,3941.8168587420832,0,5.505412043392822,7.2141214919499514,7.990715406109054,4.49084486536348,4.145297308872333,True,True,True,True,True,True,True,True,True,True,True,True,True,True,True,True,True,True,True,True,True,True,True,True,True,True,core,True,False,fully_directed_continuous_and_quality_thresholds_passed,False,False,False,4,ordinary_road,mid_high,medium,ordinary,core|mid_high|medium|ordinary|ordinary_road,,pending,,,,,,,,,,
20161019,4e353a4bacfa82026dae28dcb3fc2ecb,31,30,0,0.0,False,,,4,0.12903225806451613,212.48777424644294,0.03630537528883408,5852.791013891398,1.385932301884189,0,3,0.0967741935483871,0.6705888035163382,0.0,hmm_viterbi,4222.999208499917,1,3.752822419236915,10.896943834063263,11.582896219417183,5.02025068327802,1.1079029800612894,True,False,True,True,True,True,True,True,True,True,True,False,True,True,True,True,True,True,True,True,True,True,True,True,True,True,rejected,False,False,unreasonable_detour_detected,False,False,False,4,ordinary_road,mid_high,medium,detour,rejected|mid_high|medium|detour|ordinary_road,,pending,,,,,,,,,,
20161022,d371e066ce98ba930d8468709303bff3,44,43,0,0.0,False,,,5,0.11363636363636363,1111.848498685887,0.12116564145782283,9176.268827602553,1.5853384668523127,5,0,0.0,0.48804875318525237,0.0,hmm_viterbi,5788.208019592195,1,12.136664062510244,14.765165624421575,17.39471279530377,14.72703392664483,7.656048903006717,True,False,True,True,True,True,True,True,True,False,True,False,True,True,True,True,True,True,True,True,True,True,False,True,False,True,rejected,False,False,unreasonable_detour_detected,False,False,False,5,ordinary_road,low,long,detour,rejected|low|long|detour|ordinary_road,,pending,,,,,,,,,,
20161019,148211f8708667a5f81f4ca13174e004,33,32,0,0.0,False,,,9,0.2727272727272727,697.695490139483,0.15968829232986625,4369.108592496321,1.8853243925683296,4,1,0.030303030303030304,0.49437129209667147,0.0,hmm_viterbi,2317.430681806644,1,7.547811743903598,13.196815587971177,14.266131914702362,7.030189158237731,14.299925571629846,True,False,True,True,True,True,True,True,True,False,True,False,True,True,True,True,True,True,True,True,True,True,False,True,False,True,rejected,False,False,unreasonable_detour_detected,False,True,True,4,tunnel,low,short,detour,rejected|low|short|detour|tunnel,,pending,,,,,,,,,,
20161022,e408a550feba516eb14b9559cea513df,55,54,0,0.0,False,,,8,0.14545454545454545,1318.994829274404,0.13461490140412116,9798.282474796091,1.3976607115802024,3,0,0.0,0.7551457495475392,0.0,hmm_viterbi,7010.487161593104,1,2.5645969298705706,7.585326713775939,8.524519754447878,0.9096556145147013,0.275694890159335,True,False,True,True,True,True,True,True,True,False,True,False,True,True,True,True,True,True,True,True,True,True,False,True,False,True,rejected,False,False,unreasonable_detour_detected,False,False,False,4,ordinary_road,high,long,detour,rejected|high|long|detour|ordinary_road,,pending,,,,,,,,,,
20161019,6d3792a478e78bf391220c1c856d4211,1,0,0,0.0,False,,,0,0.0,0.0,0.0,359.75446885908946,1.501572882009003,0,0,0.0,0.7192290220363756,0.0,hmm_viterbi,239.58508652457965,0,5.776989004265976,6.787754780104976,6.791896966992974,2.9085157803482318,6.780866340119408,True,True,True,True,True,True,True,True,True,True,True,True,False,True,True,True,True,True,True,True,True,True,True,True,True,False,rejected,False,False,route_quality_threshold_failure,False,False,False,4,ordinary_road,mid_high,short,ordinary,rejected|mid_high|short|ordinary|ordinary_road,,pending,,,,,,,,,,
20161020,9a8f9e8553277b9d70afb1f5c012c8d2,29,28,2,0.07142857142857142,False,,,4,0.13793103448275862,59.07618158856561,0.011242674612151565,5254.6376753369295,1.0918473452419146,0,0,0.0,0.7126043181358787,0.0,hmm_viterbi,4812.612036138338,0,2.277996172226477,4.336658971047316,5.727734839837692,1.1047901159848978,2.681464286742984,False,True,True,True,True,True,True,True,True,True,True,False,True,True,True,True,True,True,True,True,True,True,True,True,True,True,rejected,False,False,unbridgeable_direction_gap,True,False,True,4,bridge,mid_high,medium,direction_gap,rejected|mid_high|medium|direction_gap|bridge,,pending,,,,,,,,,,
20161022,7d88102356311f74451d2bd3f0935e74,19,18,0,0.0,False,,,3,0.15789473684210525,20.030996225916933,0.0060813911544859885,3293.818094753024,1.1408529912980023,0,0,0.0,0.6366968180361009,0.0,hmm_viterbi,2887.1538400451504,0,7.616118930210899,8.833787527830824,9.343462447842889,6.208341817688155,13.380234077646378,True,True,True,True,True,True,True,True,True,True,True,True,True,True,True,True,True,True,True,True,True,True,True,True,True,True,core,True,False,fully_directed_continuous_and_quality_thresholds_passed,True,False,True,5,bridge,mid_low,medium,ordinary,core|mid_low|medium|ordinary|bridge,,pending,,,,,,,,,,
20161019,70778f03c818b22ef9800c1a7095c982,2,1,0,0.0,False,,,0,0.0,0.0,0.0,240.1915625115442,3.0694027267334274,0,0,0.0,0.6917656380020122,0.0,hmm_viterbi,78.2535183211898,0,5.635570752414328,6.401028096821438,6.609015017262218,6.131844750407944,5.5917418642930174,True,True,True,True,False,True,True,True,True,True,True,False,True,True,True,True,True,False,True,True,True,True,True,True,False,True,rejected,False,False,route_length_ratio_threshold_failure,False,False,False,4,ordinary_road,mid_high,short,ordinary,rejected|mid_high|short|ordinary|ordinary_road,,pending,,,,,,,,,,
20161020,51530500fa3c08a9f2fc4c2048c49c64,33,32,0,0.0,False,,,4,0.12121212121212122,43.687263379276025,0.007919344297327914,5516.525325716253,1.5951727705699421,1,0,0.0,0.5980722208419903,0.0,hmm_viterbi,3458.2619685422815,0,6.10715825461828,13.413182099916643,13.814484097154178,13.445109619023604,3.215059722480166,True,True,True,True,True,True,True,True,True,False,True,False,True,True,True,True,True,True,True,True,True,True,True,True,True,True,rejected,False,False,u_turn_detected,False,False,True,4,elevated,mid_low,medium,u_turn,rejected|mid_low|medium|u_turn|elevated,,pending,,,,,,,,,,
20161019,b13ed534a9733ba0ecdefa8fb01ddcbd,27,26,0,0.0,False,,,5,0.18518518518518517,58.01018424171171,0.014456060792492365,4012.862499294332,1.2332553964762645,3,0,0.0,0.655446885863446,0.0,hmm_viterbi,3253.8779159289606,0,4.842284380960056,14.140898418878312,22.050789188342574,2.728447500135356,4.08390120921699,True,True,True,True,True,True,True,True,True,False,True,False,True,True,True,True,True,True,True,True,True,True,False,True,False,True,rejected,False,False,u_turn_detected,False,True,True,5,tunnel,mid_high,medium,u_turn,rejected|mid_high|medium|u_turn|tunnel,,pending,,,,,,,,,,
20161019,dd3481e16d80aa3eb326be25db158d24,15,14,0,0.0,False,,,2,0.13333333333333333,0.0,0.0,2744.429011485557,1.1203270992710375,1,0,0.0,0.5954212663714845,0.0,hmm_viterbi,2449.667613388334,0,2.4219141296401188,22.688917757229365,23.171451333802192,3.2358119729639485,2.0258477317666417,True,True,True,True,True,True,True,True,True,False,True,False,True,True,True,True,True,True,True,True,True,True,True,True,True,True,rejected,False,False,u_turn_detected,True,False,True,4,bridge,mid_low,short,u_turn,rejected|mid_low|short|u_turn|bridge,,pending,,,,,,,,,,
20161020,fc99b4ca8c60f2ba91ca2c29fdf1e3d2,65,64,0,0.0,False,,,5,0.07692307692307693,105.71122263382374,0.010119152620562188,10446.647718210892,1.2673569206801705,7,0,0.0,0.6749002932326322,0.0,hmm_viterbi,8242.861618339008,0,4.944366539727303,11.53792467370082,12.145623032662362,31.734686013012222,6.86218858506066,True,True,True,True,True,True,True,True,True,False,True,False,True,True,True,True,True,True,True,True,True,True,False,True,False,True,rejected,False,False,u_turn_detected,False,False,False,4,ordinary_road,mid_high,long,u_turn,rejected|mid_high|long|u_turn|ordinary_road,,pending,,,,,,,,,,
20161020,793f85240ad9da4cabd76c6d073adc91,38,37,0,0.0,False,,,8,0.21052631578947367,266.5582876433495,0.04174079387185713,6386.0378042083885,1.3990797711996907,6,0,0.0,0.5193280754524612,0.0,hmm_viterbi,4564.455819936881,0,5.792517173919817,23.671502561484957,23.928395773650806,0.9359026327342795,0.39747763447432477,True,True,True,True,True,True,True,True,True,False,True,False,True,True,True,True,True,True,True,True,True,True,False,True,False,True,rejected,False,False,u_turn_detected,False,True,True,5,tunnel,low,medium,u_turn,rejected|low|medium|u_turn|tunnel,,pending,,,,,,,,,,
20161019,662612456c2ce59a2559091da088a278,21,20,0,0.0,False,,,1,0.047619047619047616,16.482294515012594,0.00582263120859517,2830.729600508099,1.1779336528534596,1,0,0.0,0.5736549963361407,0.0,hmm_viterbi,2403.1316141200823,0,6.917794754863349,16.04337614480076,18.74355723190535,4.9735057983815185,2.2058901475701536,True,True,True,True,True,True,True,True,True,False,True,False,True,True,True,True,True,True,True,True,True,True,True,True,True,True,rejected,False,False,u_turn_detected,False,False,False,4,ordinary_road,mid_low,short,u_turn,rejected|mid_low|short|u_turn|ordinary_road,,pending,,,,,,,,,,
20161022,7e139b8dd44d319e863ee2184bca1294,61,60,0,0.0,False,,,10,0.16393442622950818,756.6903760254597,0.10032871741220467,7542.111526419361,1.288971642475844,4,4,0.06557377049180328,0.43912497675029777,0.0,hmm_viterbi,5851.262570782821,2,9.584464796257969,17.706567568384454,18.457525342315503,16.777971393342092,8.744894812545128,True,False,True,True,True,True,True,True,True,False,True,False,True,True,False,True,True,True,True,True,True,True,False,True,False,True,rejected,False,False,unreasonable_detour_detected,False,True,True,7,tunnel,low,long,detour,rejected|low|long|detour|tunnel,,pending,,,,,,,,,,
20161019,837ee4a9c8a4864d4847db6b684179ab,59,58,0,0.0,False,,,10,0.1694915254237288,673.1741008131077,0.07684501783543213,8760.152834563034,1.5683042014428672,6,0,0.0,0.41762207535159673,0.0,hmm_viterbi,5585.74849605296,2,13.850028936021157,18.86271225769509,19.067643162928068,15.45559827082157,2.969658007385849,True,False,True,True,True,True,True,True,True,False,True,False,True,True,False,True,True,True,True,True,True,True,False,True,False,True,rejected,False,False,unreasonable_detour_detected,False,True,True,7,tunnel,low,long,detour,rejected|low|long|detour|tunnel,,pending,,,,,,,,,,
20161019,5f888492cfe96dc8ad23f5f522b7b00f,61,60,0,0.0,False,,,18,0.29508196721311475,1572.5781137053118,0.16149007289054257,9737.924353846814,1.145456965878253,2,2,0.03278688524590164,0.7418272320209558,0.0,hmm_viterbi,8501.344567214259,0,3.319939288145372,7.888574967071772,9.50610512080593,2.8010189178353193,4.678712097502767,True,True,True,True,True,True,True,True,True,False,True,False,True,True,True,True,True,True,True,True,True,True,False,True,False,True,rejected,False,False,u_turn_detected,False,True,True,5,tunnel,high,long,u_turn,rejected|high|long|u_turn|tunnel,,pending,,,,,,,,,,
20161019,1cf0ab86e7d93158f00c420f3c330015,52,51,0,0.0,False,,,10,0.19230769230769232,700.7624925247376,0.11458476246543475,6115.66911207873,1.1556250423703842,4,0,0.0,0.6862027407405281,0.0,hmm_viterbi,5292.087734213901,1,4.148237406531328,7.762041675998834,8.661572603041787,6.357829585178393,7.569086085311355,True,False,True,True,True,True,True,True,True,False,True,False,True,True,True,True,True,True,True,True,True,True,False,True,False,True,rejected,False,False,unreasonable_detour_detected,False,True,True,4,tunnel,mid_high,long,detour,rejected|mid_high|long|detour|tunnel,,pending,,,,,,,,,,
20161019,ba89ea83048783a5f1c7be11a63e2791,31,30,0,0.0,False,,,4,0.12903225806451613,294.7992046546586,0.036312192248417696,8118.46342511872,1.3452536080449007,2,0,0.0,0.5543402598799683,0.0,hmm_viterbi,6034.894369781723,1,7.992554640568243,16.46143008003791,17.922608778026202,15.524015036710713,9.451879161723719,True,False,True,True,True,True,True,True,True,False,True,False,True,True,True,True,True,True,True,True,True,True,False,True,False,True,rejected,False,False,unreasonable_detour_detected,False,False,False,6,complex_intersection,low,long,detour,rejected|low|long|detour|complex_intersection,,pending,,,,,,,,,,
20161019,7941156531bf1d9d5e79b1a3b1a3de15,26,25,0,0.0,False,,,2,0.07692307692307693,35.81731423173797,0.008053077881967938,4447.655263826315,1.0455690051306712,2,0,0.0,0.7222620150073435,0.0,hmm_viterbi,4253.81322705761,1,3.058393408617951,8.937751642736176,9.632324138379785,0.4769269265681704,8.530126969419891,True,False,True,True,True,True,True,True,True,False,True,False,True,True,True,True,True,True,True,True,True,True,False,True,False,True,rejected,False,False,unreasonable_detour_detected,False,False,False,4,ordinary_road,mid_high,medium,detour,rejected|mid_high|medium|detour|ordinary_road,,pending,,,,,,,,,,
20161022,b87196eb3d8be801a0aa9914c3c97cef,19,18,0,0.0,False,,,3,0.15789473684210525,282.45284649124653,0.07253271784055991,3894.1439794401363,1.2504322170287774,1,0,0.0,0.776774036681439,0.0,hmm_viterbi,3114.238362070702,0,2.4486376839830184,10.31643944528404,10.393057628349215,1.7579865369810408,2.1501870166852277,True,True,True,True,True,True,True,True,True,False,True,False,True,True,True,True,True,True,True,True,True,True,True,True,True,True,rejected,False,False,u_turn_detected,False,False,False,7,complex_intersection,high,medium,u_turn,rejected|high|medium|u_turn|complex_intersection,,pending,,,,,,,,,,
20161019,8cd5c4556a37849ca1a1c59afffdef5a,9,8,1,0.125,False,,,2,0.2222222222222222,0.0,0.0,2130.355488247537,1.5659552446732916,1,1,0.1111111111111111,0.5087655757821811,0.0,hmm_viterbi,1360.419140645362,0,4.889068223582271,10.978535628839161,12.911429675519688,0.2260727488715102,14.543347298942729,False,True,True,True,True,True,True,True,True,False,True,False,True,True,True,True,True,True,True,True,True,True,True,True,True,True,rejected,False,False,unbridgeable_direction_gap,False,False,True,4,elevated,low,short,u_turn,rejected|low|short|u_turn|elevated,,pending,,,,,,,,,,
20161019,794850834c91b9055dcbb01bc9dd7c61,56,55,0,0.0,False,,,15,0.26785714285714285,430.74444607060434,0.06982377902269774,6169.022245710612,1.2403945703507264,3,3,0.05357142857142857,0.5868856968023412,0.0,hmm_viterbi,4973.435383521791,0,5.039144762548803,17.077054050372947,18.4982942633801,5.673516523206781,2.259134845706473,True,True,True,True,True,True,True,True,True,False,True,False,True,True,True,True,True,True,True,True,True,True,False,True,False,True,rejected,False,False,u_turn_detected,False,True,True,5,tunnel,mid_low,long,u_turn,rejected|mid_low|long|u_turn|tunnel,,pending,,,,,,,,,,
20161020,c61baa8c4a807db11a65a9f6228e3fa1,19,18,0,0.0,False,,,5,0.2631578947368421,14.77264294183644,0.009584757557978645,1541.26412196407,1.245239452103978,2,0,0.0,0.6771354694109873,0.0,hmm_viterbi,1237.7250972573377,0,3.2686207568006242,11.701244936907774,13.238591277629912,3.543202649124267,4.983881759685925,True,True,True,True,True,True,True,True,True,False,True,False,True,True,True,True,True,True,True,True,True,True,False,True,False,True,rejected,False,False,u_turn_detected,True,True,True,7,bridge,mid_high,short,u_turn,rejected|mid_high|short|u_turn|bridge,,pending,,,,,,,,,,
20161022,38b9d8a0d2cc18a02b422151d19616e0,41,40,0,0.0,False,,,18,0.43902439024390244,1239.6864179651445,0.19106111125318945,6488.428806018735,1.3659127302772056,2,2,0.04878048780487805,0.5890737039249021,0.0,hmm_viterbi,4750.251361008941,1,3.816840026796326,15.092862785012322,17.12367903261457,4.33336828922811,15.860671555632221,True,False,True,True,True,True,True,True,True,False,True,False,True,True,True,True,True,True,True,True,True,True,False,True,False,True,rejected,False,False,unreasonable_detour_detected,False,True,True,6,tunnel,mid_low,medium,detour,rejected|mid_low|medium|detour|tunnel,,pending,,,,,,,,,,
20161022,4565940e595c638a4583943bae1342d3,40,39,0,0.0,False,,,2,0.05,167.98248463419844,0.01767122310069953,9505.990823439308,1.627244052433199,4,4,0.1,0.6933561513838677,0.0,hmm_viterbi,5841.7732787070945,1,2.789888814399687,8.984629740419328,10.301413521221262,5.192576091876555,3.987839166401941,True,False,True,True,True,True,True,True,True,False,True,False,True,True,True,True,True,True,True,True,True,True,False,True,False,True,rejected,False,False,unreasonable_detour_detected,False,False,False,4,ordinary_road,mid_high,long,detour,rejected|mid_high|long|detour|ordinary_road,,pending,,,,,,,,,,
20161019,85a03c836320bb41e90426c28ce48b12,51,50,0,0.0,False,,,24,0.47058823529411764,1163.9152981558368,0.19390282661062835,6002.570042431962,1.3404308625499197,2,0,0.0,0.7512494101569123,0.0,hmm_viterbi,4478.090000862254,1,2.0681482072211224,6.903833877102908,7.938017512566528,4.26660169902775,2.6904186387958577,True,False,True,True,True,True,True,True,True,False,True,False,True,True,True,True,True,True,True,True,True,True,False,True,False,True,rejected,False,False,unreasonable_detour_detected,False,True,True,5,tunnel,high,medium,detour,rejected|high|medium|detour|tunnel,,pending,,,,,,,,,,
20161019,800040b2052ed2c09691346399c6b1a6,17,16,0,0.0,False,,,3,0.17647058823529413,0.0,0.0,3682.0755925944636,1.1314261812922994,0,0,0.0,0.8311473843863705,0.0,hmm_viterbi,3254.3666157599846,0,2.9622694671528342,5.0771438164642335,5.693502688708424,5.119250432439052,2.661593465919652,True,True,True,True,True,True,True,True,True,True,True,True,True,True,True,True,True,True,True,True,True,True,True,True,True,True,core,True,False,fully_directed_continuous_and_quality_thresholds_passed,True,False,True,4,bridge,high,medium,ordinary,core|high|medium|ordinary|bridge,,pending,,,,,,,,,,
20161019,7fb490b3786cfce2540d3eac95edd6a8,31,30,0,0.0,False,,,8,0.25806451612903225,212.88692954977267,0.05201081476885122,4093.1281406740936,1.2186247382939672,2,0,0.0,0.7284091237601338,0.0,hmm_viterbi,3358.8093299372313,0,3.7845673616510225,8.143326453056154,9.27218565981369,1.7293667272504802,5.555790761976735,True,True,True,True,True,True,True,True,True,False,True,False,True,True,True,True,True,True,True,True,True,True,False,True,False,True,rejected,False,False,u_turn_detected,False,True,True,4,tunnel,mid_high,medium,u_turn,rejected|mid_high|medium|u_turn|tunnel,,pending,,,,,,,,,,
20161022,3abe1e912a4cf41bba45cff91c4d9804,14,13,2,0.15384615384615385,False,,,1,0.07142857142857142,0.0,0.0,3017.7427280426346,1.3587759052662836,0,1,0.07142857142857142,0.4863978962592571,0.0,hmm_viterbi,2220.927465924735,0,4.196379820750501,8.509412817811691,9.48228964580486,9.527767475188556,5.279886107156391,False,True,True,True,True,True,True,True,True,True,True,False,True,True,True,True,True,True,True,True,True,True,True,True,True,True,rejected,False,False,unbridgeable_direction_gap,True,False,True,4,bridge,low,short,direction_gap,rejected|low|short|direction_gap|bridge,,pending,,,,,,,,,,
20161020,898b5d5bdbd4be583563a9859600e34a,43,42,0,0.0,False,,,4,0.09302325581395349,27.838362746213676,0.004370669573443513,6369.35880839894,1.0828758375516658,1,0,0.0,0.8013804009583965,0.0,hmm_viterbi,5881.892076195713,0,2.1219382421309176,10.560000578412398,13.123549788715763,3.9742370751208114,0.031352601620191344,True,True,True,True,True,True,True,True,True,False,True,False,True,True,True,True,True,True,True,True,True,True,True,True,True,True,rejected,False,False,u_turn_detected,False,False,True,4,elevated,high,long,u_turn,rejected|high|long|u_turn|elevated,,pending,,,,,,,,,,
20161020,1591f16c41bce25a6cbc43e8d71851f6,38,37,0,0.0,False,,,15,0.39473684210526316,513.013397230689,0.14999328123853892,3420.2425134951745,1.569354225316031,5,1,0.02631578947368421,0.5849415215877612,0.0,hmm_viterbi,2179.394848098375,1,4.761110204982347,9.821606484514971,12.531740651909148,3.0698029300826994,11.254701640028038,True,False,True,True,True,True,True,True,True,False,True,False,True,True,True,True,True,True,True,True,True,True,False,True,False,True,rejected,False,False,unreasonable_detour_detected,True,True,True,4,bridge,mid_low,short,detour,rejected|mid_low|short|detour|bridge,,pending,,,,,,,,,,
20161019,9d777290625b363e645d2da5227306a7,35,34,0,0.0,False,,,12,0.34285714285714286,1477.3788740003756,0.2491937104704264,5928.636285447929,1.569204815937817,2,0,0.0,0.8490707730025894,0.0,hmm_viterbi,3778.115020571581,1,0.9038581946330303,3.4084369322367736,3.988423282910044,1.745453095980336,3.988706982911262,True,False,True,True,True,True,True,True,True,False,True,False,True,True,True,True,True,True,True,True,True,True,False,True,False,True,rejected,False,False,unreasonable_detour_detected,True,False,True,4,bridge,high,medium,detour,rejected|high|medium|detour|bridge,,pending,,,,,,,,,,
20161020,cd070eb9f81ca79682549e1d3175e270,5,4,0,0.0,False,,,0,0.0,0.0,0.0,2171.8228147977206,1.7344783146742142,0,0,0.0,0.5174337308862692,0.0,hmm_viterbi,1252.1475745320301,0,6.811905197911771,32.39345067883299,32.39345067883299,3.410929321474031,32.42510144680251,True,True,True,True,True,True,True,True,True,True,True,True,True,True,True,True,True,True,True,True,True,True,True,True,True,True,core,True,False,fully_directed_continuous_and_quality_thresholds_passed,False,False,False,4,ordinary_road,low,short,ordinary,core|low|short|ordinary|ordinary_road,,pending,,,,,,,,,,
20161020,b2ebd56b69474d1b00fca115b8194591,35,34,0,0.0,False,,,4,0.11428571428571428,95.15205036267369,0.018128515332001906,5248.750304152248,1.3461133280723374,4,0,0.0,0.5375798337718951,0.0,hmm_viterbi,3899.1890167736237,0,7.351541557079031,25.70545318691389,26.611071741350365,8.112916235317186,11.026372938119303,True,True,True,True,True,True,True,True,True,False,True,False,True,True,True,True,True,True,True,True,True,True,False,True,False,True,rejected,False,False,u_turn_detected,False,False,False,4,ordinary_road,low,medium,u_turn,rejected|low|medium|u_turn|ordinary_road,,pending,,,,,,,,,,
20161019,2d05077f58f1a26f1ddd18f423153255,13,12,0,0.0,False,,,0,0.0,0.0,0.0,2445.838050553797,1.1135837672610902,0,0,0.0,0.7915062164910514,0.0,hmm_viterbi,2196.366472339523,1,1.4626779082547068,3.0320755354432043,7.587939336435999,6.35612124046096,2.675579729410561,True,False,True,True,True,True,True,True,True,True,True,False,True,True,True,True,True,True,True,True,True,True,True,True,True,True,rejected,False,False,unreasonable_detour_detected,False,False,False,4,ordinary_road,high,short,detour,rejected|high|short|detour|ordinary_road,,pending,,,,,,,,,,
20161022,f6ec446ff7a5b4f6392f49975b2de425,61,60,0,0.0,False,,,29,0.47540983606557374,1041.4693180056772,0.11917410384061612,8739.057265314468,1.198504670021154,7,0,0.0,0.5083432763698852,0.0,hmm_viterbi,7291.633886716705,0,4.779627417269183,11.308092587965973,13.58724154009873,8.660572624646033,2.670633475115928,True,True,True,True,True,True,True,True,True,False,True,False,True,True,True,True,True,True,True,True,True,True,False,True,False,True,rejected,False,False,u_turn_detected,True,True,True,5,bridge,low,long,u_turn,rejected|low|long|u_turn|bridge,,pending,,,,,,,,,,
20161020,2d869b4e9590125bd9d70f5bc44a00c1,41,40,0,0.0,False,,,10,0.24390243902439024,500.0303523971039,0.07994763950777589,6254.472996022225,1.279414573811129,5,0,0.0,0.6118297094463899,0.0,hmm_viterbi,4888.542872691653,0,5.859370585076413,13.036348896172411,20.177237877240117,2.871590815132519,20.132526367479933,True,True,True,True,True,True,True,True,True,False,True,False,True,True,True,True,True,True,True,True,True,True,False,True,False,True,rejected,False,False,u_turn_detected,False,True,True,5,tunnel,mid_low,long,u_turn,rejected|mid_low|long|u_turn|tunnel,,pending,,,,,,,,,,
20161022,2ccba9dbd7ac28fc55e53d440e7d8766,61,60,0,0.0,False,,,31,0.5081967213114754,2697.5044266458226,0.33198112635558036,8125.475252941226,1.6113790983761567,5,10,0.16393442622950818,0.6196004577682765,0.0,hmm_viterbi,5042.559669000022,1,5.663717519932519,10.66746789423577,13.154579390376881,7.032779494893686,8.186155979728655,True,False,True,True,True,True,True,True,True,False,True,False,True,True,True,True,True,True,True,True,True,True,False,True,False,True,rejected,False,False,unreasonable_detour_detected,False,True,True,5,tunnel,mid_low,long,detour,rejected|mid_low|long|detour|tunnel,,pending,,,,,,,,,,
20161019,b167416c0095327ec0e693d70f8b7c2a,17,16,0,0.0,False,,,2,0.11764705882352941,35.36276825201051,0.009993457874986757,3538.591816204296,1.2879274184354574,0,0,0.0,0.647570284772591,0.0,hmm_viterbi,2747.508722582279,0,7.235315117132542,9.83615168151001,11.686429193866218,5.628464503007103,12.753238545419027,True,True,True,True,True,True,True,True,True,True,True,True,True,True,True,True,True,True,True,True,True,True,True,True,True,True,core,True,False,fully_directed_continuous_and_quality_thresholds_passed,False,False,False,4,ordinary_road,mid_low,medium,ordinary,core|mid_low|medium|ordinary|ordinary_road,,pending,,,,,,,,,,
20161020,69aa6754abd1cda29421136ab9b69b6f,44,43,0,0.0,False,,,3,0.06818181818181818,93.64152386944016,0.012691757970322381,7378.136589777845,1.1526088547671247,1,1,0.022727272727272728,0.7940957681649187,0.0,hmm_viterbi,6401.24926965665,0,2.438594259675472,6.616076816857603,9.007290863959055,1.590624368016,8.987475830091025,True,True,True,True,True,True,True,True,True,False,True,False,True,True,True,True,True,True,True,True,True,True,True,True,True,True,rejected,False,False,u_turn_detected,False,False,False,5,ordinary_road,high,long,u_turn,rejected|high|long|u_turn|ordinary_road,,pending,,,,,,,,,,
20161022,de7dde1b5d798811bf5fc2328469d9e6,45,44,0,0.0,False,,,18,0.4,1609.5394743469096,0.277762673306558,5794.6571984872535,1.5018312229359199,5,0,0.0,0.792535676951496,0.0,hmm_viterbi,3858.3944120959986,1,2.1743577462830332,5.176165367299204,5.989141655642981,0.8829017094265041,0.10381760797590306,True,False,True,True,True,True,True,True,True,False,True,False,True,True,True,True,True,True,True,True,True,True,False,True,False,True,rejected,False,False,unreasonable_detour_detected,True,True,True,4,bridge,high,medium,detour,rejected|high|medium|detour|bridge,,pending,,,,,,,,,,
20161022,630272268c1fd12dc8e1651abee86645,17,16,0,0.0,False,,,2,0.11764705882352941,8.363706750920413,0.0032009908305556337,2612.849331239298,1.1575808400089904,0,0,0.0,0.8033222409335129,0.0,hmm_viterbi,2257.1635957787666,0,2.6177940343899184,6.644867072123498,11.011630815027882,6.266634755609742,0.9821642601903362,True,True,True,True,True,True,True,True,True,True,True,True,True,True,True,True,True,True,True,True,True,True,True,True,True,True,core,True,False,fully_directed_continuous_and_quality_thresholds_passed,True,False,True,3,bridge,high,short,ordinary,core|high|short|ordinary|bridge,,pending,,,,,,,,,,
20161022,cd2b24e43b1c8aa1649d48a556763045,11,10,0,0.0,False,,,2,0.18181818181818182,23.32595483804858,0.0080420531452246,2900.497474565884,1.7534077694963097,1,0,0.0,0.649160058078877,0.0,hmm_viterbi,1654.2058983798684,1,3.115187800212878,8.758795006013926,9.186682831037428,6.790326051144048,8.770326007955855,True,False,True,True,True,True,True,True,True,False,True,False,True,True,True,True,True,True,True,True,True,True,True,True,True,True,rejected,False,False,unreasonable_detour_detected,False,False,False,4,ordinary_road,mid_low,short,detour,rejected|mid_low|short|detour|ordinary_road,,pending,,,,,,,,,,
20161022,347ee1fae1d5b4c66421d8ab1aff0569,10,9,0,0.0,False,,,1,0.1,18.62805126821765,0.00820745826335004,2269.649222756356,1.20547274897777,0,0,0.0,0.5522030172846002,0.0,hmm_viterbi,1882.7876654042973,0,9.590069822361334,11.13851800033477,11.345423047977883,10.932578864313587,5.496062265552236,True,True,True,True,True,True,True,True,True,True,True,True,True,True,True,True,True,True,True,True,True,True,True,True,True,True,core,True,False,fully_directed_continuous_and_quality_thresholds_passed,False,False,False,4,ordinary_road,low,short,ordinary,core|low|short|ordinary|ordinary_road,,pending,,,,,,,,,,
20161020,284eb764ed857d47c9a0231099fb0fb4,28,27,0,0.0,False,,,6,0.21428571428571427,21.573929412226555,0.007565086517771759,2851.7756355522815,1.1576450662276967,3,0,0.0,0.6656127973427151,0.0,hmm_viterbi,2463.42831559338,0,6.024670009331824,10.095707509246763,11.791639454190877,12.55538446296445,2.4006777753261535,True,True,True,True,True,True,True,True,True,False,True,False,True,True,True,True,True,True,True,True,True,True,False,True,False,True,rejected,False,False,u_turn_detected,True,True,True,4,bridge,mid_high,short,u_turn,rejected|mid_high|short|u_turn|bridge,,pending,,,,,,,,,,
20161019,c4c37c3822a358299e42b4e37f7716e2,24,23,0,0.0,False,,,3,0.125,322.73487715938745,0.055185247092599414,5848.209334241934,1.224430923409832,0,0,0.0,0.7626798074069207,0.0,hmm_viterbi,4776.267262146292,0,3.6552289490413243,8.101522889204569,8.319592803803522,4.944742612820404,2.8465168825724594,True,True,True,True,True,True,True,True,True,True,True,True,True,True,True,True,True,True,True,True,True,True,True,True,True,True,core,True,False,fully_directed_continuous_and_quality_thresholds_passed,False,False,False,6,complex_intersection,high,medium,ordinary,core|high|medium|ordinary|complex_intersection,,pending,,,,,,,,,,
20161020,95906d950a59d80c62ef34e265d380ef,4,3,0,0.0,False,,,0,0.0,0.0,0.0,1243.8732221514006,1.2380789164251491,0,0,0.0,0.5816008976497958,0.0,hmm_viterbi,1004.6800778604501,1,0.4134858009355931,1.8716508520396498,2.6030794446869425,0.0006554777002670072,3.3159305795205616,True,False,True,True,True,True,True,True,True,True,True,False,True,True,True,True,True,True,True,True,True,True,True,True,True,True,rejected,False,False,unreasonable_detour_detected,False,False,False,4,ordinary_road,mid_low,short,detour,rejected|mid_low|short|detour|ordinary_road,,pending,,,,,,,,,,
20161020,26b58ba61752174e13a8ff1883f99e6d,24,23,0,0.0,False,,,19,0.7916666666666666,2030.2711109952054,0.649998448751977,3123.501471262596,1.3961691342234903,1,0,0.0,0.716785463509255,0.0,hmm_viterbi,2237.194187078057,0,3.5845544837420404,16.289122676659368,16.30544379534157,3.7879601845046302,16.26926277093039,True,True,True,True,True,False,True,True,True,False,True,False,True,True,True,True,True,True,True,True,True,True,True,True,True,True,rejected,False,False,interpolated_distance_share_threshold_failure,False,False,True,4,elevated,mid_high,short,long_interpolation,rejected|mid_high|short|long_interpolation|elevated,,pending,,,,,,,,,,
20161019,8a9dcca446714b85576e2de4737c7542,45,44,0,0.0,False,,,8,0.17777777777777778,322.1929275107024,0.05444895107895042,5917.339473510261,1.139699750932371,0,2,0.044444444444444446,0.7114083083513043,0.0,hmm_viterbi,5192.016115357906,0,4.28914998876184,7.8946595582242,9.282128922969667,7.705513682672662,10.708334560279651,True,True,True,True,True,True,True,True,True,True,True,True,True,True,True,True,True,True,True,True,True,True,True,True,True,True,core,True,False,fully_directed_continuous_and_quality_thresholds_passed,False,False,False,4,ordinary_road,mid_high,long,ordinary,core|mid_high|long|ordinary|ordinary_road,,pending,,,,,,,,,,
20161022,ace0556d7516f3f6045dae849b5d9269,49,48,0,0.0,False,,,31,0.6326530612244898,2090.471746078167,0.46670034852508485,4479.259020664317,2.2706969866616205,3,7,0.14285714285714285,0.6559305627489189,0.0,hmm_viterbi,1972.636176018239,1,3.763980975743766,6.464647940061601,7.434881238186066,0.43472350403812526,0.24499074472757007,True,False,True,True,True,True,True,True,True,False,True,False,True,True,True,True,True,True,True,True,True,True,False,True,False,True,rejected,False,False,unreasonable_detour_detected,True,False,True,4,bridge,mid_high,short,detour,rejected|mid_high|short|detour|bridge,,pending,,,,,,,,,,
20161020,79f04b8b85903ed85d47e0d7b72f21df,43,42,3,0.07142857142857142,False,,,4,0.09302325581395349,23.477578439965416,0.00353240568620838,6646.3426133723115,1.1598796316909132,2,0,0.0,0.5194327832099244,0.0,hmm_viterbi,5730.2002999078795,0,6.939984146666424,13.204617666357231,13.935076735771025,0.8105094189524377,3.896606117714343,False,True,True,True,True,True,True,True,True,False,True,False,True,False,True,True,True,True,True,True,True,True,False,True,False,True,rejected,False,False,too_many_direction_gaps,True,False,True,4,bridge,low,long,u_turn,rejected|low|long|u_turn|bridge,,pending,,,,,,,,,,
20161019,4424b3a0ae2b37ce6d21a3c411a6a341,25,24,0,0.0,False,,,3,0.12,406.8352797697987,0.0735711690644829,5529.819424416376,1.233790004269597,1,0,0.0,0.5788195737609901,0.0,hmm_viterbi,4481.977812496565,0,7.169254904010398,15.1747697308644,17.460816702871607,3.9902135215490335,7.33360176235398,True,True,True,True,True,True,True,True,True,False,True,False,True,True,True,True,True,True,True,True,True,True,True,True,True,True,rejected,False,False,u_turn_detected,False,False,False,6,complex_intersection,mid_low,medium,u_turn,rejected|mid_low|medium|u_turn|complex_intersection,,pending,,,,,,,,,,
20161020,d357cce865178ff3ebf094bb8e1d8590,12,11,0,0.0,False,,,3,0.25,31.102486500898998,0.06111404198382574,508.92537117951537,1.0949578953523365,0,0,0.0,0.9151649283648677,0.0,hmm_viterbi,464.7899004516087,0,0.2618791839759647,3.7607436600780946,3.858360895711867,0.26130045834232357,3.5914951585933377,True,True,True,True,True,True,True,True,True,True,True,True,True,True,True,True,True,True,True,True,True,True,True,True,True,True,core,True,False,fully_directed_continuous_and_quality_thresholds_passed,True,False,True,4,bridge,high,short,ordinary,core|high|short|ordinary|bridge,,pending,,,,,,,,,,
20161019,29534b94591307c3e289ec5a83a34adf,43,42,0,0.0,False,,,10,0.23255813953488372,525.2549889009142,0.11423691709730659,4597.944362009559,1.1379119689741175,2,0,0.0,0.7207623046939696,0.0,hmm_viterbi,4040.685472492945,0,3.3689266322772893,9.249425445180455,10.663787928939234,1.8353400378498415,10.689027015098137,True,True,True,True,True,True,True,True,True,False,True,False,True,True,True,True,True,True,True,True,True,True,False,True,False,True,rejected,False,False,u_turn_detected,False,True,True,4,tunnel,mid_high,medium,u_turn,rejected|mid_high|medium|u_turn|tunnel,,pending,,,,,,,,,,
20161022,1b2d51b71804bca1b7e7515129a515eb,54,53,0,0.0,False,,,33,0.6111111111111112,2295.821933157229,0.46595047631224684,4927.180140102985,2.4450158350328737,6,8,0.14814814814814814,0.6980590148816006,0.0,hmm_viterbi,2015.1935498760229,2,4.105856454765211,4.848580986193766,6.239993469440452,7.083568136551819,4.591486848314273,True,False,True,True,True,True,True,True,True,False,True,False,True,True,False,True,True,True,True,True,True,True,False,True,False,True,rejected,False,False,unreasonable_detour_detected,True,True,True,5,bridge,mid_high,short,detour,rejected|mid_high|short|detour|bridge,,pending,,,,,,,,,,
20161022,ce32b14d64ee20153cdf88298d4401d1,59,58,0,0.0,False,,,7,0.11864406779661017,77.65354116554644,0.012402537130218123,6261.101285183635,1.190466611670463,4,0,0.0,0.6849847640886538,0.0,hmm_viterbi,5259.367397459435,0,4.4831521660557465,9.6644048935107,11.129848609344416,6.019323302752044,5.467070811974583,True,True,True,True,True,True,True,True,True,False,True,False,True,True,True,True,True,True,True,True,True,True,False,True,False,True,rejected,False,False,u_turn_detected,False,True,True,7,tunnel,mid_high,long,u_turn,rejected|mid_high|long|u_turn|tunnel,,pending,,,,,,,,,,
20161020,09183da449a1bf1df1cbd6d55949a0ba,2,1,0,0.0,False,,,0,0.0,0.0,0.0,274.4396427684104,2.3129358609328916,0,0,0.0,0.5165915780300695,0.0,hmm_viterbi,118.654238279534,0,10.243717239310453,11.14897125237628,11.342954255176098,11.511271995927492,10.220929287358228,True,True,True,True,True,True,True,True,True,True,True,True,True,True,True,True,True,True,True,True,True,True,True,True,True,True,core,True,False,fully_directed_continuous_and_quality_thresholds_passed,False,False,False,4,ordinary_road,low,short,ordinary,core|low|short|ordinary|ordinary_road,,pending,,,,,,,,,,
20161019,d655a3491eaba6a84d716e5112544d87,21,20,0,0.0,False,,,1,0.047619047619047616,19.74904571498585,0.005222096466469366,3781.823227853561,1.0931287504613794,0,0,0.0,0.8244134652083966,0.0,hmm_viterbi,3459.632020708776,0,2.5491585280557207,7.196041389271397,7.242984815310404,0.7424316401720238,1.0754534498469832,True,True,True,True,True,True,True,True,True,True,True,True,True,True,True,True,True,True,True,True,True,True,True,True,True,True,core,True,False,fully_directed_continuous_and_quality_thresholds_passed,False,False,False,7,complex_intersection,high,medium,ordinary,core|high|medium|ordinary|complex_intersection,,pending,,,,,,,,,,
20161022,d44ea808bba2dd3794aaf570b27f61cd,12,11,0,0.0,False,,,1,0.08333333333333333,0.0,0.0,3310.776834710946,1.4976415068382407,1,0,0.0,0.5664537078562502,0.0,hmm_viterbi,2210.660441496792,0,9.823372802516547,11.898561286504021,12.138508794256975,9.846683067639413,0.2524581833311778,True,True,True,True,True,True,True,True,True,False,True,False,True,True,True,True,True,True,True,True,True,True,True,True,True,True,rejected,False,False,u_turn_detected,False,False,True,4,elevated,mid_low,short,u_turn,rejected|mid_low|short|u_turn|elevated,,pending,,,,,,,,,,
20161019,18560c9726e3423f1f46ae178311fc06,12,11,1,0.09090909090909091,False,,,5,0.4166666666666667,694.1030012463558,0.27228255632256454,2549.201133634407,1.604611048422331,0,1,0.08333333333333333,0.43292529484985326,0.0,hmm_viterbi,1588.6723054417494,0,2.1623837735678313,8.454597795477724,12.969396933265493,42.798282709866434,2.041431423327926,False,True,True,True,True,True,True,True,True,True,True,False,True,True,True,True,True,True,True,True,True,True,True,True,True,True,rejected,False,False,unbridgeable_direction_gap,False,False,False,5,ordinary_road,low,short,direction_gap,rejected|low|short|direction_gap|ordinary_road,,pending,,,,,,,,,,
20161020,fa6b71dd3617a2dc91b0824901c4c95e,10,9,1,0.1111111111111111,False,,,0,0.0,0.0,0.0,2244.018191551241,0.4843184677261346,0,0,0.0,0.8077664469739337,0.0,hmm_viterbi,4633.352517170904,0,2.734326524381209,6.287664316245754,6.423389461174249,3.526119362854144,5.083093762639517,False,True,True,True,False,True,True,True,True,True,True,False,True,True,True,True,True,True,True,True,True,True,True,True,True,True,rejected,False,False,unbridgeable_direction_gap,False,False,False,4,ordinary_road,high,medium,direction_gap,rejected|high|medium|direction_gap|ordinary_road,,pending,,,,,,,,,,
20161022,8563bb4803465a7c01abbad887b42207,5,4,1,0.25,False,,,1,0.2,9.911557589037066,0.00834140496076689,1188.2359908978476,2.4655511925240137,0,0,0.0,0.4823010368837074,0.0,hmm_viterbi,481.93523399586627,0,4.097941838145975,10.968843984350011,19.517624723806733,4.819693964622252,19.474744992641572,False,True,True,True,True,True,True,True,True,True,True,False,True,True,True,True,True,True,True,True,True,True,True,True,True,True,rejected,False,False,unbridgeable_direction_gap,False,False,False,3,ordinary_road,low,short,direction_gap,rejected|low|short|direction_gap|ordinary_road,,pending,,,,,,,,,,
20161020,d5aadbc973236f9cde683ef8f21a336d,80,79,2,0.02531645569620253,False,,,14,0.175,259.9763760239229,0.018605422409702692,13973.150960998646,1.2045204104903513,3,4,0.05,0.6049469321364099,0.0,hmm_viterbi,11600.592932510193,1,4.197180378461261,9.254228465102853,11.186451820078123,54.16596032098135,6.3692720108798015,False,False,True,True,True,True,True,True,True,False,True,False,True,True,True,True,True,True,True,True,True,True,False,True,False,True,rejected,False,False,unbridgeable_direction_gap,False,False,True,5,elevated,mid_low,long,detour,rejected|mid_low|long|detour|elevated,,pending,,,,,,,,,,
20161022,b43bcb23f5b3ca1da4c14399f2871354,40,39,0,0.0,False,,,1,0.025,13.008438289816127,0.0019329982852136637,6729.66882036227,1.1196303820593068,1,2,0.05,0.804651463419927,0.0,hmm_viterbi,6010.616475041135,0,2.0006591934517246,7.1991573697623945,8.80312275693106,2.6547682610858656,11.381648334921563,True,True,True,True,True,True,True,True,True,False,True,False,True,True,True,True,True,True,True,True,True,True,True,True,True,True,rejected,False,False,u_turn_detected,False,False,False,4,ordinary_road,high,long,u_turn,rejected|high|long|u_turn|ordinary_road,,pending,,,,,,,,,,
20161022,b2fa2060487d1b6490c7b25a911dab7e,50,49,0,0.0,False,,,11,0.22,162.66025750421173,0.02320405560803103,7009.992574225442,1.556814726218606,0,10,0.2,0.6402257727557527,0.0,hmm_viterbi,4502.778947403859,3,2.59010144217101,6.883999438373008,12.387647820532745,37.403759006123714,0.46081752170968576,True,False,True,True,True,True,True,True,True,True,True,False,True,True,False,True,True,True,True,True,True,True,True,True,False,True,rejected,False,False,unreasonable_detour_detected,False,False,False,6,complex_intersection,mid_low,medium,detour,rejected|mid_low|medium|detour|complex_intersection,,pending,,,,,,,,,,
20161019,ce3654ab0ebf3c02c32716e681b77cf8,17,16,0,0.0,False,,,1,0.058823529411764705,13.919865689103693,0.004341197274047672,3206.4577604705355,1.0416107902233136,0,0,0.0,0.5304819485253223,0.0,hmm_viterbi,3078.364577793107,0,7.996663354274439,23.597014913050817,23.635419892566254,0.35815391303714533,14.496929915403555,True,True,True,True,True,True,True,True,True,True,True,True,True,True,True,True,True,True,True,True,True,True,True,True,True,True,core,True,False,fully_directed_continuous_and_quality_thresholds_passed,False,False,False,4,ordinary_road,low,medium,ordinary,core|low|medium|ordinary|ordinary_road,,pending,,,,,,,,,,
20161019,1f4c70629ba8d9d84610be534ce89ea7,25,24,0,0.0,False,,,1,0.04,31.18599275345469,0.005188658530365294,6010.4153262248155,1.2249659065421734,0,0,0.0,0.6676032389758961,0.0,hmm_viterbi,4906.598048259956,0,5.330347846866399,11.505851061210208,11.618868504847947,0.1458154088364295,11.533230694054565,True,True,True,True,True,True,True,True,True,True,True,True,True,True,True,True,True,True,True,True,True,True,True,True,True,True,core,True,False,fully_directed_continuous_and_quality_thresholds_passed,False,False,False,4,ordinary_road,mid_high,long,ordinary,core|mid_high|long|ordinary|ordinary_road,,pending,,,,,,,,,,
20161020,d3e336aec4bdeddd5022c57610ced035,42,41,0,0.0,False,,,4,0.09523809523809523,57.829180873989316,0.009452336101386207,6117.977635762289,1.2857903661613939,3,0,0.0,0.6496715003797098,0.0,hmm_viterbi,4758.145493053378,0,6.30665591632332,10.702205496746853,13.770416795076486,10.734992713268394,8.398639065024144,True,True,True,True,True,True,True,True,True,False,True,False,True,True,True,True,True,True,True,True,True,True,False,True,False,True,rejected,False,False,u_turn_detected,False,False,True,4,elevated,mid_low,medium,u_turn,rejected|mid_low|medium|u_turn|elevated,,pending,,,,,,,,,,
20161022,79d64f2b408f4cea9083d9a5d2abb389,17,16,0,0.0,False,,,3,0.17647058823529413,12.821700378472185,0.008961527579698253,1430.7494190520483,1.4388414406487877,1,0,0.0,0.7102851041981888,0.0,hmm_viterbi,994.3760157525832,0,4.387053758210662,7.592131675716141,9.884625201466898,2.9019695806805528,4.462430879252058,True,True,True,True,True,True,True,True,True,False,True,False,True,True,True,True,True,True,True,True,True,True,True,True,True,True,rejected,False,False,u_turn_detected,False,True,True,4,tunnel,mid_high,short,u_turn,rejected|mid_high|short|u_turn|tunnel,,pending,,,,,,,,,,
20161022,47494618b6a19f2baca5fff0f4e2e646,38,37,0,0.0,False,,,3,0.07894736842105263,63.92871023783181,0.00902927998750033,7080.155928970132,1.2995814212454702,2,0,0.0,0.5893126672211108,0.0,hmm_viterbi,5448.0279674856965,1,7.462003660082511,14.124605471025694,15.209937802236325,0.023426907958595772,4.9287103614543515,True,False,True,True,True,True,True,True,True,False,True,False,True,True,True,True,True,True,True,True,True,True,False,True,False,True,rejected,False,False,unreasonable_detour_detected,False,False,False,4,ordinary_road,mid_low,long,detour,rejected|mid_low|long|detour|ordinary_road,,pending,,,,,,,,,,
20161020,74e0950657637f430ce4b536924f470f,25,24,0,0.0,False,,,12,0.48,2262.659333061815,0.3474120716595878,6512.8978456421755,2.153436719332294,2,1,0.04,0.5451479012285441,0.0,hmm_viterbi,3024.420354298407,1,5.2796475228081725,14.671157651259996,15.86970135223524,8.717274009420152,3.7373247961529654,True,False,True,True,True,True,True,True,True,False,True,False,True,True,True,True,True,True,True,True,True,True,False,True,False,True,rejected,False,False,unreasonable_detour_detected,False,False,True,4,elevated,low,medium,detour,rejected|low|medium|detour|elevated,,pending,,,,,,,,,,
20161020,059540f81f8eeb432454a57151afd01a,58,57,0,0.0,False,,,37,0.6379310344827587,520.6938447109898,0.1618008302992617,3218.1160241757157,1.3206369257246429,10,12,0.20689655172413793,0.6298705867756035,0.0,hmm_viterbi,2436.7908858900887,1,2.860792458304604,11.738649829182544,12.262779960168237,1.766392416928251,2.4320155370497405,True,False,True,True,True,True,True,True,True,False,False,False,True,True,True,True,True,True,True,True,True,True,False,True,False,True,rejected,False,False,unreasonable_detour_detected,True,True,True,4,bridge,mid_low,short,detour,rejected|mid_low|short|detour|bridge,,pending,,,,,,,,,,
20161022,58a0b74f775b632d2c7e215e9b047f1e,14,13,0,0.0,False,,,1,0.07142857142857142,0.0,0.0,3785.27757736976,1.675188148856754,2,0,0.0,0.4804385555782692,0.0,hmm_viterbi,2259.6133932496205,0,10.730389289894685,17.57810230056605,18.04907939079558,9.83052841831218,11.557962564667433,True,True,True,True,True,True,True,True,True,False,True,False,True,True,True,True,True,True,True,True,True,True,False,True,False,True,rejected,False,False,u_turn_detected,False,False,True,4,elevated,low,short,u_turn,rejected|low|short|u_turn|elevated,,pending,,,,,,,,,,
20161020,9bdb7f2ef5bbdb5371ce2d7cbf9edfec,57,56,0,0.0,False,,,21,0.3684210526315789,2697.9881711229214,0.2714205714413655,9940.249395229657,1.7717116649414828,2,3,0.05263157894736842,0.6149127647526977,0.0,hmm_viterbi,5610.534485902349,1,2.6272770506130243,13.362465554871452,18.135802038257935,6.1623285284555855,12.422395134638768,True,False,True,True,True,True,True,True,True,False,True,False,True,True,True,True,True,True,True,True,True,True,False,True,False,True,rejected,False,False,unreasonable_detour_detected,False,False,True,4,elevated,mid_low,long,detour,rejected|mid_low|long|detour|elevated,,pending,,,,,,,,,,
20161020,0f5f4a8bdd6d1b87e04596cd9689901c,60,59,0,0.0,False,,,9,0.15,236.09620612416828,0.03300887630047026,7152.506615949382,1.0815463500108748,2,2,0.03333333333333333,0.6855574036065778,0.0,hmm_viterbi,6613.222462335954,0,3.9728704935421124,10.706694801694043,13.62622025544561,3.6896530884516245,1.2533456564702028,True,True,True,True,True,True,True,True,True,False,True,False,True,True,True,True,True,True,True,True,True,True,False,True,False,True,rejected,False,False,u_turn_detected,False,True,True,7,tunnel,mid_high,long,u_turn,rejected|mid_high|long|u_turn|tunnel,,pending,,,,,,,,,,
20161022,943c668dff0a512cbbcea7c76bfa2024,65,64,0,0.0,False,,,17,0.26153846153846155,1675.9383406696425,0.16456437737722793,10184.089457148551,1.2719816384965368,3,0,0.0,0.7261526905969291,0.0,hmm_viterbi,8006.475210747532,0,3.019349692799708,10.755867747357511,11.213931474357008,5.017551575880001,10.884583040815217,True,True,True,True,True,True,True,True,True,False,True,False,True,True,True,True,True,True,True,True,True,True,False,True,False,True,rejected,False,False,u_turn_detected,False,False,False,7,complex_intersection,mid_high,long,u_turn,rejected|mid_high|long|u_turn|complex_intersection,,pending,,,,,,,,,,
20161022,24a1f739803223911b12d9b66f8857a6,21,20,0,0.0,False,,,6,0.2857142857142857,209.72537709039597,0.07748296876121857,2706.7287230141183,1.4493273058674638,0,4,0.19047619047619047,0.6722401798184434,0.0,hmm_viterbi,1867.575883001848,1,2.5686252060498855,5.945769103425999,7.899509690646053,8.701532448137478,0.32053095609298565,True,False,True,True,True,True,True,True,True,True,True,False,True,True,True,True,True,True,True,True,True,True,True,True,True,True,rejected,False,False,unreasonable_detour_detected,False,False,False,4,ordinary_road,mid_high,short,detour,rejected|mid_high|short|detour|ordinary_road,,pending,,,,,,,,,,
20161020,80342a0a80c8096ddc8bdb3100c9939c,61,60,0,0.0,False,,,10,0.16393442622950818,193.09812281280773,0.03009694430781725,6415.871353513228,1.308703575563744,6,1,0.01639344262295082,0.4371757370258806,0.0,hmm_viterbi,4902.463379264089,0,12.028372836489478,20.95573058316279,25.648948939108642,13.149744254958609,0.0202799117889068,True,True,True,True,True,True,True,True,True,False,True,False,True,True,True,True,True,True,True,True,True,True,False,True,False,True,rejected,False,False,u_turn_detected,False,True,True,7,tunnel,low,long,u_turn,rejected|low|long|u_turn|tunnel,,pending,,,,,,,,,,
20161020,69d49b716c0d6e4bc45fe66b160d5ed8,51,50,0,0.0,False,,,10,0.19607843137254902,493.78914961766117,0.07567808694450989,6524.863002677731,1.3836179432481626,6,0,0.0,0.5774218678672671,0.0,hmm_viterbi,4715.798197412829,1,6.173496565698528,13.84397121320233,15.468238714477378,24.92362927463319,0.3570672911507354,True,False,True,True,True,True,True,True,True,False,True,False,True,True,True,True,True,True,True,True,True,True,False,True,False,True,rejected,False,False,unreasonable_detour_detected,False,True,True,7,tunnel,mid_low,medium,detour,rejected|mid_low|medium|detour|tunnel,,pending,,,,,,,,,,
20161020,c42c50bed15d674fdf445de9dbfdfa14,45,44,0,0.0,False,,,8,0.17777777777777778,248.29695996290144,0.030346167365388334,8182.152196461532,1.2815701101268553,5,0,0.0,0.5672997424754033,0.0,hmm_viterbi,6384.4748966965435,0,5.111349599805692,20.963743858722612,23.703975487962833,0.14655602774578516,4.519838229936002,True,True,True,True,True,True,True,True,True,False,True,False,True,True,True,True,True,True,True,True,True,True,False,True,False,True,rejected,False,False,u_turn_detected,False,True,True,5,tunnel,mid_low,long,u_turn,rejected|mid_low|long|u_turn|tunnel,,pending,,,,,,,,,,
20161020,1cc7f2c5c2472ee31e39003d999129b1,28,27,0,0.0,False,,,10,0.35714285714285715,285.90783026052503,0.09360108058999371,3054.535572221691,1.2426038891442077,1,5,0.17857142857142858,0.5705324262985317,0.0,hmm_viterbi,2458.1731949393597,0,9.700937340334862,12.957128346116388,12.959902990056905,5.80325028233176,1.798169384207375,True,True,True,True,True,True,True,True,True,False,True,False,True,True,True,True,True,True,True,True,True,True,True,True,True,True,rejected,False,False,u_turn_detected,False,False,True,4,elevated,mid_low,short,u_turn,rejected|mid_low|short|u_turn|elevated,,pending,,,,,,,,,,
20161022,42eb9a976a430827414ef94c0e3338ab,25,24,0,0.0,False,,,2,0.08,0.0,0.0,2719.9112164982344,1.2837776350243604,1,0,0.0,0.7586702676244687,0.0,hmm_viterbi,2118.677831964741,0,4.031096193922133,7.28886156949959,11.004915711188413,7.7627492857318465,2.0064824138696182,True,True,True,True,True,True,True,True,True,False,True,False,True,True,True,True,True,True,True,True,True,True,True,True,True,True,rejected,False,False,u_turn_detected,False,False,True,4,elevated,high,short,u_turn,rejected|high|short|u_turn|elevated,,pending,,,,,,,,,,
20161019,1d160970f69a2f11f5eff653cfa48d90,30,29,0,0.0,False,,,14,0.4666666666666667,730.7488628876907,0.177803686881806,4109.863387554229,1.6601836930357257,0,1,0.03333333333333333,0.6571114250145523,0.0,hmm_viterbi,2475.547377555038,1,3.398146147044157,6.385931134720223,11.492204664280068,22.536395825183227,5.204657021062,True,False,True,True,True,True,True,True,True,True,True,False,True,True,True,True,True,True,True,True,True,True,True,True,True,True,rejected,False,False,unreasonable_detour_detected,False,False,False,4,ordinary_road,mid_high,short,detour,rejected|mid_high|short|detour|ordinary_road,,pending,,,,,,,,,,
20161020,5f4265a4913f8cf8a880ccfeff152b0b,32,31,0,0.0,False,,,4,0.125,299.67746003044044,0.05304651315803475,5649.333805176778,1.3286998514598447,2,1,0.03125,0.7533167162157108,0.0,hmm_viterbi,4251.77574827742,1,2.259672300998397,7.169822725788792,8.012159138330475,2.247812609959135,6.124050341850625,True,False,True,True,True,True,True,True,True,False,True,False,True,True,True,True,True,True,True,True,True,True,False,True,False,True,rejected,False,False,unreasonable_detour_detected,False,False,False,4,ordinary_road,high,medium,detour,rejected|high|medium|detour|ordinary_road,,pending,,,,,,,,,,
20161019,3e26bf31e953fb7f7860f5c537bc5dc0,39,38,0,0.0,False,,,17,0.4358974358974359,1072.8858326058212,0.26625530245873186,4029.537901023071,2.203018502598511,2,14,0.358974358974359,0.6817687939156094,0.0,hmm_viterbi,1829.098528346511,1,1.0477180169092986,5.375331592890736,9.716123923229937,2.0405488669716365,0.9248148919489374,True,False,True,True,True,True,True,True,True,False,False,False,True,True,True,True,True,True,True,True,True,True,False,False,False,True,rejected,False,False,unreasonable_detour_detected,False,True,True,4,tunnel,mid_high,short,detour,rejected|mid_high|short|detour|tunnel,,pending,,,,,,,,,,
20161019,b9000adfebb7c99d953a2907749f9fbf,59,58,0,0.0,False,,,25,0.423728813559322,1843.6069597196108,0.26329629863774257,7002.023838763286,1.2924064755116296,5,0,0.0,0.45093007944074076,0.0,hmm_viterbi,5417.818597660129,0,12.525370723110678,18.234544628606074,23.129981883808544,4.032446738585675,2.679132642115748,True,True,True,True,True,True,True,True,True,False,True,False,True,True,True,True,True,True,True,True,True,True,False,True,False,True,rejected,False,False,u_turn_detected,False,True,True,7,tunnel,low,long,u_turn,rejected|low|long|u_turn|tunnel,,pending,,,,,,,,,,
20161022,c7b727a8f39bd3c4e04a334b2a1f5da5,29,28,0,0.0,False,,,5,0.1724137931034483,876.9631546511132,0.15252429595722247,5749.662040053406,1.1132418346383863,1,0,0.0,0.691749849559181,0.0,hmm_viterbi,5164.791567432484,0,3.5120254823181356,13.523729023902398,15.832163181990584,2.583054511966151,2.661593465919652,True,True,True,True,True,True,True,True,True,False,True,False,True,True,True,True,True,True,True,True,True,True,True,True,True,True,rejected,False,False,u_turn_detected,False,False,False,6,complex_intersection,mid_high,long,u_turn,rejected|mid_high|long|u_turn|complex_intersection,,pending,,,,,,,,,,
20161019,cacbaa77264b059f6fa0a879342e17d7,63,62,0,0.0,False,,,11,0.1746031746031746,689.7951642688233,0.07206031857138825,9572.468980767293,1.116899422228331,1,4,0.06349206349206349,0.7555714621690398,0.0,hmm_viterbi,8570.573849585504,1,3.7305771708863644,6.44536444677505,7.0519655856482295,5.123045821490279,1.6651090319865745,True,False,True,True,True,True,True,True,True,False,True,False,True,True,True,True,True,True,True,True,True,True,True,True,True,True,rejected,False,False,unreasonable_detour_detected,False,True,True,6,tunnel,high,long,detour,rejected|high|long|detour|tunnel,,pending,,,,,,,,,,
20161022,17b063275409e56a631b37fe6067ee74,45,44,0,0.0,False,,,5,0.1111111111111111,30.115168342208428,0.005571947880242145,5404.782849637798,1.0548625975851715,1,1,0.022222222222222223,0.7220975293198001,0.0,hmm_viterbi,5123.68422390804,0,4.032713509736204,9.95844570481847,14.779446164535383,1.0469487700715128,1.4660483071331407,True,True,True,True,True,True,True,True,True,False,True,False,True,True,True,True,True,True,True,True,True,True,True,True,True,True,rejected,False,False,u_turn_detected,False,True,True,5,tunnel,mid_high,long,u_turn,rejected|mid_high|long|u_turn|tunnel,,pending,,,,,,,,,,
20161020,b1469535eb368854fe55840fadc2cba4,31,30,0,0.0,False,,,10,0.3225806451612903,1477.3788740003758,0.3087841736266861,4784.503223233512,1.6710930545400446,1,0,0.0,0.7986611173583473,0.0,hmm_viterbi,2863.0980245145047,1,1.5989482644470117,4.27344756474359,5.679892481406629,4.226635522100122,3.558983135494314,True,False,True,True,True,True,True,True,True,False,True,False,True,True,True,True,True,True,True,True,True,True,True,True,True,True,rejected,False,False,unreasonable_detour_detected,False,False,False,4,ordinary_road,high,medium,detour,rejected|high|medium|detour|ordinary_road,,pending,,,,,,,,,,
20161019,3338f3fa191216e14f6c0703b6b6bef4,36,35,0,0.0,False,,,11,0.3055555555555556,1373.1373145998846,0.1883018004286789,7292.215536303242,1.38418532406574,1,0,0.0,0.7748218613060064,0.0,hmm_viterbi,5268.236420022113,1,1.6786216224670687,7.379382605147861,7.929731807311038,2.4720220364516616,3.3778381218168056,True,False,True,True,True,True,True,True,True,False,True,False,True,True,True,True,True,True,True,True,True,True,True,True,True,True,rejected,False,False,unreasonable_detour_detected,False,False,False,4,ordinary_road,high,long,detour,rejected|high|long|detour|ordinary_road,,pending,,,,,,,,,,
20161022,c02be187ce8267dffc5e2b4ba4d9ff8e,11,10,0,0.0,False,,,0,0.0,0.0,0.0,1616.2696831721141,1.331014589570767,1,0,0.0,0.7496479738535842,0.0,hmm_viterbi,1214.3140246819817,0,3.2610584017332656,10.300458787521283,11.139638445568666,0.0025565895814277277,7.517048286181435,True,True,True,True,True,True,True,True,True,False,True,False,True,True,True,True,True,True,True,True,True,True,True,True,True,True,rejected,False,False,u_turn_detected,False,False,False,6,complex_intersection,high,short,u_turn,rejected|high|short|u_turn|complex_intersection,,pending,,,,,,,,,,
20161020,25ee780d3514d5f086cfc9861732fdae,17,16,0,0.0,False,,,3,0.17647058823529413,0.0,0.0,3682.0755925944636,1.1315066281447683,0,0,0.0,0.849423840822739,0.0,hmm_viterbi,3254.1352396950942,0,2.513607915750359,4.931654739281069,5.321831729330993,5.103464329270138,2.645747004126466,True,True,True,True,True,True,True,True,True,True,True,True,True,True,True,True,True,True,True,True,True,True,True,True,True,True,core,True,False,fully_directed_continuous_and_quality_thresholds_passed,True,False,True,4,bridge,high,medium,ordinary,core|high|medium|ordinary|bridge,,pending,,,,,,,,,,
20161022,f47ec86fe3fcc2566614f95bb4b89ba7,22,21,0,0.0,False,,,5,0.22727272727272727,605.2588677297343,0.19176713652845467,3156.217893674004,1.2570321839045384,1,0,0.0,0.6290423940087635,0.0,hmm_viterbi,2510.8489138840487,0,6.162747149576734,16.51777176700617,16.51777176700617,13.515526891745909,9.541048324330523,True,True,True,True,True,True,True,True,True,False,True,False,True,True,True,True,True,True,True,True,True,True,True,True,True,True,rejected,False,False,u_turn_detected,False,True,True,4,tunnel,mid_low,short,u_turn,rejected|mid_low|short|u_turn|tunnel,,pending,,,,,,,,,,
20161022,6d5303c8662cab49edb6c417cc2819e4,32,31,0,0.0,False,,,30,0.9375,2663.797064269736,0.729378601584257,3652.1458930708936,1.5508171421645602,3,0,0.0,0.2582481851014611,0.0,hmm_viterbi,2354.98163759874,0,8.039587609408485,8.044021621399985,8.044575872898921,0.8973074783010154,8.064208164569212,True,True,True,True,True,False,True,True,False,False,True,False,True,True,True,True,True,True,False,True,True,True,False,True,False,True,rejected,False,False,interpolated_distance_share_threshold_failure,True,True,True,5,bridge,low,short,long_interpolation,rejected|low|short|long_interpolation|bridge,,pending,,,,,,,,,,
20161019,b2fd1c311616d058a6e4ed4c5df8999d,45,44,0,0.0,False,,,21,0.4666666666666667,760.8665804953372,0.242628971055481,3135.9263371782295,1.400437078529923,3,0,0.0,0.6596928838034612,0.0,hmm_viterbi,2239.248292733078,1,3.0982651258962766,6.706445378168421,7.816883045415333,5.0669369509072935,0.917020936454842,True,False,True,True,True,True,True,True,True,False,True,False,True,True,True,True,True,True,True,True,True,True,False,True,False,True,rejected,False,False,unreasonable_detour_detected,True,True,True,4,bridge,mid_high,short,detour,rejected|mid_high|short|detour|bridge,,pending,,,,,,,,,,
20161022,3c0286ead217f22d2048a18905fc3181,17,16,0,0.0,False,,,1,0.058823529411764705,17.741026164684424,0.0031201382989051035,5685.974295084925,1.093016041027641,0,0,0.0,0.7786999351026999,0.0,hmm_viterbi,5202.095926917082,0,3.9062255177792595,7.209342694979391,7.209342694979391,4.978807837855138,0.924938786804545,True,True,True,True,True,True,True,True,True,True,True,True,True,True,True,True,True,True,True,True,True,True,True,True,True,True,core,True,False,fully_directed_continuous_and_quality_thresholds_passed,False,False,False,4,ordinary_road,high,long,ordinary,core|high|long|ordinary|ordinary_road,,pending,,,,,,,,,,
20161019,4cb927362c7541a80a8fc39807dc8ec6,23,22,0,0.0,False,,,14,0.6086956521739131,986.7723378039227,0.5348904228957252,1844.8121251860405,1.299263468914291,0,7,0.30434782608695654,0.7828963509549396,0.0,hmm_viterbi,1419.8907067922325,0,5.617716203071152,5.617716203071152,6.300624777822226,4.535556146413697,5.605388752181398,True,True,True,True,True,False,True,True,True,True,False,False,True,True,True,True,True,True,True,True,True,True,True,True,True,True,rejected,False,False,interpolated_distance_share_threshold_failure,False,False,False,4,ordinary_road,high,short,long_interpolation,rejected|high|short|long_interpolation|ordinary_road,,pending,,,,,,,,,,
20161022,e22baf6423f785e64b6f78b10dcb3a08,70,69,0,0.0,False,,,26,0.37142857142857144,1429.1051057468867,0.12172680437060161,11740.266354121357,1.5009315208987128,1,15,0.21428571428571427,0.7275491691794521,0.0,hmm_viterbi,7821.986673377101,2,3.561205750566973,8.118188629774663,9.872687897786642,12.35781347220099,2.688005696479926,True,False,True,True,True,True,True,True,True,False,False,False,True,True,False,True,True,True,True,True,True,True,True,True,False,True,rejected,False,False,unreasonable_detour_detected,False,False,False,6,complex_intersection,mid_high,long,detour,rejected|mid_high|long|detour|complex_intersection,,pending,,,,,,,,,,
20161022,7e8faf0dd3d9292f6d0d917bc587a029,24,23,1,0.043478260869565216,False,,,6,0.25,201.43966679174588,0.06319801413276893,3187.4366553441587,1.3215246273761336,0,1,0.041666666666666664,0.6100451368162139,0.0,hmm_viterbi,2411.938899445835,0,2.6903023806007043,7.636756729364377,11.70272221640128,12.476955944732824,1.0400679639329085,False,True,True,True,True,True,True,True,True,True,True,False,True,True,True,True,True,True,True,True,True,True,True,True,True,True,rejected,False,False,unbridgeable_direction_gap,True,False,True,4,bridge,mid_low,short,direction_gap,rejected|mid_low|short|direction_gap|bridge,,pending,,,,,,,,,,
20161022,d8c5f8eb1a0ed6e44694220c347d744f,31,30,0,0.0,False,,,1,0.03225806451612903,11.119892840509744,0.0017080780006572664,6510.178596194566,1.2212240684227642,0,0,0.0,0.7034832936088556,0.0,hmm_viterbi,5330.8633235525685,0,5.2980810736213995,10.848475483401288,11.977441505244919,6.2605449216910944,2.1197308434047066,True,True,True,True,True,True,True,True,True,True,True,True,True,True,True,True,True,True,True,True,True,True,True,True,True,True,core,True,False,fully_directed_continuous_and_quality_thresholds_passed,False,False,False,4,ordinary_road,mid_high,long,ordinary,core|mid_high|long|ordinary|ordinary_road,,pending,,,,,,,,,,
20161022,cdf37637a9d9164231b9ef04678c2496,42,41,0,0.0,False,,,14,0.3333333333333333,322.58867403001966,0.0783683406242063,4116.313698370933,2.0102918851704343,2,13,0.30952380952380953,0.7942778372919933,0.0,hmm_viterbi,2047.6199146682366,1,1.0846380720221902,4.541328073374263,6.108211521965955,0.21565722933101883,4.462430879252058,True,False,True,True,True,True,True,True,True,False,False,False,True,True,True,True,True,True,True,True,True,True,False,True,False,True,rejected,False,False,unreasonable_detour_detected,False,True,True,5,tunnel,high,short,detour,rejected|high|short|detour|tunnel,,pending,,,,,,,,,,
20161022,1afeb54ca24f4b231bb5175d4e8af276,40,39,0,0.0,False,,,7,0.175,681.0523449708637,0.08603504358928876,7915.987678486557,1.5456506225059627,4,1,0.025,0.4503097568167176,0.0,hmm_viterbi,5121.459897355309,1,8.954571661786808,23.803714176663334,23.816313493153967,14.814640480066766,2.3219452171131736,True,False,True,True,True,True,True,True,True,False,True,False,True,True,True,True,True,True,True,True,True,True,False,True,False,True,rejected,False,False,unreasonable_detour_detected,False,False,False,5,ordinary_road,low,long,detour,rejected|low|long|detour|ordinary_road,,pending,,,,,,,,,,
20161020,7b1773d070962a378551b0c5a3de0af9,8,7,2,0.2857142857142857,False,,,1,0.125,9.633066266534778,0.004814606216099514,2000.8004464254755,1.2465328992859304,0,0,0.0,0.43274757743401177,0.0,hmm_viterbi,1605.0923706639617,0,3.6518568852860316,7.071081722563426,7.659498616860963,1.078321427294641,3.885821965698401,False,True,True,True,True,True,True,True,True,True,True,False,True,True,True,True,True,True,True,True,True,True,True,True,True,True,rejected,False,False,unbridgeable_direction_gap,False,False,True,4,elevated,low,short,direction_gap,rejected|low|short|direction_gap|elevated,,pending,,,,,,,,,,
20161019,a0754fa811c6a83ad72949b63ef8add7,35,34,0,0.0,False,,,2,0.05714285714285714,23.525282200664638,0.0035333161862282497,6658.131047642652,1.2784557392949598,1,2,0.05714285714285714,0.5078541936046941,0.0,hmm_viterbi,5207.948029013867,0,9.75257032792173,16.556585195607774,16.641289540169037,4.643932954095632,10.222836135041932,True,True,True,True,True,True,True,True,True,False,True,False,True,True,True,True,True,True,True,True,True,True,True,True,True,True,rejected,False,False,u_turn_detected,False,False,False,4,ordinary_road,low,long,u_turn,rejected|low|long|u_turn|ordinary_road,,pending,,,,,,,,,,
20161019,f946e7965658c7dbf95e19933d12976e,23,22,0,0.0,False,,,5,0.21739130434782608,582.7872183125237,0.18751523355281943,3107.945990683278,1.1908681366082392,0,0,0.0,0.49768671554372745,0.0,hmm_viterbi,2609.815390253994,0,8.620572080002077,18.199340645401364,20.175599089640365,4.6746123986335935,2.7630970487571704,True,True,True,True,True,True,True,True,True,True,True,True,True,True,True,True,True,True,True,True,True,True,True,True,True,True,core,True,False,fully_directed_continuous_and_quality_thresholds_passed,False,False,False,4,ordinary_road,low,medium,ordinary,core|low|medium|ordinary|ordinary_road,,pending,,,,,,,,,,
20161019,5fdb8812e282e40cb32e968b5c64dc0c,46,45,0,0.0,False,,,14,0.30434782608695654,1299.501866127162,0.1914782898773032,6786.679925749629,1.3313934480784642,1,1,0.021739130434782608,0.7287341669599763,0.0,hmm_viterbi,5097.426260843115,0,3.5460448047942457,7.895304942118721,10.161383113610926,4.490998529203689,1.2666336298750573,True,True,True,True,True,True,True,True,True,False,True,False,True,True,True,True,True,True,True,True,True,True,True,True,True,True,rejected,False,False,u_turn_detected,False,False,True,4,elevated,mid_high,long,u_turn,rejected|mid_high|long|u_turn|elevated,,pending,,,,,,,,,,
20161022,86cd0e315a927e189a6816b74680e6d2,9,8,1,0.125,False,,,0,0.0,0.0,0.0,2081.7550053299424,1.5054472896752178,0,0,0.0,0.5058547771224361,0.0,hmm_viterbi,1382.8149411853908,0,3.3206309748609573,18.50749998090247,22.21265699601068,0.359491498556968,1.0387537864919438,False,True,True,True,True,True,True,True,True,True,True,False,True,True,True,True,True,True,True,True,True,True,True,True,True,True,rejected,False,False,unbridgeable_direction_gap,False,False,True,4,elevated,low,short,direction_gap,rejected|low|short|direction_gap|elevated,,pending,,,,,,,,,,
20161022,0470e87818d34aeb45045038f7f3b861,45,44,0,0.0,False,,,11,0.24444444444444444,567.2689737945806,0.13523976825223155,4194.542634357259,1.2934101771875912,2,4,0.08888888888888889,0.7276752070023396,0.0,hmm_viterbi,3243.010383201043,1,1.9722802505034782,6.919706167957836,8.533017165032813,2.0815906983750625,3.2874890028404686,True,False,True,True,True,True,True,True,True,False,True,False,True,True,True,True,True,True,True,True,True,True,False,True,False,True,rejected,False,False,unreasonable_detour_detected,False,True,True,4,tunnel,mid_high,medium,detour,rejected|mid_high|medium|detour|tunnel,,pending,,,,,,,,,,
20161019,1b24ed44ee2cfbc162003a9cf4f52672,40,39,0,0.0,False,,,8,0.2,1318.994829274404,0.1612135710598358,8181.661262157935,1.351111594627723,0,0,0.0,0.7515889130657508,0.0,hmm_viterbi,6055.503701315109,1,2.572653358845139,8.960061712787661,12.446529996142027,2.576062532881969,3.9713495770712295,True,False,True,True,True,True,True,True,True,True,True,False,True,True,True,True,True,True,True,True,True,True,True,True,True,True,rejected,False,False,unreasonable_detour_detected,False,False,False,4,ordinary_road,high,long,detour,rejected|high|long|detour|ordinary_road,,pending,,,,,,,,,,
20161022,a802710d6d2ba829b0e8167ba798df7e,68,67,0,0.0,False,,,50,0.7352941176470589,943.2593300351243,0.2535536544839682,3720.1567137923666,2.023685574883331,10,19,0.27941176470588236,0.7656842894329571,0.0,hmm_viterbi,1838.3076699090666,1,2.650344684936945,5.589942017468941,8.443807228016361,7.397976570345958,1.5100924619709728,True,False,True,True,True,True,True,True,True,False,False,False,True,True,True,True,True,True,True,True,True,True,False,True,False,True,rejected,False,False,unreasonable_detour_detected,True,False,True,4,bridge,high,short,detour,rejected|high|short|detour|bridge,,pending,,,,,,,,,,
20161022,4e4dea906a9cb8232098cf007a83f806,25,24,0,0.0,False,,,18,0.72,741.3147967466762,0.5214701326577853,1421.586300577571,1.124177322090498,3,0,0.0,0.6810615054030004,0.0,hmm_viterbi,1264.5569988318364,0,6.472853532685533,6.514983261802139,6.514983261802139,6.373976924384114,6.488279328471775,True,True,True,True,True,False,True,True,True,False,True,False,True,True,True,True,True,True,True,True,True,True,False,True,False,True,rejected,False,False,interpolated_distance_share_threshold_failure,True,True,True,4,bridge,mid_high,short,long_interpolation,rejected|mid_high|short|long_interpolation|bridge,,pending,,,,,,,,,,
20161022,1c597da0baf9cb95a79c693ad4655cab,93,92,0,0.0,False,,,18,0.1935483870967742,1467.5948393459914,0.09713086139326785,15109.459736014558,1.4317233079104073,6,9,0.0967741935483871,0.6618045064981725,0.0,hmm_viterbi,10553.337822003286,2,5.694565737839999,10.661329731703065,11.836873790315595,3.696788947050045,3.9782928141584835,True,False,True,True,True,True,True,True,True,False,True,False,True,True,False,True,True,True,True,True,True,True,False,True,False,True,rejected,False,False,unreasonable_detour_detected,False,False,False,4,ordinary_road,mid_high,long,detour,rejected|mid_high|long|detour|ordinary_road,,pending,,,,,,,,,,
20161019,5ca92768d62bd3c73f8ced64ca12c4d1,29,28,0,0.0,False,,,24,0.8275862068965517,2121.8104905556597,0.722662510096024,2936.101514763404,1.2277864688105824,1,0,0.0,0.5524813829052174,0.0,hmm_viterbi,2391.3779711286043,0,5.589572562849868,9.012136774159034,9.012136774159034,9.033475565644366,5.577219919883592,True,True,True,True,True,False,True,True,True,False,True,False,True,True,True,True,True,True,False,True,True,True,True,True,False,True,rejected,False,False,interpolated_distance_share_threshold_failure,False,False,False,4,ordinary_road,low,short,long_interpolation,rejected|low|short|long_interpolation|ordinary_road,,pending,,,,,,,,,,
20161020,510605e88321ba778af4c437ffae602d,30,29,0,0.0,False,,,10,0.3333333333333333,264.88627224484094,0.0794762858977733,3332.8969673488773,1.4044064164193262,1,2,0.06666666666666667,0.6889159870799154,0.0,hmm_viterbi,2373.171276051579,1,3.1554593688127595,6.505919303937025,6.505919303937025,3.0719079963578944,3.9943087511723148,True,False,True,True,True,True,True,True,True,False,True,False,True,True,True,True,True,True,True,True,True,True,True,True,True,True,rejected,False,False,unreasonable_detour_detected,False,True,True,4,tunnel,mid_high,short,detour,rejected|mid_high|short|detour|tunnel,,pending,,,,,,,,,,
20161022,4c660605c4717d515ff650ce4f4fe080,5,4,1,0.25,False,,,0,0.0,0.0,0.0,1055.674276105884,3.8749910444799065,0,0,0.0,0.3934262582728006,0.0,hmm_viterbi,272.4327008728802,0,6.249557467483387,13.015957158650513,13.409004356860516,31.213284817616547,1.218742360067365,False,True,True,True,False,True,True,True,True,True,True,False,True,True,True,True,True,False,True,True,True,True,True,True,False,True,rejected,False,False,unbridgeable_direction_gap,False,False,False,3,ordinary_road,low,short,direction_gap,rejected|low|short|direction_gap|ordinary_road,,pending,,,,,,,,,,
20161019,571e0b4fd3c7786f841a8103833227a6,45,44,0,0.0,False,,,16,0.35555555555555557,1041.5311342647824,0.20341115858326786,5120.324477373369,1.7318723403321086,4,0,0.0,0.756386697189913,0.0,hmm_viterbi,2956.5253501256802,1,1.809199717744736,8.320813090104084,11.554878013412061,4.50104866201882,1.6854060576573313,True,False,True,True,True,True,True,True,True,False,True,False,True,True,True,True,True,True,True,True,True,True,False,True,False,True,rejected,False,False,unreasonable_detour_detected,False,True,True,4,tunnel,high,medium,detour,rejected|high|medium|detour|tunnel,,pending,,,,,,,,,,
20161020,2fa6aeedd3c962323f1f6841adf0bb93,12,11,1,0.09090909090909091,False,,,0,0.0,0.0,0.0,2811.6523856977656,0.4921835977571912,0,0,0.0,0.7553000414126564,0.0,hmm_viterbi,5712.608868946578,0,3.9460985740986914,7.724407816763592,8.304772268350975,2.5861960140335647,9.497926390460423,False,True,True,True,False,True,True,True,True,True,True,False,True,True,True,True,True,True,True,True,True,True,True,True,True,True,rejected,False,False,unbridgeable_direction_gap,False,False,False,4,ordinary_road,high,long,direction_gap,rejected|high|long|direction_gap|ordinary_road,,pending,,,,,,,,,,
20161022,006e0198bba6974df99b197b902cfe40,46,45,2,0.044444444444444446,False,,,2,0.043478260869565216,11.70607991215605,0.0015255967910875311,7673.115190424134,1.0929572118907418,2,0,0.0,0.5905200203259107,0.0,hmm_viterbi,7020.508311711641,2,4.727701177779761,13.234016125848877,18.069152210002223,3.3503586006562642,3.4203487403733845,False,False,True,True,True,True,True,True,True,False,True,False,True,True,False,True,True,True,True,True,True,True,False,True,False,True,rejected,False,False,unbridgeable_direction_gap,False,False,True,5,elevated,mid_low,long,detour,rejected|mid_low|long|detour|elevated,,pending,,,,,,,,,,
20161022,a058f0f3a391519406a5492f3bb32f9f,14,13,0,0.0,False,,,5,0.35714285714285715,33.405939227503,0.022025314388284246,1516.7065785572786,1.0974979292346316,1,0,0.0,0.6118577649147414,0.0,hmm_viterbi,1381.9675993511833,0,7.009643707438054,13.379585821928371,14.448166311867492,10.991800057070092,13.222054704584364,True,True,True,True,True,True,True,True,True,False,True,False,True,True,True,True,True,True,True,True,True,True,True,True,True,True,rejected,False,False,u_turn_detected,False,False,True,4,elevated,mid_low,short,u_turn,rejected|mid_low|short|u_turn|elevated,,pending,,,,,,,,,,
20161019,8c508be2fc8408c3c052f3ab75d71bbb,21,20,0,0.0,False,,,4,0.19047619047619047,20.75295910704452,0.004714951862510047,4401.520887637757,1.2673415608041012,0,0,0.0,0.6593884281716383,0.0,hmm_viterbi,3473.034439780454,0,6.607857972511415,10.912230653653381,12.705965912494722,1.4292667504319407,2.7859299799180457,True,True,True,True,True,True,True,True,True,True,True,True,True,True,True,True,True,True,True,True,True,True,True,True,True,True,core,True,False,fully_directed_continuous_and_quality_thresholds_passed,True,False,True,4,bridge,mid_high,medium,ordinary,core|mid_high|medium|ordinary|bridge,,pending,,,,,,,,,,
20161020,214793d3a00ba7fe7366a6954a22dd70,7,6,0,0.0,False,,,3,0.42857142857142855,59.880638613893204,0.05237291428767153,1143.3512804917364,1.3911400057963188,0,0,0.0,0.626589947161344,0.0,hmm_viterbi,821.8808141005601,0,7.652036688615395,10.376273736241398,10.938475815045756,3.6862418029426256,11.511187606482979,True,True,True,True,True,True,True,True,True,True,True,True,True,True,True,True,True,True,True,True,True,True,True,True,True,True,core,True,False,fully_directed_continuous_and_quality_thresholds_passed,True,False,True,4,bridge,mid_low,short,ordinary,core|mid_low|short|ordinary|bridge,,pending,,,,,,,,,,
20161020,d6eb12b3a346363e5d6f757c695ba65d,74,73,0,0.0,False,,,26,0.35135135135135137,4488.9567589703165,0.3014334666700791,14892.031759311945,1.7418899094465625,6,7,0.0945945945945946,0.5584318056036403,0.0,hmm_viterbi,8549.353020848188,3,6.872715727067514,14.295518258805178,20.00020313678151,3.714662647233605,11.825216316463939,True,False,True,True,True,True,True,True,True,False,True,False,True,True,False,True,True,True,True,True,True,True,False,True,False,True,rejected,False,False,unreasonable_detour_detected,False,False,False,4,ordinary_road,mid_low,long,detour,rejected|mid_low|long|detour|ordinary_road,,pending,,,,,,,,,,
20161019,2fdaee0f12772e20daeb2c2e0f0d6bf4,30,29,0,0.0,False,,,13,0.43333333333333335,959.8590492518385,0.15254278771983065,6292.392210733516,1.9183650486400847,2,1,0.03333333333333333,0.5499301866736535,0.0,hmm_viterbi,3280.080720399982,1,4.277791263804842,15.493182573042757,17.23923106189991,17.116597900941855,0.7215607865992096,True,False,True,True,True,True,True,True,True,False,True,False,True,True,True,True,True,True,True,True,True,True,False,True,False,True,rejected,False,False,unreasonable_detour_detected,False,False,False,6,complex_intersection,low,medium,detour,rejected|low|medium|detour|complex_intersection,,pending,,,,,,,,,,
20161022,ab0bab9798d00d8697ca90547f96cf30,3,2,0,0.0,False,,,1,0.3333333333333333,0.0,0.0,858.249541805341,17.56672604855395,0,0,0.0,0.7060084319523188,0.0,hmm_viterbi,48.85654500634681,0,5.188997586913608,6.819471874090243,6.915187968881121,5.1972444664808615,6.701122966023988,True,True,True,True,False,True,True,True,True,True,True,False,True,True,True,True,True,False,True,True,True,True,True,True,False,True,rejected,False,False,route_length_ratio_threshold_failure,True,False,True,3,bridge,mid_high,short,ordinary,rejected|mid_high|short|ordinary|bridge,,pending,,,,,,,,,,
20161019,6fde0d9aa23a88ea9f750250b03b71fc,55,54,0,0.0,False,,,14,0.2545454545454545,2531.483314576686,0.25111561698202883,10080.947354054259,2.023781830345489,6,1,0.01818181818181818,0.550567770428713,0.0,hmm_viterbi,4981.242149176374,1,7.623818568151997,14.96547922934187,16.73489942858369,0.986954125882657,19.784413385873574,True,False,True,True,True,True,True,True,True,False,True,False,True,True,True,True,True,True,True,True,True,True,False,True,False,True,rejected,False,False,unreasonable_detour_detected,False,False,True,4,elevated,low,long,detour,rejected|low|long|detour|elevated,,pending,,,,,,,,,,
20161019,a78cd429c78e719db0ed239ebab7e7e0,54,53,0,0.0,False,,,8,0.14814814814814814,413.10324971362866,0.05793639923270379,7130.288647286889,1.1842579481040187,4,1,0.018518518518518517,0.6804201102991819,0.0,hmm_viterbi,6020.8915284903815,1,3.938368629417509,11.185772972769795,14.183119608289175,3.609110057866968,3.929630234945243,True,False,True,True,True,True,True,True,True,False,True,False,True,True,True,True,True,True,True,True,True,True,False,True,False,True,rejected,False,False,unreasonable_detour_detected,False,True,True,7,tunnel,mid_high,long,detour,rejected|mid_high|long|detour|tunnel,,pending,,,,,,,,,,
20161022,70e8dbb244a2e41e450fdd5bc7f9b77d,20,19,1,0.05263157894736842,False,,,1,0.05,13.535383054234602,0.0021360705648485884,6336.580484265994,1.4752140158661966,3,2,0.1,0.569114429867433,0.0,hmm_viterbi,4295.363531063907,0,8.770805442150602,14.634082055858617,15.229270270863411,4.308808797849503,2.741304368731373,False,True,True,True,True,True,True,True,True,False,True,False,True,True,True,True,True,True,True,True,True,True,False,True,False,True,rejected,False,False,unbridgeable_direction_gap,False,False,True,4,elevated,mid_low,medium,u_turn,rejected|mid_low|medium|u_turn|elevated,,pending,,,,,,,,,,
20161020,7f4545b5699ee03efac48a791e3c073f,54,53,0,0.0,False,,,23,0.42592592592592593,164.60319210382022,0.04993706118885116,3296.2130366728343,1.4902978986900512,7,4,0.07407407407407407,0.7555151595708081,0.0,hmm_viterbi,2211.781308670001,1,1.652986590072239,5.751496539185166,8.4635294782188,0.6206585111439575,8.549346706778643,True,False,True,True,True,True,True,True,True,False,True,False,True,True,True,True,True,True,True,True,True,True,False,True,False,True,rejected,False,False,unreasonable_detour_detected,True,True,True,6,bridge,high,short,detour,rejected|high|short|detour|bridge,,pending,,,,,,,,,,
20161019,714b100f2bbcc2bce9fd37075f743a82,43,42,0,0.0,False,,,20,0.46511627906976744,642.1405204522858,0.17269799575198022,3718.2858877788844,1.533594937196173,2,0,0.0,0.5830909053208865,0.0,hmm_viterbi,2424.555400904569,1,3.8389112599347204,8.108089488134611,27.208002466438163,1.3705924085797143,5.082369783527919,True,False,True,True,True,True,True,True,True,False,True,False,True,True,True,True,True,True,True,True,True,True,False,True,False,True,rejected,False,False,unreasonable_detour_detected,False,True,True,5,tunnel,mid_low,short,detour,rejected|mid_low|short|detour|tunnel,,pending,,,,,,,,,,
20161019,357a5e4f52554b4692761d0763f84e53,13,12,0,0.0,False,,,4,0.3076923076923077,61.12681657413881,0.08630472953649679,708.267286189563,1.379715088107774,0,0,0.0,0.7118483470971468,0.0,hmm_viterbi,513.3431476500879,0,3.200297629605707,6.92490420573694,8.807503318986745,8.59264921786945,3.5914951585933377,True,True,True,True,True,True,True,True,True,True,True,True,True,True,True,True,True,True,True,True,True,True,True,True,True,True,core,True,False,fully_directed_continuous_and_quality_thresholds_passed,True,False,True,4,bridge,mid_high,short,ordinary,core|mid_high|short|ordinary|bridge,,pending,,,,,,,,,,
20161022,d4f1d870226b5f93cb741b87b20cde3e,20,19,0,0.0,False,,,2,0.1,4.656612873077393e-10,1.2565642019391918e-13,3705.8296471370727,1.281848037137007,3,0,0.0,0.685592885673315,0.0,hmm_viterbi,2891.005438845935,0,4.984230641296495,12.404356812787347,14.095366656120436,7.944859914858855,12.89868558964126,True,True,True,True,True,True,True,True,True,False,True,False,True,True,True,True,True,True,True,True,True,True,False,True,False,True,rejected,False,False,u_turn_detected,False,False,True,4,elevated,mid_high,medium,u_turn,rejected|mid_high|medium|u_turn|elevated,,pending,,,,,,,,,,
20161020,fc7d83f498722761bc03f2e4c502a44f,12,11,0,0.0,False,,,2,0.16666666666666666,0.0,0.0,3337.1898688051388,1.8176103075370693,2,0,0.0,0.6850257959724242,0.0,hmm_viterbi,1836.0315492087834,0,5.834409815245276,10.370104783082413,10.370104783082413,10.347191876772943,2.957804046966098,True,True,True,True,True,True,True,True,True,False,True,False,True,True,True,True,True,True,True,True,True,True,False,True,False,True,rejected,False,False,u_turn_detected,False,False,True,4,elevated,mid_high,short,u_turn,rejected|mid_high|short|u_turn|elevated,,pending,,,,,,,,,,
20161019,d9638032e3ce93e8e889bc725dd63650,20,19,0,0.0,False,,,0,0.0,0.0,0.0,5003.064818702748,1.1252755680082913,1,0,0.0,0.5965908128784738,0.0,hmm_viterbi,4446.079663453498,0,8.172692948542274,12.594012077768035,12.665433942208574,1.3791573414766505,4.624294449356431,True,True,True,True,True,True,True,True,True,False,True,False,True,True,True,True,True,True,True,True,True,True,True,True,True,True,rejected,False,False,u_turn_detected,False,False,False,6,complex_intersection,mid_low,medium,u_turn,rejected|mid_low|medium|u_turn|complex_intersection,,pending,,,,,,,,,,
20161022,0141c23927ff125001a2bd3d3efe111b,35,34,0,0.0,False,,,9,0.2571428571428571,366.9989276260148,0.13889395405870256,2642.2959164292006,1.2798321653646774,3,0,0.0,0.6313732042212364,0.0,hmm_viterbi,2064.5643920633147,1,5.3774008137449485,8.744040448930553,9.71305388177426,10.000589059379843,1.5224011403285735,True,False,True,True,True,True,True,True,True,False,True,False,True,True,True,True,True,True,True,True,True,True,False,True,False,True,rejected,False,False,unreasonable_detour_detected,False,True,True,7,tunnel,mid_low,short,detour,rejected|mid_low|short|detour|tunnel,,pending,,,,,,,,,,
20161020,3743498b69c592855bd87bc891dada42,38,37,0,0.0,False,,,21,0.5526315789473685,2535.2271482061283,0.35932929556700927,7055.442401949518,1.324852936253052,2,0,0.0,0.7732523946177337,0.0,hmm_viterbi,5325.453270235197,0,3.642813373467722,7.958042487750767,7.989630230797103,1.6136694132230807,3.9082371772042945,True,True,True,True,True,True,True,True,True,False,True,False,True,True,True,True,True,True,True,True,True,True,False,True,False,True,rejected,False,False,u_turn_detected,False,True,True,6,tunnel,high,long,u_turn,rejected|high|long|u_turn|tunnel,,pending,,,,,,,,,,
20161022,846b292ed26b3da6558845af070a493a,22,21,0,0.0,False,,,1,0.045454545454545456,17.951995566720864,0.004552167569810414,3943.6148365400613,1.3345061094986441,5,4,0.18181818181818182,0.4790313076967757,0.0,hmm_viterbi,2955.1118638352464,0,12.969838141220432,15.101250609369997,16.336759058029678,6.938323495920869,0.8424795588692291,True,True,True,True,True,True,True,True,True,False,True,False,True,True,True,True,True,True,True,True,True,True,False,True,False,True,rejected,False,False,u_turn_detected,False,False,False,7,complex_intersection,low,medium,u_turn,rejected|low|medium|u_turn|complex_intersection,,pending,,,,,,,,,,
20161022,dedff5031ab3cedbc4c9722dd1830412,36,35,0,0.0,False,,,0,0.0,0.0,0.0,6228.9744404509565,1.1533833280460317,0,0,0.0,0.6136940579233306,0.0,hmm_viterbi,5400.6107847974345,0,8.842308293596894,10.788259643637982,11.220555367357381,4.684420702549763,11.174077929591443,True,True,True,True,True,True,True,True,True,True,True,True,True,True,True,True,True,True,True,True,True,True,True,True,True,True,core,True,False,fully_directed_continuous_and_quality_thresholds_passed,False,False,False,4,ordinary_road,mid_low,long,ordinary,core|mid_low|long|ordinary|ordinary_road,,pending,,,,,,,,,,
20161020,84057b14ad6269683384d52e02cc289d,26,25,0,0.0,False,,,7,0.2692307692307692,1013.3230657781157,0.1693837436960005,5982.410375795953,1.1229879232028903,2,0,0.0,0.7870570045631642,0.0,hmm_viterbi,5327.225923083333,0,1.9414825526289492,7.877266734653366,8.94932458731877,18.214312041054065,10.535433944912562,True,True,True,True,True,True,True,True,True,False,True,False,True,True,True,True,True,True,True,True,True,True,False,True,False,True,rejected,False,False,u_turn_detected,False,False,False,6,complex_intersection,high,long,u_turn,rejected|high|long|u_turn|complex_intersection,,pending,,,,,,,,,,
20161022,bdf602a8fd958df89ea264f1132dba45,42,41,1,0.024390243902439025,False,,,15,0.35714285714285715,1892.838306498628,0.2701803247325929,7005.833264772473,1.6371523021934002,4,6,0.14285714285714285,0.5733888830570321,0.0,hmm_viterbi,4279.280098367329,1,6.837721620432165,10.895454946238939,11.379632606920667,0.6840483968321507,3.377056087545576,False,False,True,True,True,True,True,True,True,False,True,False,True,True,True,True,True,True,True,True,True,True,False,True,False,True,rejected,False,False,unbridgeable_direction_gap,False,False,True,4,elevated,mid_low,medium,detour,rejected|mid_low|medium|detour|elevated,,pending,,,,,,,,,,
20161022,10d016391e270e4c2e63939f1f948ba5,11,10,0,0.0,False,,,1,0.09090909090909091,13.295950294640834,0.00972160020724663,1367.6709606644622,1.0306775992125898,0,0,0.0,0.7495366648818079,0.0,hmm_viterbi,1326.9629239146425,1,1.2605039764748618,2.97152588503977,3.7481914425702416,2.7440425353160007,4.1891735787828255,True,False,True,True,True,True,True,True,True,True,True,False,True,True,True,True,True,True,True,True,True,True,True,True,True,True,rejected,False,False,unreasonable_detour_detected,False,False,False,4,ordinary_road,high,short,detour,rejected|high|short|detour|ordinary_road,,pending,,,,,,,,,,
20161022,ade842216359a2810d9c6e707a464095,64,63,0,0.0,False,,,24,0.375,1294.2314895805885,0.13766407575965348,9401.374196127797,1.1875421087851976,5,4,0.0625,0.6828207892401429,0.0,hmm_viterbi,7916.665966266225,1,3.3606788649958723,10.54178459493527,10.54178459493527,1.7646733173850029,1.3295372456850305,True,False,True,True,True,True,True,True,True,False,True,False,True,True,True,True,True,True,True,True,True,True,False,True,False,True,rejected,False,False,unreasonable_detour_detected,False,True,True,7,tunnel,mid_high,long,detour,rejected|mid_high|long|detour|tunnel,,pending,,,,,,,,,,
20161022,4789829748e4b84ecd18e5861e237978,43,42,0,0.0,False,,,15,0.3488372093023256,683.4852273290455,0.10801171558975088,6327.880485900741,1.3803798281314537,5,2,0.046511627906976744,0.6870548705687033,0.0,hmm_viterbi,4584.158908252415,1,2.789679715492631,10.740247506483886,12.494483507694715,2.7395939842095727,12.224428744793641,True,False,True,True,True,True,True,True,True,False,True,False,True,True,True,True,True,True,True,True,True,True,False,True,False,True,rejected,False,False,unreasonable_detour_detected,False,True,True,5,tunnel,mid_high,medium,detour,rejected|mid_high|medium|detour|tunnel,,pending,,,,,,,,,,
20161019,155b42f364d99ecdc65933a27f154921,18,17,0,0.0,False,,,3,0.16666666666666666,291.2945355200938,0.07658294085294683,3803.647813413594,1.1553597718984496,1,0,0.0,0.7372916350631542,0.0,hmm_viterbi,3292.1760874221573,1,2.188811565041795,8.279620579881765,9.743592791127933,8.260054019240313,14.12504774611576,True,False,True,True,True,True,True,True,True,False,True,False,True,True,True,True,True,True,True,True,True,True,True,True,True,True,rejected,False,False,unreasonable_detour_detected,False,False,False,4,ordinary_road,high,medium,detour,rejected|high|medium|detour|ordinary_road,,pending,,,,,,,,,,
20161022,86e65f028ada492449c66d94361a9dd7,18,17,0,0.0,False,,,1,0.05555555555555555,0.0,0.0,3298.7509642013283,1.0091043936585726,0,0,0.0,0.6022080025253664,0.0,hmm_viterbi,3268.988803270884,0,9.91348989769848,12.811408327096125,12.811408327096125,11.424299754134886,0.9377534065787296,True,True,True,True,True,True,True,True,True,True,True,True,True,True,True,True,True,True,True,True,True,True,True,True,True,True,core,True,False,fully_directed_continuous_and_quality_thresholds_passed,True,False,True,4,bridge,mid_low,medium,ordinary,core|mid_low|medium|ordinary|bridge,,pending,,,,,,,,,,
20161022,0af04a348f057e17ed263d4ca32d9b1e,15,14,0,0.0,False,,,7,0.4666666666666667,448.53737722249036,0.20190438424348914,2221.5336180197605,1.5394962895568853,1,2,0.13333333333333333,0.6091071629706261,0.0,hmm_viterbi,1443.0262892411301,0,5.910125414402884,9.44841366960917,11.804643361962269,1.7669646300850563,8.8855309318277,True,True,True,True,True,True,True,True,True,False,True,False,True,True,True,True,True,True,True,True,True,True,True,True,True,True,rejected,False,False,u_turn_detected,False,True,True,5,tunnel,mid_low,short,u_turn,rejected|mid_low|short|u_turn|tunnel,,pending,,,,,,,,,,
20161019,d70bc6ffd4431e651b842edf6f534d6c,50,49,0,0.0,False,,,7,0.14,328.9225070591339,0.05197575697456494,6328.383196421684,1.137009492400472,2,0,0.0,0.7522655204145651,0.0,hmm_viterbi,5565.81386410513,1,2.610689889276888,7.628694638052994,8.696803568900455,1.48873602067382,1.0754534498469832,True,False,True,True,True,True,True,True,True,False,True,False,True,True,True,True,True,True,True,True,True,True,False,True,False,True,rejected,False,False,unreasonable_detour_detected,False,True,True,7,tunnel,high,long,detour,rejected|high|long|detour|tunnel,,pending,,,,,,,,,,
20161020,8deb868bb1c9de758ba74f91467e5679,43,42,0,0.0,False,,,16,0.37209302325581395,945.1961555270268,0.2009766716859024,4703.014273239793,1.417080940840268,1,1,0.023255813953488372,0.7242729664907115,0.0,hmm_viterbi,3318.8042670668533,1,1.7969665776278116,6.58845050300215,8.280817261327037,1.9584652684541484,2.316586527049168,True,False,True,True,True,True,True,True,True,False,True,False,True,True,True,True,True,True,True,True,True,True,True,True,True,True,rejected,False,False,unreasonable_detour_detected,False,True,True,4,tunnel,mid_high,medium,detour,rejected|mid_high|medium|detour|tunnel,,pending,,,,,,,,,,
20161022,2ce5023d80690c87ec626f9f002d40e1,21,20,0,0.0,False,,,0,0.0,0.0,0.0,6731.752262295195,1.5475482802542044,2,0,0.0,0.7904296795212364,0.0,hmm_viterbi,4349.9465239232595,0,3.5504736679139874,5.979358537848266,7.952538473657841,3.896286431287897,2.304926665118092,True,True,True,True,True,True,True,True,True,False,True,False,True,True,True,True,True,True,True,True,True,True,False,True,False,True,rejected,False,False,u_turn_detected,False,False,False,6,complex_intersection,high,medium,u_turn,rejected|high|medium|u_turn|complex_intersection,,pending,,,,,,,,,,
20161022,d8b8972d56cb43f3c3ef8562df373dd6,20,19,0,0.0,False,,,14,0.7,1719.7600585531131,0.5939341061797453,2895.5401628891364,1.0358808859037194,2,0,0.0,0.746288912197601,0.0,hmm_viterbi,2795.244320357374,0,4.578744276427975,7.972266705835554,7.972266705835554,3.222300289232457,4.705037966342956,True,True,True,True,True,False,True,True,True,False,True,False,True,True,True,True,True,True,True,True,True,True,False,True,False,True,rejected,False,False,interpolated_distance_share_threshold_failure,True,False,True,5,bridge,high,medium,long_interpolation,rejected|high|medium|long_interpolation|bridge,,pending,,,,,,,,,,
20161019,9a10810b814d8e61fa1ecb596e562884,35,34,0,0.0,False,,,4,0.11428571428571428,97.10474132591355,0.014157205384527619,6859.0331699248445,1.041926503884502,0,0,0.0,0.7800536115179655,0.0,hmm_viterbi,6583.029747638679,0,3.259823305322462,7.983890925032849,8.351916193320381,1.9069529167841326,0.924938786804545,True,True,True,True,True,True,True,True,True,True,True,True,True,True,True,True,True,True,True,True,True,True,True,True,True,True,core,True,False,fully_directed_continuous_and_quality_thresholds_passed,False,False,False,6,complex_intersection,high,long,ordinary,core|high|long|ordinary|complex_intersection,,pending,,,,,,,,,,
20161019,76b2c6d7fee2f6cd74c5720d88ef9d73,3,2,1,0.5,False,,,0,0.0,0.0,0.0,964.3313756654748,0.20995614411327096,0,0,0.0,0.748717536840684,0.0,hmm_viterbi,4593.01336352043,0,3.7236848687229505,4.114788417216564,8.005144926377561,3.7825691103396233,8.024210311248522,False,True,True,True,False,True,True,True,True,True,True,False,True,True,True,True,True,False,True,True,True,True,True,True,False,True,rejected,False,False,unbridgeable_direction_gap,False,False,False,4,ordinary_road,high,medium,direction_gap,rejected|high|medium|direction_gap|ordinary_road,,pending,,,,,,,,,,
20161022,57e80da72cd30e2d7488b8346c7465a4,78,77,0,0.0,False,,,13,0.16666666666666666,418.9622492573724,0.04881269717956555,8583.058783171737,1.396594412211068,5,7,0.08974358974358974,0.47977381368063415,0.0,hmm_viterbi,6145.706089130889,0,11.02384718317396,16.901236484107397,20.994121850033302,4.159146814232648,14.407989085729564,True,True,True,True,True,True,True,True,True,False,True,False,True,True,True,True,True,True,True,True,True,True,False,True,False,True,rejected,False,False,u_turn_detected,False,True,True,7,tunnel,low,long,u_turn,rejected|low|long|u_turn|tunnel,,pending,,,,,,,,,,
20161020,1bfc13f87bc286f2e8e48735cedccb62,19,18,0,0.0,False,,,7,0.3684210526315789,253.10208964019608,0.08582360219934114,2949.0965556574965,1.3277934894876076,0,1,0.05263157894736842,0.6967575934894877,0.0,hmm_viterbi,2221.0506219574445,0,3.0185727602434156,7.449143313236122,10.170547907493482,4.128993659275912,0.5044552003360917,True,True,True,True,True,True,True,True,True,True,True,True,True,True,True,True,True,True,True,True,True,True,True,True,True,True,core,True,False,fully_directed_continuous_and_quality_thresholds_passed,True,False,True,4,bridge,mid_high,short,ordinary,core|mid_high|short|ordinary|bridge,,pending,,,,,,,,,,
20161019,73aec66bf8790e36b06b2a29f6c3af0b,14,13,0,0.0,False,,,1,0.07142857142857142,13.56781004940284,0.004525435052801949,2998.1228083258543,1.4489691590658627,1,0,0.0,0.687155769016458,0.0,hmm_viterbi,2069.1419065528744,0,6.1397226306688495,10.958800754069403,11.26176109236304,3.04489721092726,6.377907864823973,True,True,True,True,True,True,True,True,True,False,True,False,True,True,True,True,True,True,True,True,True,True,True,True,True,True,rejected,False,False,u_turn_detected,False,False,False,6,complex_intersection,mid_high,short,u_turn,rejected|mid_high|short|u_turn|complex_intersection,,pending,,,,,,,,,,
20161019,4bc288928987abcdb6eaed09d7c5b3dd,15,14,1,0.07142857142857142,False,,,1,0.06666666666666667,0.0,0.0,3131.5300304253624,1.3658992109128334,0,0,0.0,0.5614810894960439,0.0,hmm_viterbi,2292.6508818557368,0,4.670391945555192,9.579685204846937,10.543199422203415,4.582546771410424,11.155794616859366,False,True,True,True,True,True,True,True,True,True,True,False,True,True,True,True,True,True,True,True,True,True,True,True,True,True,rejected,False,False,unbridgeable_direction_gap,True,False,True,4,bridge,mid_low,short,direction_gap,rejected|mid_low|short|direction_gap|bridge,,pending,,,,,,,,,,
20161020,5f34d901a5780096e6ea22f1f14395be,21,20,0,0.0,False,,,2,0.09523809523809523,27.8089260075567,0.006685861964653852,4159.362869675467,1.25873212008779,0,0,0.0,0.6017315911783196,0.0,hmm_viterbi,3304.4067147387746,0,8.724061101146969,11.966147412960071,12.451252517407971,5.003130886897455,0.9377534065787296,True,True,True,True,True,True,True,True,True,True,True,True,True,True,True,True,True,True,True,True,True,True,True,True,True,True,core,True,False,fully_directed_continuous_and_quality_thresholds_passed,True,False,True,4,bridge,mid_low,medium,ordinary,core|mid_low|medium|ordinary|bridge,,pending,,,,,,,,,,
20161022,c7042d94af459d54df57c7933d8bdfbf,30,29,0,0.0,False,,,10,0.3333333333333333,263.776615216555,0.06714772631712822,3928.3030071752432,1.1404260686520273,1,2,0.06666666666666667,0.6940190897357147,0.0,hmm_viterbi,3444.5924336142716,0,4.599767627384743,10.178771161017002,11.887762951576358,5.900243477851435,6.080936676013176,True,True,True,True,True,True,True,True,True,False,True,False,True,True,True,True,True,True,True,True,True,True,True,True,True,True,rejected,False,False,u_turn_detected,False,False,True,4,elevated,mid_high,medium,u_turn,rejected|mid_high|medium|u_turn|elevated,,pending,,,,,,,,,,
20161022,cdd36dc709b3af71c80231fba3d4f23f,67,66,0,0.0,False,,,12,0.1791044776119403,2255.71942248562,0.19585137445758802,11517.506214765423,1.9146088328181228,8,1,0.014925373134328358,0.48500410537155897,0.0,hmm_viterbi,6015.592332671287,1,10.369374069357306,16.35056164478107,23.21149571309403,15.66139599868655,4.387946588859666,True,False,True,True,True,True,True,True,True,False,True,False,True,True,True,True,True,True,True,True,True,True,False,True,False,True,rejected,False,False,unreasonable_detour_detected,False,False,True,4,elevated,low,long,detour,rejected|low|long|detour|elevated,,pending,,,,,,,,,,
20161022,79f9519300201af6fe49717d9e6ff11d,20,19,0,0.0,False,,,13,0.65,1310.4253760172653,0.6091226405903305,2151.332570313374,1.6140669975672597,1,0,0.0,0.7145844141332671,0.0,hmm_viterbi,1332.8644805673416,0,3.3875424745129394,4.400004342644668,4.436364521606564,11.183018171217409,1.4865332185337403,True,True,True,True,True,False,True,True,True,False,True,False,True,True,True,True,True,True,True,True,True,True,True,True,True,True,rejected,False,False,interpolated_distance_share_threshold_failure,False,False,False,4,ordinary_road,mid_high,short,long_interpolation,rejected|mid_high|short|long_interpolation|ordinary_road,,pending,,,,,,,,,,
20161022,5a3778c8d039b2ba89b7b49d85e57bf9,36,35,0,0.0,False,,,7,0.19444444444444445,383.06373216550753,0.06817315186550713,5618.982277968028,1.3228999072266083,2,0,0.0,0.6315842608571245,0.0,hmm_viterbi,4247.473484027931,1,6.093875857595089,10.834450647224132,12.10081935468841,13.975185559037348,8.025728024043849,True,False,True,True,True,True,True,True,True,False,True,False,True,True,True,True,True,True,True,True,True,True,False,True,False,True,rejected,False,False,unreasonable_detour_detected,False,False,True,4,elevated,mid_low,medium,detour,rejected|mid_low|medium|detour|elevated,,pending,,,,,,,,,,
20161020,d2db4b5635f177208ba035eb70ab8d2a,53,52,0,0.0,False,,,20,0.37735849056603776,596.7380105664284,0.08533844691359768,6992.604531116036,1.1449850015684537,4,0,0.0,0.7533703168567992,0.0,hmm_viterbi,6107.1581911878675,1,1.7466504205312947,8.201340937816976,9.631052364739725,1.8121921872939946,2.69783816845555,True,False,True,True,True,True,True,True,True,False,True,False,True,True,True,True,True,True,True,True,True,True,False,True,False,True,rejected,False,False,unreasonable_detour_detected,False,True,True,5,tunnel,high,long,detour,rejected|high|long|detour|tunnel,,pending,,,,,,,,,,
20161019,3de002a0057de86af2be0dbd37091e98,56,55,0,0.0,False,,,6,0.10714285714285714,486.39948777163613,0.05269051557070335,9231.253148756072,1.1374948667608487,1,2,0.03571428571428571,0.7224412306735443,0.0,hmm_viterbi,8115.4240063018115,1,4.773329038140557,8.30610352429088,8.970483640750425,1.3122451513301048,3.2087924504244385,True,False,True,True,True,True,True,True,True,False,True,False,True,True,True,True,True,True,True,True,True,True,True,True,True,True,rejected,False,False,unreasonable_detour_detected,False,False,False,7,complex_intersection,mid_high,long,detour,rejected|mid_high|long|detour|complex_intersection,,pending,,,,,,,,,,
20161022,0cbd4762e6c148231f93c9bfda93c941,40,39,0,0.0,False,,,7,0.175,762.1044854814708,0.1065373798090429,7153.399932000048,1.2273912117383556,1,0,0.0,0.7690396773091174,0.0,hmm_viterbi,5828.13357598404,0,2.72025463288192,7.686761204120718,10.335119094353626,3.8426806495531878,0.12435257137197192,True,True,True,True,True,True,True,True,True,False,True,False,True,True,True,True,True,True,True,True,True,True,True,True,True,True,rejected,False,False,u_turn_detected,False,True,True,7,tunnel,high,long,u_turn,rejected|high|long|u_turn|tunnel,,pending,,,,,,,,,,
20161020,81c841c47f88a2530ab18801ff96b5a1,18,17,0,0.0,False,,,5,0.2777777777777778,596.4406619616759,0.19364007794266874,3080.150908316949,1.6283250203349044,0,1,0.05555555555555555,0.755636115534516,0.0,hmm_viterbi,1891.6069395552502,1,2.2652147593549756,3.5567268313904896,5.642104147321673,2.6425091933360263,6.0713618772655735,True,False,True,True,True,True,True,True,True,True,True,False,True,True,True,True,True,True,True,True,True,True,True,True,True,True,rejected,False,False,unreasonable_detour_detected,False,False,False,4,ordinary_road,high,short,detour,rejected|high|short|detour|ordinary_road,,pending,,,,,,,,,,
20161019,dac24528de3eea691e3d117e156aa7c2,31,30,1,0.03333333333333333,False,,,13,0.41935483870967744,1098.8080847487117,0.2420785228322948,4539.056467681501,1.4809013102952882,0,2,0.06451612903225806,0.5462879848599851,0.0,hmm_viterbi,3065.0634421927984,0,2.588758076802537,9.99249771969816,14.622312405742456,5.069733791397282,0.9203678567906803,False,True,True,True,True,True,True,True,True,True,True,False,True,True,True,True,True,True,True,True,True,True,True,True,True,True,rejected,False,False,unbridgeable_direction_gap,True,False,True,4,bridge,low,medium,direction_gap,rejected|low|medium|direction_gap|bridge,,pending,,,,,,,,,,
20161022,732194e9de218d01eba8a5b1d35b0712,20,19,0,0.0,False,,,0,0.0,0.0,0.0,3150.1325427993825,1.1745587477166022,1,0,0.0,0.7639804486894902,0.0,hmm_viterbi,2681.971037143429,0,3.4844237104528126,9.306483453782272,12.757146408529149,11.736707560794109,1.1023049785755166,True,True,True,True,True,True,True,True,True,False,True,False,True,True,True,True,True,True,True,True,True,True,True,True,True,True,rejected,False,False,u_turn_detected,False,False,False,7,complex_intersection,high,medium,u_turn,rejected|high|medium|u_turn|complex_intersection,,pending,,,,,,,,,,
20161020,d7282734ec1cb462b6dd0d8276c69d3a,42,41,1,0.024390243902439025,False,,,5,0.11904761904761904,67.45877051531713,0.011131387020527298,6060.230444859833,1.0479126764309952,0,1,0.023809523809523808,0.652169559922708,0.0,hmm_viterbi,5783.144513052274,0,5.540032612593024,8.36901012362364,8.953309411110967,4.721796716259552,6.432630381764681,False,True,True,True,True,True,True,True,True,True,True,False,True,True,True,True,True,True,True,True,True,True,True,True,True,True,rejected,False,False,unbridgeable_direction_gap,False,False,False,4,ordinary_road,mid_high,long,direction_gap,rejected|mid_high|long|direction_gap|ordinary_road,,pending,,,,,,,,,,
20161020,dad7ca99bee8258d0e51604d76cfb4e2,35,34,0,0.0,False,,,20,0.5714285714285714,649.3575980833687,0.1548654060132553,4193.04488200411,1.2589489954888624,3,0,0.0,0.7640154573797695,0.0,hmm_viterbi,3330.5915466225133,1,1.8163065188917944,6.857691889251051,7.732703461297059,7.025003565482926,2.695364985526097,True,False,True,True,True,True,True,True,True,False,True,False,True,True,True,True,True,True,True,True,True,True,False,True,False,True,rejected,False,False,unreasonable_detour_detected,False,True,True,5,tunnel,high,medium,detour,rejected|high|medium|detour|tunnel,,pending,,,,,,,,,,
20161022,cb044aeb0256757679a5f9e07882007e,74,73,0,0.0,False,,,64,0.8648648648648649,6090.135696429865,0.6941657506423942,8773.316302041605,1.7861609201280895,3,2,0.02702702702702703,0.13233150538412866,0.0,hmm_viterbi,4911.828605796868,0,7.958229122594987,12.638880143218813,17.866378646370165,1.4951484293517683,12.575573192803535,True,True,True,True,True,False,True,True,False,False,True,False,True,True,True,True,True,True,True,True,True,False,False,True,False,True,rejected,False,False,low_match_confidence,True,True,True,5,bridge,low,long,long_interpolation,rejected|low|long|long_interpolation|bridge,,pending,,,,,,,,,,
20161019,ec0aa931568657691835a1ec0de2c9bd,52,51,0,0.0,False,,,2,0.038461538461538464,40.763095594584016,0.003964735813651213,10281.415335223655,1.0708063566448156,0,0,0.0,0.7406806072104445,0.0,hmm_viterbi,9601.563598705812,0,5.135145435812516,8.586258065904811,8.846211388941395,1.1716826813629475,12.867754337555834,True,True,True,True,True,True,True,True,True,True,True,True,True,True,True,True,True,True,True,True,True,True,True,True,True,True,core,True,False,fully_directed_continuous_and_quality_thresholds_passed,False,False,False,4,ordinary_road,high,long,ordinary,core|high|long|ordinary|ordinary_road,,pending,,,,,,,,,,
20161019,dd1e334db1b02e3355bfabbe2d39511e,20,19,0,0.0,False,,,11,0.55,2083.61656167817,0.5025760747260646,4145.872966224808,1.3769278476844162,1,0,0.0,0.6807386142163303,0.0,hmm_viterbi,3010.9587609815103,0,5.304723916231522,7.3316440529498355,7.7404062620948775,2.9469400379917503,5.134246070789343,True,True,True,True,True,False,True,True,True,False,True,False,True,True,True,True,True,True,True,True,True,True,True,True,True,True,rejected,False,False,interpolated_distance_share_threshold_failure,False,False,False,4,ordinary_road,mid_high,medium,long_interpolation,rejected|mid_high|medium|long_interpolation|ordinary_road,,pending,,,,,,,,,,
