arc_id,routing_mode,batch_size,focal_source_position,focal_source_index,repeat_id,success,raw_time_s,distance_m,returned_source_count,returned_target_count,failure_reason
92e1b3db977f88671bd4,MULTI_SOURCE_MATRIX,2,FIRST,0,0,True,60.0,522.0,2,1,
92e1b3db977f88671bd4,MULTI_SOURCE_MATRIX,2,FIRST,0,1,True,60.0,522.0,2,1,
92e1b3db977f88671bd4,MULTI_SOURCE_MATRIX,2,FIRST,0,2,True,60.0,522.0,2,1,
92e1b3db977f88671bd4,MULTI_SOURCE_MATRIX,2,FIRST,0,3,True,60.0,522.0,2,1,
92e1b3db977f88671bd4,MULTI_SOURCE_MATRIX,2,FIRST,0,4,True,60.0,522.0,2,1,
92e1b3db977f88671bd4,MULTI_SOURCE_MATRIX,2,MIDDLE,1,0,True,60.0,522.0,2,1,
92e1b3db977f88671bd4,MULTI_SOURCE_MATRIX,2,MIDDLE,1,1,True,60.0,522.0,2,1,
92e1b3db977f88671bd4,MULTI_SOURCE_MATRIX,2,MIDDLE,1,2,True,60.0,522.0,2,1,
92e1b3db977f88671bd4,MULTI_SOURCE_MATRIX,2,MIDDLE,1,3,True,60.0,522.0,2,1,
92e1b3db977f88671bd4,MULTI_SOURCE_MATRIX,2,MIDDLE,1,4,True,60.0,522.0,2,1,
92e1b3db977f88671bd4,MULTI_SOURCE_MATRIX,2,LAST,1,0,True,60.0,522.0,2,1,
92e1b3db977f88671bd4,MULTI_SOURCE_MATRIX,2,LAST,1,1,True,60.0,522.0,2,1,
92e1b3db977f88671bd4,MULTI_SOURCE_MATRIX,2,LAST,1,2,True,60.0,522.0,2,1,
92e1b3db977f88671bd4,MULTI_SOURCE_MATRIX,2,LAST,1,3,True,60.0,522.0,2,1,
92e1b3db977f88671bd4,MULTI_SOURCE_MATRIX,2,LAST,1,4,True,60.0,522.0,2,1,
92e1b3db977f88671bd4,MULTI_SOURCE_MATRIX,5,FIRST,0,0,True,60.0,522.0,5,1,
92e1b3db977f88671bd4,MULTI_SOURCE_MATRIX,5,FIRST,0,1,True,60.0,522.0,5,1,
92e1b3db977f88671bd4,MULTI_SOURCE_MATRIX,5,FIRST,0,2,True,60.0,522.0,5,1,
92e1b3db977f88671bd4,MULTI_SOURCE_MATRIX,5,FIRST,0,3,True,60.0,522.0,5,1,
92e1b3db977f88671bd4,MULTI_SOURCE_MATRIX,5,FIRST,0,4,True,60.0,522.0,5,1,
92e1b3db977f88671bd4,MULTI_SOURCE_MATRIX,5,MIDDLE,2,0,True,60.0,522.0,5,1,
92e1b3db977f88671bd4,MULTI_SOURCE_MATRIX,5,MIDDLE,2,1,True,60.0,522.0,5,1,
92e1b3db977f88671bd4,MULTI_SOURCE_MATRIX,5,MIDDLE,2,2,True,60.0,522.0,5,1,
92e1b3db977f88671bd4,MULTI_SOURCE_MATRIX,5,MIDDLE,2,3,True,60.0,522.0,5,1,
92e1b3db977f88671bd4,MULTI_SOURCE_MATRIX,5,MIDDLE,2,4,True,60.0,522.0,5,1,
92e1b3db977f88671bd4,MULTI_SOURCE_MATRIX,5,LAST,4,0,True,60.0,522.0,5,1,
92e1b3db977f88671bd4,MULTI_SOURCE_MATRIX,5,LAST,4,1,True,60.0,522.0,5,1,
92e1b3db977f88671bd4,MULTI_SOURCE_MATRIX,5,LAST,4,2,True,60.0,522.0,5,1,
92e1b3db977f88671bd4,MULTI_SOURCE_MATRIX,5,LAST,4,3,True,60.0,522.0,5,1,
92e1b3db977f88671bd4,MULTI_SOURCE_MATRIX,5,LAST,4,4,True,60.0,522.0,5,1,
92e1b3db977f88671bd4,MULTI_SOURCE_MATRIX,10,FIRST,0,0,True,60.0,522.0,10,1,
92e1b3db977f88671bd4,MULTI_SOURCE_MATRIX,10,FIRST,0,1,True,60.0,522.0,10,1,
92e1b3db977f88671bd4,MULTI_SOURCE_MATRIX,10,FIRST,0,2,True,60.0,522.0,10,1,
92e1b3db977f88671bd4,MULTI_SOURCE_MATRIX,10,FIRST,0,3,True,60.0,522.0,10,1,
92e1b3db977f88671bd4,MULTI_SOURCE_MATRIX,10,FIRST,0,4,True,60.0,522.0,10,1,
92e1b3db977f88671bd4,MULTI_SOURCE_MATRIX,10,MIDDLE,5,0,True,60.0,522.0,10,1,
92e1b3db977f88671bd4,MULTI_SOURCE_MATRIX,10,MIDDLE,5,1,True,60.0,522.0,10,1,
92e1b3db977f88671bd4,MULTI_SOURCE_MATRIX,10,MIDDLE,5,2,True,60.0,522.0,10,1,
92e1b3db977f88671bd4,MULTI_SOURCE_MATRIX,10,MIDDLE,5,3,True,60.0,522.0,10,1,
92e1b3db977f88671bd4,MULTI_SOURCE_MATRIX,10,MIDDLE,5,4,True,60.0,522.0,10,1,
92e1b3db977f88671bd4,MULTI_SOURCE_MATRIX,10,LAST,9,0,True,60.0,522.0,10,1,
92e1b3db977f88671bd4,MULTI_SOURCE_MATRIX,10,LAST,9,1,True,60.0,522.0,10,1,
92e1b3db977f88671bd4,MULTI_SOURCE_MATRIX,10,LAST,9,2,True,60.0,522.0,10,1,
92e1b3db977f88671bd4,MULTI_SOURCE_MATRIX,10,LAST,9,3,True,60.0,522.0,10,1,
92e1b3db977f88671bd4,MULTI_SOURCE_MATRIX,10,LAST,9,4,True,60.0,522.0,10,1,
92e1b3db977f88671bd4,MULTI_SOURCE_MATRIX,20,FIRST,0,0,True,60.0,522.0,20,1,
92e1b3db977f88671bd4,MULTI_SOURCE_MATRIX,20,FIRST,0,1,True,60.0,522.0,20,1,
92e1b3db977f88671bd4,MULTI_SOURCE_MATRIX,20,FIRST,0,2,True,60.0,522.0,20,1,
92e1b3db977f88671bd4,MULTI_SOURCE_MATRIX,20,FIRST,0,3,True,60.0,522.0,20,1,
92e1b3db977f88671bd4,MULTI_SOURCE_MATRIX,20,FIRST,0,4,True,60.0,522.0,20,1,
92e1b3db977f88671bd4,MULTI_SOURCE_MATRIX,20,MIDDLE,10,0,True,60.0,522.0,20,1,
92e1b3db977f88671bd4,MULTI_SOURCE_MATRIX,20,MIDDLE,10,1,True,60.0,522.0,20,1,
92e1b3db977f88671bd4,MULTI_SOURCE_MATRIX,20,MIDDLE,10,2,True,60.0,522.0,20,1,
92e1b3db977f88671bd4,MULTI_SOURCE_MATRIX,20,MIDDLE,10,3,True,60.0,522.0,20,1,
92e1b3db977f88671bd4,MULTI_SOURCE_MATRIX,20,MIDDLE,10,4,True,60.0,522.0,20,1,
92e1b3db977f88671bd4,MULTI_SOURCE_MATRIX,20,LAST,19,0,True,60.0,522.0,20,1,
92e1b3db977f88671bd4,MULTI_SOURCE_MATRIX,20,LAST,19,1,True,60.0,522.0,20,1,
92e1b3db977f88671bd4,MULTI_SOURCE_MATRIX,20,LAST,19,2,True,60.0,522.0,20,1,
92e1b3db977f88671bd4,MULTI_SOURCE_MATRIX,20,LAST,19,3,True,60.0,522.0,20,1,
92e1b3db977f88671bd4,MULTI_SOURCE_MATRIX,20,LAST,19,4,True,60.0,522.0,20,1,
0ef535a24cd8a41c2b3b,MULTI_SOURCE_MATRIX,2,FIRST,0,0,True,48.0,631.0,2,1,
0ef535a24cd8a41c2b3b,MULTI_SOURCE_MATRIX,2,FIRST,0,1,True,48.0,631.0,2,1,
0ef535a24cd8a41c2b3b,MULTI_SOURCE_MATRIX,2,FIRST,0,2,True,48.0,631.0,2,1,
0ef535a24cd8a41c2b3b,MULTI_SOURCE_MATRIX,2,FIRST,0,3,True,48.0,631.0,2,1,
0ef535a24cd8a41c2b3b,MULTI_SOURCE_MATRIX,2,FIRST,0,4,True,48.0,631.0,2,1,
0ef535a24cd8a41c2b3b,MULTI_SOURCE_MATRIX,2,MIDDLE,1,0,True,48.0,631.0,2,1,
0ef535a24cd8a41c2b3b,MULTI_SOURCE_MATRIX,2,MIDDLE,1,1,True,48.0,631.0,2,1,
0ef535a24cd8a41c2b3b,MULTI_SOURCE_MATRIX,2,MIDDLE,1,2,True,48.0,631.0,2,1,
0ef535a24cd8a41c2b3b,MULTI_SOURCE_MATRIX,2,MIDDLE,1,3,True,48.0,631.0,2,1,
0ef535a24cd8a41c2b3b,MULTI_SOURCE_MATRIX,2,MIDDLE,1,4,True,48.0,631.0,2,1,
0ef535a24cd8a41c2b3b,MULTI_SOURCE_MATRIX,2,LAST,1,0,True,48.0,631.0,2,1,
0ef535a24cd8a41c2b3b,MULTI_SOURCE_MATRIX,2,LAST,1,1,True,48.0,631.0,2,1,
0ef535a24cd8a41c2b3b,MULTI_SOURCE_MATRIX,2,LAST,1,2,True,48.0,631.0,2,1,
0ef535a24cd8a41c2b3b,MULTI_SOURCE_MATRIX,2,LAST,1,3,True,48.0,631.0,2,1,
0ef535a24cd8a41c2b3b,MULTI_SOURCE_MATRIX,2,LAST,1,4,True,48.0,631.0,2,1,
0ef535a24cd8a41c2b3b,MULTI_SOURCE_MATRIX,5,FIRST,0,0,True,48.0,631.0,5,1,
0ef535a24cd8a41c2b3b,MULTI_SOURCE_MATRIX,5,FIRST,0,1,True,48.0,631.0,5,1,
0ef535a24cd8a41c2b3b,MULTI_SOURCE_MATRIX,5,FIRST,0,2,True,48.0,631.0,5,1,
0ef535a24cd8a41c2b3b,MULTI_SOURCE_MATRIX,5,FIRST,0,3,True,48.0,631.0,5,1,
0ef535a24cd8a41c2b3b,MULTI_SOURCE_MATRIX,5,FIRST,0,4,True,48.0,631.0,5,1,
0ef535a24cd8a41c2b3b,MULTI_SOURCE_MATRIX,5,MIDDLE,2,0,True,48.0,631.0,5,1,
0ef535a24cd8a41c2b3b,MULTI_SOURCE_MATRIX,5,MIDDLE,2,1,True,48.0,631.0,5,1,
0ef535a24cd8a41c2b3b,MULTI_SOURCE_MATRIX,5,MIDDLE,2,2,True,48.0,631.0,5,1,
0ef535a24cd8a41c2b3b,MULTI_SOURCE_MATRIX,5,MIDDLE,2,3,True,48.0,631.0,5,1,
0ef535a24cd8a41c2b3b,MULTI_SOURCE_MATRIX,5,MIDDLE,2,4,True,48.0,631.0,5,1,
0ef535a24cd8a41c2b3b,MULTI_SOURCE_MATRIX,5,LAST,4,0,True,48.0,631.0,5,1,
0ef535a24cd8a41c2b3b,MULTI_SOURCE_MATRIX,5,LAST,4,1,True,48.0,631.0,5,1,
0ef535a24cd8a41c2b3b,MULTI_SOURCE_MATRIX,5,LAST,4,2,True,48.0,631.0,5,1,
0ef535a24cd8a41c2b3b,MULTI_SOURCE_MATRIX,5,LAST,4,3,True,48.0,631.0,5,1,
0ef535a24cd8a41c2b3b,MULTI_SOURCE_MATRIX,5,LAST,4,4,True,48.0,631.0,5,1,
0ef535a24cd8a41c2b3b,MULTI_SOURCE_MATRIX,10,FIRST,0,0,True,48.0,631.0,10,1,
0ef535a24cd8a41c2b3b,MULTI_SOURCE_MATRIX,10,FIRST,0,1,True,48.0,631.0,10,1,
0ef535a24cd8a41c2b3b,MULTI_SOURCE_MATRIX,10,FIRST,0,2,True,48.0,631.0,10,1,
0ef535a24cd8a41c2b3b,MULTI_SOURCE_MATRIX,10,FIRST,0,3,True,48.0,631.0,10,1,
0ef535a24cd8a41c2b3b,MULTI_SOURCE_MATRIX,10,FIRST,0,4,True,48.0,631.0,10,1,
0ef535a24cd8a41c2b3b,MULTI_SOURCE_MATRIX,10,MIDDLE,5,0,True,48.0,631.0,10,1,
0ef535a24cd8a41c2b3b,MULTI_SOURCE_MATRIX,10,MIDDLE,5,1,True,48.0,631.0,10,1,
0ef535a24cd8a41c2b3b,MULTI_SOURCE_MATRIX,10,MIDDLE,5,2,True,48.0,631.0,10,1,
0ef535a24cd8a41c2b3b,MULTI_SOURCE_MATRIX,10,MIDDLE,5,3,True,48.0,631.0,10,1,
0ef535a24cd8a41c2b3b,MULTI_SOURCE_MATRIX,10,MIDDLE,5,4,True,48.0,631.0,10,1,
0ef535a24cd8a41c2b3b,MULTI_SOURCE_MATRIX,10,LAST,9,0,True,48.0,631.0,10,1,
0ef535a24cd8a41c2b3b,MULTI_SOURCE_MATRIX,10,LAST,9,1,True,48.0,631.0,10,1,
0ef535a24cd8a41c2b3b,MULTI_SOURCE_MATRIX,10,LAST,9,2,True,48.0,631.0,10,1,
0ef535a24cd8a41c2b3b,MULTI_SOURCE_MATRIX,10,LAST,9,3,True,48.0,631.0,10,1,
0ef535a24cd8a41c2b3b,MULTI_SOURCE_MATRIX,10,LAST,9,4,True,48.0,631.0,10,1,
0ef535a24cd8a41c2b3b,MULTI_SOURCE_MATRIX,20,FIRST,0,0,True,48.0,631.0,20,1,
0ef535a24cd8a41c2b3b,MULTI_SOURCE_MATRIX,20,FIRST,0,1,True,48.0,631.0,20,1,
0ef535a24cd8a41c2b3b,MULTI_SOURCE_MATRIX,20,FIRST,0,2,True,48.0,631.0,20,1,
0ef535a24cd8a41c2b3b,MULTI_SOURCE_MATRIX,20,FIRST,0,3,True,48.0,631.0,20,1,
0ef535a24cd8a41c2b3b,MULTI_SOURCE_MATRIX,20,FIRST,0,4,True,48.0,631.0,20,1,
0ef535a24cd8a41c2b3b,MULTI_SOURCE_MATRIX,20,MIDDLE,10,0,True,48.0,631.0,20,1,
0ef535a24cd8a41c2b3b,MULTI_SOURCE_MATRIX,20,MIDDLE,10,1,True,48.0,631.0,20,1,
0ef535a24cd8a41c2b3b,MULTI_SOURCE_MATRIX,20,MIDDLE,10,2,True,48.0,631.0,20,1,
0ef535a24cd8a41c2b3b,MULTI_SOURCE_MATRIX,20,MIDDLE,10,3,True,48.0,631.0,20,1,
0ef535a24cd8a41c2b3b,MULTI_SOURCE_MATRIX,20,MIDDLE,10,4,True,48.0,631.0,20,1,
0ef535a24cd8a41c2b3b,MULTI_SOURCE_MATRIX,20,LAST,19,0,True,48.0,631.0,20,1,
0ef535a24cd8a41c2b3b,MULTI_SOURCE_MATRIX,20,LAST,19,1,True,48.0,631.0,20,1,
0ef535a24cd8a41c2b3b,MULTI_SOURCE_MATRIX,20,LAST,19,2,True,48.0,631.0,20,1,
0ef535a24cd8a41c2b3b,MULTI_SOURCE_MATRIX,20,LAST,19,3,True,48.0,631.0,20,1,
0ef535a24cd8a41c2b3b,MULTI_SOURCE_MATRIX,20,LAST,19,4,True,48.0,631.0,20,1,
1a6714a7a4b55ee76245,MULTI_SOURCE_MATRIX,2,FIRST,0,0,True,64.0,353.0,2,1,
1a6714a7a4b55ee76245,MULTI_SOURCE_MATRIX,2,FIRST,0,1,True,64.0,353.0,2,1,
1a6714a7a4b55ee76245,MULTI_SOURCE_MATRIX,2,FIRST,0,2,True,64.0,353.0,2,1,
1a6714a7a4b55ee76245,MULTI_SOURCE_MATRIX,2,FIRST,0,3,True,64.0,353.0,2,1,
1a6714a7a4b55ee76245,MULTI_SOURCE_MATRIX,2,FIRST,0,4,True,64.0,353.0,2,1,
1a6714a7a4b55ee76245,MULTI_SOURCE_MATRIX,2,MIDDLE,1,0,True,64.0,353.0,2,1,
1a6714a7a4b55ee76245,MULTI_SOURCE_MATRIX,2,MIDDLE,1,1,True,64.0,353.0,2,1,
1a6714a7a4b55ee76245,MULTI_SOURCE_MATRIX,2,MIDDLE,1,2,True,64.0,353.0,2,1,
1a6714a7a4b55ee76245,MULTI_SOURCE_MATRIX,2,MIDDLE,1,3,True,64.0,353.0,2,1,
1a6714a7a4b55ee76245,MULTI_SOURCE_MATRIX,2,MIDDLE,1,4,True,64.0,353.0,2,1,
1a6714a7a4b55ee76245,MULTI_SOURCE_MATRIX,2,LAST,1,0,True,64.0,353.0,2,1,
1a6714a7a4b55ee76245,MULTI_SOURCE_MATRIX,2,LAST,1,1,True,64.0,353.0,2,1,
1a6714a7a4b55ee76245,MULTI_SOURCE_MATRIX,2,LAST,1,2,True,64.0,353.0,2,1,
1a6714a7a4b55ee76245,MULTI_SOURCE_MATRIX,2,LAST,1,3,True,64.0,353.0,2,1,
1a6714a7a4b55ee76245,MULTI_SOURCE_MATRIX,2,LAST,1,4,True,64.0,353.0,2,1,
1a6714a7a4b55ee76245,MULTI_SOURCE_MATRIX,5,FIRST,0,0,True,64.0,353.0,5,1,
1a6714a7a4b55ee76245,MULTI_SOURCE_MATRIX,5,FIRST,0,1,True,64.0,353.0,5,1,
1a6714a7a4b55ee76245,MULTI_SOURCE_MATRIX,5,FIRST,0,2,True,64.0,353.0,5,1,
1a6714a7a4b55ee76245,MULTI_SOURCE_MATRIX,5,FIRST,0,3,True,64.0,353.0,5,1,
1a6714a7a4b55ee76245,MULTI_SOURCE_MATRIX,5,FIRST,0,4,True,64.0,353.0,5,1,
1a6714a7a4b55ee76245,MULTI_SOURCE_MATRIX,5,MIDDLE,2,0,True,64.0,353.0,5,1,
1a6714a7a4b55ee76245,MULTI_SOURCE_MATRIX,5,MIDDLE,2,1,True,64.0,353.0,5,1,
1a6714a7a4b55ee76245,MULTI_SOURCE_MATRIX,5,MIDDLE,2,2,True,64.0,353.0,5,1,
1a6714a7a4b55ee76245,MULTI_SOURCE_MATRIX,5,MIDDLE,2,3,True,64.0,353.0,5,1,
1a6714a7a4b55ee76245,MULTI_SOURCE_MATRIX,5,MIDDLE,2,4,True,64.0,353.0,5,1,
1a6714a7a4b55ee76245,MULTI_SOURCE_MATRIX,5,LAST,4,0,True,64.0,353.0,5,1,
1a6714a7a4b55ee76245,MULTI_SOURCE_MATRIX,5,LAST,4,1,True,64.0,353.0,5,1,
1a6714a7a4b55ee76245,MULTI_SOURCE_MATRIX,5,LAST,4,2,True,64.0,353.0,5,1,
1a6714a7a4b55ee76245,MULTI_SOURCE_MATRIX,5,LAST,4,3,True,64.0,353.0,5,1,
1a6714a7a4b55ee76245,MULTI_SOURCE_MATRIX,5,LAST,4,4,True,64.0,353.0,5,1,
1a6714a7a4b55ee76245,MULTI_SOURCE_MATRIX,10,FIRST,0,0,True,64.0,353.0,10,1,
1a6714a7a4b55ee76245,MULTI_SOURCE_MATRIX,10,FIRST,0,1,True,64.0,353.0,10,1,
1a6714a7a4b55ee76245,MULTI_SOURCE_MATRIX,10,FIRST,0,2,True,64.0,353.0,10,1,
1a6714a7a4b55ee76245,MULTI_SOURCE_MATRIX,10,FIRST,0,3,True,64.0,353.0,10,1,
1a6714a7a4b55ee76245,MULTI_SOURCE_MATRIX,10,FIRST,0,4,True,64.0,353.0,10,1,
1a6714a7a4b55ee76245,MULTI_SOURCE_MATRIX,10,MIDDLE,5,0,True,64.0,353.0,10,1,
1a6714a7a4b55ee76245,MULTI_SOURCE_MATRIX,10,MIDDLE,5,1,True,64.0,353.0,10,1,
1a6714a7a4b55ee76245,MULTI_SOURCE_MATRIX,10,MIDDLE,5,2,True,64.0,353.0,10,1,
1a6714a7a4b55ee76245,MULTI_SOURCE_MATRIX,10,MIDDLE,5,3,True,64.0,353.0,10,1,
1a6714a7a4b55ee76245,MULTI_SOURCE_MATRIX,10,MIDDLE,5,4,True,64.0,353.0,10,1,
1a6714a7a4b55ee76245,MULTI_SOURCE_MATRIX,10,LAST,9,0,True,64.0,353.0,10,1,
1a6714a7a4b55ee76245,MULTI_SOURCE_MATRIX,10,LAST,9,1,True,64.0,353.0,10,1,
1a6714a7a4b55ee76245,MULTI_SOURCE_MATRIX,10,LAST,9,2,True,64.0,353.0,10,1,
1a6714a7a4b55ee76245,MULTI_SOURCE_MATRIX,10,LAST,9,3,True,64.0,353.0,10,1,
1a6714a7a4b55ee76245,MULTI_SOURCE_MATRIX,10,LAST,9,4,True,64.0,353.0,10,1,
1a6714a7a4b55ee76245,MULTI_SOURCE_MATRIX,20,FIRST,0,0,True,64.0,353.0,20,1,
1a6714a7a4b55ee76245,MULTI_SOURCE_MATRIX,20,FIRST,0,1,True,64.0,353.0,20,1,
1a6714a7a4b55ee76245,MULTI_SOURCE_MATRIX,20,FIRST,0,2,True,64.0,353.0,20,1,
1a6714a7a4b55ee76245,MULTI_SOURCE_MATRIX,20,FIRST,0,3,True,64.0,353.0,20,1,
1a6714a7a4b55ee76245,MULTI_SOURCE_MATRIX,20,FIRST,0,4,True,64.0,353.0,20,1,
1a6714a7a4b55ee76245,MULTI_SOURCE_MATRIX,20,MIDDLE,10,0,True,64.0,353.0,20,1,
1a6714a7a4b55ee76245,MULTI_SOURCE_MATRIX,20,MIDDLE,10,1,True,64.0,353.0,20,1,
1a6714a7a4b55ee76245,MULTI_SOURCE_MATRIX,20,MIDDLE,10,2,True,64.0,353.0,20,1,
1a6714a7a4b55ee76245,MULTI_SOURCE_MATRIX,20,MIDDLE,10,3,True,64.0,353.0,20,1,
1a6714a7a4b55ee76245,MULTI_SOURCE_MATRIX,20,MIDDLE,10,4,True,64.0,353.0,20,1,
1a6714a7a4b55ee76245,MULTI_SOURCE_MATRIX,20,LAST,19,0,True,64.0,353.0,20,1,
1a6714a7a4b55ee76245,MULTI_SOURCE_MATRIX,20,LAST,19,1,True,64.0,353.0,20,1,
1a6714a7a4b55ee76245,MULTI_SOURCE_MATRIX,20,LAST,19,2,True,64.0,353.0,20,1,
1a6714a7a4b55ee76245,MULTI_SOURCE_MATRIX,20,LAST,19,3,True,64.0,353.0,20,1,
1a6714a7a4b55ee76245,MULTI_SOURCE_MATRIX,20,LAST,19,4,True,64.0,353.0,20,1,
485b3c669eda85ccecd4,MULTI_SOURCE_MATRIX,2,FIRST,0,0,True,55.0,839.0,2,1,
485b3c669eda85ccecd4,MULTI_SOURCE_MATRIX,2,FIRST,0,1,True,55.0,839.0,2,1,
485b3c669eda85ccecd4,MULTI_SOURCE_MATRIX,2,FIRST,0,2,True,55.0,839.0,2,1,
485b3c669eda85ccecd4,MULTI_SOURCE_MATRIX,2,FIRST,0,3,True,55.0,839.0,2,1,
485b3c669eda85ccecd4,MULTI_SOURCE_MATRIX,2,FIRST,0,4,True,55.0,839.0,2,1,
485b3c669eda85ccecd4,MULTI_SOURCE_MATRIX,2,MIDDLE,1,0,True,55.0,839.0,2,1,
485b3c669eda85ccecd4,MULTI_SOURCE_MATRIX,2,MIDDLE,1,1,True,55.0,839.0,2,1,
485b3c669eda85ccecd4,MULTI_SOURCE_MATRIX,2,MIDDLE,1,2,True,55.0,839.0,2,1,
485b3c669eda85ccecd4,MULTI_SOURCE_MATRIX,2,MIDDLE,1,3,True,55.0,839.0,2,1,
485b3c669eda85ccecd4,MULTI_SOURCE_MATRIX,2,MIDDLE,1,4,True,55.0,839.0,2,1,
485b3c669eda85ccecd4,MULTI_SOURCE_MATRIX,2,LAST,1,0,True,55.0,839.0,2,1,
485b3c669eda85ccecd4,MULTI_SOURCE_MATRIX,2,LAST,1,1,True,55.0,839.0,2,1,
485b3c669eda85ccecd4,MULTI_SOURCE_MATRIX,2,LAST,1,2,True,55.0,839.0,2,1,
485b3c669eda85ccecd4,MULTI_SOURCE_MATRIX,2,LAST,1,3,True,55.0,839.0,2,1,
485b3c669eda85ccecd4,MULTI_SOURCE_MATRIX,2,LAST,1,4,True,55.0,839.0,2,1,
485b3c669eda85ccecd4,MULTI_SOURCE_MATRIX,5,FIRST,0,0,True,55.0,839.0,5,1,
485b3c669eda85ccecd4,MULTI_SOURCE_MATRIX,5,FIRST,0,1,True,55.0,839.0,5,1,
485b3c669eda85ccecd4,MULTI_SOURCE_MATRIX,5,FIRST,0,2,True,55.0,839.0,5,1,
485b3c669eda85ccecd4,MULTI_SOURCE_MATRIX,5,FIRST,0,3,True,55.0,839.0,5,1,
485b3c669eda85ccecd4,MULTI_SOURCE_MATRIX,5,FIRST,0,4,True,55.0,839.0,5,1,
485b3c669eda85ccecd4,MULTI_SOURCE_MATRIX,5,MIDDLE,2,0,True,55.0,839.0,5,1,
485b3c669eda85ccecd4,MULTI_SOURCE_MATRIX,5,MIDDLE,2,1,True,55.0,839.0,5,1,
485b3c669eda85ccecd4,MULTI_SOURCE_MATRIX,5,MIDDLE,2,2,True,55.0,839.0,5,1,
485b3c669eda85ccecd4,MULTI_SOURCE_MATRIX,5,MIDDLE,2,3,True,55.0,839.0,5,1,
485b3c669eda85ccecd4,MULTI_SOURCE_MATRIX,5,MIDDLE,2,4,True,55.0,839.0,5,1,
485b3c669eda85ccecd4,MULTI_SOURCE_MATRIX,5,LAST,4,0,True,55.0,839.0,5,1,
485b3c669eda85ccecd4,MULTI_SOURCE_MATRIX,5,LAST,4,1,True,55.0,839.0,5,1,
485b3c669eda85ccecd4,MULTI_SOURCE_MATRIX,5,LAST,4,2,True,55.0,839.0,5,1,
485b3c669eda85ccecd4,MULTI_SOURCE_MATRIX,5,LAST,4,3,True,55.0,839.0,5,1,
485b3c669eda85ccecd4,MULTI_SOURCE_MATRIX,5,LAST,4,4,True,55.0,839.0,5,1,
485b3c669eda85ccecd4,MULTI_SOURCE_MATRIX,10,FIRST,0,0,True,55.0,839.0,10,1,
485b3c669eda85ccecd4,MULTI_SOURCE_MATRIX,10,FIRST,0,1,True,55.0,839.0,10,1,
485b3c669eda85ccecd4,MULTI_SOURCE_MATRIX,10,FIRST,0,2,True,55.0,839.0,10,1,
485b3c669eda85ccecd4,MULTI_SOURCE_MATRIX,10,FIRST,0,3,True,55.0,839.0,10,1,
485b3c669eda85ccecd4,MULTI_SOURCE_MATRIX,10,FIRST,0,4,True,55.0,839.0,10,1,
485b3c669eda85ccecd4,MULTI_SOURCE_MATRIX,10,MIDDLE,5,0,True,55.0,839.0,10,1,
485b3c669eda85ccecd4,MULTI_SOURCE_MATRIX,10,MIDDLE,5,1,True,55.0,839.0,10,1,
485b3c669eda85ccecd4,MULTI_SOURCE_MATRIX,10,MIDDLE,5,2,True,55.0,839.0,10,1,
485b3c669eda85ccecd4,MULTI_SOURCE_MATRIX,10,MIDDLE,5,3,True,55.0,839.0,10,1,
485b3c669eda85ccecd4,MULTI_SOURCE_MATRIX,10,MIDDLE,5,4,True,55.0,839.0,10,1,
485b3c669eda85ccecd4,MULTI_SOURCE_MATRIX,10,LAST,9,0,True,55.0,839.0,10,1,
485b3c669eda85ccecd4,MULTI_SOURCE_MATRIX,10,LAST,9,1,True,55.0,839.0,10,1,
485b3c669eda85ccecd4,MULTI_SOURCE_MATRIX,10,LAST,9,2,True,55.0,839.0,10,1,
485b3c669eda85ccecd4,MULTI_SOURCE_MATRIX,10,LAST,9,3,True,55.0,839.0,10,1,
485b3c669eda85ccecd4,MULTI_SOURCE_MATRIX,10,LAST,9,4,True,55.0,839.0,10,1,
485b3c669eda85ccecd4,MULTI_SOURCE_MATRIX,20,FIRST,0,0,True,55.0,839.0,20,1,
485b3c669eda85ccecd4,MULTI_SOURCE_MATRIX,20,FIRST,0,1,True,55.0,839.0,20,1,
485b3c669eda85ccecd4,MULTI_SOURCE_MATRIX,20,FIRST,0,2,True,55.0,839.0,20,1,
485b3c669eda85ccecd4,MULTI_SOURCE_MATRIX,20,FIRST,0,3,True,55.0,839.0,20,1,
485b3c669eda85ccecd4,MULTI_SOURCE_MATRIX,20,FIRST,0,4,True,55.0,839.0,20,1,
485b3c669eda85ccecd4,MULTI_SOURCE_MATRIX,20,MIDDLE,10,0,True,55.0,839.0,20,1,
485b3c669eda85ccecd4,MULTI_SOURCE_MATRIX,20,MIDDLE,10,1,True,55.0,839.0,20,1,
485b3c669eda85ccecd4,MULTI_SOURCE_MATRIX,20,MIDDLE,10,2,True,55.0,839.0,20,1,
485b3c669eda85ccecd4,MULTI_SOURCE_MATRIX,20,MIDDLE,10,3,True,55.0,839.0,20,1,
485b3c669eda85ccecd4,MULTI_SOURCE_MATRIX,20,MIDDLE,10,4,True,55.0,839.0,20,1,
485b3c669eda85ccecd4,MULTI_SOURCE_MATRIX,20,LAST,19,0,True,55.0,839.0,20,1,
485b3c669eda85ccecd4,MULTI_SOURCE_MATRIX,20,LAST,19,1,True,55.0,839.0,20,1,
485b3c669eda85ccecd4,MULTI_SOURCE_MATRIX,20,LAST,19,2,True,55.0,839.0,20,1,
485b3c669eda85ccecd4,MULTI_SOURCE_MATRIX,20,LAST,19,3,True,55.0,839.0,20,1,
485b3c669eda85ccecd4,MULTI_SOURCE_MATRIX,20,LAST,19,4,True,55.0,839.0,20,1,
6038862faa303d664d73,MULTI_SOURCE_MATRIX,2,FIRST,0,0,True,54.0,594.0,2,1,
6038862faa303d664d73,MULTI_SOURCE_MATRIX,2,FIRST,0,1,True,54.0,594.0,2,1,
6038862faa303d664d73,MULTI_SOURCE_MATRIX,2,FIRST,0,2,True,54.0,594.0,2,1,
6038862faa303d664d73,MULTI_SOURCE_MATRIX,2,FIRST,0,3,True,54.0,594.0,2,1,
6038862faa303d664d73,MULTI_SOURCE_MATRIX,2,FIRST,0,4,True,54.0,594.0,2,1,
6038862faa303d664d73,MULTI_SOURCE_MATRIX,2,MIDDLE,1,0,True,54.0,594.0,2,1,
6038862faa303d664d73,MULTI_SOURCE_MATRIX,2,MIDDLE,1,1,True,54.0,594.0,2,1,
6038862faa303d664d73,MULTI_SOURCE_MATRIX,2,MIDDLE,1,2,True,54.0,594.0,2,1,
6038862faa303d664d73,MULTI_SOURCE_MATRIX,2,MIDDLE,1,3,True,54.0,594.0,2,1,
6038862faa303d664d73,MULTI_SOURCE_MATRIX,2,MIDDLE,1,4,True,54.0,594.0,2,1,
6038862faa303d664d73,MULTI_SOURCE_MATRIX,2,LAST,1,0,True,54.0,594.0,2,1,
6038862faa303d664d73,MULTI_SOURCE_MATRIX,2,LAST,1,1,True,54.0,594.0,2,1,
6038862faa303d664d73,MULTI_SOURCE_MATRIX,2,LAST,1,2,True,54.0,594.0,2,1,
6038862faa303d664d73,MULTI_SOURCE_MATRIX,2,LAST,1,3,True,54.0,594.0,2,1,
6038862faa303d664d73,MULTI_SOURCE_MATRIX,2,LAST,1,4,True,54.0,594.0,2,1,
6038862faa303d664d73,MULTI_SOURCE_MATRIX,5,FIRST,0,0,True,54.0,594.0,5,1,
6038862faa303d664d73,MULTI_SOURCE_MATRIX,5,FIRST,0,1,True,54.0,594.0,5,1,
6038862faa303d664d73,MULTI_SOURCE_MATRIX,5,FIRST,0,2,True,54.0,594.0,5,1,
6038862faa303d664d73,MULTI_SOURCE_MATRIX,5,FIRST,0,3,True,54.0,594.0,5,1,
6038862faa303d664d73,MULTI_SOURCE_MATRIX,5,FIRST,0,4,True,54.0,594.0,5,1,
6038862faa303d664d73,MULTI_SOURCE_MATRIX,5,MIDDLE,2,0,True,54.0,594.0,5,1,
6038862faa303d664d73,MULTI_SOURCE_MATRIX,5,MIDDLE,2,1,True,54.0,594.0,5,1,
6038862faa303d664d73,MULTI_SOURCE_MATRIX,5,MIDDLE,2,2,True,54.0,594.0,5,1,
6038862faa303d664d73,MULTI_SOURCE_MATRIX,5,MIDDLE,2,3,True,54.0,594.0,5,1,
6038862faa303d664d73,MULTI_SOURCE_MATRIX,5,MIDDLE,2,4,True,54.0,594.0,5,1,
6038862faa303d664d73,MULTI_SOURCE_MATRIX,5,LAST,4,0,True,54.0,594.0,5,1,
6038862faa303d664d73,MULTI_SOURCE_MATRIX,5,LAST,4,1,True,54.0,594.0,5,1,
6038862faa303d664d73,MULTI_SOURCE_MATRIX,5,LAST,4,2,True,54.0,594.0,5,1,
6038862faa303d664d73,MULTI_SOURCE_MATRIX,5,LAST,4,3,True,54.0,594.0,5,1,
6038862faa303d664d73,MULTI_SOURCE_MATRIX,5,LAST,4,4,True,54.0,594.0,5,1,
6038862faa303d664d73,MULTI_SOURCE_MATRIX,10,FIRST,0,0,True,54.0,594.0,10,1,
6038862faa303d664d73,MULTI_SOURCE_MATRIX,10,FIRST,0,1,True,54.0,594.0,10,1,
6038862faa303d664d73,MULTI_SOURCE_MATRIX,10,FIRST,0,2,True,54.0,594.0,10,1,
6038862faa303d664d73,MULTI_SOURCE_MATRIX,10,FIRST,0,3,True,54.0,594.0,10,1,
6038862faa303d664d73,MULTI_SOURCE_MATRIX,10,FIRST,0,4,True,54.0,594.0,10,1,
6038862faa303d664d73,MULTI_SOURCE_MATRIX,10,MIDDLE,5,0,True,54.0,594.0,10,1,
6038862faa303d664d73,MULTI_SOURCE_MATRIX,10,MIDDLE,5,1,True,54.0,594.0,10,1,
6038862faa303d664d73,MULTI_SOURCE_MATRIX,10,MIDDLE,5,2,True,54.0,594.0,10,1,
6038862faa303d664d73,MULTI_SOURCE_MATRIX,10,MIDDLE,5,3,True,54.0,594.0,10,1,
6038862faa303d664d73,MULTI_SOURCE_MATRIX,10,MIDDLE,5,4,True,54.0,594.0,10,1,
6038862faa303d664d73,MULTI_SOURCE_MATRIX,10,LAST,9,0,True,54.0,594.0,10,1,
6038862faa303d664d73,MULTI_SOURCE_MATRIX,10,LAST,9,1,True,54.0,594.0,10,1,
6038862faa303d664d73,MULTI_SOURCE_MATRIX,10,LAST,9,2,True,54.0,594.0,10,1,
6038862faa303d664d73,MULTI_SOURCE_MATRIX,10,LAST,9,3,True,54.0,594.0,10,1,
6038862faa303d664d73,MULTI_SOURCE_MATRIX,10,LAST,9,4,True,54.0,594.0,10,1,
6038862faa303d664d73,MULTI_SOURCE_MATRIX,20,FIRST,0,0,True,54.0,594.0,20,1,
6038862faa303d664d73,MULTI_SOURCE_MATRIX,20,FIRST,0,1,True,54.0,594.0,20,1,
6038862faa303d664d73,MULTI_SOURCE_MATRIX,20,FIRST,0,2,True,54.0,594.0,20,1,
6038862faa303d664d73,MULTI_SOURCE_MATRIX,20,FIRST,0,3,True,54.0,594.0,20,1,
6038862faa303d664d73,MULTI_SOURCE_MATRIX,20,FIRST,0,4,True,54.0,594.0,20,1,
6038862faa303d664d73,MULTI_SOURCE_MATRIX,20,MIDDLE,10,0,True,54.0,594.0,20,1,
6038862faa303d664d73,MULTI_SOURCE_MATRIX,20,MIDDLE,10,1,True,54.0,594.0,20,1,
6038862faa303d664d73,MULTI_SOURCE_MATRIX,20,MIDDLE,10,2,True,54.0,594.0,20,1,
6038862faa303d664d73,MULTI_SOURCE_MATRIX,20,MIDDLE,10,3,True,54.0,594.0,20,1,
6038862faa303d664d73,MULTI_SOURCE_MATRIX,20,MIDDLE,10,4,True,54.0,594.0,20,1,
6038862faa303d664d73,MULTI_SOURCE_MATRIX,20,LAST,19,0,True,54.0,594.0,20,1,
6038862faa303d664d73,MULTI_SOURCE_MATRIX,20,LAST,19,1,True,54.0,594.0,20,1,
6038862faa303d664d73,MULTI_SOURCE_MATRIX,20,LAST,19,2,True,54.0,594.0,20,1,
6038862faa303d664d73,MULTI_SOURCE_MATRIX,20,LAST,19,3,True,54.0,594.0,20,1,
6038862faa303d664d73,MULTI_SOURCE_MATRIX,20,LAST,19,4,True,54.0,594.0,20,1,
727da20c9855ab1f8db8,MULTI_SOURCE_MATRIX,2,FIRST,0,0,True,179.0,2146.0,2,1,
727da20c9855ab1f8db8,MULTI_SOURCE_MATRIX,2,FIRST,0,1,True,179.0,2146.0,2,1,
727da20c9855ab1f8db8,MULTI_SOURCE_MATRIX,2,FIRST,0,2,True,179.0,2146.0,2,1,
727da20c9855ab1f8db8,MULTI_SOURCE_MATRIX,2,FIRST,0,3,True,179.0,2146.0,2,1,
727da20c9855ab1f8db8,MULTI_SOURCE_MATRIX,2,FIRST,0,4,True,179.0,2146.0,2,1,
727da20c9855ab1f8db8,MULTI_SOURCE_MATRIX,2,MIDDLE,1,0,True,179.0,2146.0,2,1,
727da20c9855ab1f8db8,MULTI_SOURCE_MATRIX,2,MIDDLE,1,1,True,179.0,2146.0,2,1,
727da20c9855ab1f8db8,MULTI_SOURCE_MATRIX,2,MIDDLE,1,2,True,179.0,2146.0,2,1,
727da20c9855ab1f8db8,MULTI_SOURCE_MATRIX,2,MIDDLE,1,3,True,179.0,2146.0,2,1,
727da20c9855ab1f8db8,MULTI_SOURCE_MATRIX,2,MIDDLE,1,4,True,179.0,2146.0,2,1,
727da20c9855ab1f8db8,MULTI_SOURCE_MATRIX,2,LAST,1,0,True,179.0,2146.0,2,1,
727da20c9855ab1f8db8,MULTI_SOURCE_MATRIX,2,LAST,1,1,True,179.0,2146.0,2,1,
727da20c9855ab1f8db8,MULTI_SOURCE_MATRIX,2,LAST,1,2,True,179.0,2146.0,2,1,
727da20c9855ab1f8db8,MULTI_SOURCE_MATRIX,2,LAST,1,3,True,179.0,2146.0,2,1,
727da20c9855ab1f8db8,MULTI_SOURCE_MATRIX,2,LAST,1,4,True,179.0,2146.0,2,1,
727da20c9855ab1f8db8,MULTI_SOURCE_MATRIX,5,FIRST,0,0,True,179.0,2146.0,5,1,
727da20c9855ab1f8db8,MULTI_SOURCE_MATRIX,5,FIRST,0,1,True,179.0,2146.0,5,1,
727da20c9855ab1f8db8,MULTI_SOURCE_MATRIX,5,FIRST,0,2,True,179.0,2146.0,5,1,
727da20c9855ab1f8db8,MULTI_SOURCE_MATRIX,5,FIRST,0,3,True,179.0,2146.0,5,1,
727da20c9855ab1f8db8,MULTI_SOURCE_MATRIX,5,FIRST,0,4,True,179.0,2146.0,5,1,
727da20c9855ab1f8db8,MULTI_SOURCE_MATRIX,5,MIDDLE,2,0,True,179.0,2146.0,5,1,
727da20c9855ab1f8db8,MULTI_SOURCE_MATRIX,5,MIDDLE,2,1,True,179.0,2146.0,5,1,
727da20c9855ab1f8db8,MULTI_SOURCE_MATRIX,5,MIDDLE,2,2,True,179.0,2146.0,5,1,
727da20c9855ab1f8db8,MULTI_SOURCE_MATRIX,5,MIDDLE,2,3,True,179.0,2146.0,5,1,
727da20c9855ab1f8db8,MULTI_SOURCE_MATRIX,5,MIDDLE,2,4,True,179.0,2146.0,5,1,
727da20c9855ab1f8db8,MULTI_SOURCE_MATRIX,5,LAST,4,0,True,179.0,2146.0,5,1,
727da20c9855ab1f8db8,MULTI_SOURCE_MATRIX,5,LAST,4,1,True,179.0,2146.0,5,1,
727da20c9855ab1f8db8,MULTI_SOURCE_MATRIX,5,LAST,4,2,True,179.0,2146.0,5,1,
727da20c9855ab1f8db8,MULTI_SOURCE_MATRIX,5,LAST,4,3,True,179.0,2146.0,5,1,
727da20c9855ab1f8db8,MULTI_SOURCE_MATRIX,5,LAST,4,4,True,179.0,2146.0,5,1,
727da20c9855ab1f8db8,MULTI_SOURCE_MATRIX,10,FIRST,0,0,True,179.0,2146.0,10,1,
727da20c9855ab1f8db8,MULTI_SOURCE_MATRIX,10,FIRST,0,1,True,179.0,2146.0,10,1,
727da20c9855ab1f8db8,MULTI_SOURCE_MATRIX,10,FIRST,0,2,True,179.0,2146.0,10,1,
727da20c9855ab1f8db8,MULTI_SOURCE_MATRIX,10,FIRST,0,3,True,179.0,2146.0,10,1,
727da20c9855ab1f8db8,MULTI_SOURCE_MATRIX,10,FIRST,0,4,True,179.0,2146.0,10,1,
727da20c9855ab1f8db8,MULTI_SOURCE_MATRIX,10,MIDDLE,5,0,True,179.0,2146.0,10,1,
727da20c9855ab1f8db8,MULTI_SOURCE_MATRIX,10,MIDDLE,5,1,True,179.0,2146.0,10,1,
727da20c9855ab1f8db8,MULTI_SOURCE_MATRIX,10,MIDDLE,5,2,True,179.0,2146.0,10,1,
727da20c9855ab1f8db8,MULTI_SOURCE_MATRIX,10,MIDDLE,5,3,True,179.0,2146.0,10,1,
727da20c9855ab1f8db8,MULTI_SOURCE_MATRIX,10,MIDDLE,5,4,True,179.0,2146.0,10,1,
727da20c9855ab1f8db8,MULTI_SOURCE_MATRIX,10,LAST,9,0,True,179.0,2146.0,10,1,
727da20c9855ab1f8db8,MULTI_SOURCE_MATRIX,10,LAST,9,1,True,179.0,2146.0,10,1,
727da20c9855ab1f8db8,MULTI_SOURCE_MATRIX,10,LAST,9,2,True,179.0,2146.0,10,1,
727da20c9855ab1f8db8,MULTI_SOURCE_MATRIX,10,LAST,9,3,True,179.0,2146.0,10,1,
727da20c9855ab1f8db8,MULTI_SOURCE_MATRIX,10,LAST,9,4,True,179.0,2146.0,10,1,
727da20c9855ab1f8db8,MULTI_SOURCE_MATRIX,20,FIRST,0,0,True,179.0,2146.0,20,1,
727da20c9855ab1f8db8,MULTI_SOURCE_MATRIX,20,FIRST,0,1,True,179.0,2146.0,20,1,
727da20c9855ab1f8db8,MULTI_SOURCE_MATRIX,20,FIRST,0,2,True,179.0,2146.0,20,1,
727da20c9855ab1f8db8,MULTI_SOURCE_MATRIX,20,FIRST,0,3,True,179.0,2146.0,20,1,
727da20c9855ab1f8db8,MULTI_SOURCE_MATRIX,20,FIRST,0,4,True,179.0,2146.0,20,1,
727da20c9855ab1f8db8,MULTI_SOURCE_MATRIX,20,MIDDLE,10,0,True,179.0,2146.0,20,1,
727da20c9855ab1f8db8,MULTI_SOURCE_MATRIX,20,MIDDLE,10,1,True,179.0,2146.0,20,1,
727da20c9855ab1f8db8,MULTI_SOURCE_MATRIX,20,MIDDLE,10,2,True,179.0,2146.0,20,1,
727da20c9855ab1f8db8,MULTI_SOURCE_MATRIX,20,MIDDLE,10,3,True,179.0,2146.0,20,1,
727da20c9855ab1f8db8,MULTI_SOURCE_MATRIX,20,MIDDLE,10,4,True,179.0,2146.0,20,1,
727da20c9855ab1f8db8,MULTI_SOURCE_MATRIX,20,LAST,19,0,True,179.0,2146.0,20,1,
727da20c9855ab1f8db8,MULTI_SOURCE_MATRIX,20,LAST,19,1,True,179.0,2146.0,20,1,
727da20c9855ab1f8db8,MULTI_SOURCE_MATRIX,20,LAST,19,2,True,179.0,2146.0,20,1,
727da20c9855ab1f8db8,MULTI_SOURCE_MATRIX,20,LAST,19,3,True,179.0,2146.0,20,1,
727da20c9855ab1f8db8,MULTI_SOURCE_MATRIX,20,LAST,19,4,True,179.0,2146.0,20,1,
7f607443918f9cd939af,MULTI_SOURCE_MATRIX,2,FIRST,0,0,True,13.0,199.0,2,1,
7f607443918f9cd939af,MULTI_SOURCE_MATRIX,2,FIRST,0,1,True,13.0,199.0,2,1,
7f607443918f9cd939af,MULTI_SOURCE_MATRIX,2,FIRST,0,2,True,13.0,199.0,2,1,
7f607443918f9cd939af,MULTI_SOURCE_MATRIX,2,FIRST,0,3,True,13.0,199.0,2,1,
7f607443918f9cd939af,MULTI_SOURCE_MATRIX,2,FIRST,0,4,True,13.0,199.0,2,1,
7f607443918f9cd939af,MULTI_SOURCE_MATRIX,2,MIDDLE,1,0,True,13.0,199.0,2,1,
7f607443918f9cd939af,MULTI_SOURCE_MATRIX,2,MIDDLE,1,1,True,13.0,199.0,2,1,
7f607443918f9cd939af,MULTI_SOURCE_MATRIX,2,MIDDLE,1,2,True,13.0,199.0,2,1,
7f607443918f9cd939af,MULTI_SOURCE_MATRIX,2,MIDDLE,1,3,True,13.0,199.0,2,1,
7f607443918f9cd939af,MULTI_SOURCE_MATRIX,2,MIDDLE,1,4,True,13.0,199.0,2,1,
7f607443918f9cd939af,MULTI_SOURCE_MATRIX,2,LAST,1,0,True,13.0,199.0,2,1,
7f607443918f9cd939af,MULTI_SOURCE_MATRIX,2,LAST,1,1,True,13.0,199.0,2,1,
7f607443918f9cd939af,MULTI_SOURCE_MATRIX,2,LAST,1,2,True,13.0,199.0,2,1,
7f607443918f9cd939af,MULTI_SOURCE_MATRIX,2,LAST,1,3,True,13.0,199.0,2,1,
7f607443918f9cd939af,MULTI_SOURCE_MATRIX,2,LAST,1,4,True,13.0,199.0,2,1,
7f607443918f9cd939af,MULTI_SOURCE_MATRIX,5,FIRST,0,0,True,13.0,199.0,5,1,
7f607443918f9cd939af,MULTI_SOURCE_MATRIX,5,FIRST,0,1,True,13.0,199.0,5,1,
7f607443918f9cd939af,MULTI_SOURCE_MATRIX,5,FIRST,0,2,True,13.0,199.0,5,1,
7f607443918f9cd939af,MULTI_SOURCE_MATRIX,5,FIRST,0,3,True,13.0,199.0,5,1,
7f607443918f9cd939af,MULTI_SOURCE_MATRIX,5,FIRST,0,4,True,13.0,199.0,5,1,
7f607443918f9cd939af,MULTI_SOURCE_MATRIX,5,MIDDLE,2,0,True,13.0,199.0,5,1,
7f607443918f9cd939af,MULTI_SOURCE_MATRIX,5,MIDDLE,2,1,True,13.0,199.0,5,1,
7f607443918f9cd939af,MULTI_SOURCE_MATRIX,5,MIDDLE,2,2,True,13.0,199.0,5,1,
7f607443918f9cd939af,MULTI_SOURCE_MATRIX,5,MIDDLE,2,3,True,13.0,199.0,5,1,
7f607443918f9cd939af,MULTI_SOURCE_MATRIX,5,MIDDLE,2,4,True,13.0,199.0,5,1,
7f607443918f9cd939af,MULTI_SOURCE_MATRIX,5,LAST,4,0,True,13.0,199.0,5,1,
7f607443918f9cd939af,MULTI_SOURCE_MATRIX,5,LAST,4,1,True,13.0,199.0,5,1,
7f607443918f9cd939af,MULTI_SOURCE_MATRIX,5,LAST,4,2,True,13.0,199.0,5,1,
7f607443918f9cd939af,MULTI_SOURCE_MATRIX,5,LAST,4,3,True,13.0,199.0,5,1,
7f607443918f9cd939af,MULTI_SOURCE_MATRIX,5,LAST,4,4,True,13.0,199.0,5,1,
7f607443918f9cd939af,MULTI_SOURCE_MATRIX,10,FIRST,0,0,True,13.0,199.0,10,1,
7f607443918f9cd939af,MULTI_SOURCE_MATRIX,10,FIRST,0,1,True,13.0,199.0,10,1,
7f607443918f9cd939af,MULTI_SOURCE_MATRIX,10,FIRST,0,2,True,13.0,199.0,10,1,
7f607443918f9cd939af,MULTI_SOURCE_MATRIX,10,FIRST,0,3,True,13.0,199.0,10,1,
7f607443918f9cd939af,MULTI_SOURCE_MATRIX,10,FIRST,0,4,True,13.0,199.0,10,1,
7f607443918f9cd939af,MULTI_SOURCE_MATRIX,10,MIDDLE,5,0,True,13.0,199.0,10,1,
7f607443918f9cd939af,MULTI_SOURCE_MATRIX,10,MIDDLE,5,1,True,13.0,199.0,10,1,
7f607443918f9cd939af,MULTI_SOURCE_MATRIX,10,MIDDLE,5,2,True,13.0,199.0,10,1,
7f607443918f9cd939af,MULTI_SOURCE_MATRIX,10,MIDDLE,5,3,True,13.0,199.0,10,1,
7f607443918f9cd939af,MULTI_SOURCE_MATRIX,10,MIDDLE,5,4,True,13.0,199.0,10,1,
7f607443918f9cd939af,MULTI_SOURCE_MATRIX,10,LAST,9,0,True,13.0,199.0,10,1,
7f607443918f9cd939af,MULTI_SOURCE_MATRIX,10,LAST,9,1,True,13.0,199.0,10,1,
7f607443918f9cd939af,MULTI_SOURCE_MATRIX,10,LAST,9,2,True,13.0,199.0,10,1,
7f607443918f9cd939af,MULTI_SOURCE_MATRIX,10,LAST,9,3,True,13.0,199.0,10,1,
7f607443918f9cd939af,MULTI_SOURCE_MATRIX,10,LAST,9,4,True,13.0,199.0,10,1,
7f607443918f9cd939af,MULTI_SOURCE_MATRIX,20,FIRST,0,0,True,13.0,199.0,20,1,
7f607443918f9cd939af,MULTI_SOURCE_MATRIX,20,FIRST,0,1,True,13.0,199.0,20,1,
7f607443918f9cd939af,MULTI_SOURCE_MATRIX,20,FIRST,0,2,True,13.0,199.0,20,1,
7f607443918f9cd939af,MULTI_SOURCE_MATRIX,20,FIRST,0,3,True,13.0,199.0,20,1,
7f607443918f9cd939af,MULTI_SOURCE_MATRIX,20,FIRST,0,4,True,13.0,199.0,20,1,
7f607443918f9cd939af,MULTI_SOURCE_MATRIX,20,MIDDLE,10,0,True,13.0,199.0,20,1,
7f607443918f9cd939af,MULTI_SOURCE_MATRIX,20,MIDDLE,10,1,True,13.0,199.0,20,1,
7f607443918f9cd939af,MULTI_SOURCE_MATRIX,20,MIDDLE,10,2,True,13.0,199.0,20,1,
7f607443918f9cd939af,MULTI_SOURCE_MATRIX,20,MIDDLE,10,3,True,13.0,199.0,20,1,
7f607443918f9cd939af,MULTI_SOURCE_MATRIX,20,MIDDLE,10,4,True,13.0,199.0,20,1,
7f607443918f9cd939af,MULTI_SOURCE_MATRIX,20,LAST,19,0,True,13.0,199.0,20,1,
7f607443918f9cd939af,MULTI_SOURCE_MATRIX,20,LAST,19,1,True,13.0,199.0,20,1,
7f607443918f9cd939af,MULTI_SOURCE_MATRIX,20,LAST,19,2,True,13.0,199.0,20,1,
7f607443918f9cd939af,MULTI_SOURCE_MATRIX,20,LAST,19,3,True,13.0,199.0,20,1,
7f607443918f9cd939af,MULTI_SOURCE_MATRIX,20,LAST,19,4,True,13.0,199.0,20,1,
8e14401a9869674ef1ca,MULTI_SOURCE_MATRIX,2,FIRST,0,0,True,108.0,1086.0,2,1,
8e14401a9869674ef1ca,MULTI_SOURCE_MATRIX,2,FIRST,0,1,True,108.0,1086.0,2,1,
8e14401a9869674ef1ca,MULTI_SOURCE_MATRIX,2,FIRST,0,2,True,108.0,1086.0,2,1,
8e14401a9869674ef1ca,MULTI_SOURCE_MATRIX,2,FIRST,0,3,True,108.0,1086.0,2,1,
8e14401a9869674ef1ca,MULTI_SOURCE_MATRIX,2,FIRST,0,4,True,108.0,1086.0,2,1,
8e14401a9869674ef1ca,MULTI_SOURCE_MATRIX,2,MIDDLE,1,0,True,108.0,1086.0,2,1,
8e14401a9869674ef1ca,MULTI_SOURCE_MATRIX,2,MIDDLE,1,1,True,108.0,1086.0,2,1,
8e14401a9869674ef1ca,MULTI_SOURCE_MATRIX,2,MIDDLE,1,2,True,108.0,1086.0,2,1,
8e14401a9869674ef1ca,MULTI_SOURCE_MATRIX,2,MIDDLE,1,3,True,108.0,1086.0,2,1,
8e14401a9869674ef1ca,MULTI_SOURCE_MATRIX,2,MIDDLE,1,4,True,108.0,1086.0,2,1,
8e14401a9869674ef1ca,MULTI_SOURCE_MATRIX,2,LAST,1,0,True,108.0,1086.0,2,1,
8e14401a9869674ef1ca,MULTI_SOURCE_MATRIX,2,LAST,1,1,True,108.0,1086.0,2,1,
8e14401a9869674ef1ca,MULTI_SOURCE_MATRIX,2,LAST,1,2,True,108.0,1086.0,2,1,
8e14401a9869674ef1ca,MULTI_SOURCE_MATRIX,2,LAST,1,3,True,108.0,1086.0,2,1,
8e14401a9869674ef1ca,MULTI_SOURCE_MATRIX,2,LAST,1,4,True,108.0,1086.0,2,1,
8e14401a9869674ef1ca,MULTI_SOURCE_MATRIX,5,FIRST,0,0,True,108.0,1086.0,5,1,
8e14401a9869674ef1ca,MULTI_SOURCE_MATRIX,5,FIRST,0,1,True,108.0,1086.0,5,1,
8e14401a9869674ef1ca,MULTI_SOURCE_MATRIX,5,FIRST,0,2,True,108.0,1086.0,5,1,
8e14401a9869674ef1ca,MULTI_SOURCE_MATRIX,5,FIRST,0,3,True,108.0,1086.0,5,1,
8e14401a9869674ef1ca,MULTI_SOURCE_MATRIX,5,FIRST,0,4,True,108.0,1086.0,5,1,
8e14401a9869674ef1ca,MULTI_SOURCE_MATRIX,5,MIDDLE,2,0,True,108.0,1086.0,5,1,
8e14401a9869674ef1ca,MULTI_SOURCE_MATRIX,5,MIDDLE,2,1,True,108.0,1086.0,5,1,
8e14401a9869674ef1ca,MULTI_SOURCE_MATRIX,5,MIDDLE,2,2,True,108.0,1086.0,5,1,
8e14401a9869674ef1ca,MULTI_SOURCE_MATRIX,5,MIDDLE,2,3,True,108.0,1086.0,5,1,
8e14401a9869674ef1ca,MULTI_SOURCE_MATRIX,5,MIDDLE,2,4,True,108.0,1086.0,5,1,
8e14401a9869674ef1ca,MULTI_SOURCE_MATRIX,5,LAST,4,0,True,108.0,1086.0,5,1,
8e14401a9869674ef1ca,MULTI_SOURCE_MATRIX,5,LAST,4,1,True,108.0,1086.0,5,1,
8e14401a9869674ef1ca,MULTI_SOURCE_MATRIX,5,LAST,4,2,True,108.0,1086.0,5,1,
8e14401a9869674ef1ca,MULTI_SOURCE_MATRIX,5,LAST,4,3,True,108.0,1086.0,5,1,
8e14401a9869674ef1ca,MULTI_SOURCE_MATRIX,5,LAST,4,4,True,108.0,1086.0,5,1,
8e14401a9869674ef1ca,MULTI_SOURCE_MATRIX,10,FIRST,0,0,True,108.0,1086.0,10,1,
8e14401a9869674ef1ca,MULTI_SOURCE_MATRIX,10,FIRST,0,1,True,108.0,1086.0,10,1,
8e14401a9869674ef1ca,MULTI_SOURCE_MATRIX,10,FIRST,0,2,True,108.0,1086.0,10,1,
8e14401a9869674ef1ca,MULTI_SOURCE_MATRIX,10,FIRST,0,3,True,108.0,1086.0,10,1,
8e14401a9869674ef1ca,MULTI_SOURCE_MATRIX,10,FIRST,0,4,True,108.0,1086.0,10,1,
8e14401a9869674ef1ca,MULTI_SOURCE_MATRIX,10,MIDDLE,5,0,True,108.0,1086.0,10,1,
8e14401a9869674ef1ca,MULTI_SOURCE_MATRIX,10,MIDDLE,5,1,True,108.0,1086.0,10,1,
8e14401a9869674ef1ca,MULTI_SOURCE_MATRIX,10,MIDDLE,5,2,True,108.0,1086.0,10,1,
8e14401a9869674ef1ca,MULTI_SOURCE_MATRIX,10,MIDDLE,5,3,True,108.0,1086.0,10,1,
8e14401a9869674ef1ca,MULTI_SOURCE_MATRIX,10,MIDDLE,5,4,True,108.0,1086.0,10,1,
8e14401a9869674ef1ca,MULTI_SOURCE_MATRIX,10,LAST,9,0,True,108.0,1086.0,10,1,
8e14401a9869674ef1ca,MULTI_SOURCE_MATRIX,10,LAST,9,1,True,108.0,1086.0,10,1,
8e14401a9869674ef1ca,MULTI_SOURCE_MATRIX,10,LAST,9,2,True,108.0,1086.0,10,1,
8e14401a9869674ef1ca,MULTI_SOURCE_MATRIX,10,LAST,9,3,True,108.0,1086.0,10,1,
8e14401a9869674ef1ca,MULTI_SOURCE_MATRIX,10,LAST,9,4,True,108.0,1086.0,10,1,
8e14401a9869674ef1ca,MULTI_SOURCE_MATRIX,20,FIRST,0,0,True,108.0,1086.0,20,1,
8e14401a9869674ef1ca,MULTI_SOURCE_MATRIX,20,FIRST,0,1,True,108.0,1086.0,20,1,
8e14401a9869674ef1ca,MULTI_SOURCE_MATRIX,20,FIRST,0,2,True,108.0,1086.0,20,1,
8e14401a9869674ef1ca,MULTI_SOURCE_MATRIX,20,FIRST,0,3,True,108.0,1086.0,20,1,
8e14401a9869674ef1ca,MULTI_SOURCE_MATRIX,20,FIRST,0,4,True,108.0,1086.0,20,1,
8e14401a9869674ef1ca,MULTI_SOURCE_MATRIX,20,MIDDLE,10,0,True,108.0,1086.0,20,1,
8e14401a9869674ef1ca,MULTI_SOURCE_MATRIX,20,MIDDLE,10,1,True,108.0,1086.0,20,1,
8e14401a9869674ef1ca,MULTI_SOURCE_MATRIX,20,MIDDLE,10,2,True,108.0,1086.0,20,1,
8e14401a9869674ef1ca,MULTI_SOURCE_MATRIX,20,MIDDLE,10,3,True,108.0,1086.0,20,1,
8e14401a9869674ef1ca,MULTI_SOURCE_MATRIX,20,MIDDLE,10,4,True,108.0,1086.0,20,1,
8e14401a9869674ef1ca,MULTI_SOURCE_MATRIX,20,LAST,19,0,True,108.0,1086.0,20,1,
8e14401a9869674ef1ca,MULTI_SOURCE_MATRIX,20,LAST,19,1,True,108.0,1086.0,20,1,
8e14401a9869674ef1ca,MULTI_SOURCE_MATRIX,20,LAST,19,2,True,108.0,1086.0,20,1,
8e14401a9869674ef1ca,MULTI_SOURCE_MATRIX,20,LAST,19,3,True,108.0,1086.0,20,1,
8e14401a9869674ef1ca,MULTI_SOURCE_MATRIX,20,LAST,19,4,True,108.0,1086.0,20,1,
aa2c80a77266bdd9f8d5,MULTI_SOURCE_MATRIX,2,FIRST,0,0,True,56.0,570.0,2,1,
aa2c80a77266bdd9f8d5,MULTI_SOURCE_MATRIX,2,FIRST,0,1,True,56.0,570.0,2,1,
aa2c80a77266bdd9f8d5,MULTI_SOURCE_MATRIX,2,FIRST,0,2,True,56.0,570.0,2,1,
aa2c80a77266bdd9f8d5,MULTI_SOURCE_MATRIX,2,FIRST,0,3,True,56.0,570.0,2,1,
aa2c80a77266bdd9f8d5,MULTI_SOURCE_MATRIX,2,FIRST,0,4,True,56.0,570.0,2,1,
aa2c80a77266bdd9f8d5,MULTI_SOURCE_MATRIX,2,MIDDLE,1,0,True,56.0,570.0,2,1,
aa2c80a77266bdd9f8d5,MULTI_SOURCE_MATRIX,2,MIDDLE,1,1,True,56.0,570.0,2,1,
aa2c80a77266bdd9f8d5,MULTI_SOURCE_MATRIX,2,MIDDLE,1,2,True,56.0,570.0,2,1,
aa2c80a77266bdd9f8d5,MULTI_SOURCE_MATRIX,2,MIDDLE,1,3,True,56.0,570.0,2,1,
aa2c80a77266bdd9f8d5,MULTI_SOURCE_MATRIX,2,MIDDLE,1,4,True,56.0,570.0,2,1,
aa2c80a77266bdd9f8d5,MULTI_SOURCE_MATRIX,2,LAST,1,0,True,56.0,570.0,2,1,
aa2c80a77266bdd9f8d5,MULTI_SOURCE_MATRIX,2,LAST,1,1,True,56.0,570.0,2,1,
aa2c80a77266bdd9f8d5,MULTI_SOURCE_MATRIX,2,LAST,1,2,True,56.0,570.0,2,1,
aa2c80a77266bdd9f8d5,MULTI_SOURCE_MATRIX,2,LAST,1,3,True,56.0,570.0,2,1,
aa2c80a77266bdd9f8d5,MULTI_SOURCE_MATRIX,2,LAST,1,4,True,56.0,570.0,2,1,
aa2c80a77266bdd9f8d5,MULTI_SOURCE_MATRIX,5,FIRST,0,0,True,56.0,570.0,5,1,
aa2c80a77266bdd9f8d5,MULTI_SOURCE_MATRIX,5,FIRST,0,1,True,56.0,570.0,5,1,
aa2c80a77266bdd9f8d5,MULTI_SOURCE_MATRIX,5,FIRST,0,2,True,56.0,570.0,5,1,
aa2c80a77266bdd9f8d5,MULTI_SOURCE_MATRIX,5,FIRST,0,3,True,56.0,570.0,5,1,
aa2c80a77266bdd9f8d5,MULTI_SOURCE_MATRIX,5,FIRST,0,4,True,56.0,570.0,5,1,
aa2c80a77266bdd9f8d5,MULTI_SOURCE_MATRIX,5,MIDDLE,2,0,True,56.0,570.0,5,1,
aa2c80a77266bdd9f8d5,MULTI_SOURCE_MATRIX,5,MIDDLE,2,1,True,56.0,570.0,5,1,
aa2c80a77266bdd9f8d5,MULTI_SOURCE_MATRIX,5,MIDDLE,2,2,True,56.0,570.0,5,1,
aa2c80a77266bdd9f8d5,MULTI_SOURCE_MATRIX,5,MIDDLE,2,3,True,56.0,570.0,5,1,
aa2c80a77266bdd9f8d5,MULTI_SOURCE_MATRIX,5,MIDDLE,2,4,True,56.0,570.0,5,1,
aa2c80a77266bdd9f8d5,MULTI_SOURCE_MATRIX,5,LAST,4,0,True,56.0,570.0,5,1,
aa2c80a77266bdd9f8d5,MULTI_SOURCE_MATRIX,5,LAST,4,1,True,56.0,570.0,5,1,
aa2c80a77266bdd9f8d5,MULTI_SOURCE_MATRIX,5,LAST,4,2,True,56.0,570.0,5,1,
aa2c80a77266bdd9f8d5,MULTI_SOURCE_MATRIX,5,LAST,4,3,True,56.0,570.0,5,1,
aa2c80a77266bdd9f8d5,MULTI_SOURCE_MATRIX,5,LAST,4,4,True,56.0,570.0,5,1,
aa2c80a77266bdd9f8d5,MULTI_SOURCE_MATRIX,10,FIRST,0,0,True,56.0,570.0,10,1,
aa2c80a77266bdd9f8d5,MULTI_SOURCE_MATRIX,10,FIRST,0,1,True,56.0,570.0,10,1,
aa2c80a77266bdd9f8d5,MULTI_SOURCE_MATRIX,10,FIRST,0,2,True,56.0,570.0,10,1,
aa2c80a77266bdd9f8d5,MULTI_SOURCE_MATRIX,10,FIRST,0,3,True,56.0,570.0,10,1,
aa2c80a77266bdd9f8d5,MULTI_SOURCE_MATRIX,10,FIRST,0,4,True,56.0,570.0,10,1,
aa2c80a77266bdd9f8d5,MULTI_SOURCE_MATRIX,10,MIDDLE,5,0,True,56.0,570.0,10,1,
aa2c80a77266bdd9f8d5,MULTI_SOURCE_MATRIX,10,MIDDLE,5,1,True,56.0,570.0,10,1,
aa2c80a77266bdd9f8d5,MULTI_SOURCE_MATRIX,10,MIDDLE,5,2,True,56.0,570.0,10,1,
aa2c80a77266bdd9f8d5,MULTI_SOURCE_MATRIX,10,MIDDLE,5,3,True,56.0,570.0,10,1,
aa2c80a77266bdd9f8d5,MULTI_SOURCE_MATRIX,10,MIDDLE,5,4,True,56.0,570.0,10,1,
aa2c80a77266bdd9f8d5,MULTI_SOURCE_MATRIX,10,LAST,9,0,True,56.0,570.0,10,1,
aa2c80a77266bdd9f8d5,MULTI_SOURCE_MATRIX,10,LAST,9,1,True,56.0,570.0,10,1,
aa2c80a77266bdd9f8d5,MULTI_SOURCE_MATRIX,10,LAST,9,2,True,56.0,570.0,10,1,
aa2c80a77266bdd9f8d5,MULTI_SOURCE_MATRIX,10,LAST,9,3,True,56.0,570.0,10,1,
aa2c80a77266bdd9f8d5,MULTI_SOURCE_MATRIX,10,LAST,9,4,True,56.0,570.0,10,1,
aa2c80a77266bdd9f8d5,MULTI_SOURCE_MATRIX,20,FIRST,0,0,True,56.0,570.0,20,1,
aa2c80a77266bdd9f8d5,MULTI_SOURCE_MATRIX,20,FIRST,0,1,True,56.0,570.0,20,1,
aa2c80a77266bdd9f8d5,MULTI_SOURCE_MATRIX,20,FIRST,0,2,True,56.0,570.0,20,1,
aa2c80a77266bdd9f8d5,MULTI_SOURCE_MATRIX,20,FIRST,0,3,True,56.0,570.0,20,1,
aa2c80a77266bdd9f8d5,MULTI_SOURCE_MATRIX,20,FIRST,0,4,True,56.0,570.0,20,1,
aa2c80a77266bdd9f8d5,MULTI_SOURCE_MATRIX,20,MIDDLE,10,0,True,56.0,570.0,20,1,
aa2c80a77266bdd9f8d5,MULTI_SOURCE_MATRIX,20,MIDDLE,10,1,True,56.0,570.0,20,1,
aa2c80a77266bdd9f8d5,MULTI_SOURCE_MATRIX,20,MIDDLE,10,2,True,56.0,570.0,20,1,
aa2c80a77266bdd9f8d5,MULTI_SOURCE_MATRIX,20,MIDDLE,10,3,True,56.0,570.0,20,1,
aa2c80a77266bdd9f8d5,MULTI_SOURCE_MATRIX,20,MIDDLE,10,4,True,56.0,570.0,20,1,
aa2c80a77266bdd9f8d5,MULTI_SOURCE_MATRIX,20,LAST,19,0,True,56.0,570.0,20,1,
aa2c80a77266bdd9f8d5,MULTI_SOURCE_MATRIX,20,LAST,19,1,True,56.0,570.0,20,1,
aa2c80a77266bdd9f8d5,MULTI_SOURCE_MATRIX,20,LAST,19,2,True,56.0,570.0,20,1,
aa2c80a77266bdd9f8d5,MULTI_SOURCE_MATRIX,20,LAST,19,3,True,56.0,570.0,20,1,
aa2c80a77266bdd9f8d5,MULTI_SOURCE_MATRIX,20,LAST,19,4,True,56.0,570.0,20,1,
b184e2ac3d8d5622df2e,MULTI_SOURCE_MATRIX,2,FIRST,0,0,True,115.0,1132.0,2,1,
b184e2ac3d8d5622df2e,MULTI_SOURCE_MATRIX,2,FIRST,0,1,True,115.0,1132.0,2,1,
b184e2ac3d8d5622df2e,MULTI_SOURCE_MATRIX,2,FIRST,0,2,True,115.0,1132.0,2,1,
b184e2ac3d8d5622df2e,MULTI_SOURCE_MATRIX,2,FIRST,0,3,True,115.0,1132.0,2,1,
b184e2ac3d8d5622df2e,MULTI_SOURCE_MATRIX,2,FIRST,0,4,True,115.0,1132.0,2,1,
b184e2ac3d8d5622df2e,MULTI_SOURCE_MATRIX,2,MIDDLE,1,0,True,115.0,1132.0,2,1,
b184e2ac3d8d5622df2e,MULTI_SOURCE_MATRIX,2,MIDDLE,1,1,True,115.0,1132.0,2,1,
b184e2ac3d8d5622df2e,MULTI_SOURCE_MATRIX,2,MIDDLE,1,2,True,115.0,1132.0,2,1,
b184e2ac3d8d5622df2e,MULTI_SOURCE_MATRIX,2,MIDDLE,1,3,True,115.0,1132.0,2,1,
b184e2ac3d8d5622df2e,MULTI_SOURCE_MATRIX,2,MIDDLE,1,4,True,115.0,1132.0,2,1,
b184e2ac3d8d5622df2e,MULTI_SOURCE_MATRIX,2,LAST,1,0,True,115.0,1132.0,2,1,
b184e2ac3d8d5622df2e,MULTI_SOURCE_MATRIX,2,LAST,1,1,True,115.0,1132.0,2,1,
b184e2ac3d8d5622df2e,MULTI_SOURCE_MATRIX,2,LAST,1,2,True,115.0,1132.0,2,1,
b184e2ac3d8d5622df2e,MULTI_SOURCE_MATRIX,2,LAST,1,3,True,115.0,1132.0,2,1,
b184e2ac3d8d5622df2e,MULTI_SOURCE_MATRIX,2,LAST,1,4,True,115.0,1132.0,2,1,
b184e2ac3d8d5622df2e,MULTI_SOURCE_MATRIX,5,FIRST,0,0,True,115.0,1132.0,5,1,
b184e2ac3d8d5622df2e,MULTI_SOURCE_MATRIX,5,FIRST,0,1,True,115.0,1132.0,5,1,
b184e2ac3d8d5622df2e,MULTI_SOURCE_MATRIX,5,FIRST,0,2,True,115.0,1132.0,5,1,
b184e2ac3d8d5622df2e,MULTI_SOURCE_MATRIX,5,FIRST,0,3,True,115.0,1132.0,5,1,
b184e2ac3d8d5622df2e,MULTI_SOURCE_MATRIX,5,FIRST,0,4,True,115.0,1132.0,5,1,
b184e2ac3d8d5622df2e,MULTI_SOURCE_MATRIX,5,MIDDLE,2,0,True,115.0,1132.0,5,1,
b184e2ac3d8d5622df2e,MULTI_SOURCE_MATRIX,5,MIDDLE,2,1,True,115.0,1132.0,5,1,
b184e2ac3d8d5622df2e,MULTI_SOURCE_MATRIX,5,MIDDLE,2,2,True,115.0,1132.0,5,1,
b184e2ac3d8d5622df2e,MULTI_SOURCE_MATRIX,5,MIDDLE,2,3,True,115.0,1132.0,5,1,
b184e2ac3d8d5622df2e,MULTI_SOURCE_MATRIX,5,MIDDLE,2,4,True,115.0,1132.0,5,1,
b184e2ac3d8d5622df2e,MULTI_SOURCE_MATRIX,5,LAST,4,0,True,115.0,1132.0,5,1,
b184e2ac3d8d5622df2e,MULTI_SOURCE_MATRIX,5,LAST,4,1,True,115.0,1132.0,5,1,
b184e2ac3d8d5622df2e,MULTI_SOURCE_MATRIX,5,LAST,4,2,True,115.0,1132.0,5,1,
b184e2ac3d8d5622df2e,MULTI_SOURCE_MATRIX,5,LAST,4,3,True,115.0,1132.0,5,1,
b184e2ac3d8d5622df2e,MULTI_SOURCE_MATRIX,5,LAST,4,4,True,115.0,1132.0,5,1,
b184e2ac3d8d5622df2e,MULTI_SOURCE_MATRIX,10,FIRST,0,0,True,115.0,1132.0,10,1,
b184e2ac3d8d5622df2e,MULTI_SOURCE_MATRIX,10,FIRST,0,1,True,115.0,1132.0,10,1,
b184e2ac3d8d5622df2e,MULTI_SOURCE_MATRIX,10,FIRST,0,2,True,115.0,1132.0,10,1,
b184e2ac3d8d5622df2e,MULTI_SOURCE_MATRIX,10,FIRST,0,3,True,115.0,1132.0,10,1,
b184e2ac3d8d5622df2e,MULTI_SOURCE_MATRIX,10,FIRST,0,4,True,115.0,1132.0,10,1,
b184e2ac3d8d5622df2e,MULTI_SOURCE_MATRIX,10,MIDDLE,5,0,True,115.0,1132.0,10,1,
b184e2ac3d8d5622df2e,MULTI_SOURCE_MATRIX,10,MIDDLE,5,1,True,115.0,1132.0,10,1,
b184e2ac3d8d5622df2e,MULTI_SOURCE_MATRIX,10,MIDDLE,5,2,True,115.0,1132.0,10,1,
b184e2ac3d8d5622df2e,MULTI_SOURCE_MATRIX,10,MIDDLE,5,3,True,115.0,1132.0,10,1,
b184e2ac3d8d5622df2e,MULTI_SOURCE_MATRIX,10,MIDDLE,5,4,True,115.0,1132.0,10,1,
b184e2ac3d8d5622df2e,MULTI_SOURCE_MATRIX,10,LAST,9,0,True,115.0,1132.0,10,1,
b184e2ac3d8d5622df2e,MULTI_SOURCE_MATRIX,10,LAST,9,1,True,115.0,1132.0,10,1,
b184e2ac3d8d5622df2e,MULTI_SOURCE_MATRIX,10,LAST,9,2,True,115.0,1132.0,10,1,
b184e2ac3d8d5622df2e,MULTI_SOURCE_MATRIX,10,LAST,9,3,True,115.0,1132.0,10,1,
b184e2ac3d8d5622df2e,MULTI_SOURCE_MATRIX,10,LAST,9,4,True,115.0,1132.0,10,1,
b184e2ac3d8d5622df2e,MULTI_SOURCE_MATRIX,20,FIRST,0,0,True,115.0,1132.0,20,1,
b184e2ac3d8d5622df2e,MULTI_SOURCE_MATRIX,20,FIRST,0,1,True,115.0,1132.0,20,1,
b184e2ac3d8d5622df2e,MULTI_SOURCE_MATRIX,20,FIRST,0,2,True,115.0,1132.0,20,1,
b184e2ac3d8d5622df2e,MULTI_SOURCE_MATRIX,20,FIRST,0,3,True,115.0,1132.0,20,1,
b184e2ac3d8d5622df2e,MULTI_SOURCE_MATRIX,20,FIRST,0,4,True,115.0,1132.0,20,1,
b184e2ac3d8d5622df2e,MULTI_SOURCE_MATRIX,20,MIDDLE,10,0,True,115.0,1132.0,20,1,
b184e2ac3d8d5622df2e,MULTI_SOURCE_MATRIX,20,MIDDLE,10,1,True,115.0,1132.0,20,1,
b184e2ac3d8d5622df2e,MULTI_SOURCE_MATRIX,20,MIDDLE,10,2,True,115.0,1132.0,20,1,
b184e2ac3d8d5622df2e,MULTI_SOURCE_MATRIX,20,MIDDLE,10,3,True,115.0,1132.0,20,1,
b184e2ac3d8d5622df2e,MULTI_SOURCE_MATRIX,20,MIDDLE,10,4,True,115.0,1132.0,20,1,
b184e2ac3d8d5622df2e,MULTI_SOURCE_MATRIX,20,LAST,19,0,True,115.0,1132.0,20,1,
b184e2ac3d8d5622df2e,MULTI_SOURCE_MATRIX,20,LAST,19,1,True,115.0,1132.0,20,1,
b184e2ac3d8d5622df2e,MULTI_SOURCE_MATRIX,20,LAST,19,2,True,115.0,1132.0,20,1,
b184e2ac3d8d5622df2e,MULTI_SOURCE_MATRIX,20,LAST,19,3,True,115.0,1132.0,20,1,
b184e2ac3d8d5622df2e,MULTI_SOURCE_MATRIX,20,LAST,19,4,True,115.0,1132.0,20,1,
b594d56c3903b056274a,MULTI_SOURCE_MATRIX,2,MIDDLE,1,0,True,46.0,483.0,2,1,
b594d56c3903b056274a,MULTI_SOURCE_MATRIX,2,MIDDLE,1,1,True,46.0,483.0,2,1,
b594d56c3903b056274a,MULTI_SOURCE_MATRIX,2,MIDDLE,1,2,True,46.0,483.0,2,1,
b594d56c3903b056274a,MULTI_SOURCE_MATRIX,2,MIDDLE,1,3,True,46.0,483.0,2,1,
b594d56c3903b056274a,MULTI_SOURCE_MATRIX,2,MIDDLE,1,4,True,46.0,483.0,2,1,
b594d56c3903b056274a,MULTI_SOURCE_MATRIX,5,MIDDLE,2,0,True,46.0,483.0,5,1,
b594d56c3903b056274a,MULTI_SOURCE_MATRIX,5,MIDDLE,2,1,True,46.0,483.0,5,1,
b594d56c3903b056274a,MULTI_SOURCE_MATRIX,5,MIDDLE,2,2,True,46.0,483.0,5,1,
b594d56c3903b056274a,MULTI_SOURCE_MATRIX,5,MIDDLE,2,3,True,46.0,483.0,5,1,
b594d56c3903b056274a,MULTI_SOURCE_MATRIX,5,MIDDLE,2,4,True,46.0,483.0,5,1,
b594d56c3903b056274a,MULTI_SOURCE_MATRIX,10,MIDDLE,5,0,True,46.0,483.0,10,1,
b594d56c3903b056274a,MULTI_SOURCE_MATRIX,10,MIDDLE,5,1,True,46.0,483.0,10,1,
b594d56c3903b056274a,MULTI_SOURCE_MATRIX,10,MIDDLE,5,2,True,46.0,483.0,10,1,
b594d56c3903b056274a,MULTI_SOURCE_MATRIX,10,MIDDLE,5,3,True,46.0,483.0,10,1,
b594d56c3903b056274a,MULTI_SOURCE_MATRIX,10,MIDDLE,5,4,True,46.0,483.0,10,1,
b594d56c3903b056274a,MULTI_SOURCE_MATRIX,20,MIDDLE,10,0,True,46.0,483.0,20,1,
b594d56c3903b056274a,MULTI_SOURCE_MATRIX,20,MIDDLE,10,1,True,46.0,483.0,20,1,
b594d56c3903b056274a,MULTI_SOURCE_MATRIX,20,MIDDLE,10,2,True,46.0,483.0,20,1,
b594d56c3903b056274a,MULTI_SOURCE_MATRIX,20,MIDDLE,10,3,True,46.0,483.0,20,1,
b594d56c3903b056274a,MULTI_SOURCE_MATRIX,20,MIDDLE,10,4,True,46.0,483.0,20,1,
b6c293b3ffc10cb4aeaa,MULTI_SOURCE_MATRIX,2,MIDDLE,1,0,True,55.0,556.0,2,1,
b6c293b3ffc10cb4aeaa,MULTI_SOURCE_MATRIX,2,MIDDLE,1,1,True,55.0,556.0,2,1,
b6c293b3ffc10cb4aeaa,MULTI_SOURCE_MATRIX,2,MIDDLE,1,2,True,55.0,556.0,2,1,
b6c293b3ffc10cb4aeaa,MULTI_SOURCE_MATRIX,2,MIDDLE,1,3,True,55.0,556.0,2,1,
b6c293b3ffc10cb4aeaa,MULTI_SOURCE_MATRIX,2,MIDDLE,1,4,True,55.0,556.0,2,1,
b6c293b3ffc10cb4aeaa,MULTI_SOURCE_MATRIX,5,MIDDLE,2,0,True,55.0,556.0,5,1,
b6c293b3ffc10cb4aeaa,MULTI_SOURCE_MATRIX,5,MIDDLE,2,1,True,55.0,556.0,5,1,
b6c293b3ffc10cb4aeaa,MULTI_SOURCE_MATRIX,5,MIDDLE,2,2,True,55.0,556.0,5,1,
b6c293b3ffc10cb4aeaa,MULTI_SOURCE_MATRIX,5,MIDDLE,2,3,True,55.0,556.0,5,1,
b6c293b3ffc10cb4aeaa,MULTI_SOURCE_MATRIX,5,MIDDLE,2,4,True,55.0,556.0,5,1,
b6c293b3ffc10cb4aeaa,MULTI_SOURCE_MATRIX,10,MIDDLE,5,0,True,55.0,556.0,10,1,
b6c293b3ffc10cb4aeaa,MULTI_SOURCE_MATRIX,10,MIDDLE,5,1,True,55.0,556.0,10,1,
b6c293b3ffc10cb4aeaa,MULTI_SOURCE_MATRIX,10,MIDDLE,5,2,True,55.0,556.0,10,1,
b6c293b3ffc10cb4aeaa,MULTI_SOURCE_MATRIX,10,MIDDLE,5,3,True,55.0,556.0,10,1,
b6c293b3ffc10cb4aeaa,MULTI_SOURCE_MATRIX,10,MIDDLE,5,4,True,55.0,556.0,10,1,
b6c293b3ffc10cb4aeaa,MULTI_SOURCE_MATRIX,20,MIDDLE,10,0,True,55.0,556.0,20,1,
b6c293b3ffc10cb4aeaa,MULTI_SOURCE_MATRIX,20,MIDDLE,10,1,True,55.0,556.0,20,1,
b6c293b3ffc10cb4aeaa,MULTI_SOURCE_MATRIX,20,MIDDLE,10,2,True,55.0,556.0,20,1,
b6c293b3ffc10cb4aeaa,MULTI_SOURCE_MATRIX,20,MIDDLE,10,3,True,55.0,556.0,20,1,
b6c293b3ffc10cb4aeaa,MULTI_SOURCE_MATRIX,20,MIDDLE,10,4,True,55.0,556.0,20,1,
bd5d3e3f216c19430040,MULTI_SOURCE_MATRIX,2,MIDDLE,1,0,True,54.0,549.0,2,1,
bd5d3e3f216c19430040,MULTI_SOURCE_MATRIX,2,MIDDLE,1,1,True,54.0,549.0,2,1,
bd5d3e3f216c19430040,MULTI_SOURCE_MATRIX,2,MIDDLE,1,2,True,54.0,549.0,2,1,
bd5d3e3f216c19430040,MULTI_SOURCE_MATRIX,2,MIDDLE,1,3,True,54.0,549.0,2,1,
bd5d3e3f216c19430040,MULTI_SOURCE_MATRIX,2,MIDDLE,1,4,True,54.0,549.0,2,1,
bd5d3e3f216c19430040,MULTI_SOURCE_MATRIX,5,MIDDLE,2,0,True,54.0,549.0,5,1,
bd5d3e3f216c19430040,MULTI_SOURCE_MATRIX,5,MIDDLE,2,1,True,54.0,549.0,5,1,
bd5d3e3f216c19430040,MULTI_SOURCE_MATRIX,5,MIDDLE,2,2,True,54.0,549.0,5,1,
bd5d3e3f216c19430040,MULTI_SOURCE_MATRIX,5,MIDDLE,2,3,True,54.0,549.0,5,1,
bd5d3e3f216c19430040,MULTI_SOURCE_MATRIX,5,MIDDLE,2,4,True,54.0,549.0,5,1,
bd5d3e3f216c19430040,MULTI_SOURCE_MATRIX,10,MIDDLE,5,0,True,54.0,549.0,10,1,
bd5d3e3f216c19430040,MULTI_SOURCE_MATRIX,10,MIDDLE,5,1,True,54.0,549.0,10,1,
bd5d3e3f216c19430040,MULTI_SOURCE_MATRIX,10,MIDDLE,5,2,True,54.0,549.0,10,1,
bd5d3e3f216c19430040,MULTI_SOURCE_MATRIX,10,MIDDLE,5,3,True,54.0,549.0,10,1,
bd5d3e3f216c19430040,MULTI_SOURCE_MATRIX,10,MIDDLE,5,4,True,54.0,549.0,10,1,
bd5d3e3f216c19430040,MULTI_SOURCE_MATRIX,20,MIDDLE,10,0,True,54.0,549.0,20,1,
bd5d3e3f216c19430040,MULTI_SOURCE_MATRIX,20,MIDDLE,10,1,True,54.0,549.0,20,1,
bd5d3e3f216c19430040,MULTI_SOURCE_MATRIX,20,MIDDLE,10,2,True,54.0,549.0,20,1,
bd5d3e3f216c19430040,MULTI_SOURCE_MATRIX,20,MIDDLE,10,3,True,54.0,549.0,20,1,
bd5d3e3f216c19430040,MULTI_SOURCE_MATRIX,20,MIDDLE,10,4,True,54.0,549.0,20,1,
c7c0adf699c71119a1bc,MULTI_SOURCE_MATRIX,2,MIDDLE,1,0,True,78.0,1008.0,2,1,
c7c0adf699c71119a1bc,MULTI_SOURCE_MATRIX,2,MIDDLE,1,1,True,78.0,1008.0,2,1,
c7c0adf699c71119a1bc,MULTI_SOURCE_MATRIX,2,MIDDLE,1,2,True,78.0,1008.0,2,1,
c7c0adf699c71119a1bc,MULTI_SOURCE_MATRIX,2,MIDDLE,1,3,True,78.0,1008.0,2,1,
c7c0adf699c71119a1bc,MULTI_SOURCE_MATRIX,2,MIDDLE,1,4,True,78.0,1008.0,2,1,
c7c0adf699c71119a1bc,MULTI_SOURCE_MATRIX,5,MIDDLE,2,0,True,78.0,1008.0,5,1,
c7c0adf699c71119a1bc,MULTI_SOURCE_MATRIX,5,MIDDLE,2,1,True,78.0,1008.0,5,1,
c7c0adf699c71119a1bc,MULTI_SOURCE_MATRIX,5,MIDDLE,2,2,True,78.0,1008.0,5,1,
c7c0adf699c71119a1bc,MULTI_SOURCE_MATRIX,5,MIDDLE,2,3,True,78.0,1008.0,5,1,
c7c0adf699c71119a1bc,MULTI_SOURCE_MATRIX,5,MIDDLE,2,4,True,78.0,1008.0,5,1,
c7c0adf699c71119a1bc,MULTI_SOURCE_MATRIX,10,MIDDLE,5,0,True,78.0,1008.0,10,1,
c7c0adf699c71119a1bc,MULTI_SOURCE_MATRIX,10,MIDDLE,5,1,True,78.0,1008.0,10,1,
c7c0adf699c71119a1bc,MULTI_SOURCE_MATRIX,10,MIDDLE,5,2,True,78.0,1008.0,10,1,
c7c0adf699c71119a1bc,MULTI_SOURCE_MATRIX,10,MIDDLE,5,3,True,78.0,1008.0,10,1,
c7c0adf699c71119a1bc,MULTI_SOURCE_MATRIX,10,MIDDLE,5,4,True,78.0,1008.0,10,1,
c7c0adf699c71119a1bc,MULTI_SOURCE_MATRIX,20,MIDDLE,10,0,True,78.0,1008.0,20,1,
c7c0adf699c71119a1bc,MULTI_SOURCE_MATRIX,20,MIDDLE,10,1,True,78.0,1008.0,20,1,
c7c0adf699c71119a1bc,MULTI_SOURCE_MATRIX,20,MIDDLE,10,2,True,78.0,1008.0,20,1,
c7c0adf699c71119a1bc,MULTI_SOURCE_MATRIX,20,MIDDLE,10,3,True,78.0,1008.0,20,1,
c7c0adf699c71119a1bc,MULTI_SOURCE_MATRIX,20,MIDDLE,10,4,True,78.0,1008.0,20,1,
d113837f324698f5542b,MULTI_SOURCE_MATRIX,2,MIDDLE,1,0,True,69.0,1000.9999999999999,2,1,
d113837f324698f5542b,MULTI_SOURCE_MATRIX,2,MIDDLE,1,1,True,69.0,1000.9999999999999,2,1,
d113837f324698f5542b,MULTI_SOURCE_MATRIX,2,MIDDLE,1,2,True,69.0,1000.9999999999999,2,1,
d113837f324698f5542b,MULTI_SOURCE_MATRIX,2,MIDDLE,1,3,True,69.0,1000.9999999999999,2,1,
d113837f324698f5542b,MULTI_SOURCE_MATRIX,2,MIDDLE,1,4,True,69.0,1000.9999999999999,2,1,
d113837f324698f5542b,MULTI_SOURCE_MATRIX,5,MIDDLE,2,0,True,69.0,1000.9999999999999,5,1,
d113837f324698f5542b,MULTI_SOURCE_MATRIX,5,MIDDLE,2,1,True,69.0,1000.9999999999999,5,1,
d113837f324698f5542b,MULTI_SOURCE_MATRIX,5,MIDDLE,2,2,True,69.0,1000.9999999999999,5,1,
d113837f324698f5542b,MULTI_SOURCE_MATRIX,5,MIDDLE,2,3,True,69.0,1000.9999999999999,5,1,
d113837f324698f5542b,MULTI_SOURCE_MATRIX,5,MIDDLE,2,4,True,69.0,1000.9999999999999,5,1,
d113837f324698f5542b,MULTI_SOURCE_MATRIX,10,MIDDLE,5,0,True,69.0,1000.9999999999999,10,1,
d113837f324698f5542b,MULTI_SOURCE_MATRIX,10,MIDDLE,5,1,True,69.0,1000.9999999999999,10,1,
d113837f324698f5542b,MULTI_SOURCE_MATRIX,10,MIDDLE,5,2,True,69.0,1000.9999999999999,10,1,
d113837f324698f5542b,MULTI_SOURCE_MATRIX,10,MIDDLE,5,3,True,69.0,1000.9999999999999,10,1,
d113837f324698f5542b,MULTI_SOURCE_MATRIX,10,MIDDLE,5,4,True,69.0,1000.9999999999999,10,1,
d113837f324698f5542b,MULTI_SOURCE_MATRIX,20,MIDDLE,10,0,True,69.0,1000.9999999999999,20,1,
d113837f324698f5542b,MULTI_SOURCE_MATRIX,20,MIDDLE,10,1,True,69.0,1000.9999999999999,20,1,
d113837f324698f5542b,MULTI_SOURCE_MATRIX,20,MIDDLE,10,2,True,69.0,1000.9999999999999,20,1,
d113837f324698f5542b,MULTI_SOURCE_MATRIX,20,MIDDLE,10,3,True,69.0,1000.9999999999999,20,1,
d113837f324698f5542b,MULTI_SOURCE_MATRIX,20,MIDDLE,10,4,True,69.0,1000.9999999999999,20,1,
d2e9634a0a27baf7b2a4,MULTI_SOURCE_MATRIX,2,MIDDLE,1,0,True,64.0,692.0,2,1,
d2e9634a0a27baf7b2a4,MULTI_SOURCE_MATRIX,2,MIDDLE,1,1,True,64.0,692.0,2,1,
d2e9634a0a27baf7b2a4,MULTI_SOURCE_MATRIX,2,MIDDLE,1,2,True,64.0,692.0,2,1,
d2e9634a0a27baf7b2a4,MULTI_SOURCE_MATRIX,2,MIDDLE,1,3,True,64.0,692.0,2,1,
d2e9634a0a27baf7b2a4,MULTI_SOURCE_MATRIX,2,MIDDLE,1,4,True,64.0,692.0,2,1,
d2e9634a0a27baf7b2a4,MULTI_SOURCE_MATRIX,5,MIDDLE,2,0,True,64.0,692.0,5,1,
d2e9634a0a27baf7b2a4,MULTI_SOURCE_MATRIX,5,MIDDLE,2,1,True,64.0,692.0,5,1,
d2e9634a0a27baf7b2a4,MULTI_SOURCE_MATRIX,5,MIDDLE,2,2,True,64.0,692.0,5,1,
d2e9634a0a27baf7b2a4,MULTI_SOURCE_MATRIX,5,MIDDLE,2,3,True,64.0,692.0,5,1,
d2e9634a0a27baf7b2a4,MULTI_SOURCE_MATRIX,5,MIDDLE,2,4,True,64.0,692.0,5,1,
d2e9634a0a27baf7b2a4,MULTI_SOURCE_MATRIX,10,MIDDLE,5,0,True,64.0,692.0,10,1,
d2e9634a0a27baf7b2a4,MULTI_SOURCE_MATRIX,10,MIDDLE,5,1,True,64.0,692.0,10,1,
d2e9634a0a27baf7b2a4,MULTI_SOURCE_MATRIX,10,MIDDLE,5,2,True,64.0,692.0,10,1,
d2e9634a0a27baf7b2a4,MULTI_SOURCE_MATRIX,10,MIDDLE,5,3,True,64.0,692.0,10,1,
d2e9634a0a27baf7b2a4,MULTI_SOURCE_MATRIX,10,MIDDLE,5,4,True,64.0,692.0,10,1,
d2e9634a0a27baf7b2a4,MULTI_SOURCE_MATRIX,20,MIDDLE,10,0,True,64.0,692.0,20,1,
d2e9634a0a27baf7b2a4,MULTI_SOURCE_MATRIX,20,MIDDLE,10,1,True,64.0,692.0,20,1,
d2e9634a0a27baf7b2a4,MULTI_SOURCE_MATRIX,20,MIDDLE,10,2,True,64.0,692.0,20,1,
d2e9634a0a27baf7b2a4,MULTI_SOURCE_MATRIX,20,MIDDLE,10,3,True,64.0,692.0,20,1,
d2e9634a0a27baf7b2a4,MULTI_SOURCE_MATRIX,20,MIDDLE,10,4,True,64.0,692.0,20,1,
deff0370627791710b53,MULTI_SOURCE_MATRIX,2,MIDDLE,1,0,True,104.0,1208.0,2,1,
deff0370627791710b53,MULTI_SOURCE_MATRIX,2,MIDDLE,1,1,True,104.0,1208.0,2,1,
deff0370627791710b53,MULTI_SOURCE_MATRIX,2,MIDDLE,1,2,True,104.0,1208.0,2,1,
deff0370627791710b53,MULTI_SOURCE_MATRIX,2,MIDDLE,1,3,True,104.0,1208.0,2,1,
deff0370627791710b53,MULTI_SOURCE_MATRIX,2,MIDDLE,1,4,True,104.0,1208.0,2,1,
deff0370627791710b53,MULTI_SOURCE_MATRIX,5,MIDDLE,2,0,True,104.0,1208.0,5,1,
deff0370627791710b53,MULTI_SOURCE_MATRIX,5,MIDDLE,2,1,True,104.0,1208.0,5,1,
deff0370627791710b53,MULTI_SOURCE_MATRIX,5,MIDDLE,2,2,True,104.0,1208.0,5,1,
deff0370627791710b53,MULTI_SOURCE_MATRIX,5,MIDDLE,2,3,True,104.0,1208.0,5,1,
deff0370627791710b53,MULTI_SOURCE_MATRIX,5,MIDDLE,2,4,True,104.0,1208.0,5,1,
deff0370627791710b53,MULTI_SOURCE_MATRIX,10,MIDDLE,5,0,True,104.0,1208.0,10,1,
deff0370627791710b53,MULTI_SOURCE_MATRIX,10,MIDDLE,5,1,True,104.0,1208.0,10,1,
deff0370627791710b53,MULTI_SOURCE_MATRIX,10,MIDDLE,5,2,True,104.0,1208.0,10,1,
deff0370627791710b53,MULTI_SOURCE_MATRIX,10,MIDDLE,5,3,True,104.0,1208.0,10,1,
deff0370627791710b53,MULTI_SOURCE_MATRIX,10,MIDDLE,5,4,True,104.0,1208.0,10,1,
deff0370627791710b53,MULTI_SOURCE_MATRIX,20,MIDDLE,10,0,True,104.0,1208.0,20,1,
deff0370627791710b53,MULTI_SOURCE_MATRIX,20,MIDDLE,10,1,True,104.0,1208.0,20,1,
deff0370627791710b53,MULTI_SOURCE_MATRIX,20,MIDDLE,10,2,True,104.0,1208.0,20,1,
deff0370627791710b53,MULTI_SOURCE_MATRIX,20,MIDDLE,10,3,True,104.0,1208.0,20,1,
deff0370627791710b53,MULTI_SOURCE_MATRIX,20,MIDDLE,10,4,True,104.0,1208.0,20,1,
e5c4b05f18727ec5c2da,MULTI_SOURCE_MATRIX,2,MIDDLE,1,0,True,1.0,18.0,2,1,
e5c4b05f18727ec5c2da,MULTI_SOURCE_MATRIX,2,MIDDLE,1,1,True,1.0,18.0,2,1,
e5c4b05f18727ec5c2da,MULTI_SOURCE_MATRIX,2,MIDDLE,1,2,True,1.0,18.0,2,1,
e5c4b05f18727ec5c2da,MULTI_SOURCE_MATRIX,2,MIDDLE,1,3,True,1.0,18.0,2,1,
e5c4b05f18727ec5c2da,MULTI_SOURCE_MATRIX,2,MIDDLE,1,4,True,1.0,18.0,2,1,
e5c4b05f18727ec5c2da,MULTI_SOURCE_MATRIX,5,MIDDLE,2,0,True,1.0,18.0,5,1,
e5c4b05f18727ec5c2da,MULTI_SOURCE_MATRIX,5,MIDDLE,2,1,True,1.0,18.0,5,1,
e5c4b05f18727ec5c2da,MULTI_SOURCE_MATRIX,5,MIDDLE,2,2,True,1.0,18.0,5,1,
e5c4b05f18727ec5c2da,MULTI_SOURCE_MATRIX,5,MIDDLE,2,3,True,1.0,18.0,5,1,
e5c4b05f18727ec5c2da,MULTI_SOURCE_MATRIX,5,MIDDLE,2,4,True,1.0,18.0,5,1,
e5c4b05f18727ec5c2da,MULTI_SOURCE_MATRIX,10,MIDDLE,5,0,True,1.0,18.0,10,1,
e5c4b05f18727ec5c2da,MULTI_SOURCE_MATRIX,10,MIDDLE,5,1,True,1.0,18.0,10,1,
e5c4b05f18727ec5c2da,MULTI_SOURCE_MATRIX,10,MIDDLE,5,2,True,1.0,18.0,10,1,
e5c4b05f18727ec5c2da,MULTI_SOURCE_MATRIX,10,MIDDLE,5,3,True,1.0,18.0,10,1,
e5c4b05f18727ec5c2da,MULTI_SOURCE_MATRIX,10,MIDDLE,5,4,True,1.0,18.0,10,1,
e5c4b05f18727ec5c2da,MULTI_SOURCE_MATRIX,20,MIDDLE,10,0,True,1.0,18.0,20,1,
e5c4b05f18727ec5c2da,MULTI_SOURCE_MATRIX,20,MIDDLE,10,1,True,1.0,18.0,20,1,
e5c4b05f18727ec5c2da,MULTI_SOURCE_MATRIX,20,MIDDLE,10,2,True,1.0,18.0,20,1,
e5c4b05f18727ec5c2da,MULTI_SOURCE_MATRIX,20,MIDDLE,10,3,True,1.0,18.0,20,1,
e5c4b05f18727ec5c2da,MULTI_SOURCE_MATRIX,20,MIDDLE,10,4,True,1.0,18.0,20,1,
f3994a124c0be4102611,MULTI_SOURCE_MATRIX,2,MIDDLE,1,0,True,63.0,900.0,2,1,
f3994a124c0be4102611,MULTI_SOURCE_MATRIX,2,MIDDLE,1,1,True,63.0,900.0,2,1,
f3994a124c0be4102611,MULTI_SOURCE_MATRIX,2,MIDDLE,1,2,True,63.0,900.0,2,1,
f3994a124c0be4102611,MULTI_SOURCE_MATRIX,2,MIDDLE,1,3,True,63.0,900.0,2,1,
f3994a124c0be4102611,MULTI_SOURCE_MATRIX,2,MIDDLE,1,4,True,63.0,900.0,2,1,
f3994a124c0be4102611,MULTI_SOURCE_MATRIX,5,MIDDLE,2,0,True,63.0,900.0,5,1,
f3994a124c0be4102611,MULTI_SOURCE_MATRIX,5,MIDDLE,2,1,True,63.0,900.0,5,1,
f3994a124c0be4102611,MULTI_SOURCE_MATRIX,5,MIDDLE,2,2,True,63.0,900.0,5,1,
f3994a124c0be4102611,MULTI_SOURCE_MATRIX,5,MIDDLE,2,3,True,63.0,900.0,5,1,
f3994a124c0be4102611,MULTI_SOURCE_MATRIX,5,MIDDLE,2,4,True,63.0,900.0,5,1,
f3994a124c0be4102611,MULTI_SOURCE_MATRIX,10,MIDDLE,5,0,True,63.0,900.0,10,1,
f3994a124c0be4102611,MULTI_SOURCE_MATRIX,10,MIDDLE,5,1,True,63.0,900.0,10,1,
f3994a124c0be4102611,MULTI_SOURCE_MATRIX,10,MIDDLE,5,2,True,63.0,900.0,10,1,
f3994a124c0be4102611,MULTI_SOURCE_MATRIX,10,MIDDLE,5,3,True,63.0,900.0,10,1,
f3994a124c0be4102611,MULTI_SOURCE_MATRIX,10,MIDDLE,5,4,True,63.0,900.0,10,1,
f3994a124c0be4102611,MULTI_SOURCE_MATRIX,20,MIDDLE,10,0,True,63.0,900.0,20,1,
f3994a124c0be4102611,MULTI_SOURCE_MATRIX,20,MIDDLE,10,1,True,63.0,900.0,20,1,
f3994a124c0be4102611,MULTI_SOURCE_MATRIX,20,MIDDLE,10,2,True,63.0,900.0,20,1,
f3994a124c0be4102611,MULTI_SOURCE_MATRIX,20,MIDDLE,10,3,True,63.0,900.0,20,1,
f3994a124c0be4102611,MULTI_SOURCE_MATRIX,20,MIDDLE,10,4,True,63.0,900.0,20,1,
f8170cd84d184a9712e3,MULTI_SOURCE_MATRIX,2,MIDDLE,1,0,True,31.0,343.0,2,1,
f8170cd84d184a9712e3,MULTI_SOURCE_MATRIX,2,MIDDLE,1,1,True,31.0,343.0,2,1,
f8170cd84d184a9712e3,MULTI_SOURCE_MATRIX,2,MIDDLE,1,2,True,31.0,343.0,2,1,
f8170cd84d184a9712e3,MULTI_SOURCE_MATRIX,2,MIDDLE,1,3,True,31.0,343.0,2,1,
f8170cd84d184a9712e3,MULTI_SOURCE_MATRIX,2,MIDDLE,1,4,True,31.0,343.0,2,1,
f8170cd84d184a9712e3,MULTI_SOURCE_MATRIX,5,MIDDLE,2,0,True,31.0,343.0,5,1,
f8170cd84d184a9712e3,MULTI_SOURCE_MATRIX,5,MIDDLE,2,1,True,31.0,343.0,5,1,
f8170cd84d184a9712e3,MULTI_SOURCE_MATRIX,5,MIDDLE,2,2,True,31.0,343.0,5,1,
f8170cd84d184a9712e3,MULTI_SOURCE_MATRIX,5,MIDDLE,2,3,True,31.0,343.0,5,1,
f8170cd84d184a9712e3,MULTI_SOURCE_MATRIX,5,MIDDLE,2,4,True,31.0,343.0,5,1,
f8170cd84d184a9712e3,MULTI_SOURCE_MATRIX,10,MIDDLE,5,0,True,31.0,343.0,10,1,
f8170cd84d184a9712e3,MULTI_SOURCE_MATRIX,10,MIDDLE,5,1,True,31.0,343.0,10,1,
f8170cd84d184a9712e3,MULTI_SOURCE_MATRIX,10,MIDDLE,5,2,True,31.0,343.0,10,1,
f8170cd84d184a9712e3,MULTI_SOURCE_MATRIX,10,MIDDLE,5,3,True,31.0,343.0,10,1,
f8170cd84d184a9712e3,MULTI_SOURCE_MATRIX,10,MIDDLE,5,4,True,31.0,343.0,10,1,
f8170cd84d184a9712e3,MULTI_SOURCE_MATRIX,20,MIDDLE,10,0,True,31.0,343.0,20,1,
f8170cd84d184a9712e3,MULTI_SOURCE_MATRIX,20,MIDDLE,10,1,True,31.0,343.0,20,1,
f8170cd84d184a9712e3,MULTI_SOURCE_MATRIX,20,MIDDLE,10,2,True,31.0,343.0,20,1,
f8170cd84d184a9712e3,MULTI_SOURCE_MATRIX,20,MIDDLE,10,3,True,31.0,343.0,20,1,
f8170cd84d184a9712e3,MULTI_SOURCE_MATRIX,20,MIDDLE,10,4,True,31.0,343.0,20,1,
f9d30be97813da1eff88,MULTI_SOURCE_MATRIX,2,MIDDLE,1,0,True,24.0,267.0,2,1,
f9d30be97813da1eff88,MULTI_SOURCE_MATRIX,2,MIDDLE,1,1,True,24.0,267.0,2,1,
f9d30be97813da1eff88,MULTI_SOURCE_MATRIX,2,MIDDLE,1,2,True,24.0,267.0,2,1,
f9d30be97813da1eff88,MULTI_SOURCE_MATRIX,2,MIDDLE,1,3,True,24.0,267.0,2,1,
f9d30be97813da1eff88,MULTI_SOURCE_MATRIX,2,MIDDLE,1,4,True,24.0,267.0,2,1,
f9d30be97813da1eff88,MULTI_SOURCE_MATRIX,5,MIDDLE,2,0,True,24.0,267.0,5,1,
f9d30be97813da1eff88,MULTI_SOURCE_MATRIX,5,MIDDLE,2,1,True,24.0,267.0,5,1,
f9d30be97813da1eff88,MULTI_SOURCE_MATRIX,5,MIDDLE,2,2,True,24.0,267.0,5,1,
f9d30be97813da1eff88,MULTI_SOURCE_MATRIX,5,MIDDLE,2,3,True,24.0,267.0,5,1,
f9d30be97813da1eff88,MULTI_SOURCE_MATRIX,5,MIDDLE,2,4,True,24.0,267.0,5,1,
f9d30be97813da1eff88,MULTI_SOURCE_MATRIX,10,MIDDLE,5,0,True,24.0,267.0,10,1,
f9d30be97813da1eff88,MULTI_SOURCE_MATRIX,10,MIDDLE,5,1,True,24.0,267.0,10,1,
f9d30be97813da1eff88,MULTI_SOURCE_MATRIX,10,MIDDLE,5,2,True,24.0,267.0,10,1,
f9d30be97813da1eff88,MULTI_SOURCE_MATRIX,10,MIDDLE,5,3,True,24.0,267.0,10,1,
f9d30be97813da1eff88,MULTI_SOURCE_MATRIX,10,MIDDLE,5,4,True,24.0,267.0,10,1,
f9d30be97813da1eff88,MULTI_SOURCE_MATRIX,20,MIDDLE,10,0,True,24.0,267.0,20,1,
f9d30be97813da1eff88,MULTI_SOURCE_MATRIX,20,MIDDLE,10,1,True,24.0,267.0,20,1,
f9d30be97813da1eff88,MULTI_SOURCE_MATRIX,20,MIDDLE,10,2,True,24.0,267.0,20,1,
f9d30be97813da1eff88,MULTI_SOURCE_MATRIX,20,MIDDLE,10,3,True,24.0,267.0,20,1,
f9d30be97813da1eff88,MULTI_SOURCE_MATRIX,20,MIDDLE,10,4,True,24.0,267.0,20,1,
03f33b62554d5e3c702b,MULTI_SOURCE_MATRIX,2,MIDDLE,1,0,True,136.0,2021.9999999999998,2,1,
03f33b62554d5e3c702b,MULTI_SOURCE_MATRIX,2,MIDDLE,1,1,True,136.0,2021.9999999999998,2,1,
03f33b62554d5e3c702b,MULTI_SOURCE_MATRIX,2,MIDDLE,1,2,True,136.0,2021.9999999999998,2,1,
03f33b62554d5e3c702b,MULTI_SOURCE_MATRIX,2,MIDDLE,1,3,True,136.0,2021.9999999999998,2,1,
03f33b62554d5e3c702b,MULTI_SOURCE_MATRIX,2,MIDDLE,1,4,True,136.0,2021.9999999999998,2,1,
03f33b62554d5e3c702b,MULTI_SOURCE_MATRIX,5,MIDDLE,2,0,True,136.0,2021.9999999999998,5,1,
03f33b62554d5e3c702b,MULTI_SOURCE_MATRIX,5,MIDDLE,2,1,True,136.0,2021.9999999999998,5,1,
03f33b62554d5e3c702b,MULTI_SOURCE_MATRIX,5,MIDDLE,2,2,True,136.0,2021.9999999999998,5,1,
03f33b62554d5e3c702b,MULTI_SOURCE_MATRIX,5,MIDDLE,2,3,True,136.0,2021.9999999999998,5,1,
03f33b62554d5e3c702b,MULTI_SOURCE_MATRIX,5,MIDDLE,2,4,True,136.0,2021.9999999999998,5,1,
03f33b62554d5e3c702b,MULTI_SOURCE_MATRIX,10,MIDDLE,5,0,True,136.0,2021.9999999999998,10,1,
03f33b62554d5e3c702b,MULTI_SOURCE_MATRIX,10,MIDDLE,5,1,True,136.0,2021.9999999999998,10,1,
03f33b62554d5e3c702b,MULTI_SOURCE_MATRIX,10,MIDDLE,5,2,True,136.0,2021.9999999999998,10,1,
03f33b62554d5e3c702b,MULTI_SOURCE_MATRIX,10,MIDDLE,5,3,True,136.0,2021.9999999999998,10,1,
03f33b62554d5e3c702b,MULTI_SOURCE_MATRIX,10,MIDDLE,5,4,True,136.0,2021.9999999999998,10,1,
03f33b62554d5e3c702b,MULTI_SOURCE_MATRIX,20,MIDDLE,10,0,True,136.0,2021.9999999999998,20,1,
03f33b62554d5e3c702b,MULTI_SOURCE_MATRIX,20,MIDDLE,10,1,True,136.0,2021.9999999999998,20,1,
03f33b62554d5e3c702b,MULTI_SOURCE_MATRIX,20,MIDDLE,10,2,True,136.0,2021.9999999999998,20,1,
03f33b62554d5e3c702b,MULTI_SOURCE_MATRIX,20,MIDDLE,10,3,True,136.0,2021.9999999999998,20,1,
03f33b62554d5e3c702b,MULTI_SOURCE_MATRIX,20,MIDDLE,10,4,True,136.0,2021.9999999999998,20,1,
0d06fe7c373fec554310,MULTI_SOURCE_MATRIX,2,MIDDLE,1,0,True,143.0,2133.0,2,1,
0d06fe7c373fec554310,MULTI_SOURCE_MATRIX,2,MIDDLE,1,1,True,143.0,2133.0,2,1,
0d06fe7c373fec554310,MULTI_SOURCE_MATRIX,2,MIDDLE,1,2,True,143.0,2133.0,2,1,
0d06fe7c373fec554310,MULTI_SOURCE_MATRIX,2,MIDDLE,1,3,True,143.0,2133.0,2,1,
0d06fe7c373fec554310,MULTI_SOURCE_MATRIX,2,MIDDLE,1,4,True,143.0,2133.0,2,1,
0d06fe7c373fec554310,MULTI_SOURCE_MATRIX,5,MIDDLE,2,0,True,143.0,2133.0,5,1,
0d06fe7c373fec554310,MULTI_SOURCE_MATRIX,5,MIDDLE,2,1,True,143.0,2133.0,5,1,
0d06fe7c373fec554310,MULTI_SOURCE_MATRIX,5,MIDDLE,2,2,True,143.0,2133.0,5,1,
0d06fe7c373fec554310,MULTI_SOURCE_MATRIX,5,MIDDLE,2,3,True,143.0,2133.0,5,1,
0d06fe7c373fec554310,MULTI_SOURCE_MATRIX,5,MIDDLE,2,4,True,143.0,2133.0,5,1,
0d06fe7c373fec554310,MULTI_SOURCE_MATRIX,10,MIDDLE,5,0,True,143.0,2133.0,10,1,
0d06fe7c373fec554310,MULTI_SOURCE_MATRIX,10,MIDDLE,5,1,True,143.0,2133.0,10,1,
0d06fe7c373fec554310,MULTI_SOURCE_MATRIX,10,MIDDLE,5,2,True,143.0,2133.0,10,1,
0d06fe7c373fec554310,MULTI_SOURCE_MATRIX,10,MIDDLE,5,3,True,143.0,2133.0,10,1,
0d06fe7c373fec554310,MULTI_SOURCE_MATRIX,10,MIDDLE,5,4,True,143.0,2133.0,10,1,
0d06fe7c373fec554310,MULTI_SOURCE_MATRIX,20,MIDDLE,10,0,True,143.0,2133.0,20,1,
0d06fe7c373fec554310,MULTI_SOURCE_MATRIX,20,MIDDLE,10,1,True,143.0,2133.0,20,1,
0d06fe7c373fec554310,MULTI_SOURCE_MATRIX,20,MIDDLE,10,2,True,143.0,2133.0,20,1,
0d06fe7c373fec554310,MULTI_SOURCE_MATRIX,20,MIDDLE,10,3,True,143.0,2133.0,20,1,
0d06fe7c373fec554310,MULTI_SOURCE_MATRIX,20,MIDDLE,10,4,True,143.0,2133.0,20,1,
20cc5000185cf479b0e5,MULTI_SOURCE_MATRIX,2,MIDDLE,1,0,True,140.0,2146.0,2,1,
20cc5000185cf479b0e5,MULTI_SOURCE_MATRIX,2,MIDDLE,1,1,True,140.0,2146.0,2,1,
20cc5000185cf479b0e5,MULTI_SOURCE_MATRIX,2,MIDDLE,1,2,True,140.0,2146.0,2,1,
20cc5000185cf479b0e5,MULTI_SOURCE_MATRIX,2,MIDDLE,1,3,True,140.0,2146.0,2,1,
20cc5000185cf479b0e5,MULTI_SOURCE_MATRIX,2,MIDDLE,1,4,True,140.0,2146.0,2,1,
20cc5000185cf479b0e5,MULTI_SOURCE_MATRIX,5,MIDDLE,2,0,True,140.0,2146.0,5,1,
20cc5000185cf479b0e5,MULTI_SOURCE_MATRIX,5,MIDDLE,2,1,True,140.0,2146.0,5,1,
20cc5000185cf479b0e5,MULTI_SOURCE_MATRIX,5,MIDDLE,2,2,True,140.0,2146.0,5,1,
20cc5000185cf479b0e5,MULTI_SOURCE_MATRIX,5,MIDDLE,2,3,True,140.0,2146.0,5,1,
20cc5000185cf479b0e5,MULTI_SOURCE_MATRIX,5,MIDDLE,2,4,True,140.0,2146.0,5,1,
20cc5000185cf479b0e5,MULTI_SOURCE_MATRIX,10,MIDDLE,5,0,True,140.0,2146.0,10,1,
20cc5000185cf479b0e5,MULTI_SOURCE_MATRIX,10,MIDDLE,5,1,True,140.0,2146.0,10,1,
20cc5000185cf479b0e5,MULTI_SOURCE_MATRIX,10,MIDDLE,5,2,True,140.0,2146.0,10,1,
20cc5000185cf479b0e5,MULTI_SOURCE_MATRIX,10,MIDDLE,5,3,True,140.0,2146.0,10,1,
20cc5000185cf479b0e5,MULTI_SOURCE_MATRIX,10,MIDDLE,5,4,True,140.0,2146.0,10,1,
20cc5000185cf479b0e5,MULTI_SOURCE_MATRIX,20,MIDDLE,10,0,True,140.0,2146.0,20,1,
20cc5000185cf479b0e5,MULTI_SOURCE_MATRIX,20,MIDDLE,10,1,True,140.0,2146.0,20,1,
20cc5000185cf479b0e5,MULTI_SOURCE_MATRIX,20,MIDDLE,10,2,True,140.0,2146.0,20,1,
20cc5000185cf479b0e5,MULTI_SOURCE_MATRIX,20,MIDDLE,10,3,True,140.0,2146.0,20,1,
20cc5000185cf479b0e5,MULTI_SOURCE_MATRIX,20,MIDDLE,10,4,True,140.0,2146.0,20,1,
2b8262337c70c2cd8d6a,MULTI_SOURCE_MATRIX,2,MIDDLE,1,0,True,159.0,2070.0,2,1,
2b8262337c70c2cd8d6a,MULTI_SOURCE_MATRIX,2,MIDDLE,1,1,True,159.0,2070.0,2,1,
2b8262337c70c2cd8d6a,MULTI_SOURCE_MATRIX,2,MIDDLE,1,2,True,159.0,2070.0,2,1,
2b8262337c70c2cd8d6a,MULTI_SOURCE_MATRIX,2,MIDDLE,1,3,True,159.0,2070.0,2,1,
2b8262337c70c2cd8d6a,MULTI_SOURCE_MATRIX,2,MIDDLE,1,4,True,159.0,2070.0,2,1,
2b8262337c70c2cd8d6a,MULTI_SOURCE_MATRIX,5,MIDDLE,2,0,True,159.0,2070.0,5,1,
2b8262337c70c2cd8d6a,MULTI_SOURCE_MATRIX,5,MIDDLE,2,1,True,159.0,2070.0,5,1,
2b8262337c70c2cd8d6a,MULTI_SOURCE_MATRIX,5,MIDDLE,2,2,True,159.0,2070.0,5,1,
2b8262337c70c2cd8d6a,MULTI_SOURCE_MATRIX,5,MIDDLE,2,3,True,159.0,2070.0,5,1,
2b8262337c70c2cd8d6a,MULTI_SOURCE_MATRIX,5,MIDDLE,2,4,True,159.0,2070.0,5,1,
2b8262337c70c2cd8d6a,MULTI_SOURCE_MATRIX,10,MIDDLE,5,0,True,159.0,2070.0,10,1,
2b8262337c70c2cd8d6a,MULTI_SOURCE_MATRIX,10,MIDDLE,5,1,True,159.0,2070.0,10,1,
2b8262337c70c2cd8d6a,MULTI_SOURCE_MATRIX,10,MIDDLE,5,2,True,159.0,2070.0,10,1,
2b8262337c70c2cd8d6a,MULTI_SOURCE_MATRIX,10,MIDDLE,5,3,True,159.0,2070.0,10,1,
2b8262337c70c2cd8d6a,MULTI_SOURCE_MATRIX,10,MIDDLE,5,4,True,159.0,2070.0,10,1,
2b8262337c70c2cd8d6a,MULTI_SOURCE_MATRIX,20,MIDDLE,10,0,True,159.0,2070.0,20,1,
2b8262337c70c2cd8d6a,MULTI_SOURCE_MATRIX,20,MIDDLE,10,1,True,159.0,2070.0,20,1,
2b8262337c70c2cd8d6a,MULTI_SOURCE_MATRIX,20,MIDDLE,10,2,True,159.0,2070.0,20,1,
2b8262337c70c2cd8d6a,MULTI_SOURCE_MATRIX,20,MIDDLE,10,3,True,159.0,2070.0,20,1,
2b8262337c70c2cd8d6a,MULTI_SOURCE_MATRIX,20,MIDDLE,10,4,True,159.0,2070.0,20,1,
3d398da1ff9cdaf4b659,MULTI_SOURCE_MATRIX,2,MIDDLE,1,0,True,129.0,2008.0,2,1,
3d398da1ff9cdaf4b659,MULTI_SOURCE_MATRIX,2,MIDDLE,1,1,True,129.0,2008.0,2,1,
3d398da1ff9cdaf4b659,MULTI_SOURCE_MATRIX,2,MIDDLE,1,2,True,129.0,2008.0,2,1,
3d398da1ff9cdaf4b659,MULTI_SOURCE_MATRIX,2,MIDDLE,1,3,True,129.0,2008.0,2,1,
3d398da1ff9cdaf4b659,MULTI_SOURCE_MATRIX,2,MIDDLE,1,4,True,129.0,2008.0,2,1,
3d398da1ff9cdaf4b659,MULTI_SOURCE_MATRIX,5,MIDDLE,2,0,True,129.0,2008.0,5,1,
3d398da1ff9cdaf4b659,MULTI_SOURCE_MATRIX,5,MIDDLE,2,1,True,129.0,2008.0,5,1,
3d398da1ff9cdaf4b659,MULTI_SOURCE_MATRIX,5,MIDDLE,2,2,True,129.0,2008.0,5,1,
3d398da1ff9cdaf4b659,MULTI_SOURCE_MATRIX,5,MIDDLE,2,3,True,129.0,2008.0,5,1,
3d398da1ff9cdaf4b659,MULTI_SOURCE_MATRIX,5,MIDDLE,2,4,True,129.0,2008.0,5,1,
3d398da1ff9cdaf4b659,MULTI_SOURCE_MATRIX,10,MIDDLE,5,0,True,129.0,2008.0,10,1,
3d398da1ff9cdaf4b659,MULTI_SOURCE_MATRIX,10,MIDDLE,5,1,True,129.0,2008.0,10,1,
3d398da1ff9cdaf4b659,MULTI_SOURCE_MATRIX,10,MIDDLE,5,2,True,129.0,2008.0,10,1,
3d398da1ff9cdaf4b659,MULTI_SOURCE_MATRIX,10,MIDDLE,5,3,True,129.0,2008.0,10,1,
3d398da1ff9cdaf4b659,MULTI_SOURCE_MATRIX,10,MIDDLE,5,4,True,129.0,2008.0,10,1,
3d398da1ff9cdaf4b659,MULTI_SOURCE_MATRIX,20,MIDDLE,10,0,True,129.0,2008.0,20,1,
3d398da1ff9cdaf4b659,MULTI_SOURCE_MATRIX,20,MIDDLE,10,1,True,129.0,2008.0,20,1,
3d398da1ff9cdaf4b659,MULTI_SOURCE_MATRIX,20,MIDDLE,10,2,True,129.0,2008.0,20,1,
3d398da1ff9cdaf4b659,MULTI_SOURCE_MATRIX,20,MIDDLE,10,3,True,129.0,2008.0,20,1,
3d398da1ff9cdaf4b659,MULTI_SOURCE_MATRIX,20,MIDDLE,10,4,True,129.0,2008.0,20,1,
49a815a510796b06f523,MULTI_SOURCE_MATRIX,2,MIDDLE,1,0,True,127.0,2021.0,2,1,
49a815a510796b06f523,MULTI_SOURCE_MATRIX,2,MIDDLE,1,1,True,127.0,2021.0,2,1,
49a815a510796b06f523,MULTI_SOURCE_MATRIX,2,MIDDLE,1,2,True,127.0,2021.0,2,1,
49a815a510796b06f523,MULTI_SOURCE_MATRIX,2,MIDDLE,1,3,True,127.0,2021.0,2,1,
49a815a510796b06f523,MULTI_SOURCE_MATRIX,2,MIDDLE,1,4,True,127.0,2021.0,2,1,
49a815a510796b06f523,MULTI_SOURCE_MATRIX,5,MIDDLE,2,0,True,127.0,2021.0,5,1,
49a815a510796b06f523,MULTI_SOURCE_MATRIX,5,MIDDLE,2,1,True,127.0,2021.0,5,1,
49a815a510796b06f523,MULTI_SOURCE_MATRIX,5,MIDDLE,2,2,True,127.0,2021.0,5,1,
49a815a510796b06f523,MULTI_SOURCE_MATRIX,5,MIDDLE,2,3,True,127.0,2021.0,5,1,
49a815a510796b06f523,MULTI_SOURCE_MATRIX,5,MIDDLE,2,4,True,127.0,2021.0,5,1,
49a815a510796b06f523,MULTI_SOURCE_MATRIX,10,MIDDLE,5,0,True,127.0,2021.0,10,1,
49a815a510796b06f523,MULTI_SOURCE_MATRIX,10,MIDDLE,5,1,True,127.0,2021.0,10,1,
49a815a510796b06f523,MULTI_SOURCE_MATRIX,10,MIDDLE,5,2,True,127.0,2021.0,10,1,
49a815a510796b06f523,MULTI_SOURCE_MATRIX,10,MIDDLE,5,3,True,127.0,2021.0,10,1,
49a815a510796b06f523,MULTI_SOURCE_MATRIX,10,MIDDLE,5,4,True,127.0,2021.0,10,1,
49a815a510796b06f523,MULTI_SOURCE_MATRIX,20,MIDDLE,10,0,True,127.0,2021.0,20,1,
49a815a510796b06f523,MULTI_SOURCE_MATRIX,20,MIDDLE,10,1,True,127.0,2021.0,20,1,
49a815a510796b06f523,MULTI_SOURCE_MATRIX,20,MIDDLE,10,2,True,127.0,2021.0,20,1,
49a815a510796b06f523,MULTI_SOURCE_MATRIX,20,MIDDLE,10,3,True,127.0,2021.0,20,1,
49a815a510796b06f523,MULTI_SOURCE_MATRIX,20,MIDDLE,10,4,True,127.0,2021.0,20,1,
5f9eb7248900d90bb429,MULTI_SOURCE_MATRIX,2,MIDDLE,1,0,True,139.0,2053.0,2,1,
5f9eb7248900d90bb429,MULTI_SOURCE_MATRIX,2,MIDDLE,1,1,True,139.0,2053.0,2,1,
5f9eb7248900d90bb429,MULTI_SOURCE_MATRIX,2,MIDDLE,1,2,True,139.0,2053.0,2,1,
5f9eb7248900d90bb429,MULTI_SOURCE_MATRIX,2,MIDDLE,1,3,True,139.0,2053.0,2,1,
5f9eb7248900d90bb429,MULTI_SOURCE_MATRIX,2,MIDDLE,1,4,True,139.0,2053.0,2,1,
5f9eb7248900d90bb429,MULTI_SOURCE_MATRIX,5,MIDDLE,2,0,True,139.0,2053.0,5,1,
5f9eb7248900d90bb429,MULTI_SOURCE_MATRIX,5,MIDDLE,2,1,True,139.0,2053.0,5,1,
5f9eb7248900d90bb429,MULTI_SOURCE_MATRIX,5,MIDDLE,2,2,True,139.0,2053.0,5,1,
5f9eb7248900d90bb429,MULTI_SOURCE_MATRIX,5,MIDDLE,2,3,True,139.0,2053.0,5,1,
5f9eb7248900d90bb429,MULTI_SOURCE_MATRIX,5,MIDDLE,2,4,True,139.0,2053.0,5,1,
5f9eb7248900d90bb429,MULTI_SOURCE_MATRIX,10,MIDDLE,5,0,True,139.0,2053.0,10,1,
5f9eb7248900d90bb429,MULTI_SOURCE_MATRIX,10,MIDDLE,5,1,True,139.0,2053.0,10,1,
5f9eb7248900d90bb429,MULTI_SOURCE_MATRIX,10,MIDDLE,5,2,True,139.0,2053.0,10,1,
5f9eb7248900d90bb429,MULTI_SOURCE_MATRIX,10,MIDDLE,5,3,True,139.0,2053.0,10,1,
5f9eb7248900d90bb429,MULTI_SOURCE_MATRIX,10,MIDDLE,5,4,True,139.0,2053.0,10,1,
5f9eb7248900d90bb429,MULTI_SOURCE_MATRIX,20,MIDDLE,10,0,True,139.0,2053.0,20,1,
5f9eb7248900d90bb429,MULTI_SOURCE_MATRIX,20,MIDDLE,10,1,True,139.0,2053.0,20,1,
5f9eb7248900d90bb429,MULTI_SOURCE_MATRIX,20,MIDDLE,10,2,True,139.0,2053.0,20,1,
5f9eb7248900d90bb429,MULTI_SOURCE_MATRIX,20,MIDDLE,10,3,True,139.0,2053.0,20,1,
5f9eb7248900d90bb429,MULTI_SOURCE_MATRIX,20,MIDDLE,10,4,True,139.0,2053.0,20,1,
60deb9867711c475fcb6,MULTI_SOURCE_MATRIX,2,MIDDLE,1,0,True,138.0,1432.0,2,1,
60deb9867711c475fcb6,MULTI_SOURCE_MATRIX,2,MIDDLE,1,1,True,138.0,1432.0,2,1,
60deb9867711c475fcb6,MULTI_SOURCE_MATRIX,2,MIDDLE,1,2,True,138.0,1432.0,2,1,
60deb9867711c475fcb6,MULTI_SOURCE_MATRIX,2,MIDDLE,1,3,True,138.0,1432.0,2,1,
60deb9867711c475fcb6,MULTI_SOURCE_MATRIX,2,MIDDLE,1,4,True,138.0,1432.0,2,1,
60deb9867711c475fcb6,MULTI_SOURCE_MATRIX,5,MIDDLE,2,0,True,138.0,1432.0,5,1,
60deb9867711c475fcb6,MULTI_SOURCE_MATRIX,5,MIDDLE,2,1,True,138.0,1432.0,5,1,
60deb9867711c475fcb6,MULTI_SOURCE_MATRIX,5,MIDDLE,2,2,True,138.0,1432.0,5,1,
60deb9867711c475fcb6,MULTI_SOURCE_MATRIX,5,MIDDLE,2,3,True,138.0,1432.0,5,1,
60deb9867711c475fcb6,MULTI_SOURCE_MATRIX,5,MIDDLE,2,4,True,138.0,1432.0,5,1,
60deb9867711c475fcb6,MULTI_SOURCE_MATRIX,10,MIDDLE,5,0,True,138.0,1432.0,10,1,
60deb9867711c475fcb6,MULTI_SOURCE_MATRIX,10,MIDDLE,5,1,True,138.0,1432.0,10,1,
60deb9867711c475fcb6,MULTI_SOURCE_MATRIX,10,MIDDLE,5,2,True,138.0,1432.0,10,1,
60deb9867711c475fcb6,MULTI_SOURCE_MATRIX,10,MIDDLE,5,3,True,138.0,1432.0,10,1,
60deb9867711c475fcb6,MULTI_SOURCE_MATRIX,10,MIDDLE,5,4,True,138.0,1432.0,10,1,
60deb9867711c475fcb6,MULTI_SOURCE_MATRIX,20,MIDDLE,10,0,True,138.0,1432.0,20,1,
60deb9867711c475fcb6,MULTI_SOURCE_MATRIX,20,MIDDLE,10,1,True,138.0,1432.0,20,1,
60deb9867711c475fcb6,MULTI_SOURCE_MATRIX,20,MIDDLE,10,2,True,138.0,1432.0,20,1,
60deb9867711c475fcb6,MULTI_SOURCE_MATRIX,20,MIDDLE,10,3,True,138.0,1432.0,20,1,
60deb9867711c475fcb6,MULTI_SOURCE_MATRIX,20,MIDDLE,10,4,True,138.0,1432.0,20,1,
6d0f15399c14e35ddb1a,MULTI_SOURCE_MATRIX,2,MIDDLE,1,0,True,112.0,1728.0,2,1,
6d0f15399c14e35ddb1a,MULTI_SOURCE_MATRIX,2,MIDDLE,1,1,True,112.0,1728.0,2,1,
6d0f15399c14e35ddb1a,MULTI_SOURCE_MATRIX,2,MIDDLE,1,2,True,112.0,1728.0,2,1,
6d0f15399c14e35ddb1a,MULTI_SOURCE_MATRIX,2,MIDDLE,1,3,True,112.0,1728.0,2,1,
6d0f15399c14e35ddb1a,MULTI_SOURCE_MATRIX,2,MIDDLE,1,4,True,112.0,1728.0,2,1,
6d0f15399c14e35ddb1a,MULTI_SOURCE_MATRIX,5,MIDDLE,2,0,True,112.0,1728.0,5,1,
6d0f15399c14e35ddb1a,MULTI_SOURCE_MATRIX,5,MIDDLE,2,1,True,112.0,1728.0,5,1,
6d0f15399c14e35ddb1a,MULTI_SOURCE_MATRIX,5,MIDDLE,2,2,True,112.0,1728.0,5,1,
6d0f15399c14e35ddb1a,MULTI_SOURCE_MATRIX,5,MIDDLE,2,3,True,112.0,1728.0,5,1,
6d0f15399c14e35ddb1a,MULTI_SOURCE_MATRIX,5,MIDDLE,2,4,True,112.0,1728.0,5,1,
6d0f15399c14e35ddb1a,MULTI_SOURCE_MATRIX,10,MIDDLE,5,0,True,112.0,1728.0,10,1,
6d0f15399c14e35ddb1a,MULTI_SOURCE_MATRIX,10,MIDDLE,5,1,True,112.0,1728.0,10,1,
6d0f15399c14e35ddb1a,MULTI_SOURCE_MATRIX,10,MIDDLE,5,2,True,112.0,1728.0,10,1,
6d0f15399c14e35ddb1a,MULTI_SOURCE_MATRIX,10,MIDDLE,5,3,True,112.0,1728.0,10,1,
6d0f15399c14e35ddb1a,MULTI_SOURCE_MATRIX,10,MIDDLE,5,4,True,112.0,1728.0,10,1,
6d0f15399c14e35ddb1a,MULTI_SOURCE_MATRIX,20,MIDDLE,10,0,True,112.0,1728.0,20,1,
6d0f15399c14e35ddb1a,MULTI_SOURCE_MATRIX,20,MIDDLE,10,1,True,112.0,1728.0,20,1,
6d0f15399c14e35ddb1a,MULTI_SOURCE_MATRIX,20,MIDDLE,10,2,True,112.0,1728.0,20,1,
6d0f15399c14e35ddb1a,MULTI_SOURCE_MATRIX,20,MIDDLE,10,3,True,112.0,1728.0,20,1,
6d0f15399c14e35ddb1a,MULTI_SOURCE_MATRIX,20,MIDDLE,10,4,True,112.0,1728.0,20,1,
7584c9a8f3577dd92c1d,MULTI_SOURCE_MATRIX,2,MIDDLE,1,0,True,120.0,1591.0,2,1,
7584c9a8f3577dd92c1d,MULTI_SOURCE_MATRIX,2,MIDDLE,1,1,True,120.0,1591.0,2,1,
7584c9a8f3577dd92c1d,MULTI_SOURCE_MATRIX,2,MIDDLE,1,2,True,120.0,1591.0,2,1,
7584c9a8f3577dd92c1d,MULTI_SOURCE_MATRIX,2,MIDDLE,1,3,True,120.0,1591.0,2,1,
7584c9a8f3577dd92c1d,MULTI_SOURCE_MATRIX,2,MIDDLE,1,4,True,120.0,1591.0,2,1,
7584c9a8f3577dd92c1d,MULTI_SOURCE_MATRIX,5,MIDDLE,2,0,True,120.0,1591.0,5,1,
7584c9a8f3577dd92c1d,MULTI_SOURCE_MATRIX,5,MIDDLE,2,1,True,120.0,1591.0,5,1,
7584c9a8f3577dd92c1d,MULTI_SOURCE_MATRIX,5,MIDDLE,2,2,True,120.0,1591.0,5,1,
7584c9a8f3577dd92c1d,MULTI_SOURCE_MATRIX,5,MIDDLE,2,3,True,120.0,1591.0,5,1,
7584c9a8f3577dd92c1d,MULTI_SOURCE_MATRIX,5,MIDDLE,2,4,True,120.0,1591.0,5,1,
7584c9a8f3577dd92c1d,MULTI_SOURCE_MATRIX,10,MIDDLE,5,0,True,120.0,1591.0,10,1,
7584c9a8f3577dd92c1d,MULTI_SOURCE_MATRIX,10,MIDDLE,5,1,True,120.0,1591.0,10,1,
7584c9a8f3577dd92c1d,MULTI_SOURCE_MATRIX,10,MIDDLE,5,2,True,120.0,1591.0,10,1,
7584c9a8f3577dd92c1d,MULTI_SOURCE_MATRIX,10,MIDDLE,5,3,True,120.0,1591.0,10,1,
7584c9a8f3577dd92c1d,MULTI_SOURCE_MATRIX,10,MIDDLE,5,4,True,120.0,1591.0,10,1,
7584c9a8f3577dd92c1d,MULTI_SOURCE_MATRIX,20,MIDDLE,10,0,True,120.0,1591.0,20,1,
7584c9a8f3577dd92c1d,MULTI_SOURCE_MATRIX,20,MIDDLE,10,1,True,120.0,1591.0,20,1,
7584c9a8f3577dd92c1d,MULTI_SOURCE_MATRIX,20,MIDDLE,10,2,True,120.0,1591.0,20,1,
7584c9a8f3577dd92c1d,MULTI_SOURCE_MATRIX,20,MIDDLE,10,3,True,120.0,1591.0,20,1,
7584c9a8f3577dd92c1d,MULTI_SOURCE_MATRIX,20,MIDDLE,10,4,True,120.0,1591.0,20,1,
87142bc7f2ce9af7c783,MULTI_SOURCE_MATRIX,2,MIDDLE,1,0,True,122.0,1743.0,2,1,
87142bc7f2ce9af7c783,MULTI_SOURCE_MATRIX,2,MIDDLE,1,1,True,122.0,1743.0,2,1,
87142bc7f2ce9af7c783,MULTI_SOURCE_MATRIX,2,MIDDLE,1,2,True,122.0,1743.0,2,1,
87142bc7f2ce9af7c783,MULTI_SOURCE_MATRIX,2,MIDDLE,1,3,True,122.0,1743.0,2,1,
87142bc7f2ce9af7c783,MULTI_SOURCE_MATRIX,2,MIDDLE,1,4,True,122.0,1743.0,2,1,
87142bc7f2ce9af7c783,MULTI_SOURCE_MATRIX,5,MIDDLE,2,0,True,122.0,1743.0,5,1,
87142bc7f2ce9af7c783,MULTI_SOURCE_MATRIX,5,MIDDLE,2,1,True,122.0,1743.0,5,1,
87142bc7f2ce9af7c783,MULTI_SOURCE_MATRIX,5,MIDDLE,2,2,True,122.0,1743.0,5,1,
87142bc7f2ce9af7c783,MULTI_SOURCE_MATRIX,5,MIDDLE,2,3,True,122.0,1743.0,5,1,
87142bc7f2ce9af7c783,MULTI_SOURCE_MATRIX,5,MIDDLE,2,4,True,122.0,1743.0,5,1,
87142bc7f2ce9af7c783,MULTI_SOURCE_MATRIX,10,MIDDLE,5,0,True,122.0,1743.0,10,1,
87142bc7f2ce9af7c783,MULTI_SOURCE_MATRIX,10,MIDDLE,5,1,True,122.0,1743.0,10,1,
87142bc7f2ce9af7c783,MULTI_SOURCE_MATRIX,10,MIDDLE,5,2,True,122.0,1743.0,10,1,
87142bc7f2ce9af7c783,MULTI_SOURCE_MATRIX,10,MIDDLE,5,3,True,122.0,1743.0,10,1,
87142bc7f2ce9af7c783,MULTI_SOURCE_MATRIX,10,MIDDLE,5,4,True,122.0,1743.0,10,1,
87142bc7f2ce9af7c783,MULTI_SOURCE_MATRIX,20,MIDDLE,10,0,True,122.0,1743.0,20,1,
87142bc7f2ce9af7c783,MULTI_SOURCE_MATRIX,20,MIDDLE,10,1,True,122.0,1743.0,20,1,
87142bc7f2ce9af7c783,MULTI_SOURCE_MATRIX,20,MIDDLE,10,2,True,122.0,1743.0,20,1,
87142bc7f2ce9af7c783,MULTI_SOURCE_MATRIX,20,MIDDLE,10,3,True,122.0,1743.0,20,1,
87142bc7f2ce9af7c783,MULTI_SOURCE_MATRIX,20,MIDDLE,10,4,True,122.0,1743.0,20,1,
a793fa21b669f34d4744,MULTI_SOURCE_MATRIX,2,MIDDLE,1,0,True,136.0,1691.0,2,1,
a793fa21b669f34d4744,MULTI_SOURCE_MATRIX,2,MIDDLE,1,1,True,136.0,1691.0,2,1,
a793fa21b669f34d4744,MULTI_SOURCE_MATRIX,2,MIDDLE,1,2,True,136.0,1691.0,2,1,
a793fa21b669f34d4744,MULTI_SOURCE_MATRIX,2,MIDDLE,1,3,True,136.0,1691.0,2,1,
a793fa21b669f34d4744,MULTI_SOURCE_MATRIX,2,MIDDLE,1,4,True,136.0,1691.0,2,1,
a793fa21b669f34d4744,MULTI_SOURCE_MATRIX,5,MIDDLE,2,0,True,136.0,1691.0,5,1,
a793fa21b669f34d4744,MULTI_SOURCE_MATRIX,5,MIDDLE,2,1,True,136.0,1691.0,5,1,
a793fa21b669f34d4744,MULTI_SOURCE_MATRIX,5,MIDDLE,2,2,True,136.0,1691.0,5,1,
a793fa21b669f34d4744,MULTI_SOURCE_MATRIX,5,MIDDLE,2,3,True,136.0,1691.0,5,1,
a793fa21b669f34d4744,MULTI_SOURCE_MATRIX,5,MIDDLE,2,4,True,136.0,1691.0,5,1,
a793fa21b669f34d4744,MULTI_SOURCE_MATRIX,10,MIDDLE,5,0,True,136.0,1691.0,10,1,
a793fa21b669f34d4744,MULTI_SOURCE_MATRIX,10,MIDDLE,5,1,True,136.0,1691.0,10,1,
a793fa21b669f34d4744,MULTI_SOURCE_MATRIX,10,MIDDLE,5,2,True,136.0,1691.0,10,1,
a793fa21b669f34d4744,MULTI_SOURCE_MATRIX,10,MIDDLE,5,3,True,136.0,1691.0,10,1,
a793fa21b669f34d4744,MULTI_SOURCE_MATRIX,10,MIDDLE,5,4,True,136.0,1691.0,10,1,
a793fa21b669f34d4744,MULTI_SOURCE_MATRIX,20,MIDDLE,10,0,True,136.0,1691.0,20,1,
a793fa21b669f34d4744,MULTI_SOURCE_MATRIX,20,MIDDLE,10,1,True,136.0,1691.0,20,1,
a793fa21b669f34d4744,MULTI_SOURCE_MATRIX,20,MIDDLE,10,2,True,136.0,1691.0,20,1,
a793fa21b669f34d4744,MULTI_SOURCE_MATRIX,20,MIDDLE,10,3,True,136.0,1691.0,20,1,
a793fa21b669f34d4744,MULTI_SOURCE_MATRIX,20,MIDDLE,10,4,True,136.0,1691.0,20,1,
a93147932c3984375e1e,MULTI_SOURCE_MATRIX,2,MIDDLE,1,0,True,129.0,1854.0,2,1,
a93147932c3984375e1e,MULTI_SOURCE_MATRIX,2,MIDDLE,1,1,True,129.0,1854.0,2,1,
a93147932c3984375e1e,MULTI_SOURCE_MATRIX,2,MIDDLE,1,2,True,129.0,1854.0,2,1,
a93147932c3984375e1e,MULTI_SOURCE_MATRIX,2,MIDDLE,1,3,True,129.0,1854.0,2,1,
a93147932c3984375e1e,MULTI_SOURCE_MATRIX,2,MIDDLE,1,4,True,129.0,1854.0,2,1,
a93147932c3984375e1e,MULTI_SOURCE_MATRIX,5,MIDDLE,2,0,True,129.0,1854.0,5,1,
a93147932c3984375e1e,MULTI_SOURCE_MATRIX,5,MIDDLE,2,1,True,129.0,1854.0,5,1,
a93147932c3984375e1e,MULTI_SOURCE_MATRIX,5,MIDDLE,2,2,True,129.0,1854.0,5,1,
a93147932c3984375e1e,MULTI_SOURCE_MATRIX,5,MIDDLE,2,3,True,129.0,1854.0,5,1,
a93147932c3984375e1e,MULTI_SOURCE_MATRIX,5,MIDDLE,2,4,True,129.0,1854.0,5,1,
a93147932c3984375e1e,MULTI_SOURCE_MATRIX,10,MIDDLE,5,0,True,129.0,1854.0,10,1,
a93147932c3984375e1e,MULTI_SOURCE_MATRIX,10,MIDDLE,5,1,True,129.0,1854.0,10,1,
a93147932c3984375e1e,MULTI_SOURCE_MATRIX,10,MIDDLE,5,2,True,129.0,1854.0,10,1,
a93147932c3984375e1e,MULTI_SOURCE_MATRIX,10,MIDDLE,5,3,True,129.0,1854.0,10,1,
a93147932c3984375e1e,MULTI_SOURCE_MATRIX,10,MIDDLE,5,4,True,129.0,1854.0,10,1,
a93147932c3984375e1e,MULTI_SOURCE_MATRIX,20,MIDDLE,10,0,True,129.0,1854.0,20,1,
a93147932c3984375e1e,MULTI_SOURCE_MATRIX,20,MIDDLE,10,1,True,129.0,1854.0,20,1,
a93147932c3984375e1e,MULTI_SOURCE_MATRIX,20,MIDDLE,10,2,True,129.0,1854.0,20,1,
a93147932c3984375e1e,MULTI_SOURCE_MATRIX,20,MIDDLE,10,3,True,129.0,1854.0,20,1,
a93147932c3984375e1e,MULTI_SOURCE_MATRIX,20,MIDDLE,10,4,True,129.0,1854.0,20,1,
b0abd93c8715064889e2,MULTI_SOURCE_MATRIX,2,MIDDLE,1,0,True,107.0,1148.0,2,1,
b0abd93c8715064889e2,MULTI_SOURCE_MATRIX,2,MIDDLE,1,1,True,107.0,1148.0,2,1,
b0abd93c8715064889e2,MULTI_SOURCE_MATRIX,2,MIDDLE,1,2,True,107.0,1148.0,2,1,
b0abd93c8715064889e2,MULTI_SOURCE_MATRIX,2,MIDDLE,1,3,True,107.0,1148.0,2,1,
b0abd93c8715064889e2,MULTI_SOURCE_MATRIX,2,MIDDLE,1,4,True,107.0,1148.0,2,1,
b0abd93c8715064889e2,MULTI_SOURCE_MATRIX,5,MIDDLE,2,0,True,107.0,1148.0,5,1,
b0abd93c8715064889e2,MULTI_SOURCE_MATRIX,5,MIDDLE,2,1,True,107.0,1148.0,5,1,
b0abd93c8715064889e2,MULTI_SOURCE_MATRIX,5,MIDDLE,2,2,True,107.0,1148.0,5,1,
b0abd93c8715064889e2,MULTI_SOURCE_MATRIX,5,MIDDLE,2,3,True,107.0,1148.0,5,1,
b0abd93c8715064889e2,MULTI_SOURCE_MATRIX,5,MIDDLE,2,4,True,107.0,1148.0,5,1,
b0abd93c8715064889e2,MULTI_SOURCE_MATRIX,10,MIDDLE,5,0,True,107.0,1148.0,10,1,
b0abd93c8715064889e2,MULTI_SOURCE_MATRIX,10,MIDDLE,5,1,True,107.0,1148.0,10,1,
b0abd93c8715064889e2,MULTI_SOURCE_MATRIX,10,MIDDLE,5,2,True,107.0,1148.0,10,1,
b0abd93c8715064889e2,MULTI_SOURCE_MATRIX,10,MIDDLE,5,3,True,107.0,1148.0,10,1,
b0abd93c8715064889e2,MULTI_SOURCE_MATRIX,10,MIDDLE,5,4,True,107.0,1148.0,10,1,
b0abd93c8715064889e2,MULTI_SOURCE_MATRIX,20,MIDDLE,10,0,True,107.0,1148.0,20,1,
b0abd93c8715064889e2,MULTI_SOURCE_MATRIX,20,MIDDLE,10,1,True,107.0,1148.0,20,1,
b0abd93c8715064889e2,MULTI_SOURCE_MATRIX,20,MIDDLE,10,2,True,107.0,1148.0,20,1,
b0abd93c8715064889e2,MULTI_SOURCE_MATRIX,20,MIDDLE,10,3,True,107.0,1148.0,20,1,
b0abd93c8715064889e2,MULTI_SOURCE_MATRIX,20,MIDDLE,10,4,True,107.0,1148.0,20,1,
db877b7e25b7cf32b341,MULTI_SOURCE_MATRIX,2,MIDDLE,1,0,True,120.0,1324.0,2,1,
db877b7e25b7cf32b341,MULTI_SOURCE_MATRIX,2,MIDDLE,1,1,True,120.0,1324.0,2,1,
db877b7e25b7cf32b341,MULTI_SOURCE_MATRIX,2,MIDDLE,1,2,True,120.0,1324.0,2,1,
db877b7e25b7cf32b341,MULTI_SOURCE_MATRIX,2,MIDDLE,1,3,True,120.0,1324.0,2,1,
db877b7e25b7cf32b341,MULTI_SOURCE_MATRIX,2,MIDDLE,1,4,True,120.0,1324.0,2,1,
db877b7e25b7cf32b341,MULTI_SOURCE_MATRIX,5,MIDDLE,2,0,True,120.0,1324.0,5,1,
db877b7e25b7cf32b341,MULTI_SOURCE_MATRIX,5,MIDDLE,2,1,True,120.0,1324.0,5,1,
db877b7e25b7cf32b341,MULTI_SOURCE_MATRIX,5,MIDDLE,2,2,True,120.0,1324.0,5,1,
db877b7e25b7cf32b341,MULTI_SOURCE_MATRIX,5,MIDDLE,2,3,True,120.0,1324.0,5,1,
db877b7e25b7cf32b341,MULTI_SOURCE_MATRIX,5,MIDDLE,2,4,True,120.0,1324.0,5,1,
db877b7e25b7cf32b341,MULTI_SOURCE_MATRIX,10,MIDDLE,5,0,True,120.0,1324.0,10,1,
db877b7e25b7cf32b341,MULTI_SOURCE_MATRIX,10,MIDDLE,5,1,True,120.0,1324.0,10,1,
db877b7e25b7cf32b341,MULTI_SOURCE_MATRIX,10,MIDDLE,5,2,True,120.0,1324.0,10,1,
db877b7e25b7cf32b341,MULTI_SOURCE_MATRIX,10,MIDDLE,5,3,True,120.0,1324.0,10,1,
db877b7e25b7cf32b341,MULTI_SOURCE_MATRIX,10,MIDDLE,5,4,True,120.0,1324.0,10,1,
db877b7e25b7cf32b341,MULTI_SOURCE_MATRIX,20,MIDDLE,10,0,True,120.0,1324.0,20,1,
db877b7e25b7cf32b341,MULTI_SOURCE_MATRIX,20,MIDDLE,10,1,True,120.0,1324.0,20,1,
db877b7e25b7cf32b341,MULTI_SOURCE_MATRIX,20,MIDDLE,10,2,True,120.0,1324.0,20,1,
db877b7e25b7cf32b341,MULTI_SOURCE_MATRIX,20,MIDDLE,10,3,True,120.0,1324.0,20,1,
db877b7e25b7cf32b341,MULTI_SOURCE_MATRIX,20,MIDDLE,10,4,True,120.0,1324.0,20,1,
e5824e198eefc2d25b0b,MULTI_SOURCE_MATRIX,2,MIDDLE,1,0,True,177.0,2226.0,2,1,
e5824e198eefc2d25b0b,MULTI_SOURCE_MATRIX,2,MIDDLE,1,1,True,177.0,2226.0,2,1,
e5824e198eefc2d25b0b,MULTI_SOURCE_MATRIX,2,MIDDLE,1,2,True,177.0,2226.0,2,1,
e5824e198eefc2d25b0b,MULTI_SOURCE_MATRIX,2,MIDDLE,1,3,True,177.0,2226.0,2,1,
e5824e198eefc2d25b0b,MULTI_SOURCE_MATRIX,2,MIDDLE,1,4,True,177.0,2226.0,2,1,
e5824e198eefc2d25b0b,MULTI_SOURCE_MATRIX,5,MIDDLE,2,0,True,177.0,2226.0,5,1,
e5824e198eefc2d25b0b,MULTI_SOURCE_MATRIX,5,MIDDLE,2,1,True,177.0,2226.0,5,1,
e5824e198eefc2d25b0b,MULTI_SOURCE_MATRIX,5,MIDDLE,2,2,True,177.0,2226.0,5,1,
e5824e198eefc2d25b0b,MULTI_SOURCE_MATRIX,5,MIDDLE,2,3,True,177.0,2226.0,5,1,
e5824e198eefc2d25b0b,MULTI_SOURCE_MATRIX,5,MIDDLE,2,4,True,177.0,2226.0,5,1,
e5824e198eefc2d25b0b,MULTI_SOURCE_MATRIX,10,MIDDLE,5,0,True,177.0,2226.0,10,1,
e5824e198eefc2d25b0b,MULTI_SOURCE_MATRIX,10,MIDDLE,5,1,True,177.0,2226.0,10,1,
e5824e198eefc2d25b0b,MULTI_SOURCE_MATRIX,10,MIDDLE,5,2,True,177.0,2226.0,10,1,
e5824e198eefc2d25b0b,MULTI_SOURCE_MATRIX,10,MIDDLE,5,3,True,177.0,2226.0,10,1,
e5824e198eefc2d25b0b,MULTI_SOURCE_MATRIX,10,MIDDLE,5,4,True,177.0,2226.0,10,1,
e5824e198eefc2d25b0b,MULTI_SOURCE_MATRIX,20,MIDDLE,10,0,True,177.0,2226.0,20,1,
e5824e198eefc2d25b0b,MULTI_SOURCE_MATRIX,20,MIDDLE,10,1,True,177.0,2226.0,20,1,
e5824e198eefc2d25b0b,MULTI_SOURCE_MATRIX,20,MIDDLE,10,2,True,177.0,2226.0,20,1,
e5824e198eefc2d25b0b,MULTI_SOURCE_MATRIX,20,MIDDLE,10,3,True,177.0,2226.0,20,1,
e5824e198eefc2d25b0b,MULTI_SOURCE_MATRIX,20,MIDDLE,10,4,True,177.0,2226.0,20,1,
eac9d112b96a3d8fe498,MULTI_SOURCE_MATRIX,2,MIDDLE,1,0,True,121.0,1136.0,2,1,
eac9d112b96a3d8fe498,MULTI_SOURCE_MATRIX,2,MIDDLE,1,1,True,121.0,1136.0,2,1,
eac9d112b96a3d8fe498,MULTI_SOURCE_MATRIX,2,MIDDLE,1,2,True,121.0,1136.0,2,1,
eac9d112b96a3d8fe498,MULTI_SOURCE_MATRIX,2,MIDDLE,1,3,True,121.0,1136.0,2,1,
eac9d112b96a3d8fe498,MULTI_SOURCE_MATRIX,2,MIDDLE,1,4,True,121.0,1136.0,2,1,
eac9d112b96a3d8fe498,MULTI_SOURCE_MATRIX,5,MIDDLE,2,0,True,121.0,1136.0,5,1,
eac9d112b96a3d8fe498,MULTI_SOURCE_MATRIX,5,MIDDLE,2,1,True,121.0,1136.0,5,1,
eac9d112b96a3d8fe498,MULTI_SOURCE_MATRIX,5,MIDDLE,2,2,True,121.0,1136.0,5,1,
eac9d112b96a3d8fe498,MULTI_SOURCE_MATRIX,5,MIDDLE,2,3,True,121.0,1136.0,5,1,
eac9d112b96a3d8fe498,MULTI_SOURCE_MATRIX,5,MIDDLE,2,4,True,121.0,1136.0,5,1,
eac9d112b96a3d8fe498,MULTI_SOURCE_MATRIX,10,MIDDLE,5,0,True,121.0,1136.0,10,1,
eac9d112b96a3d8fe498,MULTI_SOURCE_MATRIX,10,MIDDLE,5,1,True,121.0,1136.0,10,1,
eac9d112b96a3d8fe498,MULTI_SOURCE_MATRIX,10,MIDDLE,5,2,True,121.0,1136.0,10,1,
eac9d112b96a3d8fe498,MULTI_SOURCE_MATRIX,10,MIDDLE,5,3,True,121.0,1136.0,10,1,
eac9d112b96a3d8fe498,MULTI_SOURCE_MATRIX,10,MIDDLE,5,4,True,121.0,1136.0,10,1,
eac9d112b96a3d8fe498,MULTI_SOURCE_MATRIX,20,MIDDLE,10,0,True,121.0,1136.0,20,1,
eac9d112b96a3d8fe498,MULTI_SOURCE_MATRIX,20,MIDDLE,10,1,True,121.0,1136.0,20,1,
eac9d112b96a3d8fe498,MULTI_SOURCE_MATRIX,20,MIDDLE,10,2,True,121.0,1136.0,20,1,
eac9d112b96a3d8fe498,MULTI_SOURCE_MATRIX,20,MIDDLE,10,3,True,121.0,1136.0,20,1,
eac9d112b96a3d8fe498,MULTI_SOURCE_MATRIX,20,MIDDLE,10,4,True,121.0,1136.0,20,1,
ee97cb38e1aa1c8c0d59,MULTI_SOURCE_MATRIX,2,MIDDLE,1,0,True,124.0,1648.0,2,1,
ee97cb38e1aa1c8c0d59,MULTI_SOURCE_MATRIX,2,MIDDLE,1,1,True,124.0,1648.0,2,1,
ee97cb38e1aa1c8c0d59,MULTI_SOURCE_MATRIX,2,MIDDLE,1,2,True,124.0,1648.0,2,1,
ee97cb38e1aa1c8c0d59,MULTI_SOURCE_MATRIX,2,MIDDLE,1,3,True,124.0,1648.0,2,1,
ee97cb38e1aa1c8c0d59,MULTI_SOURCE_MATRIX,2,MIDDLE,1,4,True,124.0,1648.0,2,1,
ee97cb38e1aa1c8c0d59,MULTI_SOURCE_MATRIX,5,MIDDLE,2,0,True,124.0,1648.0,5,1,
ee97cb38e1aa1c8c0d59,MULTI_SOURCE_MATRIX,5,MIDDLE,2,1,True,124.0,1648.0,5,1,
ee97cb38e1aa1c8c0d59,MULTI_SOURCE_MATRIX,5,MIDDLE,2,2,True,124.0,1648.0,5,1,
ee97cb38e1aa1c8c0d59,MULTI_SOURCE_MATRIX,5,MIDDLE,2,3,True,124.0,1648.0,5,1,
ee97cb38e1aa1c8c0d59,MULTI_SOURCE_MATRIX,5,MIDDLE,2,4,True,124.0,1648.0,5,1,
ee97cb38e1aa1c8c0d59,MULTI_SOURCE_MATRIX,10,MIDDLE,5,0,True,124.0,1648.0,10,1,
ee97cb38e1aa1c8c0d59,MULTI_SOURCE_MATRIX,10,MIDDLE,5,1,True,124.0,1648.0,10,1,
ee97cb38e1aa1c8c0d59,MULTI_SOURCE_MATRIX,10,MIDDLE,5,2,True,124.0,1648.0,10,1,
ee97cb38e1aa1c8c0d59,MULTI_SOURCE_MATRIX,10,MIDDLE,5,3,True,124.0,1648.0,10,1,
ee97cb38e1aa1c8c0d59,MULTI_SOURCE_MATRIX,10,MIDDLE,5,4,True,124.0,1648.0,10,1,
ee97cb38e1aa1c8c0d59,MULTI_SOURCE_MATRIX,20,MIDDLE,10,0,True,124.0,1648.0,20,1,
ee97cb38e1aa1c8c0d59,MULTI_SOURCE_MATRIX,20,MIDDLE,10,1,True,124.0,1648.0,20,1,
ee97cb38e1aa1c8c0d59,MULTI_SOURCE_MATRIX,20,MIDDLE,10,2,True,124.0,1648.0,20,1,
ee97cb38e1aa1c8c0d59,MULTI_SOURCE_MATRIX,20,MIDDLE,10,3,True,124.0,1648.0,20,1,
ee97cb38e1aa1c8c0d59,MULTI_SOURCE_MATRIX,20,MIDDLE,10,4,True,124.0,1648.0,20,1,
f02887e558f378756ef8,MULTI_SOURCE_MATRIX,2,MIDDLE,1,0,True,140.0,1607.0,2,1,
f02887e558f378756ef8,MULTI_SOURCE_MATRIX,2,MIDDLE,1,1,True,140.0,1607.0,2,1,
f02887e558f378756ef8,MULTI_SOURCE_MATRIX,2,MIDDLE,1,2,True,140.0,1607.0,2,1,
f02887e558f378756ef8,MULTI_SOURCE_MATRIX,2,MIDDLE,1,3,True,140.0,1607.0,2,1,
f02887e558f378756ef8,MULTI_SOURCE_MATRIX,2,MIDDLE,1,4,True,140.0,1607.0,2,1,
f02887e558f378756ef8,MULTI_SOURCE_MATRIX,5,MIDDLE,2,0,True,140.0,1607.0,5,1,
f02887e558f378756ef8,MULTI_SOURCE_MATRIX,5,MIDDLE,2,1,True,140.0,1607.0,5,1,
f02887e558f378756ef8,MULTI_SOURCE_MATRIX,5,MIDDLE,2,2,True,140.0,1607.0,5,1,
f02887e558f378756ef8,MULTI_SOURCE_MATRIX,5,MIDDLE,2,3,True,140.0,1607.0,5,1,
f02887e558f378756ef8,MULTI_SOURCE_MATRIX,5,MIDDLE,2,4,True,140.0,1607.0,5,1,
f02887e558f378756ef8,MULTI_SOURCE_MATRIX,10,MIDDLE,5,0,True,140.0,1607.0,10,1,
f02887e558f378756ef8,MULTI_SOURCE_MATRIX,10,MIDDLE,5,1,True,140.0,1607.0,10,1,
f02887e558f378756ef8,MULTI_SOURCE_MATRIX,10,MIDDLE,5,2,True,140.0,1607.0,10,1,
f02887e558f378756ef8,MULTI_SOURCE_MATRIX,10,MIDDLE,5,3,True,140.0,1607.0,10,1,
f02887e558f378756ef8,MULTI_SOURCE_MATRIX,10,MIDDLE,5,4,True,140.0,1607.0,10,1,
f02887e558f378756ef8,MULTI_SOURCE_MATRIX,20,MIDDLE,10,0,True,140.0,1607.0,20,1,
f02887e558f378756ef8,MULTI_SOURCE_MATRIX,20,MIDDLE,10,1,True,140.0,1607.0,20,1,
f02887e558f378756ef8,MULTI_SOURCE_MATRIX,20,MIDDLE,10,2,True,140.0,1607.0,20,1,
f02887e558f378756ef8,MULTI_SOURCE_MATRIX,20,MIDDLE,10,3,True,140.0,1607.0,20,1,
f02887e558f378756ef8,MULTI_SOURCE_MATRIX,20,MIDDLE,10,4,True,140.0,1607.0,20,1,
f3626d70fc6094599955,MULTI_SOURCE_MATRIX,2,MIDDLE,1,0,True,110.0,1605.0,2,1,
f3626d70fc6094599955,MULTI_SOURCE_MATRIX,2,MIDDLE,1,1,True,110.0,1605.0,2,1,
f3626d70fc6094599955,MULTI_SOURCE_MATRIX,2,MIDDLE,1,2,True,110.0,1605.0,2,1,
f3626d70fc6094599955,MULTI_SOURCE_MATRIX,2,MIDDLE,1,3,True,110.0,1605.0,2,1,
f3626d70fc6094599955,MULTI_SOURCE_MATRIX,2,MIDDLE,1,4,True,110.0,1605.0,2,1,
f3626d70fc6094599955,MULTI_SOURCE_MATRIX,5,MIDDLE,2,0,True,110.0,1605.0,5,1,
f3626d70fc6094599955,MULTI_SOURCE_MATRIX,5,MIDDLE,2,1,True,110.0,1605.0,5,1,
f3626d70fc6094599955,MULTI_SOURCE_MATRIX,5,MIDDLE,2,2,True,110.0,1605.0,5,1,
f3626d70fc6094599955,MULTI_SOURCE_MATRIX,5,MIDDLE,2,3,True,110.0,1605.0,5,1,
f3626d70fc6094599955,MULTI_SOURCE_MATRIX,5,MIDDLE,2,4,True,110.0,1605.0,5,1,
f3626d70fc6094599955,MULTI_SOURCE_MATRIX,10,MIDDLE,5,0,True,110.0,1605.0,10,1,
f3626d70fc6094599955,MULTI_SOURCE_MATRIX,10,MIDDLE,5,1,True,110.0,1605.0,10,1,
f3626d70fc6094599955,MULTI_SOURCE_MATRIX,10,MIDDLE,5,2,True,110.0,1605.0,10,1,
f3626d70fc6094599955,MULTI_SOURCE_MATRIX,10,MIDDLE,5,3,True,110.0,1605.0,10,1,
f3626d70fc6094599955,MULTI_SOURCE_MATRIX,10,MIDDLE,5,4,True,110.0,1605.0,10,1,
f3626d70fc6094599955,MULTI_SOURCE_MATRIX,20,MIDDLE,10,0,True,110.0,1605.0,20,1,
f3626d70fc6094599955,MULTI_SOURCE_MATRIX,20,MIDDLE,10,1,True,110.0,1605.0,20,1,
f3626d70fc6094599955,MULTI_SOURCE_MATRIX,20,MIDDLE,10,2,True,110.0,1605.0,20,1,
f3626d70fc6094599955,MULTI_SOURCE_MATRIX,20,MIDDLE,10,3,True,110.0,1605.0,20,1,
f3626d70fc6094599955,MULTI_SOURCE_MATRIX,20,MIDDLE,10,4,True,110.0,1605.0,20,1,
1129d52120b9491d0f91,MULTI_SOURCE_MATRIX,2,MIDDLE,1,0,True,26.0,194.0,2,1,
1129d52120b9491d0f91,MULTI_SOURCE_MATRIX,2,MIDDLE,1,1,True,26.0,194.0,2,1,
1129d52120b9491d0f91,MULTI_SOURCE_MATRIX,2,MIDDLE,1,2,True,26.0,194.0,2,1,
1129d52120b9491d0f91,MULTI_SOURCE_MATRIX,2,MIDDLE,1,3,True,26.0,194.0,2,1,
1129d52120b9491d0f91,MULTI_SOURCE_MATRIX,2,MIDDLE,1,4,True,26.0,194.0,2,1,
1129d52120b9491d0f91,MULTI_SOURCE_MATRIX,5,MIDDLE,2,0,True,26.0,194.0,5,1,
1129d52120b9491d0f91,MULTI_SOURCE_MATRIX,5,MIDDLE,2,1,True,26.0,194.0,5,1,
1129d52120b9491d0f91,MULTI_SOURCE_MATRIX,5,MIDDLE,2,2,True,26.0,194.0,5,1,
1129d52120b9491d0f91,MULTI_SOURCE_MATRIX,5,MIDDLE,2,3,True,26.0,194.0,5,1,
1129d52120b9491d0f91,MULTI_SOURCE_MATRIX,5,MIDDLE,2,4,True,26.0,194.0,5,1,
1129d52120b9491d0f91,MULTI_SOURCE_MATRIX,10,MIDDLE,5,0,True,26.0,194.0,10,1,
1129d52120b9491d0f91,MULTI_SOURCE_MATRIX,10,MIDDLE,5,1,True,26.0,194.0,10,1,
1129d52120b9491d0f91,MULTI_SOURCE_MATRIX,10,MIDDLE,5,2,True,26.0,194.0,10,1,
1129d52120b9491d0f91,MULTI_SOURCE_MATRIX,10,MIDDLE,5,3,True,26.0,194.0,10,1,
1129d52120b9491d0f91,MULTI_SOURCE_MATRIX,10,MIDDLE,5,4,True,26.0,194.0,10,1,
1129d52120b9491d0f91,MULTI_SOURCE_MATRIX,20,MIDDLE,10,0,True,26.0,194.0,20,1,
1129d52120b9491d0f91,MULTI_SOURCE_MATRIX,20,MIDDLE,10,1,True,26.0,194.0,20,1,
1129d52120b9491d0f91,MULTI_SOURCE_MATRIX,20,MIDDLE,10,2,True,26.0,194.0,20,1,
1129d52120b9491d0f91,MULTI_SOURCE_MATRIX,20,MIDDLE,10,3,True,26.0,194.0,20,1,
1129d52120b9491d0f91,MULTI_SOURCE_MATRIX,20,MIDDLE,10,4,True,26.0,194.0,20,1,
1ded57761c3081136250,MULTI_SOURCE_MATRIX,2,MIDDLE,1,0,True,0.0,0.0,2,1,
1ded57761c3081136250,MULTI_SOURCE_MATRIX,2,MIDDLE,1,1,True,0.0,0.0,2,1,
1ded57761c3081136250,MULTI_SOURCE_MATRIX,2,MIDDLE,1,2,True,0.0,0.0,2,1,
1ded57761c3081136250,MULTI_SOURCE_MATRIX,2,MIDDLE,1,3,True,0.0,0.0,2,1,
1ded57761c3081136250,MULTI_SOURCE_MATRIX,2,MIDDLE,1,4,True,0.0,0.0,2,1,
1ded57761c3081136250,MULTI_SOURCE_MATRIX,5,MIDDLE,2,0,True,0.0,0.0,5,1,
1ded57761c3081136250,MULTI_SOURCE_MATRIX,5,MIDDLE,2,1,True,0.0,0.0,5,1,
1ded57761c3081136250,MULTI_SOURCE_MATRIX,5,MIDDLE,2,2,True,0.0,0.0,5,1,
1ded57761c3081136250,MULTI_SOURCE_MATRIX,5,MIDDLE,2,3,True,0.0,0.0,5,1,
1ded57761c3081136250,MULTI_SOURCE_MATRIX,5,MIDDLE,2,4,True,0.0,0.0,5,1,
1ded57761c3081136250,MULTI_SOURCE_MATRIX,10,MIDDLE,5,0,True,0.0,0.0,10,1,
1ded57761c3081136250,MULTI_SOURCE_MATRIX,10,MIDDLE,5,1,True,0.0,0.0,10,1,
1ded57761c3081136250,MULTI_SOURCE_MATRIX,10,MIDDLE,5,2,True,0.0,0.0,10,1,
1ded57761c3081136250,MULTI_SOURCE_MATRIX,10,MIDDLE,5,3,True,0.0,0.0,10,1,
1ded57761c3081136250,MULTI_SOURCE_MATRIX,10,MIDDLE,5,4,True,0.0,0.0,10,1,
1ded57761c3081136250,MULTI_SOURCE_MATRIX,20,MIDDLE,10,0,True,0.0,0.0,20,1,
1ded57761c3081136250,MULTI_SOURCE_MATRIX,20,MIDDLE,10,1,True,0.0,0.0,20,1,
1ded57761c3081136250,MULTI_SOURCE_MATRIX,20,MIDDLE,10,2,True,0.0,0.0,20,1,
1ded57761c3081136250,MULTI_SOURCE_MATRIX,20,MIDDLE,10,3,True,0.0,0.0,20,1,
1ded57761c3081136250,MULTI_SOURCE_MATRIX,20,MIDDLE,10,4,True,0.0,0.0,20,1,
2861c2d924b0e5a94534,MULTI_SOURCE_MATRIX,2,MIDDLE,1,0,True,9.0,103.0,2,1,
2861c2d924b0e5a94534,MULTI_SOURCE_MATRIX,2,MIDDLE,1,1,True,9.0,103.0,2,1,
2861c2d924b0e5a94534,MULTI_SOURCE_MATRIX,2,MIDDLE,1,2,True,9.0,103.0,2,1,
2861c2d924b0e5a94534,MULTI_SOURCE_MATRIX,2,MIDDLE,1,3,True,9.0,103.0,2,1,
2861c2d924b0e5a94534,MULTI_SOURCE_MATRIX,2,MIDDLE,1,4,True,9.0,103.0,2,1,
2861c2d924b0e5a94534,MULTI_SOURCE_MATRIX,5,MIDDLE,2,0,True,9.0,103.0,5,1,
2861c2d924b0e5a94534,MULTI_SOURCE_MATRIX,5,MIDDLE,2,1,True,9.0,103.0,5,1,
2861c2d924b0e5a94534,MULTI_SOURCE_MATRIX,5,MIDDLE,2,2,True,9.0,103.0,5,1,
2861c2d924b0e5a94534,MULTI_SOURCE_MATRIX,5,MIDDLE,2,3,True,9.0,103.0,5,1,
2861c2d924b0e5a94534,MULTI_SOURCE_MATRIX,5,MIDDLE,2,4,True,9.0,103.0,5,1,
2861c2d924b0e5a94534,MULTI_SOURCE_MATRIX,10,MIDDLE,5,0,True,9.0,103.0,10,1,
2861c2d924b0e5a94534,MULTI_SOURCE_MATRIX,10,MIDDLE,5,1,True,9.0,103.0,10,1,
2861c2d924b0e5a94534,MULTI_SOURCE_MATRIX,10,MIDDLE,5,2,True,9.0,103.0,10,1,
2861c2d924b0e5a94534,MULTI_SOURCE_MATRIX,10,MIDDLE,5,3,True,9.0,103.0,10,1,
2861c2d924b0e5a94534,MULTI_SOURCE_MATRIX,10,MIDDLE,5,4,True,9.0,103.0,10,1,
2861c2d924b0e5a94534,MULTI_SOURCE_MATRIX,20,MIDDLE,10,0,True,9.0,103.0,20,1,
2861c2d924b0e5a94534,MULTI_SOURCE_MATRIX,20,MIDDLE,10,1,True,9.0,103.0,20,1,
2861c2d924b0e5a94534,MULTI_SOURCE_MATRIX,20,MIDDLE,10,2,True,9.0,103.0,20,1,
2861c2d924b0e5a94534,MULTI_SOURCE_MATRIX,20,MIDDLE,10,3,True,9.0,103.0,20,1,
2861c2d924b0e5a94534,MULTI_SOURCE_MATRIX,20,MIDDLE,10,4,True,9.0,103.0,20,1,
2938282c344aff208efd,MULTI_SOURCE_MATRIX,2,MIDDLE,1,0,True,79.0,843.0,2,1,
2938282c344aff208efd,MULTI_SOURCE_MATRIX,2,MIDDLE,1,1,True,79.0,843.0,2,1,
2938282c344aff208efd,MULTI_SOURCE_MATRIX,2,MIDDLE,1,2,True,79.0,843.0,2,1,
2938282c344aff208efd,MULTI_SOURCE_MATRIX,2,MIDDLE,1,3,True,79.0,843.0,2,1,
2938282c344aff208efd,MULTI_SOURCE_MATRIX,2,MIDDLE,1,4,True,79.0,843.0,2,1,
2938282c344aff208efd,MULTI_SOURCE_MATRIX,5,MIDDLE,2,0,True,79.0,843.0,5,1,
2938282c344aff208efd,MULTI_SOURCE_MATRIX,5,MIDDLE,2,1,True,79.0,843.0,5,1,
2938282c344aff208efd,MULTI_SOURCE_MATRIX,5,MIDDLE,2,2,True,79.0,843.0,5,1,
2938282c344aff208efd,MULTI_SOURCE_MATRIX,5,MIDDLE,2,3,True,79.0,843.0,5,1,
2938282c344aff208efd,MULTI_SOURCE_MATRIX,5,MIDDLE,2,4,True,79.0,843.0,5,1,
2938282c344aff208efd,MULTI_SOURCE_MATRIX,10,MIDDLE,5,0,True,79.0,843.0,10,1,
2938282c344aff208efd,MULTI_SOURCE_MATRIX,10,MIDDLE,5,1,True,79.0,843.0,10,1,
2938282c344aff208efd,MULTI_SOURCE_MATRIX,10,MIDDLE,5,2,True,79.0,843.0,10,1,
2938282c344aff208efd,MULTI_SOURCE_MATRIX,10,MIDDLE,5,3,True,79.0,843.0,10,1,
2938282c344aff208efd,MULTI_SOURCE_MATRIX,10,MIDDLE,5,4,True,79.0,843.0,10,1,
2938282c344aff208efd,MULTI_SOURCE_MATRIX,20,MIDDLE,10,0,True,79.0,843.0,20,1,
2938282c344aff208efd,MULTI_SOURCE_MATRIX,20,MIDDLE,10,1,True,79.0,843.0,20,1,
2938282c344aff208efd,MULTI_SOURCE_MATRIX,20,MIDDLE,10,2,True,79.0,843.0,20,1,
2938282c344aff208efd,MULTI_SOURCE_MATRIX,20,MIDDLE,10,3,True,79.0,843.0,20,1,
2938282c344aff208efd,MULTI_SOURCE_MATRIX,20,MIDDLE,10,4,True,79.0,843.0,20,1,
49015b0dae9a187c39a2,MULTI_SOURCE_MATRIX,2,MIDDLE,1,0,True,59.0,731.0,2,1,
49015b0dae9a187c39a2,MULTI_SOURCE_MATRIX,2,MIDDLE,1,1,True,59.0,731.0,2,1,
49015b0dae9a187c39a2,MULTI_SOURCE_MATRIX,2,MIDDLE,1,2,True,59.0,731.0,2,1,
49015b0dae9a187c39a2,MULTI_SOURCE_MATRIX,2,MIDDLE,1,3,True,59.0,731.0,2,1,
49015b0dae9a187c39a2,MULTI_SOURCE_MATRIX,2,MIDDLE,1,4,True,59.0,731.0,2,1,
49015b0dae9a187c39a2,MULTI_SOURCE_MATRIX,5,MIDDLE,2,0,True,59.0,731.0,5,1,
49015b0dae9a187c39a2,MULTI_SOURCE_MATRIX,5,MIDDLE,2,1,True,59.0,731.0,5,1,
49015b0dae9a187c39a2,MULTI_SOURCE_MATRIX,5,MIDDLE,2,2,True,59.0,731.0,5,1,
49015b0dae9a187c39a2,MULTI_SOURCE_MATRIX,5,MIDDLE,2,3,True,59.0,731.0,5,1,
49015b0dae9a187c39a2,MULTI_SOURCE_MATRIX,5,MIDDLE,2,4,True,59.0,731.0,5,1,
49015b0dae9a187c39a2,MULTI_SOURCE_MATRIX,10,MIDDLE,5,0,True,59.0,731.0,10,1,
49015b0dae9a187c39a2,MULTI_SOURCE_MATRIX,10,MIDDLE,5,1,True,59.0,731.0,10,1,
49015b0dae9a187c39a2,MULTI_SOURCE_MATRIX,10,MIDDLE,5,2,True,59.0,731.0,10,1,
49015b0dae9a187c39a2,MULTI_SOURCE_MATRIX,10,MIDDLE,5,3,True,59.0,731.0,10,1,
49015b0dae9a187c39a2,MULTI_SOURCE_MATRIX,10,MIDDLE,5,4,True,59.0,731.0,10,1,
49015b0dae9a187c39a2,MULTI_SOURCE_MATRIX,20,MIDDLE,10,0,True,59.0,731.0,20,1,
49015b0dae9a187c39a2,MULTI_SOURCE_MATRIX,20,MIDDLE,10,1,True,59.0,731.0,20,1,
49015b0dae9a187c39a2,MULTI_SOURCE_MATRIX,20,MIDDLE,10,2,True,59.0,731.0,20,1,
49015b0dae9a187c39a2,MULTI_SOURCE_MATRIX,20,MIDDLE,10,3,True,59.0,731.0,20,1,
49015b0dae9a187c39a2,MULTI_SOURCE_MATRIX,20,MIDDLE,10,4,True,59.0,731.0,20,1,
4e970a0d9f9ffe07e59c,MULTI_SOURCE_MATRIX,2,MIDDLE,1,0,True,80.0,930.0,2,1,
4e970a0d9f9ffe07e59c,MULTI_SOURCE_MATRIX,2,MIDDLE,1,1,True,80.0,930.0,2,1,
4e970a0d9f9ffe07e59c,MULTI_SOURCE_MATRIX,2,MIDDLE,1,2,True,80.0,930.0,2,1,
4e970a0d9f9ffe07e59c,MULTI_SOURCE_MATRIX,2,MIDDLE,1,3,True,80.0,930.0,2,1,
4e970a0d9f9ffe07e59c,MULTI_SOURCE_MATRIX,2,MIDDLE,1,4,True,80.0,930.0,2,1,
4e970a0d9f9ffe07e59c,MULTI_SOURCE_MATRIX,5,MIDDLE,2,0,True,80.0,930.0,5,1,
4e970a0d9f9ffe07e59c,MULTI_SOURCE_MATRIX,5,MIDDLE,2,1,True,80.0,930.0,5,1,
4e970a0d9f9ffe07e59c,MULTI_SOURCE_MATRIX,5,MIDDLE,2,2,True,80.0,930.0,5,1,
4e970a0d9f9ffe07e59c,MULTI_SOURCE_MATRIX,5,MIDDLE,2,3,True,80.0,930.0,5,1,
4e970a0d9f9ffe07e59c,MULTI_SOURCE_MATRIX,5,MIDDLE,2,4,True,80.0,930.0,5,1,
4e970a0d9f9ffe07e59c,MULTI_SOURCE_MATRIX,10,MIDDLE,5,0,True,80.0,930.0,10,1,
4e970a0d9f9ffe07e59c,MULTI_SOURCE_MATRIX,10,MIDDLE,5,1,True,80.0,930.0,10,1,
4e970a0d9f9ffe07e59c,MULTI_SOURCE_MATRIX,10,MIDDLE,5,2,True,80.0,930.0,10,1,
4e970a0d9f9ffe07e59c,MULTI_SOURCE_MATRIX,10,MIDDLE,5,3,True,80.0,930.0,10,1,
4e970a0d9f9ffe07e59c,MULTI_SOURCE_MATRIX,10,MIDDLE,5,4,True,80.0,930.0,10,1,
4e970a0d9f9ffe07e59c,MULTI_SOURCE_MATRIX,20,MIDDLE,10,0,True,80.0,930.0,20,1,
4e970a0d9f9ffe07e59c,MULTI_SOURCE_MATRIX,20,MIDDLE,10,1,True,80.0,930.0,20,1,
4e970a0d9f9ffe07e59c,MULTI_SOURCE_MATRIX,20,MIDDLE,10,2,True,80.0,930.0,20,1,
4e970a0d9f9ffe07e59c,MULTI_SOURCE_MATRIX,20,MIDDLE,10,3,True,80.0,930.0,20,1,
4e970a0d9f9ffe07e59c,MULTI_SOURCE_MATRIX,20,MIDDLE,10,4,True,80.0,930.0,20,1,
523a6eccd9401af63974,MULTI_SOURCE_MATRIX,2,MIDDLE,1,0,True,78.0,721.0,2,1,
523a6eccd9401af63974,MULTI_SOURCE_MATRIX,2,MIDDLE,1,1,True,78.0,721.0,2,1,
523a6eccd9401af63974,MULTI_SOURCE_MATRIX,2,MIDDLE,1,2,True,78.0,721.0,2,1,
523a6eccd9401af63974,MULTI_SOURCE_MATRIX,2,MIDDLE,1,3,True,78.0,721.0,2,1,
523a6eccd9401af63974,MULTI_SOURCE_MATRIX,2,MIDDLE,1,4,True,78.0,721.0,2,1,
523a6eccd9401af63974,MULTI_SOURCE_MATRIX,5,MIDDLE,2,0,True,78.0,721.0,5,1,
523a6eccd9401af63974,MULTI_SOURCE_MATRIX,5,MIDDLE,2,1,True,78.0,721.0,5,1,
523a6eccd9401af63974,MULTI_SOURCE_MATRIX,5,MIDDLE,2,2,True,78.0,721.0,5,1,
523a6eccd9401af63974,MULTI_SOURCE_MATRIX,5,MIDDLE,2,3,True,78.0,721.0,5,1,
523a6eccd9401af63974,MULTI_SOURCE_MATRIX,5,MIDDLE,2,4,True,78.0,721.0,5,1,
523a6eccd9401af63974,MULTI_SOURCE_MATRIX,10,MIDDLE,5,0,True,78.0,721.0,10,1,
523a6eccd9401af63974,MULTI_SOURCE_MATRIX,10,MIDDLE,5,1,True,78.0,721.0,10,1,
523a6eccd9401af63974,MULTI_SOURCE_MATRIX,10,MIDDLE,5,2,True,78.0,721.0,10,1,
523a6eccd9401af63974,MULTI_SOURCE_MATRIX,10,MIDDLE,5,3,True,78.0,721.0,10,1,
523a6eccd9401af63974,MULTI_SOURCE_MATRIX,10,MIDDLE,5,4,True,78.0,721.0,10,1,
523a6eccd9401af63974,MULTI_SOURCE_MATRIX,20,MIDDLE,10,0,True,78.0,721.0,20,1,
523a6eccd9401af63974,MULTI_SOURCE_MATRIX,20,MIDDLE,10,1,True,78.0,721.0,20,1,
523a6eccd9401af63974,MULTI_SOURCE_MATRIX,20,MIDDLE,10,2,True,78.0,721.0,20,1,
523a6eccd9401af63974,MULTI_SOURCE_MATRIX,20,MIDDLE,10,3,True,78.0,721.0,20,1,
523a6eccd9401af63974,MULTI_SOURCE_MATRIX,20,MIDDLE,10,4,True,78.0,721.0,20,1,
5a0a359c227f6ba0785f,MULTI_SOURCE_MATRIX,2,MIDDLE,1,0,True,84.0,1031.0,2,1,
5a0a359c227f6ba0785f,MULTI_SOURCE_MATRIX,2,MIDDLE,1,1,True,84.0,1031.0,2,1,
5a0a359c227f6ba0785f,MULTI_SOURCE_MATRIX,2,MIDDLE,1,2,True,84.0,1031.0,2,1,
5a0a359c227f6ba0785f,MULTI_SOURCE_MATRIX,2,MIDDLE,1,3,True,84.0,1031.0,2,1,
5a0a359c227f6ba0785f,MULTI_SOURCE_MATRIX,2,MIDDLE,1,4,True,84.0,1031.0,2,1,
5a0a359c227f6ba0785f,MULTI_SOURCE_MATRIX,5,MIDDLE,2,0,True,84.0,1031.0,5,1,
5a0a359c227f6ba0785f,MULTI_SOURCE_MATRIX,5,MIDDLE,2,1,True,84.0,1031.0,5,1,
5a0a359c227f6ba0785f,MULTI_SOURCE_MATRIX,5,MIDDLE,2,2,True,84.0,1031.0,5,1,
5a0a359c227f6ba0785f,MULTI_SOURCE_MATRIX,5,MIDDLE,2,3,True,84.0,1031.0,5,1,
5a0a359c227f6ba0785f,MULTI_SOURCE_MATRIX,5,MIDDLE,2,4,True,84.0,1031.0,5,1,
5a0a359c227f6ba0785f,MULTI_SOURCE_MATRIX,10,MIDDLE,5,0,True,84.0,1031.0,10,1,
5a0a359c227f6ba0785f,MULTI_SOURCE_MATRIX,10,MIDDLE,5,1,True,84.0,1031.0,10,1,
5a0a359c227f6ba0785f,MULTI_SOURCE_MATRIX,10,MIDDLE,5,2,True,84.0,1031.0,10,1,
5a0a359c227f6ba0785f,MULTI_SOURCE_MATRIX,10,MIDDLE,5,3,True,84.0,1031.0,10,1,
5a0a359c227f6ba0785f,MULTI_SOURCE_MATRIX,10,MIDDLE,5,4,True,84.0,1031.0,10,1,
5a0a359c227f6ba0785f,MULTI_SOURCE_MATRIX,20,MIDDLE,10,0,True,84.0,1031.0,20,1,
5a0a359c227f6ba0785f,MULTI_SOURCE_MATRIX,20,MIDDLE,10,1,True,84.0,1031.0,20,1,
5a0a359c227f6ba0785f,MULTI_SOURCE_MATRIX,20,MIDDLE,10,2,True,84.0,1031.0,20,1,
5a0a359c227f6ba0785f,MULTI_SOURCE_MATRIX,20,MIDDLE,10,3,True,84.0,1031.0,20,1,
5a0a359c227f6ba0785f,MULTI_SOURCE_MATRIX,20,MIDDLE,10,4,True,84.0,1031.0,20,1,
5a62403e85747c65157d,MULTI_SOURCE_MATRIX,2,MIDDLE,1,0,True,25.0,262.0,2,1,
5a62403e85747c65157d,MULTI_SOURCE_MATRIX,2,MIDDLE,1,1,True,25.0,262.0,2,1,
5a62403e85747c65157d,MULTI_SOURCE_MATRIX,2,MIDDLE,1,2,True,25.0,262.0,2,1,
5a62403e85747c65157d,MULTI_SOURCE_MATRIX,2,MIDDLE,1,3,True,25.0,262.0,2,1,
5a62403e85747c65157d,MULTI_SOURCE_MATRIX,2,MIDDLE,1,4,True,25.0,262.0,2,1,
5a62403e85747c65157d,MULTI_SOURCE_MATRIX,5,MIDDLE,2,0,True,25.0,262.0,5,1,
5a62403e85747c65157d,MULTI_SOURCE_MATRIX,5,MIDDLE,2,1,True,25.0,262.0,5,1,
5a62403e85747c65157d,MULTI_SOURCE_MATRIX,5,MIDDLE,2,2,True,25.0,262.0,5,1,
5a62403e85747c65157d,MULTI_SOURCE_MATRIX,5,MIDDLE,2,3,True,25.0,262.0,5,1,
5a62403e85747c65157d,MULTI_SOURCE_MATRIX,5,MIDDLE,2,4,True,25.0,262.0,5,1,
5a62403e85747c65157d,MULTI_SOURCE_MATRIX,10,MIDDLE,5,0,True,25.0,262.0,10,1,
5a62403e85747c65157d,MULTI_SOURCE_MATRIX,10,MIDDLE,5,1,True,25.0,262.0,10,1,
5a62403e85747c65157d,MULTI_SOURCE_MATRIX,10,MIDDLE,5,2,True,25.0,262.0,10,1,
5a62403e85747c65157d,MULTI_SOURCE_MATRIX,10,MIDDLE,5,3,True,25.0,262.0,10,1,
5a62403e85747c65157d,MULTI_SOURCE_MATRIX,10,MIDDLE,5,4,True,25.0,262.0,10,1,
5a62403e85747c65157d,MULTI_SOURCE_MATRIX,20,MIDDLE,10,0,True,25.0,262.0,20,1,
5a62403e85747c65157d,MULTI_SOURCE_MATRIX,20,MIDDLE,10,1,True,25.0,262.0,20,1,
5a62403e85747c65157d,MULTI_SOURCE_MATRIX,20,MIDDLE,10,2,True,25.0,262.0,20,1,
5a62403e85747c65157d,MULTI_SOURCE_MATRIX,20,MIDDLE,10,3,True,25.0,262.0,20,1,
5a62403e85747c65157d,MULTI_SOURCE_MATRIX,20,MIDDLE,10,4,True,25.0,262.0,20,1,
68fe02d5a96aad06b2d2,MULTI_SOURCE_MATRIX,2,MIDDLE,1,0,True,38.0,385.0,2,1,
68fe02d5a96aad06b2d2,MULTI_SOURCE_MATRIX,2,MIDDLE,1,1,True,38.0,385.0,2,1,
68fe02d5a96aad06b2d2,MULTI_SOURCE_MATRIX,2,MIDDLE,1,2,True,38.0,385.0,2,1,
68fe02d5a96aad06b2d2,MULTI_SOURCE_MATRIX,2,MIDDLE,1,3,True,38.0,385.0,2,1,
68fe02d5a96aad06b2d2,MULTI_SOURCE_MATRIX,2,MIDDLE,1,4,True,38.0,385.0,2,1,
68fe02d5a96aad06b2d2,MULTI_SOURCE_MATRIX,5,MIDDLE,2,0,True,38.0,385.0,5,1,
68fe02d5a96aad06b2d2,MULTI_SOURCE_MATRIX,5,MIDDLE,2,1,True,38.0,385.0,5,1,
68fe02d5a96aad06b2d2,MULTI_SOURCE_MATRIX,5,MIDDLE,2,2,True,38.0,385.0,5,1,
68fe02d5a96aad06b2d2,MULTI_SOURCE_MATRIX,5,MIDDLE,2,3,True,38.0,385.0,5,1,
68fe02d5a96aad06b2d2,MULTI_SOURCE_MATRIX,5,MIDDLE,2,4,True,38.0,385.0,5,1,
68fe02d5a96aad06b2d2,MULTI_SOURCE_MATRIX,10,MIDDLE,5,0,True,38.0,385.0,10,1,
68fe02d5a96aad06b2d2,MULTI_SOURCE_MATRIX,10,MIDDLE,5,1,True,38.0,385.0,10,1,
68fe02d5a96aad06b2d2,MULTI_SOURCE_MATRIX,10,MIDDLE,5,2,True,38.0,385.0,10,1,
68fe02d5a96aad06b2d2,MULTI_SOURCE_MATRIX,10,MIDDLE,5,3,True,38.0,385.0,10,1,
68fe02d5a96aad06b2d2,MULTI_SOURCE_MATRIX,10,MIDDLE,5,4,True,38.0,385.0,10,1,
68fe02d5a96aad06b2d2,MULTI_SOURCE_MATRIX,20,MIDDLE,10,0,True,38.0,385.0,20,1,
68fe02d5a96aad06b2d2,MULTI_SOURCE_MATRIX,20,MIDDLE,10,1,True,38.0,385.0,20,1,
68fe02d5a96aad06b2d2,MULTI_SOURCE_MATRIX,20,MIDDLE,10,2,True,38.0,385.0,20,1,
68fe02d5a96aad06b2d2,MULTI_SOURCE_MATRIX,20,MIDDLE,10,3,True,38.0,385.0,20,1,
68fe02d5a96aad06b2d2,MULTI_SOURCE_MATRIX,20,MIDDLE,10,4,True,38.0,385.0,20,1,
7296b52763def34ad0ac,MULTI_SOURCE_MATRIX,2,MIDDLE,1,0,True,19.0,182.0,2,1,
7296b52763def34ad0ac,MULTI_SOURCE_MATRIX,2,MIDDLE,1,1,True,19.0,182.0,2,1,
7296b52763def34ad0ac,MULTI_SOURCE_MATRIX,2,MIDDLE,1,2,True,19.0,182.0,2,1,
7296b52763def34ad0ac,MULTI_SOURCE_MATRIX,2,MIDDLE,1,3,True,19.0,182.0,2,1,
7296b52763def34ad0ac,MULTI_SOURCE_MATRIX,2,MIDDLE,1,4,True,19.0,182.0,2,1,
7296b52763def34ad0ac,MULTI_SOURCE_MATRIX,5,MIDDLE,2,0,True,19.0,182.0,5,1,
7296b52763def34ad0ac,MULTI_SOURCE_MATRIX,5,MIDDLE,2,1,True,19.0,182.0,5,1,
7296b52763def34ad0ac,MULTI_SOURCE_MATRIX,5,MIDDLE,2,2,True,19.0,182.0,5,1,
7296b52763def34ad0ac,MULTI_SOURCE_MATRIX,5,MIDDLE,2,3,True,19.0,182.0,5,1,
7296b52763def34ad0ac,MULTI_SOURCE_MATRIX,5,MIDDLE,2,4,True,19.0,182.0,5,1,
7296b52763def34ad0ac,MULTI_SOURCE_MATRIX,10,MIDDLE,5,0,True,19.0,182.0,10,1,
7296b52763def34ad0ac,MULTI_SOURCE_MATRIX,10,MIDDLE,5,1,True,19.0,182.0,10,1,
7296b52763def34ad0ac,MULTI_SOURCE_MATRIX,10,MIDDLE,5,2,True,19.0,182.0,10,1,
7296b52763def34ad0ac,MULTI_SOURCE_MATRIX,10,MIDDLE,5,3,True,19.0,182.0,10,1,
7296b52763def34ad0ac,MULTI_SOURCE_MATRIX,10,MIDDLE,5,4,True,19.0,182.0,10,1,
7296b52763def34ad0ac,MULTI_SOURCE_MATRIX,20,MIDDLE,10,0,True,19.0,182.0,20,1,
7296b52763def34ad0ac,MULTI_SOURCE_MATRIX,20,MIDDLE,10,1,True,19.0,182.0,20,1,
7296b52763def34ad0ac,MULTI_SOURCE_MATRIX,20,MIDDLE,10,2,True,19.0,182.0,20,1,
7296b52763def34ad0ac,MULTI_SOURCE_MATRIX,20,MIDDLE,10,3,True,19.0,182.0,20,1,
7296b52763def34ad0ac,MULTI_SOURCE_MATRIX,20,MIDDLE,10,4,True,19.0,182.0,20,1,
7b2174249e864716a6fa,MULTI_SOURCE_MATRIX,2,MIDDLE,1,0,True,50.0,672.0,2,1,
7b2174249e864716a6fa,MULTI_SOURCE_MATRIX,2,MIDDLE,1,1,True,50.0,672.0,2,1,
7b2174249e864716a6fa,MULTI_SOURCE_MATRIX,2,MIDDLE,1,2,True,50.0,672.0,2,1,
7b2174249e864716a6fa,MULTI_SOURCE_MATRIX,2,MIDDLE,1,3,True,50.0,672.0,2,1,
7b2174249e864716a6fa,MULTI_SOURCE_MATRIX,2,MIDDLE,1,4,True,50.0,672.0,2,1,
7b2174249e864716a6fa,MULTI_SOURCE_MATRIX,5,MIDDLE,2,0,True,50.0,672.0,5,1,
7b2174249e864716a6fa,MULTI_SOURCE_MATRIX,5,MIDDLE,2,1,True,50.0,672.0,5,1,
7b2174249e864716a6fa,MULTI_SOURCE_MATRIX,5,MIDDLE,2,2,True,50.0,672.0,5,1,
7b2174249e864716a6fa,MULTI_SOURCE_MATRIX,5,MIDDLE,2,3,True,50.0,672.0,5,1,
7b2174249e864716a6fa,MULTI_SOURCE_MATRIX,5,MIDDLE,2,4,True,50.0,672.0,5,1,
7b2174249e864716a6fa,MULTI_SOURCE_MATRIX,10,MIDDLE,5,0,True,50.0,672.0,10,1,
7b2174249e864716a6fa,MULTI_SOURCE_MATRIX,10,MIDDLE,5,1,True,50.0,672.0,10,1,
7b2174249e864716a6fa,MULTI_SOURCE_MATRIX,10,MIDDLE,5,2,True,50.0,672.0,10,1,
7b2174249e864716a6fa,MULTI_SOURCE_MATRIX,10,MIDDLE,5,3,True,50.0,672.0,10,1,
7b2174249e864716a6fa,MULTI_SOURCE_MATRIX,10,MIDDLE,5,4,True,50.0,672.0,10,1,
7b2174249e864716a6fa,MULTI_SOURCE_MATRIX,20,MIDDLE,10,0,True,50.0,672.0,20,1,
7b2174249e864716a6fa,MULTI_SOURCE_MATRIX,20,MIDDLE,10,1,True,50.0,672.0,20,1,
7b2174249e864716a6fa,MULTI_SOURCE_MATRIX,20,MIDDLE,10,2,True,50.0,672.0,20,1,
7b2174249e864716a6fa,MULTI_SOURCE_MATRIX,20,MIDDLE,10,3,True,50.0,672.0,20,1,
7b2174249e864716a6fa,MULTI_SOURCE_MATRIX,20,MIDDLE,10,4,True,50.0,672.0,20,1,
93acf12d23acae945c2c,MULTI_SOURCE_MATRIX,2,MIDDLE,1,0,True,57.0,616.0,2,1,
93acf12d23acae945c2c,MULTI_SOURCE_MATRIX,2,MIDDLE,1,1,True,57.0,616.0,2,1,
93acf12d23acae945c2c,MULTI_SOURCE_MATRIX,2,MIDDLE,1,2,True,57.0,616.0,2,1,
93acf12d23acae945c2c,MULTI_SOURCE_MATRIX,2,MIDDLE,1,3,True,57.0,616.0,2,1,
93acf12d23acae945c2c,MULTI_SOURCE_MATRIX,2,MIDDLE,1,4,True,57.0,616.0,2,1,
93acf12d23acae945c2c,MULTI_SOURCE_MATRIX,5,MIDDLE,2,0,True,57.0,616.0,5,1,
93acf12d23acae945c2c,MULTI_SOURCE_MATRIX,5,MIDDLE,2,1,True,57.0,616.0,5,1,
93acf12d23acae945c2c,MULTI_SOURCE_MATRIX,5,MIDDLE,2,2,True,57.0,616.0,5,1,
93acf12d23acae945c2c,MULTI_SOURCE_MATRIX,5,MIDDLE,2,3,True,57.0,616.0,5,1,
93acf12d23acae945c2c,MULTI_SOURCE_MATRIX,5,MIDDLE,2,4,True,57.0,616.0,5,1,
93acf12d23acae945c2c,MULTI_SOURCE_MATRIX,10,MIDDLE,5,0,True,57.0,616.0,10,1,
93acf12d23acae945c2c,MULTI_SOURCE_MATRIX,10,MIDDLE,5,1,True,57.0,616.0,10,1,
93acf12d23acae945c2c,MULTI_SOURCE_MATRIX,10,MIDDLE,5,2,True,57.0,616.0,10,1,
93acf12d23acae945c2c,MULTI_SOURCE_MATRIX,10,MIDDLE,5,3,True,57.0,616.0,10,1,
93acf12d23acae945c2c,MULTI_SOURCE_MATRIX,10,MIDDLE,5,4,True,57.0,616.0,10,1,
93acf12d23acae945c2c,MULTI_SOURCE_MATRIX,20,MIDDLE,10,0,True,57.0,616.0,20,1,
93acf12d23acae945c2c,MULTI_SOURCE_MATRIX,20,MIDDLE,10,1,True,57.0,616.0,20,1,
93acf12d23acae945c2c,MULTI_SOURCE_MATRIX,20,MIDDLE,10,2,True,57.0,616.0,20,1,
93acf12d23acae945c2c,MULTI_SOURCE_MATRIX,20,MIDDLE,10,3,True,57.0,616.0,20,1,
93acf12d23acae945c2c,MULTI_SOURCE_MATRIX,20,MIDDLE,10,4,True,57.0,616.0,20,1,
a4bcbd504aac1d192f94,MULTI_SOURCE_MATRIX,2,MIDDLE,1,0,True,0.0,0.0,2,1,
a4bcbd504aac1d192f94,MULTI_SOURCE_MATRIX,2,MIDDLE,1,1,True,0.0,0.0,2,1,
a4bcbd504aac1d192f94,MULTI_SOURCE_MATRIX,2,MIDDLE,1,2,True,0.0,0.0,2,1,
a4bcbd504aac1d192f94,MULTI_SOURCE_MATRIX,2,MIDDLE,1,3,True,0.0,0.0,2,1,
a4bcbd504aac1d192f94,MULTI_SOURCE_MATRIX,2,MIDDLE,1,4,True,0.0,0.0,2,1,
a4bcbd504aac1d192f94,MULTI_SOURCE_MATRIX,5,MIDDLE,2,0,True,0.0,0.0,5,1,
a4bcbd504aac1d192f94,MULTI_SOURCE_MATRIX,5,MIDDLE,2,1,True,0.0,0.0,5,1,
a4bcbd504aac1d192f94,MULTI_SOURCE_MATRIX,5,MIDDLE,2,2,True,0.0,0.0,5,1,
a4bcbd504aac1d192f94,MULTI_SOURCE_MATRIX,5,MIDDLE,2,3,True,0.0,0.0,5,1,
a4bcbd504aac1d192f94,MULTI_SOURCE_MATRIX,5,MIDDLE,2,4,True,0.0,0.0,5,1,
a4bcbd504aac1d192f94,MULTI_SOURCE_MATRIX,10,MIDDLE,5,0,True,0.0,0.0,10,1,
a4bcbd504aac1d192f94,MULTI_SOURCE_MATRIX,10,MIDDLE,5,1,True,0.0,0.0,10,1,
a4bcbd504aac1d192f94,MULTI_SOURCE_MATRIX,10,MIDDLE,5,2,True,0.0,0.0,10,1,
a4bcbd504aac1d192f94,MULTI_SOURCE_MATRIX,10,MIDDLE,5,3,True,0.0,0.0,10,1,
a4bcbd504aac1d192f94,MULTI_SOURCE_MATRIX,10,MIDDLE,5,4,True,0.0,0.0,10,1,
a4bcbd504aac1d192f94,MULTI_SOURCE_MATRIX,20,MIDDLE,10,0,True,0.0,0.0,20,1,
a4bcbd504aac1d192f94,MULTI_SOURCE_MATRIX,20,MIDDLE,10,1,True,0.0,0.0,20,1,
a4bcbd504aac1d192f94,MULTI_SOURCE_MATRIX,20,MIDDLE,10,2,True,0.0,0.0,20,1,
a4bcbd504aac1d192f94,MULTI_SOURCE_MATRIX,20,MIDDLE,10,3,True,0.0,0.0,20,1,
a4bcbd504aac1d192f94,MULTI_SOURCE_MATRIX,20,MIDDLE,10,4,True,0.0,0.0,20,1,
a4d99122f8017636f1c1,MULTI_SOURCE_MATRIX,2,MIDDLE,1,0,True,88.0,1241.0,2,1,
a4d99122f8017636f1c1,MULTI_SOURCE_MATRIX,2,MIDDLE,1,1,True,88.0,1241.0,2,1,
a4d99122f8017636f1c1,MULTI_SOURCE_MATRIX,2,MIDDLE,1,2,True,88.0,1241.0,2,1,
a4d99122f8017636f1c1,MULTI_SOURCE_MATRIX,2,MIDDLE,1,3,True,88.0,1241.0,2,1,
a4d99122f8017636f1c1,MULTI_SOURCE_MATRIX,2,MIDDLE,1,4,True,88.0,1241.0,2,1,
a4d99122f8017636f1c1,MULTI_SOURCE_MATRIX,5,MIDDLE,2,0,True,88.0,1241.0,5,1,
a4d99122f8017636f1c1,MULTI_SOURCE_MATRIX,5,MIDDLE,2,1,True,88.0,1241.0,5,1,
a4d99122f8017636f1c1,MULTI_SOURCE_MATRIX,5,MIDDLE,2,2,True,88.0,1241.0,5,1,
a4d99122f8017636f1c1,MULTI_SOURCE_MATRIX,5,MIDDLE,2,3,True,88.0,1241.0,5,1,
a4d99122f8017636f1c1,MULTI_SOURCE_MATRIX,5,MIDDLE,2,4,True,88.0,1241.0,5,1,
a4d99122f8017636f1c1,MULTI_SOURCE_MATRIX,10,MIDDLE,5,0,True,88.0,1241.0,10,1,
a4d99122f8017636f1c1,MULTI_SOURCE_MATRIX,10,MIDDLE,5,1,True,88.0,1241.0,10,1,
a4d99122f8017636f1c1,MULTI_SOURCE_MATRIX,10,MIDDLE,5,2,True,88.0,1241.0,10,1,
a4d99122f8017636f1c1,MULTI_SOURCE_MATRIX,10,MIDDLE,5,3,True,88.0,1241.0,10,1,
a4d99122f8017636f1c1,MULTI_SOURCE_MATRIX,10,MIDDLE,5,4,True,88.0,1241.0,10,1,
a4d99122f8017636f1c1,MULTI_SOURCE_MATRIX,20,MIDDLE,10,0,True,88.0,1241.0,20,1,
a4d99122f8017636f1c1,MULTI_SOURCE_MATRIX,20,MIDDLE,10,1,True,88.0,1241.0,20,1,
a4d99122f8017636f1c1,MULTI_SOURCE_MATRIX,20,MIDDLE,10,2,True,88.0,1241.0,20,1,
a4d99122f8017636f1c1,MULTI_SOURCE_MATRIX,20,MIDDLE,10,3,True,88.0,1241.0,20,1,
a4d99122f8017636f1c1,MULTI_SOURCE_MATRIX,20,MIDDLE,10,4,True,88.0,1241.0,20,1,
b1d3621f437bd37b6b82,MULTI_SOURCE_MATRIX,2,MIDDLE,1,0,True,0.0,0.0,2,1,
b1d3621f437bd37b6b82,MULTI_SOURCE_MATRIX,2,MIDDLE,1,1,True,0.0,0.0,2,1,
b1d3621f437bd37b6b82,MULTI_SOURCE_MATRIX,2,MIDDLE,1,2,True,0.0,0.0,2,1,
b1d3621f437bd37b6b82,MULTI_SOURCE_MATRIX,2,MIDDLE,1,3,True,0.0,0.0,2,1,
b1d3621f437bd37b6b82,MULTI_SOURCE_MATRIX,2,MIDDLE,1,4,True,0.0,0.0,2,1,
b1d3621f437bd37b6b82,MULTI_SOURCE_MATRIX,5,MIDDLE,2,0,True,0.0,0.0,5,1,
b1d3621f437bd37b6b82,MULTI_SOURCE_MATRIX,5,MIDDLE,2,1,True,0.0,0.0,5,1,
b1d3621f437bd37b6b82,MULTI_SOURCE_MATRIX,5,MIDDLE,2,2,True,0.0,0.0,5,1,
b1d3621f437bd37b6b82,MULTI_SOURCE_MATRIX,5,MIDDLE,2,3,True,0.0,0.0,5,1,
b1d3621f437bd37b6b82,MULTI_SOURCE_MATRIX,5,MIDDLE,2,4,True,0.0,0.0,5,1,
b1d3621f437bd37b6b82,MULTI_SOURCE_MATRIX,10,MIDDLE,5,0,True,0.0,0.0,10,1,
b1d3621f437bd37b6b82,MULTI_SOURCE_MATRIX,10,MIDDLE,5,1,True,0.0,0.0,10,1,
b1d3621f437bd37b6b82,MULTI_SOURCE_MATRIX,10,MIDDLE,5,2,True,0.0,0.0,10,1,
b1d3621f437bd37b6b82,MULTI_SOURCE_MATRIX,10,MIDDLE,5,3,True,0.0,0.0,10,1,
b1d3621f437bd37b6b82,MULTI_SOURCE_MATRIX,10,MIDDLE,5,4,True,0.0,0.0,10,1,
b1d3621f437bd37b6b82,MULTI_SOURCE_MATRIX,20,MIDDLE,10,0,True,0.0,0.0,20,1,
b1d3621f437bd37b6b82,MULTI_SOURCE_MATRIX,20,MIDDLE,10,1,True,0.0,0.0,20,1,
b1d3621f437bd37b6b82,MULTI_SOURCE_MATRIX,20,MIDDLE,10,2,True,0.0,0.0,20,1,
b1d3621f437bd37b6b82,MULTI_SOURCE_MATRIX,20,MIDDLE,10,3,True,0.0,0.0,20,1,
b1d3621f437bd37b6b82,MULTI_SOURCE_MATRIX,20,MIDDLE,10,4,True,0.0,0.0,20,1,
eb8d62bb91e83a1fb1fc,MULTI_SOURCE_MATRIX,2,MIDDLE,1,0,True,88.0,911.0,2,1,
eb8d62bb91e83a1fb1fc,MULTI_SOURCE_MATRIX,2,MIDDLE,1,1,True,88.0,911.0,2,1,
eb8d62bb91e83a1fb1fc,MULTI_SOURCE_MATRIX,2,MIDDLE,1,2,True,88.0,911.0,2,1,
eb8d62bb91e83a1fb1fc,MULTI_SOURCE_MATRIX,2,MIDDLE,1,3,True,88.0,911.0,2,1,
eb8d62bb91e83a1fb1fc,MULTI_SOURCE_MATRIX,2,MIDDLE,1,4,True,88.0,911.0,2,1,
eb8d62bb91e83a1fb1fc,MULTI_SOURCE_MATRIX,5,MIDDLE,2,0,True,88.0,911.0,5,1,
eb8d62bb91e83a1fb1fc,MULTI_SOURCE_MATRIX,5,MIDDLE,2,1,True,88.0,911.0,5,1,
eb8d62bb91e83a1fb1fc,MULTI_SOURCE_MATRIX,5,MIDDLE,2,2,True,88.0,911.0,5,1,
eb8d62bb91e83a1fb1fc,MULTI_SOURCE_MATRIX,5,MIDDLE,2,3,True,88.0,911.0,5,1,
eb8d62bb91e83a1fb1fc,MULTI_SOURCE_MATRIX,5,MIDDLE,2,4,True,88.0,911.0,5,1,
eb8d62bb91e83a1fb1fc,MULTI_SOURCE_MATRIX,10,MIDDLE,5,0,True,88.0,911.0,10,1,
eb8d62bb91e83a1fb1fc,MULTI_SOURCE_MATRIX,10,MIDDLE,5,1,True,88.0,911.0,10,1,
eb8d62bb91e83a1fb1fc,MULTI_SOURCE_MATRIX,10,MIDDLE,5,2,True,88.0,911.0,10,1,
eb8d62bb91e83a1fb1fc,MULTI_SOURCE_MATRIX,10,MIDDLE,5,3,True,88.0,911.0,10,1,
eb8d62bb91e83a1fb1fc,MULTI_SOURCE_MATRIX,10,MIDDLE,5,4,True,88.0,911.0,10,1,
eb8d62bb91e83a1fb1fc,MULTI_SOURCE_MATRIX,20,MIDDLE,10,0,True,88.0,911.0,20,1,
eb8d62bb91e83a1fb1fc,MULTI_SOURCE_MATRIX,20,MIDDLE,10,1,True,88.0,911.0,20,1,
eb8d62bb91e83a1fb1fc,MULTI_SOURCE_MATRIX,20,MIDDLE,10,2,True,88.0,911.0,20,1,
eb8d62bb91e83a1fb1fc,MULTI_SOURCE_MATRIX,20,MIDDLE,10,3,True,88.0,911.0,20,1,
eb8d62bb91e83a1fb1fc,MULTI_SOURCE_MATRIX,20,MIDDLE,10,4,True,88.0,911.0,20,1,
ef6cf72c6a28d6e7b614,MULTI_SOURCE_MATRIX,2,MIDDLE,1,0,True,0.0,0.0,2,1,
ef6cf72c6a28d6e7b614,MULTI_SOURCE_MATRIX,2,MIDDLE,1,1,True,0.0,0.0,2,1,
ef6cf72c6a28d6e7b614,MULTI_SOURCE_MATRIX,2,MIDDLE,1,2,True,0.0,0.0,2,1,
ef6cf72c6a28d6e7b614,MULTI_SOURCE_MATRIX,2,MIDDLE,1,3,True,0.0,0.0,2,1,
ef6cf72c6a28d6e7b614,MULTI_SOURCE_MATRIX,2,MIDDLE,1,4,True,0.0,0.0,2,1,
ef6cf72c6a28d6e7b614,MULTI_SOURCE_MATRIX,5,MIDDLE,2,0,True,0.0,0.0,5,1,
ef6cf72c6a28d6e7b614,MULTI_SOURCE_MATRIX,5,MIDDLE,2,1,True,0.0,0.0,5,1,
ef6cf72c6a28d6e7b614,MULTI_SOURCE_MATRIX,5,MIDDLE,2,2,True,0.0,0.0,5,1,
ef6cf72c6a28d6e7b614,MULTI_SOURCE_MATRIX,5,MIDDLE,2,3,True,0.0,0.0,5,1,
ef6cf72c6a28d6e7b614,MULTI_SOURCE_MATRIX,5,MIDDLE,2,4,True,0.0,0.0,5,1,
ef6cf72c6a28d6e7b614,MULTI_SOURCE_MATRIX,10,MIDDLE,5,0,True,0.0,0.0,10,1,
ef6cf72c6a28d6e7b614,MULTI_SOURCE_MATRIX,10,MIDDLE,5,1,True,0.0,0.0,10,1,
ef6cf72c6a28d6e7b614,MULTI_SOURCE_MATRIX,10,MIDDLE,5,2,True,0.0,0.0,10,1,
ef6cf72c6a28d6e7b614,MULTI_SOURCE_MATRIX,10,MIDDLE,5,3,True,0.0,0.0,10,1,
ef6cf72c6a28d6e7b614,MULTI_SOURCE_MATRIX,10,MIDDLE,5,4,True,0.0,0.0,10,1,
ef6cf72c6a28d6e7b614,MULTI_SOURCE_MATRIX,20,MIDDLE,10,0,True,0.0,0.0,20,1,
ef6cf72c6a28d6e7b614,MULTI_SOURCE_MATRIX,20,MIDDLE,10,1,True,0.0,0.0,20,1,
ef6cf72c6a28d6e7b614,MULTI_SOURCE_MATRIX,20,MIDDLE,10,2,True,0.0,0.0,20,1,
ef6cf72c6a28d6e7b614,MULTI_SOURCE_MATRIX,20,MIDDLE,10,3,True,0.0,0.0,20,1,
ef6cf72c6a28d6e7b614,MULTI_SOURCE_MATRIX,20,MIDDLE,10,4,True,0.0,0.0,20,1,
f029a4914bc85ee4f375,MULTI_SOURCE_MATRIX,2,MIDDLE,1,0,True,69.0,1034.0,2,1,
f029a4914bc85ee4f375,MULTI_SOURCE_MATRIX,2,MIDDLE,1,1,True,69.0,1034.0,2,1,
f029a4914bc85ee4f375,MULTI_SOURCE_MATRIX,2,MIDDLE,1,2,True,69.0,1034.0,2,1,
f029a4914bc85ee4f375,MULTI_SOURCE_MATRIX,2,MIDDLE,1,3,True,69.0,1034.0,2,1,
f029a4914bc85ee4f375,MULTI_SOURCE_MATRIX,2,MIDDLE,1,4,True,69.0,1034.0,2,1,
f029a4914bc85ee4f375,MULTI_SOURCE_MATRIX,5,MIDDLE,2,0,True,69.0,1034.0,5,1,
f029a4914bc85ee4f375,MULTI_SOURCE_MATRIX,5,MIDDLE,2,1,True,69.0,1034.0,5,1,
f029a4914bc85ee4f375,MULTI_SOURCE_MATRIX,5,MIDDLE,2,2,True,69.0,1034.0,5,1,
f029a4914bc85ee4f375,MULTI_SOURCE_MATRIX,5,MIDDLE,2,3,True,69.0,1034.0,5,1,
f029a4914bc85ee4f375,MULTI_SOURCE_MATRIX,5,MIDDLE,2,4,True,69.0,1034.0,5,1,
f029a4914bc85ee4f375,MULTI_SOURCE_MATRIX,10,MIDDLE,5,0,True,69.0,1034.0,10,1,
f029a4914bc85ee4f375,MULTI_SOURCE_MATRIX,10,MIDDLE,5,1,True,69.0,1034.0,10,1,
f029a4914bc85ee4f375,MULTI_SOURCE_MATRIX,10,MIDDLE,5,2,True,69.0,1034.0,10,1,
f029a4914bc85ee4f375,MULTI_SOURCE_MATRIX,10,MIDDLE,5,3,True,69.0,1034.0,10,1,
f029a4914bc85ee4f375,MULTI_SOURCE_MATRIX,10,MIDDLE,5,4,True,69.0,1034.0,10,1,
f029a4914bc85ee4f375,MULTI_SOURCE_MATRIX,20,MIDDLE,10,0,True,69.0,1034.0,20,1,
f029a4914bc85ee4f375,MULTI_SOURCE_MATRIX,20,MIDDLE,10,1,True,69.0,1034.0,20,1,
f029a4914bc85ee4f375,MULTI_SOURCE_MATRIX,20,MIDDLE,10,2,True,69.0,1034.0,20,1,
f029a4914bc85ee4f375,MULTI_SOURCE_MATRIX,20,MIDDLE,10,3,True,69.0,1034.0,20,1,
f029a4914bc85ee4f375,MULTI_SOURCE_MATRIX,20,MIDDLE,10,4,True,69.0,1034.0,20,1,
